{
    "effect_changes": [],
    "effect_entries": [
        {
            "effect": "Wenn ein Pok\u00e9mon mit dieser F\u00e4higkeit nur noch 1/3 seiner maximalen hp oder weniger hat, werden all seine fire Attacken verst\u00e4rkt, so dass sie 1,5\u00d7 so viel regular damage anrichten wie sonst.",
            "language": {
                "name": "de",
                "url": "/api/v2/language/6/"
            },
            "short_effect": "Erh\u00f6ht den Schaden von fire Attacken um 50% wenn nur noch 1/3 der maximalen hp oder weniger \u00fcbrig sind."
        },
        {
            "effect": "When this Pok\u00e9mon has 1/3 or less of its HP remaining, its fire-type moves inflict 1.5\u00d7 as much regular damage.",
            "language": {
                "name": "en",
                "url": "/api/v2/language/9/"
            },
            "short_effect": "Strengthens fire moves to inflict 1.5\u00d7 damage at 1/3 max HP or less."
        }
    ],
    "flavor_text_entries": [
        {
            "flavor_text": "Augmente attaques feu.",
            "language": {
                "name": "fr",
                "url": "/api/v2/language/5/"
            },
            "version_group": {
                "name": "ruby-sapphire",
                "url": "/api/v2/version-group/5/"
            }
        },
        {
            "flavor_text": "Ups FIRE moves in a pinch.",
            "language": {
                "name": "en",
                "url": "/api/v2/language/9/"
            },
            "version_group": {
                "name": "ruby-sapphire",
                "url": "/api/v2/version-group/5/"
            }
        },
        {
            "flavor_text": "Augmente attaques feu.",
            "language": {
                "name": "fr",
                "url": "/api/v2/language/5/"
            },
            "version_group": {
                "name": "emerald",
                "url": "/api/v2/version-group/6/"
            }
        },
        {
            "flavor_text": "Ups FIRE moves in a pinch.",
            "language": {
                "name": "en",
                "url": "/api/v2/language/9/"
            },
            "version_group": {
                "name": "emerald",
                "url": "/api/v2/version-group/6/"
            }
        },
        {
            "flavor_text": "Augmente attaques feu.",
            "language": {
                "name": "fr",
                "url": "/api/v2/language/5/"
            },
            "version_group": {
                "name": "firered-leafgreen",
                "url": "/api/v2/version-group/7/"
            }
        },
        {
            "flavor_text": "Ups FIRE moves in a pinch.",
            "language": {
                "name": "en",
                "url": "/api/v2/language/9/"
            },
            "version_group": {
                "name": "firered-leafgreen",
                "url": "/api/v2/version-group/7/"
            }
        },
        {
            "flavor_text": "Booste les capacit\u00e9s Feu en cas de besoin.",
            "language": {
                "name": "fr",
                "url": "/api/v2/language/5/"
            },
            "version_group": {
                "name": "diamond-pearl",
                "url": "/api/v2/version-group/8/"
            }
        },
        {
            "flavor_text": "Powers up Fire-type\nmoves in a pinch.",
            "language": {
                "name": "en",
                "url": "/api/v2/language/9/"
            },
            "version_group": {
                "name": "diamond-pearl",
                "url": "/api/v2/version-group/8/"
            }
        },
        {
            "flavor_text": "Booste les capacit\u00e9s Feu en cas de besoin.",
            "language": {
                "name": "fr",
                "url": "/api/v2/language/5/"
            },
            "version_group": {
                "name": "platinum",
                "url": "/api/v2/version-group/9/"
            }
        },
        {
            "flavor_text": "Powers up Fire-type\nmoves in a pinch.",
            "language": {
                "name": "en",
                "url": "/api/v2/language/9/"
            },
            "version_group": {
                "name": "platinum",
                "url": "/api/v2/version-group/9/"
            }
        },
        {
            "flavor_text": "Booste les capacit\u00e9s Feu en cas de besoin.",
            "language": {
                "name": "fr",
                "url": "/api/v2/language/5/"
            },
            "version_group": {
                "name": "heartgold-soulsilver",
                "url": "/api/v2/version-group/10/"
            }
        },
        {
            "flavor_text": "Powers up Fire-type\nmoves in a pinch.",
            "language": {
                "name": "en",
                "url": "/api/v2/language/9/"
            },
            "version_group": {
                "name": "heartgold-soulsilver",
                "url": "/api/v2/version-group/10/"
            }
        },
        {
            "flavor_text": "Booste les capacit\u00e9s Feu en cas de besoin.",
            "language": {
                "name": "fr",
                "url": "/api/v2/language/5/"
            },
            "version_group": {
                "name": "black-white",
                "url": "/api/v2/version-group/11/"
            }
        },
        {
            "flavor_text": "Booste les capacit\u00e9s\nFeu en cas de besoin.",
            "language": {
                "name": "fr",
                "url": "/api/v2/language/5/"
            },
            "version_group": {
                "name": "black-white",
                "url": "/api/v2/version-group/11/"
            }
        },
        {
            "flavor_text": "Powers up Fire-type\nmoves in a pinch.",
            "language": {
                "name": "en",
                "url": "/api/v2/language/9/"
            },
            "version_group": {
                "name": "black-white",
                "url": "/api/v2/version-group/11/"
            }
        },
        {
            "flavor_text": "Booste les capacit\u00e9s Feu en cas de besoin.",
            "language": {
                "name": "fr",
                "url": "/api/v2/language/5/"
            },
            "version_group": {
                "name": "xd",
                "url": "/api/v2/version-group/13/"
            }
        },
        {
            "flavor_text": "Booste les capacit\u00e9s Feu en cas de besoin.",
            "language": {
                "name": "fr",
                "url": "/api/v2/language/5/"
            },
            "version_group": {
                "name": "black-2-white-2",
                "url": "/api/v2/version-group/14/"
            }
        },
        {
            "flavor_text": "Powers up Fire-type\nmoves in a pinch.",
            "language": {
                "name": "en",
                "url": "/api/v2/language/9/"
            },
            "version_group": {
                "name": "black-2-white-2",
                "url": "/api/v2/version-group/14/"
            }
        },
        {
            "flavor_text": "\u30d4\u30f3\u30c1\u306e\u3068\u304d\u3000\u307b\u306e\u304a\u306e\n\u3044\u308a\u3087\u304f\u304c\u3000\u3042\u304c\u308b\u3002",
            "language": {
                "name": "ja-Hrkt",
                "url": "/api/v2/language/1/"
            },
            "version_group": {
                "name": "x-y",
                "url": "/api/v2/version-group/15/"
            }
        },
        {
            "flavor_text": "\uc704\uae09\ud560 \ub54c \ubd88\uaf43\ud0c0\uc785\uc758\n\uc704\ub825\uc774 \uc62c\ub77c\uac04\ub2e4.",
            "language": {
                "name": "ko",
                "url": "/api/v2/language/3/"
            },
            "version_group": {
                "name": "x-y",
                "url": "/api/v2/version-group/15/"
            }
        },
        {
            "flavor_text": "Augmente la puissance des capacit\u00e9s de type Feu du Pok\u00e9mon quand il a perdu une certaine quantit\u00e9 de PV.",
            "language": {
                "name": "fr",
                "url": "/api/v2/language/5/"
            },
            "version_group": {
                "name": "x-y",
                "url": "/api/v2/version-group/15/"
            }
        },
        {
            "flavor_text": "Booste les capacit\u00e9s Feu en\ncas de besoin.",
            "language": {
                "name": "fr",
                "url": "/api/v2/language/5/"
            },
            "version_group": {
                "name": "x-y",
                "url": "/api/v2/version-group/15/"
            }
        },
        {
            "flavor_text": "Erh\u00f6ht in Notf\u00e4llen die St\u00e4rke\nvon Feuer-Attacken.",
            "language": {
                "name": "de",
                "url": "/api/v2/language/6/"
            },
            "version_group": {
                "name": "x-y",
                "url": "/api/v2/version-group/15/"
            }
        },
        {
            "flavor_text": "Potencia los ataques de tipo\nFuego en un apuro.",
            "language": {
                "name": "es",
                "url": "/api/v2/language/7/"
            },
            "version_group": {
                "name": "x-y",
                "url": "/api/v2/version-group/15/"
            }
        },
        {
            "flavor_text": "Quando si \u00e8 in difficolt\u00e0, potenzia\nle mosse di tipo Fuoco.",
            "language": {
                "name": "it",
                "url": "/api/v2/language/8/"
            },
            "version_group": {
                "name": "x-y",
                "url": "/api/v2/version-group/15/"
            }
        },
        {
            "flavor_text": "Powers up Fire-type moves when\nthe Pok\u00e9mon is in trouble.",
            "language": {
                "name": "en",
                "url": "/api/v2/language/9/"
            },
            "version_group": {
                "name": "x-y",
                "url": "/api/v2/version-group/15/"
            }
        },
        {
            "flavor_text": "\u30d4\u30f3\u30c1\u306e\u3068\u304d\u3000\u307b\u306e\u304a\u306e\n\u5a01\u529b\u304c\u3000\u3042\u304c\u308b\u3002",
            "language": {
                "name": "ja",
                "url": "/api/v2/language/11/"
            },
            "version_group": {
                "name": "x-y",
                "url": "/api/v2/version-group/15/"
            }
        },
        {
            "flavor_text": "\u30d4\u30f3\u30c1\u306e\u3068\u304d\u3000\u307b\u306e\u304a\u306e\n\u3044\u308a\u3087\u304f\u304c\u3000\u3042\u304c\u308b\u3002",
            "language": {
                "name": "ja-Hrkt",
                "url": "/api/v2/language/1/"
            },
            "version_group": {
                "name": "omega-ruby-alpha-sapphire",
                "url": "/api/v2/version-group/16/"
            }
        },
        {
            "flavor_text": "\uc704\uae09\ud560 \ub54c \ubd88\uaf43\ud0c0\uc785\uc758\n\uc704\ub825\uc774 \uc62c\ub77c\uac04\ub2e4.",
            "language": {
                "name": "ko",
                "url": "/api/v2/language/3/"
            },
            "version_group": {
                "name": "omega-ruby-alpha-sapphire",
                "url": "/api/v2/version-group/16/"
            }
        },
        {
            "flavor_text": "Augmente la puissance des capacit\u00e9s de type Feu du Pok\u00e9mon quand il a perdu une certaine quantit\u00e9 de PV.",
            "language": {
                "name": "fr",
                "url": "/api/v2/language/5/"
            },
            "version_group": {
                "name": "omega-ruby-alpha-sapphire",
                "url": "/api/v2/version-group/16/"
            }
        },
        {
            "flavor_text": "Booste les capacit\u00e9s Feu en cas de besoin.",
            "language": {
                "name": "fr",
                "url": "/api/v2/language/5/"
            },
            "version_group": {
                "name": "omega-ruby-alpha-sapphire",
                "url": "/api/v2/version-group/16/"
            }
        },
        {
            "flavor_text": "Booste les capacit\u00e9s Feu en\ncas de besoin.",
            "language": {
                "name": "fr",
                "url": "/api/v2/language/5/"
            },
            "version_group": {
                "name": "omega-ruby-alpha-sapphire",
                "url": "/api/v2/version-group/16/"
            }
        },
        {
            "flavor_text": "Erh\u00f6ht in Notf\u00e4llen die St\u00e4rke\nvon Feuer-Attacken.",
            "language": {
                "name": "de",
                "url": "/api/v2/language/6/"
            },
            "version_group": {
                "name": "omega-ruby-alpha-sapphire",
                "url": "/api/v2/version-group/16/"
            }
        },
        {
            "flavor_text": "Potencia los ataques de tipo\nFuego en un apuro.",
            "language": {
                "name": "es",
                "url": "/api/v2/language/7/"
            },
            "version_group": {
                "name": "omega-ruby-alpha-sapphire",
                "url": "/api/v2/version-group/16/"
            }
        },
        {
            "flavor_text": "Quando si \u00e8 in difficolt\u00e0, potenzia  \nle mosse di tipo Fuoco.",
            "language": {
                "name": "it",
                "url": "/api/v2/language/8/"
            },
            "version_group": {
                "name": "omega-ruby-alpha-sapphire",
                "url": "/api/v2/version-group/16/"
            }
        },
        {
            "flavor_text": "Powers up Fire-type moves when\nthe Pok\u00e9mon is in trouble.",
            "language": {
                "name": "en",
                "url": "/api/v2/language/9/"
            },
            "version_group": {
                "name": "omega-ruby-alpha-sapphire",
                "url": "/api/v2/version-group/16/"
            }
        },
        {
            "flavor_text": "\u30d4\u30f3\u30c1\u306e\u3068\u304d\u3000\u307b\u306e\u304a\u306e\n\u5a01\u529b\u304c\u3000\u3042\u304c\u308b\u3002",
            "language": {
                "name": "ja",
                "url": "/api/v2/language/11/"
            },
            "version_group": {
                "name": "omega-ruby-alpha-sapphire",
                "url": "/api/v2/version-group/16/"
            }
        },
        {
            "flavor_text": "\uff28\uff30\u304c\u3000\u3078\u3063\u305f\u3068\u304d\n\u307b\u306e\u304a\u30bf\u30a4\u30d7\u306e\u3000\u308f\u3056\u306e\n\u3044\u308a\u3087\u304f\u304c\u3000\u3042\u304c\u308b\u3002",
            "language": {
                "name": "ja-Hrkt",
                "url": "/api/v2/language/1/"
            },
            "version_group": {
                "name": "sun-moon",
                "url": "/api/v2/version-group/17/"
            }
        },
        {
            "flavor_text": "HP\uac00 \uc904\uc5c8\uc744 \ub54c\n\ubd88\uaf43\ud0c0\uc785 \uae30\uc220\uc758\n\uc704\ub825\uc774 \uc62c\ub77c\uac04\ub2e4.",
            "language": {
                "name": "ko",
                "url": "/api/v2/language/3/"
            },
            "version_group": {
                "name": "sun-moon",
                "url": "/api/v2/version-group/17/"
            }
        },
        {
            "flavor_text": "\uff28\uff30\u6e1b\u5c11\u7684\u6642\u5019\uff0c\n\u706b\u5c6c\u6027\u7684\u62db\u5f0f\u5a01\u529b\u6703\u63d0\u9ad8\u3002",
            "language": {
                "name": "zh-Hant",
                "url": "/api/v2/language/4/"
            },
            "version_group": {
                "name": "sun-moon",
                "url": "/api/v2/version-group/17/"
            }
        },
        {
            "flavor_text": "Augmente la puissance des capacit\u00e9s de type Feu du Pok\u00e9mon quand il a perdu une certaine quantit\u00e9 de PV.",
            "language": {
                "name": "fr",
                "url": "/api/v2/language/5/"
            },
            "version_group": {
                "name": "sun-moon",
                "url": "/api/v2/version-group/17/"
            }
        },
        {
            "flavor_text": "Augmente la puissance des capacit\u00e9s de type Feu\ndu Pok\u00e9mon quand il a perdu une certaine quantit\u00e9\nde PV.",
            "language": {
                "name": "fr",
                "url": "/api/v2/language/5/"
            },
            "version_group": {
                "name": "sun-moon",
                "url": "/api/v2/version-group/17/"
            }
        },
        {
            "flavor_text": "Erh\u00f6ht die St\u00e4rke von Feuer-Attacken,\nwenn die KP auf einen gewissen Wert fallen.",
            "language": {
                "name": "de",
                "url": "/api/v2/language/6/"
            },
            "version_group": {
                "name": "sun-moon",
                "url": "/api/v2/version-group/17/"
            }
        },
        {
            "flavor_text": "Potencia los movimientos de tipo Fuego del Pok\u00e9mon\ncuando le quedan pocos PS.",
            "language": {
                "name": "es",
                "url": "/api/v2/language/7/"
            },
            "version_group": {
                "name": "sun-moon",
                "url": "/api/v2/version-group/17/"
            }
        },
        {
            "flavor_text": "Quando il Pok\u00e9mon ha pochi PS, la potenza delle\nsue mosse di tipo Fuoco aumenta.",
            "language": {
                "name": "it",
                "url": "/api/v2/language/8/"
            },
            "version_group": {
                "name": "sun-moon",
                "url": "/api/v2/version-group/17/"
            }
        },
        {
            "flavor_text": "Powers up Fire-type moves when the Pok\u00e9mon\u2019s HP\nis low.",
            "language": {
                "name": "en",
                "url": "/api/v2/language/9/"
            },
            "version_group": {
                "name": "sun-moon",
                "url": "/api/v2/version-group/17/"
            }
        },
        {
            "flavor_text": "\uff28\uff30\u304c\u3000\u6e1b\u3063\u305f\u3068\u304d\n\u307b\u306e\u304a\u30bf\u30a4\u30d7\u306e\u3000\u6280\u306e\n\u5a01\u529b\u304c\u3000\u4e0a\u304c\u308b\u3002",
            "language": {
                "name": "ja",
                "url": "/api/v2/language/11/"
            },
            "version_group": {
                "name": "sun-moon",
                "url": "/api/v2/version-group/17/"
            }
        },
        {
            "flavor_text": "\uff28\uff30\u51cf\u5c11\u7684\u65f6\u5019\uff0c\n\u706b\u5c5e\u6027\u7684\u62db\u5f0f\u5a01\u529b\u4f1a\u63d0\u9ad8\u3002",
            "language": {
                "name": "zh-Hans",
                "url": "/api/v2/language/12/"
            },
            "version_group": {
                "name": "sun-moon",
                "url": "/api/v2/version-group/17/"
            }
        },
        {
            "flavor_text": "\uff28\uff30\u304c\u3000\u3078\u3063\u305f\u3068\u304d\n\u307b\u306e\u304a\u30bf\u30a4\u30d7\u306e\u3000\u308f\u3056\u306e\n\u3044\u308a\u3087\u304f\u304c\u3000\u3042\u304c\u308b\u3002",
            "language": {
                "name": "ja-Hrkt",
                "url": "/api/v2/language/1/"
            },
            "version_group": {
                "name": "ultra-sun-ultra-moon",
                "url": "/api/v2/version-group/18/"
            }
        },
        {
            "flavor_text": "HP\uac00 \uc904\uc5c8\uc744 \ub54c\n\ubd88\uaf43\ud0c0\uc785 \uae30\uc220\uc758\n\uc704\ub825\uc774 \uc62c\ub77c\uac04\ub2e4.",
            "language": {
                "name": "ko",
                "url": "/api/v2/language/3/"
            },
            "version_group": {
                "name": "ultra-sun-ultra-moon",
                "url": "/api/v2/version-group/18/"
            }
        },
        {
            "flavor_text": "\uff28\uff30\u6e1b\u5c11\u7684\u6642\u5019\uff0c\n\u706b\u5c6c\u6027\u7684\u62db\u5f0f\u5a01\u529b\u6703\u63d0\u9ad8\u3002",
            "language": {
                "name": "zh-Hant",
                "url": "/api/v2/language/4/"
            },
            "version_group": {
                "name": "ultra-sun-ultra-moon",
                "url": "/api/v2/version-group/18/"
            }
        },
        {
            "flavor_text": "Augmente la puissance des capacit\u00e9s de type Feu du Pok\u00e9mon quand il a perdu une certaine quantit\u00e9 de PV.",
            "language": {
                "name": "fr",
                "url": "/api/v2/language/5/"
            },
            "version_group": {
                "name": "ultra-sun-ultra-moon",
                "url": "/api/v2/version-group/18/"
            }
        },
        {
            "flavor_text": "Augmente la puissance des capacit\u00e9s de type Feu\ndu Pok\u00e9mon quand il a perdu une certaine quantit\u00e9\nde PV.",
            "language": {
                "name": "fr",
                "url": "/api/v2/language/5/"
            },
            "version_group": {
                "name": "ultra-sun-ultra-moon",
                "url": "/api/v2/version-group/18/"
            }
        },
        {
            "flavor_text": "Erh\u00f6ht die St\u00e4rke von Feuer-Attacken,\nwenn die KP auf einen gewissen Wert fallen.",
            "language": {
                "name": "de",
                "url": "/api/v2/language/6/"
            },
            "version_group": {
                "name": "ultra-sun-ultra-moon",
                "url": "/api/v2/version-group/18/"
            }
        },
        {
            "flavor_text": "Potencia los movimientos de tipo Fuego del Pok\u00e9mon\ncuando le quedan pocos PS.",
            "language": {
                "name": "es",
                "url": "/api/v2/language/7/"
            },
            "version_group": {
                "name": "ultra-sun-ultra-moon",
                "url": "/api/v2/version-group/18/"
            }
        },
        {
            "flavor_text": "Quando il Pok\u00e9mon ha pochi PS, la potenza delle\nsue mosse di tipo Fuoco aumenta.",
            "language": {
                "name": "it",
                "url": "/api/v2/language/8/"
            },
            "version_group": {
                "name": "ultra-sun-ultra-moon",
                "url": "/api/v2/version-group/18/"
            }
        },
        {
            "flavor_text": "Powers up Fire-type moves when the Pok\u00e9mon\u2019s HP\nis low.",
            "language": {
                "name": "en",
                "url": "/api/v2/language/9/"
            },
            "version_group": {
                "name": "ultra-sun-ultra-moon",
                "url": "/api/v2/version-group/18/"
            }
        },
        {
            "flavor_text": "\uff28\uff30\u304c\u3000\u6e1b\u3063\u305f\u3068\u304d\n\u307b\u306e\u304a\u30bf\u30a4\u30d7\u306e\u3000\u6280\u306e\n\u5a01\u529b\u304c\u3000\u4e0a\u304c\u308b\u3002",
            "language": {
                "name": "ja",
                "url": "/api/v2/language/11/"
            },
            "version_group": {
                "name": "ultra-sun-ultra-moon",
                "url": "/api/v2/version-group/18/"
            }
        },
        {
            "flavor_text": "\uff28\uff30\u51cf\u5c11\u7684\u65f6\u5019\uff0c\n\u706b\u5c5e\u6027\u7684\u62db\u5f0f\u5a01\u529b\u4f1a\u63d0\u9ad8\u3002",
            "language": {
                "name": "zh-Hans",
                "url": "/api/v2/language/12/"
            },
            "version_group": {
                "name": "ultra-sun-ultra-moon",
                "url": "/api/v2/version-group/18/"
            }
        },
        {
            "flavor_text": "\uff28\uff30\u304c\u3000\u3078\u3063\u305f\u3068\u304d\n\u307b\u306e\u304a\u30bf\u30a4\u30d7\u306e\u3000\u308f\u3056\u306e\n\u3044\u308a\u3087\u304f\u304c\u3000\u3042\u304c\u308b\u3002",
            "language": {
                "name": "ja-Hrkt",
                "url": "/api/v2/language/1/"
            },
            "version_group": {
                "name": "lets-go-pikachu-lets-go-eevee",
                "url": "/api/v2/version-group/19/"
            }
        },
        {
            "flavor_text": "HP\uac00 \uc904\uc5c8\uc744 \ub54c\n\ubd88\uaf43\ud0c0\uc785 \uae30\uc220\uc758\n\uc704\ub825\uc774 \uc62c\ub77c\uac04\ub2e4.",
            "language": {
                "name": "ko",
                "url": "/api/v2/language/3/"
            },
            "version_group": {
                "name": "lets-go-pikachu-lets-go-eevee",
                "url": "/api/v2/version-group/19/"
            }
        },
        {
            "flavor_text": "HP\u6e1b\u5c11\u7684\u6642\u5019\uff0c\n\u706b\u5c6c\u6027\u7684\u62db\u5f0f\u5a01\u529b\u6703\u63d0\u9ad8\u3002",
            "language": {
                "name": "zh-Hant",
                "url": "/api/v2/language/4/"
            },
            "version_group": {
                "name": "lets-go-pikachu-lets-go-eevee",
                "url": "/api/v2/version-group/19/"
            }
        },
        {
            "flavor_text": "Augmente la puissance des capacit\u00e9s de type Feu\ndu Pok\u00e9mon quand il a perdu une certaine quantit\u00e9\nde PV.",
            "language": {
                "name": "fr",
                "url": "/api/v2/language/5/"
            },
            "version_group": {
                "name": "lets-go-pikachu-lets-go-eevee",
                "url": "/api/v2/version-group/19/"
            }
        },
        {
            "flavor_text": "Erh\u00f6ht die St\u00e4rke von Feuer-Attacken,\nwenn die KP auf einen gewissen Wert fallen.",
            "language": {
                "name": "de",
                "url": "/api/v2/language/6/"
            },
            "version_group": {
                "name": "lets-go-pikachu-lets-go-eevee",
                "url": "/api/v2/version-group/19/"
            }
        },
        {
            "flavor_text": "Potencia los movimientos de tipo Fuego del Pok\u00e9mon\ncuando le quedan pocos PS.",
            "language": {
                "name": "es",
                "url": "/api/v2/language/7/"
            },
            "version_group": {
                "name": "lets-go-pikachu-lets-go-eevee",
                "url": "/api/v2/version-group/19/"
            }
        },
        {
            "flavor_text": "Quando il Pok\u00e9mon ha pochi PS, la potenza delle\nsue mosse di tipo Fuoco aumenta.",
            "language": {
                "name": "it",
                "url": "/api/v2/language/8/"
            },
            "version_group": {
                "name": "lets-go-pikachu-lets-go-eevee",
                "url": "/api/v2/version-group/19/"
            }
        },
        {
            "flavor_text": "Powers up Fire-type moves when the Pok\u00e9mon\u2019s HP\nis low.",
            "language": {
                "name": "en",
                "url": "/api/v2/language/9/"
            },
            "version_group": {
                "name": "lets-go-pikachu-lets-go-eevee",
                "url": "/api/v2/version-group/19/"
            }
        },
        {
            "flavor_text": "\uff28\uff30\u304c\u3000\u6e1b\u3063\u305f\u3068\u304d\n\u307b\u306e\u304a\u30bf\u30a4\u30d7\u306e\u3000\u6280\u306e\n\u5a01\u529b\u304c\u3000\u4e0a\u304c\u308b\u3002",
            "language": {
                "name": "ja",
                "url": "/api/v2/language/11/"
            },
            "version_group": {
                "name": "lets-go-pikachu-lets-go-eevee",
                "url": "/api/v2/version-group/19/"
            }
        },
        {
            "flavor_text": "HP\u51cf\u5c11\u7684\u65f6\u5019\uff0c\n\u706b\u5c5e\u6027\u7684\u62db\u5f0f\u5a01\u529b\u4f1a\u63d0\u9ad8\u3002",
            "language": {
                "name": "zh-Hans",
                "url": "/api/v2/language/12/"
            },
            "version_group": {
                "name": "lets-go-pikachu-lets-go-eevee",
                "url": "/api/v2/version-group/19/"
            }
        },
        {
            "flavor_text": "\uff28\uff30\u304c\u3000\u3078\u3063\u305f\u3068\u304d\n\u307b\u306e\u304a\u30bf\u30a4\u30d7\u306e\u3000\u308f\u3056\u306e\n\u3044\u308a\u3087\u304f\u304c\u3000\u3042\u304c\u308b\u3002",
            "language": {
                "name": "ja-Hrkt",
                "url": "/api/v2/language/1/"
            },
            "version_group": {
                "name": "sword-shield",
                "url": "/api/v2/version-group/20/"
            }
        },
        {
            "flavor_text": "HP\uac00 \uc904\uc5c8\uc744 \ub54c\n\ubd88\uaf43\ud0c0\uc785 \uae30\uc220\uc758\n\uc704\ub825\uc774 \uc62c\ub77c\uac04\ub2e4.",
            "language": {
                "name": "ko",
                "url": "/api/v2/language/3/"
            },
            "version_group": {
                "name": "sword-shield",
                "url": "/api/v2/version-group/20/"
            }
        },
        {
            "flavor_text": "\uff28\uff30\u6e1b\u5c11\u7684\u6642\u5019\uff0c\n\u706b\u5c6c\u6027\u7684\u62db\u5f0f\u5a01\u529b\u6703\u63d0\u9ad8\u3002",
            "language": {
                "name": "zh-Hant",
                "url": "/api/v2/language/4/"
            },
            "version_group": {
                "name": "sword-shield",
                "url": "/api/v2/version-group/20/"
            }
        },
        {
            "flavor_text": "Augmente la puissance des capacit\u00e9s de type Feu du Pok\u00e9mon quand il a perdu une certaine quantit\u00e9 de PV.",
            "language": {
                "name": "fr",
                "url": "/api/v2/language/5/"
            },
            "version_group": {
                "name": "sword-shield",
                "url": "/api/v2/version-group/20/"
            }
        },
        {
            "flavor_text": "Augmente la puissance des capacit\u00e9s de type Feu\ndu Pok\u00e9mon quand il a perdu une certaine quantit\u00e9\nde PV.",
            "language": {
                "name": "fr",
                "url": "/api/v2/language/5/"
            },
            "version_group": {
                "name": "sword-shield",
                "url": "/api/v2/version-group/20/"
            }
        },
        {
            "flavor_text": "Erh\u00f6ht die St\u00e4rke von Feuer-Attacken, wenn die KP auf\neinen gewissen Wert fallen.",
            "language": {
                "name": "de",
                "url": "/api/v2/language/6/"
            },
            "version_group": {
                "name": "sword-shield",
                "url": "/api/v2/version-group/20/"
            }
        },
        {
            "flavor_text": "Potencia sus movimientos de tipo Fuego cuando le\nquedan pocos PS.",
            "language": {
                "name": "es",
                "url": "/api/v2/language/7/"
            },
            "version_group": {
                "name": "sword-shield",
                "url": "/api/v2/version-group/20/"
            }
        },
        {
            "flavor_text": "Quando il Pok\u00e9mon ha pochi PS, la potenza delle\nsue mosse di tipo Fuoco aumenta.",
            "language": {
                "name": "it",
                "url": "/api/v2/language/8/"
            },
            "version_group": {
                "name": "sword-shield",
                "url": "/api/v2/version-group/20/"
            }
        },
        {
            "flavor_text": "Powers up Fire-type moves when the Pok\u00e9mon\u2019s HP\nis low.",
            "language": {
                "name": "en",
                "url": "/api/v2/language/9/"
            },
            "version_group": {
                "name": "sword-shield",
                "url": "/api/v2/version-group/20/"
            }
        },
        {
            "flavor_text": "\uff28\uff30\u304c\u3000\u6e1b\u3063\u305f\u3068\u304d\n\u307b\u306e\u304a\u30bf\u30a4\u30d7\u306e\u3000\u6280\u306e\n\u5a01\u529b\u304c\u3000\u4e0a\u304c\u308b\u3002",
            "language": {
                "name": "ja",
                "url": "/api/v2/language/11/"
            },
            "version_group": {
                "name": "sword-shield",
                "url": "/api/v2/version-group/20/"
            }
        },
        {
            "flavor_text": "\uff28\uff30\u51cf\u5c11\u7684\u65f6\u5019\uff0c\n\u706b\u5c5e\u6027\u7684\u62db\u5f0f\u5a01\u529b\u4f1a\u63d0\u9ad8\u3002",
            "language": {
                "name": "zh-Hans",
                "url": "/api/v2/language/12/"
            },
            "version_group": {
                "name": "sword-shield",
                "url": "/api/v2/version-group/20/"
            }
        },
        {
            "flavor_text": "Augmente la puissance des capacit\u00e9s de type Feu du Pok\u00e9mon quand il a perdu une certaine quantit\u00e9 de PV.",
            "language": {
                "name": "fr",
                "url": "/api/v2/language/5/"
            },
            "version_group": {
                "name": "scarlet-violet",
                "url": "/api/v2/version-group/25/"
            }
        },
        {
            "flavor_text": "Powers up Fire-type moves when the Pok\u00e9mon's HP is low.",
            "language": {
                "name": "en",
                "url": "/api/v2/language/9/"
            },
            "version_group": {
                "name": "scarlet-violet",
                "url": "/api/v2/version-group/25/"
            }
        }
    ],
    "generation": {
        "name": "generation-iii",
        "url": "/api/v2/generation/3/"
    },
    "id": 66,
    "is_main_series": true,
    "name": "blaze",
    "names": [
        {
            "language": {
                "name": "ja-Hrkt",
                "url": "/api/v2/language/1/"
            },
            "name": "\u3082\u3046\u304b"
        },
        {
            "language": {
                "name": "ko",
                "url": "/api/v2/language/3/"
            },
            "name": "\ub9f9\ud654"
        },
        {
            "language": {
                "name": "zh-Hant",
                "url": "/api/v2/language/4/"
            },
            "name": "\u731b\u706b"
        },
        {
            "language": {
                "name": "fr",
                "url": "/api/v2/language/5/"
            },
            "name": "Brasier"
        },
        {
            "language": {
                "name": "de",
                "url": "/api/v2/language/6/"
            },
            "name": "Gro\u00dfbrand"
        },
        {
            "language": {
                "name": "es",
                "url": "/api/v2/language/7/"
            },
            "name": "Mar Llamas"
        },
        {
            "language": {
                "name": "it",
                "url": "/api/v2/language/8/"
            },
            "name": "Aiutofuoco"
        },
        {
            "language": {
                "name": "en",
                "url": "/api/v2/language/9/"
            },
            "name": "Blaze"
        },
        {
            "language": {
                "name": "ja",
                "url": "/api/v2/language/11/"
            },
            "name": "\u3082\u3046\u304b"
        },
        {
            "language": {
                "name": "zh-Hans",
                "url": "/api/v2/language/12/"
            },
            "name": "\u731b\u706b"
        }
    ],
    "pokemon": [
        {
            "is_hidden": false,
            "pokemon": {
                "name": "charmander",
                "url": "/api/v2/pokemon/4/"
            },
            "slot": 1
        },
        {
            "is_hidden": false,
            "pokemon": {
                "name": "charmeleon",
                "url": "/api/v2/pokemon/5/"
            },
            "slot": 1
        },
        {
            "is_hidden": false,
            "pokemon": {
                "name": "charizard",
                "url": "/api/v2/pokemon/6/"
            },
            "slot": 1
        },
        {
            "is_hidden": false,
            "pokemon": {
                "name": "cyndaquil",
                "url": "/api/v2/pokemon/155/"
            },
            "slot": 1
        },
        {
            "is_hidden": false,
            "pokemon": {
                "name": "quilava",
                "url": "/api/v2/pokemon/156/"
            },
            "slot": 1
        },
        {
            "is_hidden": false,
            "pokemon": {
                "name": "typhlosion",
                "url": "/api/v2/pokemon/157/"
            },
            "slot": 1
        },
        {
            "is_hidden": false,
            "pokemon": {
                "name": "torchic",
                "url": "/api/v2/pokemon/255/"
            },
            "slot": 1
        },
        {
            "is_hidden": false,
            "pokemon": {
                "name": "combusken",
                "url": "/api/v2/pokemon/256/"
            },
            "slot": 1
        },
        {
            "is_hidden": false,
            "pokemon": {
                "name": "blaziken",
                "url": "/api/v2/pokemon/257/"
            },
            "slot": 1
        },
        {
            "is_hidden": false,
            "pokemon": {
                "name": "chimchar",
                "url": "/api/v2/pokemon/390/"
            },
            "slot": 1
        },
        {
            "is_hidden": false,
            "pokemon": {
                "name": "monferno",
                "url": "/api/v2/pokemon/391/"
            },
            "slot": 1
        },
        {
            "is_hidden": false,
            "pokemon": {
                "name": "infernape",
                "url": "/api/v2/pokemon/392/"
            },
            "slot": 1
        },
        {
            "is_hidden": false,
            "pokemon": {
                "name": "tepig",
                "url": "/api/v2/pokemon/498/"
            },
            "slot": 1
        },
        {
            "is_hidden": false,
            "pokemon": {
                "name": "pignite",
                "url": "/api/v2/pokemon/499/"
            },
            "slot": 1
        },
        {
            "is_hidden": false,
            "pokemon": {
                "name": "emboar",
                "url": "/api/v2/pokemon/500/"
            },
            "slot": 1
        },
        {
            "is_hidden": true,
            "pokemon": {
                "name": "pansear",
                "url": "/api/v2/pokemon/513/"
            },
            "slot": 3
        },
        {
            "is_hidden": true,
            "pokemon": {
                "name": "simisear",
                "url": "/api/v2/pokemon/514/"
            },
            "slot": 3
        },
        {
            "is_hidden": false,
            "pokemon": {
                "name": "fennekin",
                "url": "/api/v2/pokemon/653/"
            },
            "slot": 1
        },
        {
            "is_hidden": false,
            "pokemon": {
                "name": "braixen",
                "url": "/api/v2/pokemon/654/"
            },
            "slot": 1
        },
        {
            "is_hidden": false,
            "pokemon": {
                "name": "delphox",
                "url": "/api/v2/pokemon/655/"
            },
            "slot": 1
        },
        {
            "is_hidden": false,
            "pokemon": {
                "name": "litten",
                "url": "/api/v2/pokemon/725/"
            },
            "slot": 1
        },
        {
            "is_hidden": false,
            "pokemon": {
                "name": "torracat",
                "url": "/api/v2/pokemon/726/"
            },
            "slot": 1
        },
        {
            "is_hidden": false,
            "pokemon": {
                "name": "incineroar",
                "url": "/api/v2/pokemon/727/"
            },
            "slot": 1
        },
        {
            "is_hidden": false,
            "pokemon": {
                "name": "scorbunny",
                "url": "/api/v2/pokemon/813/"
            },
            "slot": 1
        },
        {
            "is_hidden": false,
            "pokemon": {
                "name": "raboot",
                "url": "/api/v2/pokemon/814/"
            },
            "slot": 1
        },
        {
            "is_hidden": false,
            "pokemon": {
                "name": "cinderace",
                "url": "/api/v2/pokemon/815/"
            },
            "slot": 1
        },
        {
            "is_hidden": false,
            "pokemon": {
                "name": "fuecoco",
                "url": "/api/v2/pokemon/909/"
            },
            "slot": 1
        },
        {
            "is_hidden": false,
            "pokemon": {
                "name": "crocalor",
                "url": "/api/v2/pokemon/910/"
            },
            "slot": 1
        },
        {
            "is_hidden": false,
            "pokemon": {
                "name": "skeledirge",
                "url": "/api/v2/pokemon/911/"
            },
            "slot": 1
        },
        {
            "is_hidden": false,
            "pokemon": {
                "name": "charizard-gmax",
                "url": "/api/v2/pokemon/10196/"
            },
            "slot": 1
        },
        {
            "is_hidden": false,
            "pokemon": {
                "name": "cinderace-gmax",
                "url": "/api/v2/pokemon/10210/"
            },
            "slot": 1
        },
        {
            "is_hidden": false,
            "pokemon": {
                "name": "typhlosion-hisui",
                "url": "/api/v2/pokemon/10233/"
            },
            "slot": 1
        }
    ]
}