{
    "effect_changes": [],
    "effect_entries": [
        {
            "effect": "When the Pok\u00e9mon uses Surf or Dive, it will come back with prey. When it takes damage, it will spit out the prey to attack.",
            "language": {
                "name": "en",
                "url": "/api/v2/language/9/"
            },
            "short_effect": "If a Cramorant with Gulp Missile uses Surf or Dive, it catches prey and changes its form depending on its remaining HP."
        }
    ],
    "flavor_text_entries": [
        {
            "flavor_text": "\u306a\u307f\u306e\u308a\u304b\u3000\u30c0\u30a4\u30d3\u30f3\u30b0\u3092\u3000\u3059\u308b\u3068\n\u3048\u3082\u306e\u3092\u3000\u304f\u308f\u3048\u3066\u304f\u308b\u3002\u3000\u30c0\u30e1\u30fc\u30b8\u3092\n\u3046\u3051\u308b\u3068\u3000\u3048\u3082\u306e\u3092\u3000\u306f\u304d\u3060\u3057\u3066\u3000\u3053\u3046\u3052\u304d\u3002",
            "language": {
                "name": "ja-Hrkt",
                "url": "/api/v2/language/1/"
            },
            "version_group": {
                "name": "sword-shield",
                "url": "/api/v2/version-group/20/"
            }
        },
        {
            "flavor_text": "\ud30c\ub3c4\ud0c0\uae30\ub098 \ub2e4\uc774\ube59\uc744 \uc4f0\uba74\n\uba39\uc774\ub97c \ubb3c\uc5b4\uc628\ub2e4. \ub370\ubbf8\uc9c0\ub97c\n\ubc1b\uc73c\uba74 \uba39\uc774\ub97c \ud1a0\ud574\ub0b4\uc11c \uacf5\uaca9\ud55c\ub2e4.",
            "language": {
                "name": "ko",
                "url": "/api/v2/language/3/"
            },
            "version_group": {
                "name": "sword-shield",
                "url": "/api/v2/version-group/20/"
            }
        },
        {
            "flavor_text": "\u885d\u6d6a\u6216\u6f5b\u6c34\u6642\u6703\u53fc\u4f86\u7375\u7269\u3002\n\u7576\u53d7\u5230\u50b7\u5bb3\u6642\uff0c\n\u6703\u5410\u51fa\u7375\u7269\u653b\u64ca\u5c0d\u624b\u3002",
            "language": {
                "name": "zh-Hant",
                "url": "/api/v2/language/4/"
            },
            "version_group": {
                "name": "sword-shield",
                "url": "/api/v2/version-group/20/"
            }
        },
        {
            "flavor_text": "Quand le Pok\u00e9mon utilise Surf ou Plong\u00e9e, il revient\navec une proie. Lorsqu\u2019il subit des d\u00e9g\u00e2ts par la suite,\nil attaque en recrachant sa proie.",
            "language": {
                "name": "fr",
                "url": "/api/v2/language/5/"
            },
            "version_group": {
                "name": "sword-shield",
                "url": "/api/v2/version-group/20/"
            }
        },
        {
            "flavor_text": "Wenn das Pok\u00e9mon Surfer oder Taucher einsetzt, f\u00e4ngt\nes sich dabei Beute. Erleidet es anschlie\u00dfend Schaden,\ngreift es an, indem es die Beute wieder ausspuckt.",
            "language": {
                "name": "de",
                "url": "/api/v2/language/6/"
            },
            "version_group": {
                "name": "sword-shield",
                "url": "/api/v2/version-group/20/"
            }
        },
        {
            "flavor_text": "Tras usar Surf o Buceo, emerge con una presa en la\nboca. Al recibir da\u00f1o, ataca escupi\u00e9ndola al rival.",
            "language": {
                "name": "es",
                "url": "/api/v2/language/7/"
            },
            "version_group": {
                "name": "sword-shield",
                "url": "/api/v2/version-group/20/"
            }
        },
        {
            "flavor_text": "Quando usa Surf o Sub, il Pok\u00e9mon cattura una preda.\nSe subisce dei danni, la sputa fuori per attaccare.",
            "language": {
                "name": "it",
                "url": "/api/v2/language/8/"
            },
            "version_group": {
                "name": "sword-shield",
                "url": "/api/v2/version-group/20/"
            }
        },
        {
            "flavor_text": "When the Pok\u00e9mon uses Surf or Dive, it will come back\nwith prey. When it takes damage, it will spit out the prey\nto attack.",
            "language": {
                "name": "en",
                "url": "/api/v2/language/9/"
            },
            "version_group": {
                "name": "sword-shield",
                "url": "/api/v2/version-group/20/"
            }
        },
        {
            "flavor_text": "\u306a\u307f\u306e\u308a\u304b\u3000\u30c0\u30a4\u30d3\u30f3\u30b0\u3092\u3000\u3059\u308b\u3068\n\u7372\u7269\u3092\u3000\u304f\u308f\u3048\u3066\u304f\u308b\u3002\u3000\u30c0\u30e1\u30fc\u30b8\u3092\n\u53d7\u3051\u308b\u3068\u3000\u7372\u7269\u3092\u3000\u5410\u304d\u3060\u3057\u3066\u3000\u653b\u6483\u3002",
            "language": {
                "name": "ja",
                "url": "/api/v2/language/11/"
            },
            "version_group": {
                "name": "sword-shield",
                "url": "/api/v2/version-group/20/"
            }
        },
        {
            "flavor_text": "\u51b2\u6d6a\u6216\u6f5c\u6c34\u65f6\u4f1a\u53fc\u6765\u730e\u7269\u3002\n\u53d7\u5230\u4f24\u5bb3\u65f6\uff0c\n\u4f1a\u5410\u51fa\u730e\u7269\u8fdb\u884c\u653b\u51fb\u3002",
            "language": {
                "name": "zh-Hans",
                "url": "/api/v2/language/12/"
            },
            "version_group": {
                "name": "sword-shield",
                "url": "/api/v2/version-group/20/"
            }
        },
        {
            "flavor_text": "Quand le Pok\u00e9mon utilise Surf ou Plong\u00e9e, il revient\\navec une proie. Lorsqu\u2019il subit des d\u00e9g\u00e2ts par la suite,\\nil attaque en recrachant sa proie.",
            "language": {
                "name": "fr",
                "url": "/api/v2/language/5/"
            },
            "version_group": {
                "name": "scarlet-violet",
                "url": "/api/v2/version-group/25/"
            }
        }
    ],
    "generation": {
        "name": "generation-viii",
        "url": "/api/v2/generation/8/"
    },
    "id": 241,
    "is_main_series": true,
    "name": "gulp-missile",
    "names": [
        {
            "language": {
                "name": "ja-Hrkt",
                "url": "/api/v2/language/1/"
            },
            "name": "\u3046\u306e\u30df\u30b5\u30a4\u30eb"
        },
        {
            "language": {
                "name": "ko",
                "url": "/api/v2/language/3/"
            },
            "name": "\uadf8\ub300\ub85c\uafc0\uaebd\ubbf8\uc0ac\uc77c"
        },
        {
            "language": {
                "name": "zh-Hant",
                "url": "/api/v2/language/4/"
            },
            "name": "\u4e00\u53e3\u98db\u5f48"
        },
        {
            "language": {
                "name": "fr",
                "url": "/api/v2/language/5/"
            },
            "name": "D\u00e9gobage"
        },
        {
            "language": {
                "name": "de",
                "url": "/api/v2/language/6/"
            },
            "name": "W\u00fcrggeschoss"
        },
        {
            "language": {
                "name": "es",
                "url": "/api/v2/language/7/"
            },
            "name": "Tragamisil"
        },
        {
            "language": {
                "name": "it",
                "url": "/api/v2/language/8/"
            },
            "name": "Inghiottimissile"
        },
        {
            "language": {
                "name": "en",
                "url": "/api/v2/language/9/"
            },
            "name": "Gulp Missile"
        },
        {
            "language": {
                "name": "ja",
                "url": "/api/v2/language/11/"
            },
            "name": "\u3046\u306e\u30df\u30b5\u30a4\u30eb"
        },
        {
            "language": {
                "name": "zh-Hans",
                "url": "/api/v2/language/12/"
            },
            "name": "\u4e00\u53e3\u5bfc\u5f39"
        }
    ],
    "pokemon": [
        {
            "is_hidden": false,
            "pokemon": {
                "name": "cramorant",
                "url": "/api/v2/pokemon/845/"
            },
            "slot": 1
        },
        {
            "is_hidden": false,
            "pokemon": {
                "name": "cramorant-gulping",
                "url": "/api/v2/pokemon/10182/"
            },
            "slot": 1
        },
        {
            "is_hidden": false,
            "pokemon": {
                "name": "cramorant-gorging",
                "url": "/api/v2/pokemon/10183/"
            },
            "slot": 1
        }
    ]
}