{
    "effect_changes": [],
    "effect_entries": [
        {
            "effect": "If this Pok\u00e9mon is a wishiwashi and level 20 or above, then when it enters battle and at the start of each turn, it becomes Schooling Form if its HP is 25% or higher and Solo Form otherwise.\n\nThis ability cannot be replaced, copied, or nullified.",
            "language": {
                "name": "en",
                "url": "/api/v2/language/9/"
            },
            "short_effect": "Wishiwashi becomes Schooling Form when its HP is 25% or higher."
        }
    ],
    "flavor_text_entries": [
        {
            "flavor_text": "\uff28\uff30\u304c\u3000\u304a\u304a\u3044\u3068\u304d\u306f\u3000\u3080\u308c\u3066\u3000\u3064\u3088\u304f\u306a\u308b\u3002\n\uff28\uff30\u306e\u3000\u306e\u3053\u308a\u304c\u3000\u3059\u304f\u306a\u304f\u306a\u308b\u3068\n\u3080\u308c\u306f\u3000\u3061\u308a\u3062\u308a\u306b\u3000\u306a\u3063\u3066\u3057\u307e\u3046\u3002",
            "language": {
                "name": "ja-Hrkt",
                "url": "/api/v2/language/1/"
            },
            "version_group": {
                "name": "sun-moon",
                "url": "/api/v2/version-group/17/"
            }
        },
        {
            "flavor_text": "HP\uac00 \ub9ce\uc744 \ub54c \ubb34\ub9ac\uc9c0\uc5b4 \uac15\ud574\uc9c4\ub2e4.\nHP\uac00 \uc5bc\ub9c8 \ub0a8\uc9c0 \uc54a\uc73c\uba74\n\ubb34\ub9ac\ub294 \ubfd4\ubfd4\uc774 \ud769\uc5b4\uc9c4\ub2e4.",
            "language": {
                "name": "ko",
                "url": "/api/v2/language/3/"
            },
            "version_group": {
                "name": "sun-moon",
                "url": "/api/v2/version-group/17/"
            }
        },
        {
            "flavor_text": "\uff28\uff30\u591a\u7684\u6642\u5019\u6703\u805a\u8d77\u4f86\u8b8a\u5f37\u3002\n\uff28\uff30\u5269\u9918\u91cf\u8b8a\u5c11\u6642\uff0c\n\u7fa4\u9ad4\u6703\u5206\u5d29\u96e2\u6790\u3002",
            "language": {
                "name": "zh-Hant",
                "url": "/api/v2/language/4/"
            },
            "version_group": {
                "name": "sun-moon",
                "url": "/api/v2/version-group/17/"
            }
        },
        {
            "flavor_text": "Le Pok\u00e9mon se rassemble avec ses cong\u00e9n\u00e8res\nquand ses PV sont \u00e9lev\u00e9s. Plus ses PV baissent,\nplus le banc s\u2019amenuise.",
            "language": {
                "name": "fr",
                "url": "/api/v2/language/5/"
            },
            "version_group": {
                "name": "sun-moon",
                "url": "/api/v2/version-group/17/"
            }
        },
        {
            "flavor_text": "Verf\u00fcgt es \u00fcber einen hohen KP-Wert, wird es zu\neinem Schwarm und gewinnt an St\u00e4rke. Ist der\nKP-Wert niedrig, l\u00f6st sich der Schwarm wieder auf.",
            "language": {
                "name": "de",
                "url": "/api/v2/language/6/"
            },
            "version_group": {
                "name": "sun-moon",
                "url": "/api/v2/version-group/17/"
            }
        },
        {
            "flavor_text": "Forma bancos con sus cong\u00e9neres cuando tiene\nmuchos PS, lo cual le otorga m\u00e1s fuerza. Cuando le\nquedan pocos PS, el banco se dispersa.",
            "language": {
                "name": "es",
                "url": "/api/v2/language/7/"
            },
            "version_group": {
                "name": "sun-moon",
                "url": "/api/v2/version-group/17/"
            }
        },
        {
            "flavor_text": "Quando ha molti PS, il Pok\u00e9mon forma un banco\ncon i propri simili e si rafforza.\nQuando ne ha pochi, il banco si disperde.",
            "language": {
                "name": "it",
                "url": "/api/v2/language/8/"
            },
            "version_group": {
                "name": "sun-moon",
                "url": "/api/v2/version-group/17/"
            }
        },
        {
            "flavor_text": "When it has a lot of HP, the Pok\u00e9mon forms a\npowerful school. It stops schooling when its HP\nis low.",
            "language": {
                "name": "en",
                "url": "/api/v2/language/9/"
            },
            "version_group": {
                "name": "sun-moon",
                "url": "/api/v2/version-group/17/"
            }
        },
        {
            "flavor_text": "\uff28\uff30\u304c\u3000\u591a\u3044\u3068\u304d\u306f\u3000\u7fa4\u308c\u3066\u3000\u5f37\u304f\u306a\u308b\u3002\n\uff28\uff30\u306e\u3000\u6b8b\u308a\u304c\u3000\u5c11\u306a\u304f\u306a\u308b\u3068\n\u7fa4\u308c\u306f\u3000\u6563\u308a\u6563\u308a\u306b\u3000\u306a\u3063\u3066\u3057\u307e\u3046\u3002",
            "language": {
                "name": "ja",
                "url": "/api/v2/language/11/"
            },
            "version_group": {
                "name": "sun-moon",
                "url": "/api/v2/version-group/17/"
            }
        },
        {
            "flavor_text": "\uff28\uff30\u591a\u7684\u65f6\u5019\u4f1a\u805a\u8d77\u6765\u53d8\u5f3a\u3002\n\uff28\uff30\u5269\u4f59\u91cf\u53d8\u5c11\u65f6\uff0c\n\u7fa4\u4f53\u4f1a\u5206\u5d29\u79bb\u6790\u3002",
            "language": {
                "name": "zh-Hans",
                "url": "/api/v2/language/12/"
            },
            "version_group": {
                "name": "sun-moon",
                "url": "/api/v2/version-group/17/"
            }
        },
        {
            "flavor_text": "\uff28\uff30\u304c\u3000\u304a\u304a\u3044\u3068\u304d\u306f\u3000\u3080\u308c\u3066\u3000\u3064\u3088\u304f\u306a\u308b\u3002\n\uff28\uff30\u306e\u3000\u306e\u3053\u308a\u304c\u3000\u3059\u304f\u306a\u304f\u306a\u308b\u3068\n\u3080\u308c\u306f\u3000\u3061\u308a\u3062\u308a\u306b\u3000\u306a\u3063\u3066\u3057\u307e\u3046\u3002",
            "language": {
                "name": "ja-Hrkt",
                "url": "/api/v2/language/1/"
            },
            "version_group": {
                "name": "ultra-sun-ultra-moon",
                "url": "/api/v2/version-group/18/"
            }
        },
        {
            "flavor_text": "HP\uac00 \ub9ce\uc744 \ub54c \ubb34\ub9ac\uc9c0\uc5b4 \uac15\ud574\uc9c4\ub2e4.\nHP\uac00 \uc5bc\ub9c8 \ub0a8\uc9c0 \uc54a\uc73c\uba74\n\ubb34\ub9ac\ub294 \ubfd4\ubfd4\uc774 \ud769\uc5b4\uc9c4\ub2e4.",
            "language": {
                "name": "ko",
                "url": "/api/v2/language/3/"
            },
            "version_group": {
                "name": "ultra-sun-ultra-moon",
                "url": "/api/v2/version-group/18/"
            }
        },
        {
            "flavor_text": "\uff28\uff30\u591a\u7684\u6642\u5019\u6703\u805a\u8d77\u4f86\u8b8a\u5f37\u3002\n\uff28\uff30\u5269\u9918\u91cf\u8b8a\u5c11\u6642\uff0c\n\u7fa4\u9ad4\u6703\u5206\u5d29\u96e2\u6790\u3002",
            "language": {
                "name": "zh-Hant",
                "url": "/api/v2/language/4/"
            },
            "version_group": {
                "name": "ultra-sun-ultra-moon",
                "url": "/api/v2/version-group/18/"
            }
        },
        {
            "flavor_text": "Le Pok\u00e9mon se rassemble avec ses cong\u00e9n\u00e8res\nquand ses PV sont \u00e9lev\u00e9s. Plus ses PV baissent,\nplus le banc s\u2019amenuise.",
            "language": {
                "name": "fr",
                "url": "/api/v2/language/5/"
            },
            "version_group": {
                "name": "ultra-sun-ultra-moon",
                "url": "/api/v2/version-group/18/"
            }
        },
        {
            "flavor_text": "Verf\u00fcgt es \u00fcber einen hohen KP-Wert, wird es zu\neinem Schwarm und gewinnt an St\u00e4rke. Ist der\nKP-Wert niedrig, l\u00f6st sich der Schwarm wieder auf.",
            "language": {
                "name": "de",
                "url": "/api/v2/language/6/"
            },
            "version_group": {
                "name": "ultra-sun-ultra-moon",
                "url": "/api/v2/version-group/18/"
            }
        },
        {
            "flavor_text": "Forma bancos con sus cong\u00e9neres cuando tiene\nmuchos PS, lo cual le otorga m\u00e1s fuerza. Cuando le\nquedan pocos PS, el banco se dispersa.",
            "language": {
                "name": "es",
                "url": "/api/v2/language/7/"
            },
            "version_group": {
                "name": "ultra-sun-ultra-moon",
                "url": "/api/v2/version-group/18/"
            }
        },
        {
            "flavor_text": "Quando ha molti PS, il Pok\u00e9mon forma un banco\ncon i propri simili e si rafforza.\nQuando ne ha pochi, il banco si disperde.",
            "language": {
                "name": "it",
                "url": "/api/v2/language/8/"
            },
            "version_group": {
                "name": "ultra-sun-ultra-moon",
                "url": "/api/v2/version-group/18/"
            }
        },
        {
            "flavor_text": "When it has a lot of HP, the Pok\u00e9mon forms a\npowerful school. It stops schooling when its HP\nis low.",
            "language": {
                "name": "en",
                "url": "/api/v2/language/9/"
            },
            "version_group": {
                "name": "ultra-sun-ultra-moon",
                "url": "/api/v2/version-group/18/"
            }
        },
        {
            "flavor_text": "\uff28\uff30\u304c\u3000\u591a\u3044\u3068\u304d\u306f\u3000\u7fa4\u308c\u3066\u3000\u5f37\u304f\u306a\u308b\u3002\n\uff28\uff30\u306e\u3000\u6b8b\u308a\u304c\u3000\u5c11\u306a\u304f\u306a\u308b\u3068\n\u7fa4\u308c\u306f\u3000\u6563\u308a\u6563\u308a\u306b\u3000\u306a\u3063\u3066\u3057\u307e\u3046\u3002",
            "language": {
                "name": "ja",
                "url": "/api/v2/language/11/"
            },
            "version_group": {
                "name": "ultra-sun-ultra-moon",
                "url": "/api/v2/version-group/18/"
            }
        },
        {
            "flavor_text": "\uff28\uff30\u591a\u7684\u65f6\u5019\u4f1a\u805a\u8d77\u6765\u53d8\u5f3a\u3002\n\uff28\uff30\u5269\u4f59\u91cf\u53d8\u5c11\u65f6\uff0c\n\u7fa4\u4f53\u4f1a\u5206\u5d29\u79bb\u6790\u3002",
            "language": {
                "name": "zh-Hans",
                "url": "/api/v2/language/12/"
            },
            "version_group": {
                "name": "ultra-sun-ultra-moon",
                "url": "/api/v2/version-group/18/"
            }
        },
        {
            "flavor_text": "\uff28\uff30\u304c\u3000\u304a\u304a\u3044\u3068\u304d\u306f\u3000\u3080\u308c\u3066\u3000\u3064\u3088\u304f\u306a\u308b\u3002\n\uff28\uff30\u306e\u3000\u306e\u3053\u308a\u304c\u3000\u3059\u304f\u306a\u304f\u306a\u308b\u3068\n\u3080\u308c\u306f\u3000\u3061\u308a\u3062\u308a\u306b\u3000\u306a\u3063\u3066\u3057\u307e\u3046\u3002",
            "language": {
                "name": "ja-Hrkt",
                "url": "/api/v2/language/1/"
            },
            "version_group": {
                "name": "lets-go-pikachu-lets-go-eevee",
                "url": "/api/v2/version-group/19/"
            }
        },
        {
            "flavor_text": "HP\uac00 \ub9ce\uc744 \ub54c \ubb34\ub9ac\uc9c0\uc5b4 \uac15\ud574\uc9c4\ub2e4.\nHP\uac00 \uc5bc\ub9c8 \ub0a8\uc9c0 \uc54a\uc73c\uba74\n\ubb34\ub9ac\ub294 \ubfd4\ubfd4\uc774 \ud769\uc5b4\uc9c4\ub2e4.",
            "language": {
                "name": "ko",
                "url": "/api/v2/language/3/"
            },
            "version_group": {
                "name": "lets-go-pikachu-lets-go-eevee",
                "url": "/api/v2/version-group/19/"
            }
        },
        {
            "flavor_text": "HP\u591a\u7684\u6642\u5019\u6703\u805a\u8d77\u4f86\u8b8a\u5f37\u3002\nHP\u5269\u9918\u91cf\u8b8a\u5c11\u6642\uff0c\n\u7fa4\u9ad4\u6703\u5206\u5d29\u96e2\u6790\u3002",
            "language": {
                "name": "zh-Hant",
                "url": "/api/v2/language/4/"
            },
            "version_group": {
                "name": "lets-go-pikachu-lets-go-eevee",
                "url": "/api/v2/version-group/19/"
            }
        },
        {
            "flavor_text": "Le Pok\u00e9mon se rassemble avec ses cong\u00e9n\u00e8res\nquand ses PV sont \u00e9lev\u00e9s. Plus ses PV baissent,\nplus le banc s\u2019amenuise.",
            "language": {
                "name": "fr",
                "url": "/api/v2/language/5/"
            },
            "version_group": {
                "name": "lets-go-pikachu-lets-go-eevee",
                "url": "/api/v2/version-group/19/"
            }
        },
        {
            "flavor_text": "Verf\u00fcgt es \u00fcber einen hohen KP-Wert, wird es zu\neinem Schwarm und gewinnt an St\u00e4rke. Ist der\nKP-Wert niedrig, l\u00f6st sich der Schwarm wieder auf.",
            "language": {
                "name": "de",
                "url": "/api/v2/language/6/"
            },
            "version_group": {
                "name": "lets-go-pikachu-lets-go-eevee",
                "url": "/api/v2/version-group/19/"
            }
        },
        {
            "flavor_text": "Forma bancos con sus cong\u00e9neres cuando tiene\nmuchos PS, lo cual le otorga m\u00e1s fuerza. Cuando le\nquedan pocos PS, el banco se dispersa.",
            "language": {
                "name": "es",
                "url": "/api/v2/language/7/"
            },
            "version_group": {
                "name": "lets-go-pikachu-lets-go-eevee",
                "url": "/api/v2/version-group/19/"
            }
        },
        {
            "flavor_text": "Quando ha molti PS, il Pok\u00e9mon forma un banco\ncon i propri simili e si rafforza.\nQuando ne ha pochi, il banco si disperde.",
            "language": {
                "name": "it",
                "url": "/api/v2/language/8/"
            },
            "version_group": {
                "name": "lets-go-pikachu-lets-go-eevee",
                "url": "/api/v2/version-group/19/"
            }
        },
        {
            "flavor_text": "When it has a lot of HP, the Pok\u00e9mon forms a\npowerful school. It stops schooling when its HP\nis low.",
            "language": {
                "name": "en",
                "url": "/api/v2/language/9/"
            },
            "version_group": {
                "name": "lets-go-pikachu-lets-go-eevee",
                "url": "/api/v2/version-group/19/"
            }
        },
        {
            "flavor_text": "\uff28\uff30\u304c\u3000\u591a\u3044\u3068\u304d\u306f\u3000\u7fa4\u308c\u3066\u3000\u5f37\u304f\u306a\u308b\u3002\n\uff28\uff30\u306e\u3000\u6b8b\u308a\u304c\u3000\u5c11\u306a\u304f\u306a\u308b\u3068\n\u7fa4\u308c\u306f\u3000\u6563\u308a\u6563\u308a\u306b\u3000\u306a\u3063\u3066\u3057\u307e\u3046\u3002",
            "language": {
                "name": "ja",
                "url": "/api/v2/language/11/"
            },
            "version_group": {
                "name": "lets-go-pikachu-lets-go-eevee",
                "url": "/api/v2/version-group/19/"
            }
        },
        {
            "flavor_text": "HP\u591a\u7684\u65f6\u5019\u4f1a\u805a\u8d77\u6765\u53d8\u5f3a\u3002\nHP\u5269\u4f59\u91cf\u53d8\u5c11\u65f6\uff0c\n\u7fa4\u4f53\u4f1a\u5206\u5d29\u79bb\u6790\u3002",
            "language": {
                "name": "zh-Hans",
                "url": "/api/v2/language/12/"
            },
            "version_group": {
                "name": "lets-go-pikachu-lets-go-eevee",
                "url": "/api/v2/version-group/19/"
            }
        },
        {
            "flavor_text": "\uff28\uff30\u304c\u3000\u304a\u304a\u3044\u3068\u304d\u306f\u3000\u3080\u308c\u3066\u3000\u3064\u3088\u304f\u306a\u308b\u3002\n\uff28\uff30\u306e\u3000\u306e\u3053\u308a\u304c\u3000\u3059\u304f\u306a\u304f\u306a\u308b\u3068\n\u3080\u308c\u306f\u3000\u3061\u308a\u3062\u308a\u306b\u3000\u306a\u3063\u3066\u3057\u307e\u3046\u3002",
            "language": {
                "name": "ja-Hrkt",
                "url": "/api/v2/language/1/"
            },
            "version_group": {
                "name": "sword-shield",
                "url": "/api/v2/version-group/20/"
            }
        },
        {
            "flavor_text": "HP\uac00 \ub9ce\uc744 \ub54c \ubb34\ub9ac\uc9c0\uc5b4 \uac15\ud574\uc9c4\ub2e4.\nHP\uac00 \uc5bc\ub9c8 \ub0a8\uc9c0 \uc54a\uc73c\uba74\n\ubb34\ub9ac\ub294 \ubfd4\ubfd4\uc774 \ud769\uc5b4\uc9c4\ub2e4.",
            "language": {
                "name": "ko",
                "url": "/api/v2/language/3/"
            },
            "version_group": {
                "name": "sword-shield",
                "url": "/api/v2/version-group/20/"
            }
        },
        {
            "flavor_text": "\uff28\uff30\u591a\u7684\u6642\u5019\u6703\u805a\u8d77\u4f86\u8b8a\u5f37\u3002\n\uff28\uff30\u5269\u9918\u91cf\u8b8a\u5c11\u6642\uff0c\n\u7fa4\u9ad4\u6703\u5206\u5d29\u96e2\u6790\u3002",
            "language": {
                "name": "zh-Hant",
                "url": "/api/v2/language/4/"
            },
            "version_group": {
                "name": "sword-shield",
                "url": "/api/v2/version-group/20/"
            }
        },
        {
            "flavor_text": "Le Pok\u00e9mon se rassemble avec ses cong\u00e9n\u00e8res\nquand ses PV sont \u00e9lev\u00e9s. Plus ses PV baissent,\nplus le banc s\u2019amenuise.",
            "language": {
                "name": "fr",
                "url": "/api/v2/language/5/"
            },
            "version_group": {
                "name": "sword-shield",
                "url": "/api/v2/version-group/20/"
            }
        },
        {
            "flavor_text": "Verf\u00fcgt es \u00fcber einen hohen KP-Wert, wird es zu einem\nSchwarm und gewinnt an St\u00e4rke. Ist der KP-Wert niedrig,\nl\u00f6st sich der Schwarm wieder auf.",
            "language": {
                "name": "de",
                "url": "/api/v2/language/6/"
            },
            "version_group": {
                "name": "sword-shield",
                "url": "/api/v2/version-group/20/"
            }
        },
        {
            "flavor_text": "Forma bancos con sus cong\u00e9neres cuando tiene muchos\nPS, lo cual le otorga m\u00e1s fuerza. Cuando le quedan\npocos PS, el banco se dispersa.",
            "language": {
                "name": "es",
                "url": "/api/v2/language/7/"
            },
            "version_group": {
                "name": "sword-shield",
                "url": "/api/v2/version-group/20/"
            }
        },
        {
            "flavor_text": "Quando ha molti PS, il Pok\u00e9mon forma un banco\ncon i propri simili e si rafforza.\nQuando ne ha pochi, il banco si disperde.",
            "language": {
                "name": "it",
                "url": "/api/v2/language/8/"
            },
            "version_group": {
                "name": "sword-shield",
                "url": "/api/v2/version-group/20/"
            }
        },
        {
            "flavor_text": "When it has a lot of HP, the Pok\u00e9mon forms a\npowerful school. It stops schooling when its HP\nis low.",
            "language": {
                "name": "en",
                "url": "/api/v2/language/9/"
            },
            "version_group": {
                "name": "sword-shield",
                "url": "/api/v2/version-group/20/"
            }
        },
        {
            "flavor_text": "\uff28\uff30\u304c\u3000\u591a\u3044\u3068\u304d\u306f\u3000\u7fa4\u308c\u3066\u3000\u5f37\u304f\u306a\u308b\u3002\n\uff28\uff30\u306e\u3000\u6b8b\u308a\u304c\u3000\u5c11\u306a\u304f\u306a\u308b\u3068\n\u7fa4\u308c\u306f\u3000\u6563\u308a\u6563\u308a\u306b\u3000\u306a\u3063\u3066\u3057\u307e\u3046\u3002",
            "language": {
                "name": "ja",
                "url": "/api/v2/language/11/"
            },
            "version_group": {
                "name": "sword-shield",
                "url": "/api/v2/version-group/20/"
            }
        },
        {
            "flavor_text": "\uff28\uff30\u591a\u7684\u65f6\u5019\u4f1a\u805a\u8d77\u6765\u53d8\u5f3a\u3002\n\uff28\uff30\u5269\u4f59\u91cf\u53d8\u5c11\u65f6\uff0c\n\u7fa4\u4f53\u4f1a\u5206\u5d29\u79bb\u6790\u3002",
            "language": {
                "name": "zh-Hans",
                "url": "/api/v2/language/12/"
            },
            "version_group": {
                "name": "sword-shield",
                "url": "/api/v2/version-group/20/"
            }
        },
        {
            "flavor_text": "Le Pok\u00e9mon se rassemble avec ses cong\u00e9n\u00e8res\\nquand ses PV sont \u00e9lev\u00e9s. Quand il ne lui reste\\nplus beaucoup de PV, le banc se disperse.",
            "language": {
                "name": "fr",
                "url": "/api/v2/language/5/"
            },
            "version_group": {
                "name": "scarlet-violet",
                "url": "/api/v2/version-group/25/"
            }
        }
    ],
    "generation": {
        "name": "generation-vii",
        "url": "/api/v2/generation/7/"
    },
    "id": 208,
    "is_main_series": true,
    "name": "schooling",
    "names": [
        {
            "language": {
                "name": "ja-Hrkt",
                "url": "/api/v2/language/1/"
            },
            "name": "\u304e\u3087\u3050\u3093"
        },
        {
            "language": {
                "name": "ko",
                "url": "/api/v2/language/3/"
            },
            "name": "\uc5b4\uad70"
        },
        {
            "language": {
                "name": "zh-Hant",
                "url": "/api/v2/language/4/"
            },
            "name": "\u9b5a\u7fa4"
        },
        {
            "language": {
                "name": "fr",
                "url": "/api/v2/language/5/"
            },
            "name": "Banc"
        },
        {
            "language": {
                "name": "de",
                "url": "/api/v2/language/6/"
            },
            "name": "Fischschwarm"
        },
        {
            "language": {
                "name": "es",
                "url": "/api/v2/language/7/"
            },
            "name": "Banco"
        },
        {
            "language": {
                "name": "it",
                "url": "/api/v2/language/8/"
            },
            "name": "Banco"
        },
        {
            "language": {
                "name": "en",
                "url": "/api/v2/language/9/"
            },
            "name": "Schooling"
        },
        {
            "language": {
                "name": "ja",
                "url": "/api/v2/language/11/"
            },
            "name": "\u304e\u3087\u3050\u3093"
        },
        {
            "language": {
                "name": "zh-Hans",
                "url": "/api/v2/language/12/"
            },
            "name": "\u9c7c\u7fa4"
        }
    ],
    "pokemon": [
        {
            "is_hidden": false,
            "pokemon": {
                "name": "wishiwashi-solo",
                "url": "/api/v2/pokemon/746/"
            },
            "slot": 1
        },
        {
            "is_hidden": false,
            "pokemon": {
                "name": "wishiwashi-school",
                "url": "/api/v2/pokemon/10127/"
            },
            "slot": 1
        }
    ]
}