{
    "effect_changes": [],
    "effect_entries": [
        {
            "effect": "While the Pok\u00e9mon is in the battle, the effects of all other Pok\u00e9mon\u2019s Abilities will be nullified or will not be triggered.",
            "language": {
                "name": "en",
                "url": "/api/v2/language/9/"
            },
            "short_effect": "Neutralizes abilities of all Pok\u00e9mon in battle."
        }
    ],
    "flavor_text_entries": [
        {
            "flavor_text": "\u304b\u304c\u304f\u3078\u3093\u304b\u30ac\u30b9\u306e\u3000\u30dd\u30b1\u30e2\u30f3\u304c\u3000\u3070\u306b\u3044\u308b\u3068\n\u3059\u3079\u3066\u306e\u3000\u30dd\u30b1\u30e2\u30f3\u306e\u3000\u3068\u304f\u305b\u3044\u306e\n\u3053\u3046\u304b\u304c\u3000\u304d\u3048\u305f\u308a\u3000\u306f\u3064\u3069\u3046\u3000\u3057\u306a\u304f\u306a\u308b\u3002",
            "language": {
                "name": "ja-Hrkt",
                "url": "/api/v2/language/1/"
            },
            "version_group": {
                "name": "sword-shield",
                "url": "/api/v2/version-group/20/"
            }
        },
        {
            "flavor_text": "\ud654\ud559\ubcc0\ud654\uac00\uc2a4\ub97c \uac00\uc9c4 \ud3ec\ucf13\ubaac\uc774 \ubc30\ud2c0\uc5d0 \ub098\uc640 \uc788\uc73c\uba74\n\ubaa8\ub4e0 \ud3ec\ucf13\ubaac\uc774 \uac00\uc9c4 \ud2b9\uc131\uc758 \ud6a8\uacfc\uac00\n\uc0ac\ub77c\uc9c0\uac70\ub098 \ubc1c\ub3d9\ud558\uc9c0 \uc54a\uac8c \ub41c\ub2e4.",
            "language": {
                "name": "ko",
                "url": "/api/v2/language/3/"
            },
            "version_group": {
                "name": "sword-shield",
                "url": "/api/v2/version-group/20/"
            }
        },
        {
            "flavor_text": "\u7576\u5834\u4e0a\u6709\u7279\u6027\u662f\u5316\u5b78\u8b8a\u5316\u6c23\u9ad4\u7684\u5bf6\u53ef\u5922\u6642\uff0c\n\u6240\u6709\u5bf6\u53ef\u5922\u7684\u7279\u6027\u6548\u679c\n\u90fd\u6703\u6d88\u5931\u6216\u7121\u6cd5\u767c\u52d5\u3002",
            "language": {
                "name": "zh-Hant",
                "url": "/api/v2/language/4/"
            },
            "version_group": {
                "name": "sword-shield",
                "url": "/api/v2/version-group/20/"
            }
        },
        {
            "flavor_text": "Si un Pok\u00e9mon avec Gaz Inhibiteur est sur le terrain,\nles effets des talents de tous les autres Pok\u00e9mon\nsont annul\u00e9s.",
            "language": {
                "name": "fr",
                "url": "/api/v2/language/5/"
            },
            "version_group": {
                "name": "sword-shield",
                "url": "/api/v2/version-group/20/"
            }
        },
        {
            "flavor_text": "Solange ein Pok\u00e9mon mit der F\u00e4higkeit Reaktionsgas\nam Kampf beteiligt ist, werden die F\u00e4higkeiten aller\nanderen Pok\u00e9mon unterdr\u00fcckt oder aufgehoben.",
            "language": {
                "name": "de",
                "url": "/api/v2/language/6/"
            },
            "version_group": {
                "name": "sword-shield",
                "url": "/api/v2/version-group/20/"
            }
        },
        {
            "flavor_text": "Anula los efectos de las habilidades de los dem\u00e1s\nPok\u00e9mon presentes mientras est\u00e9 en el terreno de\ncombate.",
            "language": {
                "name": "es",
                "url": "/api/v2/language/7/"
            },
            "version_group": {
                "name": "sword-shield",
                "url": "/api/v2/version-group/20/"
            }
        },
        {
            "flavor_text": "Se in campo c\u2019\u00e8 un Pok\u00e9mon con Gas Reagente,\ngli effetti delle abilit\u00e0 di tutti gli altri Pok\u00e9mon\nvengono annullati o non si attivano.",
            "language": {
                "name": "it",
                "url": "/api/v2/language/8/"
            },
            "version_group": {
                "name": "sword-shield",
                "url": "/api/v2/version-group/20/"
            }
        },
        {
            "flavor_text": "If the Pok\u00e9mon with Neutralizing Gas is in the battle,\nthe effects of all Pok\u00e9mon\u2019s Abilities will be nullified\nor will not be triggered.",
            "language": {
                "name": "en",
                "url": "/api/v2/language/9/"
            },
            "version_group": {
                "name": "sword-shield",
                "url": "/api/v2/version-group/20/"
            }
        },
        {
            "flavor_text": "\u304b\u304c\u304f\u3078\u3093\u304b\u30ac\u30b9\u306e\u3000\u30dd\u30b1\u30e2\u30f3\u304c\u3000\u5834\u306b\u3044\u308b\u3068\n\u3059\u3079\u3066\u306e\u3000\u30dd\u30b1\u30e2\u30f3\u306e\u3000\u7279\u6027\u306e\n\u52b9\u679c\u304c\u3000\u6d88\u3048\u305f\u308a\u3000\u767a\u52d5\u3000\u3057\u306a\u304f\u306a\u308b\u3002",
            "language": {
                "name": "ja",
                "url": "/api/v2/language/11/"
            },
            "version_group": {
                "name": "sword-shield",
                "url": "/api/v2/version-group/20/"
            }
        },
        {
            "flavor_text": "\u7279\u6027\u4e3a\u5316\u5b66\u53d8\u5316\u6c14\u4f53\u7684\u5b9d\u53ef\u68a6\u5728\u573a\u65f6\uff0c\n\u573a\u4e0a\u6240\u6709\u5b9d\u53ef\u68a6\u7684\n\u7279\u6027\u6548\u679c\u90fd\u4f1a\u6d88\u5931\u6216\u8005\u65e0\u6cd5\u751f\u6548\u3002",
            "language": {
                "name": "zh-Hans",
                "url": "/api/v2/language/12/"
            },
            "version_group": {
                "name": "sword-shield",
                "url": "/api/v2/version-group/20/"
            }
        },
        {
            "flavor_text": "Si un Pok\u00e9mon avec Gaz Inhibiteur est sur le terrain,\\nles effets des talents de tous les autres Pok\u00e9mon ne\\ns\u2019activent pas ou sont neutralis\u00e9s.",
            "language": {
                "name": "fr",
                "url": "/api/v2/language/5/"
            },
            "version_group": {
                "name": "the-teal-mask",
                "url": "/api/v2/version-group/26/"
            }
        },
        {
            "flavor_text": "While the Pok\u00e9mon is in the battle, the effects of all other Pok\u00e9mon's Abilities will be nullified or will not be triggered.",
            "language": {
                "name": "en",
                "url": "/api/v2/language/9/"
            },
            "version_group": {
                "name": "the-teal-mask",
                "url": "/api/v2/version-group/26/"
            }
        }
    ],
    "generation": {
        "name": "generation-viii",
        "url": "/api/v2/generation/8/"
    },
    "id": 256,
    "is_main_series": true,
    "name": "neutralizing-gas",
    "names": [
        {
            "language": {
                "name": "ja-Hrkt",
                "url": "/api/v2/language/1/"
            },
            "name": "\u304b\u304c\u304f\u3078\u3093\u304b\u30ac\u30b9"
        },
        {
            "language": {
                "name": "ko",
                "url": "/api/v2/language/3/"
            },
            "name": "\ud654\ud559\ubcc0\ud654\uac00\uc2a4"
        },
        {
            "language": {
                "name": "zh-Hant",
                "url": "/api/v2/language/4/"
            },
            "name": "\u5316\u5b78\u8b8a\u5316\u6c23\u9ad4"
        },
        {
            "language": {
                "name": "fr",
                "url": "/api/v2/language/5/"
            },
            "name": "Gaz Inhibiteur"
        },
        {
            "language": {
                "name": "de",
                "url": "/api/v2/language/6/"
            },
            "name": "Reaktionsgas"
        },
        {
            "language": {
                "name": "es",
                "url": "/api/v2/language/7/"
            },
            "name": "Gas Reactivo"
        },
        {
            "language": {
                "name": "it",
                "url": "/api/v2/language/8/"
            },
            "name": "Gas Reagente"
        },
        {
            "language": {
                "name": "en",
                "url": "/api/v2/language/9/"
            },
            "name": "Neutralizing Gas"
        },
        {
            "language": {
                "name": "ja",
                "url": "/api/v2/language/11/"
            },
            "name": "\u304b\u304c\u304f\u3078\u3093\u304b\u30ac\u30b9"
        },
        {
            "language": {
                "name": "zh-Hans",
                "url": "/api/v2/language/12/"
            },
            "name": "\u5316\u5b66\u53d8\u5316\u6c14\u4f53"
        }
    ],
    "pokemon": [
        {
            "is_hidden": false,
            "pokemon": {
                "name": "koffing",
                "url": "/api/v2/pokemon/109/"
            },
            "slot": 2
        },
        {
            "is_hidden": false,
            "pokemon": {
                "name": "weezing",
                "url": "/api/v2/pokemon/110/"
            },
            "slot": 2
        },
        {
            "is_hidden": false,
            "pokemon": {
                "name": "weezing-galar",
                "url": "/api/v2/pokemon/10167/"
            },
            "slot": 2
        }
    ]
}