{
    "effect_changes": [],
    "effect_entries": [
        {
            "effect": "Wenn ein Pok\u00e9mon mit dieser F\u00e4higkeit eine Attacke einsetzt, \u00e4ndert sich sein Typ in den der Attacke.\n\nDie Typumwandlung erfolgt unmittelbar vor dem Einsatz der Attacke, der Anwender erh\u00e4lt dadurch den same type attack bonus Bonus f\u00fcr jede Attacke die er einsetzt und toxic trifft immer. Die Typumwandlung bleibt bestehen, bis der Typ erneut gewandelt wird oder das Pok\u00e9mon ausgetauscht wird, nicht aber durch deaktivieren oder austauschen der F\u00e4higkeit.\n\nWenn der Typ der Attacke ge\u00e4ndert wird, zum Beispiel weil die Attacke eine andere Attacke benutzt, wie nature power, weil die Attacke selbst ihren Typ \u00e4ndern kann oder weil der Typ der Attacke vom Gegner ver\u00e4ndert wird, wie z.B. durch electrify oder ion deluge, dann wird der ge\u00e4nderte Typ herangezogen. Wenn eine Attacke eingesetzt wird, die den Typ des Anwenders \u00e4ndert, wie camouflage, dann l\u00f6st zuerst die F\u00e4higkeit aus und \u00e4ndert den Typ des Anwenders in den der Attacke, danach wird die Attacke entweder fehlschlagen oder den Typ des Anwenders wieder \u00e4ndern. Wird curse eingesetzt und der Anwender ist nicht bereits vom Typ ghost wird er zum Typ ghost.\n\nDie F\u00e4higkeit l\u00f6st nicht aus, wenn die Attacke fehlschl\u00e4gt, au\u00dfer sie geht wegen der F\u00e4higkeit selbst daneben, wenn die Ausf\u00fchrung unterbrochen wird, z.B. durch confusion, wenn die Attacke verhindert wird (durch rain oder durch powder). Die F\u00e4higkeit l\u00f6st trotzdem aus, wenn die Attacke daneben geht, blockiert wird (durch protect oder \u00e4hnliches) oder keine Wirkung auf den Gegner hat.\n\nstruggle ist nicht betroffen.",
            "language": {
                "name": "de",
                "url": "/api/v2/language/6/"
            },
            "short_effect": "\u00c4ndert den Typ des Anwenders in den der Attacke die er einsetzt."
        },
        {
            "effect": "Changes the bearer's type to match each move it uses.\n\nThe type change takes place just before the move is used.",
            "language": {
                "name": "en",
                "url": "/api/v2/language/9/"
            },
            "short_effect": "Changes the bearer's type to match each move it uses."
        }
    ],
    "flavor_text_entries": [
        {
            "flavor_text": "\u3060\u3057\u305f\u3000\u308f\u3056\u3068\u3000\u304a\u306a\u3058\n\u30bf\u30a4\u30d7\u306b\u3000\u3078\u3093\u304b\u3059\u308b\u3002",
            "language": {
                "name": "ja-Hrkt",
                "url": "/api/v2/language/1/"
            },
            "version_group": {
                "name": "x-y",
                "url": "/api/v2/version-group/15/"
            }
        },
        {
            "flavor_text": "\uc0ac\uc6a9\ud55c \uae30\uc220\uacfc \uac19\uc740\n\ud0c0\uc785\uc73c\ub85c \ubcc0\ud654\ud55c\ub2e4.",
            "language": {
                "name": "ko",
                "url": "/api/v2/language/3/"
            },
            "version_group": {
                "name": "x-y",
                "url": "/api/v2/version-group/15/"
            }
        },
        {
            "flavor_text": "Le Pok\u00e9mon prend le type de sa\nderni\u00e8re capacit\u00e9 lanc\u00e9e.",
            "language": {
                "name": "fr",
                "url": "/api/v2/language/5/"
            },
            "version_group": {
                "name": "x-y",
                "url": "/api/v2/version-group/15/"
            }
        },
        {
            "flavor_text": "Das Pok\u00e9mon nimmt bei Einsatz\neiner Attacke deren Typ an.",
            "language": {
                "name": "de",
                "url": "/api/v2/language/6/"
            },
            "version_group": {
                "name": "x-y",
                "url": "/api/v2/version-group/15/"
            }
        },
        {
            "flavor_text": "Cambia su tipo al del movimiento\nque acaba de usar.",
            "language": {
                "name": "es",
                "url": "/api/v2/language/7/"
            },
            "version_group": {
                "name": "x-y",
                "url": "/api/v2/version-group/15/"
            }
        },
        {
            "flavor_text": "Cambia il tipo del Pok\u00e9mon in\nquello della mossa usata.",
            "language": {
                "name": "it",
                "url": "/api/v2/language/8/"
            },
            "version_group": {
                "name": "x-y",
                "url": "/api/v2/version-group/15/"
            }
        },
        {
            "flavor_text": "Changes the Pok\u00e9mon\u2019s type to\nthe type of the move it\u2019s using.",
            "language": {
                "name": "en",
                "url": "/api/v2/language/9/"
            },
            "version_group": {
                "name": "x-y",
                "url": "/api/v2/version-group/15/"
            }
        },
        {
            "flavor_text": "\u3060\u3057\u305f\u3000\u6280\u3068\u3000\u540c\u3058\n\u30bf\u30a4\u30d7\u306b\u3000\u5909\u5316\u3059\u308b\u3002",
            "language": {
                "name": "ja",
                "url": "/api/v2/language/11/"
            },
            "version_group": {
                "name": "x-y",
                "url": "/api/v2/version-group/15/"
            }
        },
        {
            "flavor_text": "\u3060\u3057\u305f\u3000\u308f\u3056\u3068\u3000\u304a\u306a\u3058\n\u30bf\u30a4\u30d7\u306b\u3000\u3078\u3093\u304b\u3059\u308b\u3002",
            "language": {
                "name": "ja-Hrkt",
                "url": "/api/v2/language/1/"
            },
            "version_group": {
                "name": "omega-ruby-alpha-sapphire",
                "url": "/api/v2/version-group/16/"
            }
        },
        {
            "flavor_text": "\uc0ac\uc6a9\ud55c \uae30\uc220\uacfc \uac19\uc740\n\ud0c0\uc785\uc73c\ub85c \ubcc0\ud654\ud55c\ub2e4.",
            "language": {
                "name": "ko",
                "url": "/api/v2/language/3/"
            },
            "version_group": {
                "name": "omega-ruby-alpha-sapphire",
                "url": "/api/v2/version-group/16/"
            }
        },
        {
            "flavor_text": "Le Pok\u00e9mon prend le type de sa\nderni\u00e8re capacit\u00e9 lanc\u00e9e.",
            "language": {
                "name": "fr",
                "url": "/api/v2/language/5/"
            },
            "version_group": {
                "name": "omega-ruby-alpha-sapphire",
                "url": "/api/v2/version-group/16/"
            }
        },
        {
            "flavor_text": "Das Pok\u00e9mon nimmt bei Einsatz\neiner Attacke deren Typ an.",
            "language": {
                "name": "de",
                "url": "/api/v2/language/6/"
            },
            "version_group": {
                "name": "omega-ruby-alpha-sapphire",
                "url": "/api/v2/version-group/16/"
            }
        },
        {
            "flavor_text": "Cambia su tipo al del movimiento\nque acaba de usar.",
            "language": {
                "name": "es",
                "url": "/api/v2/language/7/"
            },
            "version_group": {
                "name": "omega-ruby-alpha-sapphire",
                "url": "/api/v2/version-group/16/"
            }
        },
        {
            "flavor_text": "Cambia il tipo del Pok\u00e9mon in\nquello della mossa usata.",
            "language": {
                "name": "it",
                "url": "/api/v2/language/8/"
            },
            "version_group": {
                "name": "omega-ruby-alpha-sapphire",
                "url": "/api/v2/version-group/16/"
            }
        },
        {
            "flavor_text": "Changes the Pok\u00e9mon\u2019s type to\nthe type of the move it\u2019s using.",
            "language": {
                "name": "en",
                "url": "/api/v2/language/9/"
            },
            "version_group": {
                "name": "omega-ruby-alpha-sapphire",
                "url": "/api/v2/version-group/16/"
            }
        },
        {
            "flavor_text": "\u3060\u3057\u305f\u3000\u6280\u3068\u3000\u540c\u3058\n\u30bf\u30a4\u30d7\u306b\u3000\u5909\u5316\u3059\u308b\u3002",
            "language": {
                "name": "ja",
                "url": "/api/v2/language/11/"
            },
            "version_group": {
                "name": "omega-ruby-alpha-sapphire",
                "url": "/api/v2/version-group/16/"
            }
        },
        {
            "flavor_text": "\u3058\u3076\u3093\u304c\u3000\u3060\u3059\u3000\u308f\u3056\u3068\n\u304a\u306a\u3058\u3000\u30bf\u30a4\u30d7\u306b\u3000\u3078\u3093\u304b\u3059\u308b\u3002",
            "language": {
                "name": "ja-Hrkt",
                "url": "/api/v2/language/1/"
            },
            "version_group": {
                "name": "sun-moon",
                "url": "/api/v2/version-group/17/"
            }
        },
        {
            "flavor_text": "\uc790\uc2e0\uc774 \uc0ac\uc6a9\ud55c \uae30\uc220\uacfc\n\uac19\uc740 \ud0c0\uc785\uc73c\ub85c \ubcc0\ud654\ud55c\ub2e4.",
            "language": {
                "name": "ko",
                "url": "/api/v2/language/3/"
            },
            "version_group": {
                "name": "sun-moon",
                "url": "/api/v2/version-group/17/"
            }
        },
        {
            "flavor_text": "\u8b8a\u70ba\u8207\u81ea\u5df1\u4f7f\u51fa\u7684\u62db\u5f0f\n\u76f8\u540c\u7684\u5c6c\u6027\u3002",
            "language": {
                "name": "zh-Hant",
                "url": "/api/v2/language/4/"
            },
            "version_group": {
                "name": "sun-moon",
                "url": "/api/v2/version-group/17/"
            }
        },
        {
            "flavor_text": "Le Pok\u00e9mon prend le type de la capacit\u00e9 qu\u2019il utilise.",
            "language": {
                "name": "fr",
                "url": "/api/v2/language/5/"
            },
            "version_group": {
                "name": "sun-moon",
                "url": "/api/v2/version-group/17/"
            }
        },
        {
            "flavor_text": "Das Pok\u00e9mon nimmt bei Einsatz einer Attacke deren\nTyp an.",
            "language": {
                "name": "de",
                "url": "/api/v2/language/6/"
            },
            "version_group": {
                "name": "sun-moon",
                "url": "/api/v2/version-group/17/"
            }
        },
        {
            "flavor_text": "Cambia su tipo al del movimiento que va a usar.",
            "language": {
                "name": "es",
                "url": "/api/v2/language/7/"
            },
            "version_group": {
                "name": "sun-moon",
                "url": "/api/v2/version-group/17/"
            }
        },
        {
            "flavor_text": "Cambia il tipo del Pok\u00e9mon in quello della mossa\nche usa.",
            "language": {
                "name": "it",
                "url": "/api/v2/language/8/"
            },
            "version_group": {
                "name": "sun-moon",
                "url": "/api/v2/version-group/17/"
            }
        },
        {
            "flavor_text": "Changes the Pok\u00e9mon\u2019s type to the type of the\nmove it\u2019s about to use.",
            "language": {
                "name": "en",
                "url": "/api/v2/language/9/"
            },
            "version_group": {
                "name": "sun-moon",
                "url": "/api/v2/version-group/17/"
            }
        },
        {
            "flavor_text": "\u81ea\u5206\u304c\u3000\u51fa\u3059\u3000\u6280\u3068\n\u540c\u3058\u3000\u30bf\u30a4\u30d7\u306b\u3000\u5909\u5316\u3059\u308b\u3002",
            "language": {
                "name": "ja",
                "url": "/api/v2/language/11/"
            },
            "version_group": {
                "name": "sun-moon",
                "url": "/api/v2/version-group/17/"
            }
        },
        {
            "flavor_text": "\u53d8\u4e3a\u4e0e\u81ea\u5df1\u4f7f\u51fa\u7684\u62db\u5f0f\n\u76f8\u540c\u7684\u5c5e\u6027\u3002",
            "language": {
                "name": "zh-Hans",
                "url": "/api/v2/language/12/"
            },
            "version_group": {
                "name": "sun-moon",
                "url": "/api/v2/version-group/17/"
            }
        },
        {
            "flavor_text": "\u3058\u3076\u3093\u304c\u3000\u3060\u3059\u3000\u308f\u3056\u3068\n\u304a\u306a\u3058\u3000\u30bf\u30a4\u30d7\u306b\u3000\u3078\u3093\u304b\u3059\u308b\u3002",
            "language": {
                "name": "ja-Hrkt",
                "url": "/api/v2/language/1/"
            },
            "version_group": {
                "name": "ultra-sun-ultra-moon",
                "url": "/api/v2/version-group/18/"
            }
        },
        {
            "flavor_text": "\uc790\uc2e0\uc774 \uc0ac\uc6a9\ud55c \uae30\uc220\uacfc\n\uac19\uc740 \ud0c0\uc785\uc73c\ub85c \ubcc0\ud654\ud55c\ub2e4.",
            "language": {
                "name": "ko",
                "url": "/api/v2/language/3/"
            },
            "version_group": {
                "name": "ultra-sun-ultra-moon",
                "url": "/api/v2/version-group/18/"
            }
        },
        {
            "flavor_text": "\u8b8a\u70ba\u8207\u81ea\u5df1\u4f7f\u51fa\u7684\u62db\u5f0f\n\u76f8\u540c\u7684\u5c6c\u6027\u3002",
            "language": {
                "name": "zh-Hant",
                "url": "/api/v2/language/4/"
            },
            "version_group": {
                "name": "ultra-sun-ultra-moon",
                "url": "/api/v2/version-group/18/"
            }
        },
        {
            "flavor_text": "Le Pok\u00e9mon prend le type de la capacit\u00e9 qu\u2019il utilise.",
            "language": {
                "name": "fr",
                "url": "/api/v2/language/5/"
            },
            "version_group": {
                "name": "ultra-sun-ultra-moon",
                "url": "/api/v2/version-group/18/"
            }
        },
        {
            "flavor_text": "Das Pok\u00e9mon nimmt bei Einsatz einer Attacke deren\nTyp an.",
            "language": {
                "name": "de",
                "url": "/api/v2/language/6/"
            },
            "version_group": {
                "name": "ultra-sun-ultra-moon",
                "url": "/api/v2/version-group/18/"
            }
        },
        {
            "flavor_text": "Cambia su tipo al del movimiento que va a usar.",
            "language": {
                "name": "es",
                "url": "/api/v2/language/7/"
            },
            "version_group": {
                "name": "ultra-sun-ultra-moon",
                "url": "/api/v2/version-group/18/"
            }
        },
        {
            "flavor_text": "Cambia il tipo del Pok\u00e9mon in quello della mossa\nche usa.",
            "language": {
                "name": "it",
                "url": "/api/v2/language/8/"
            },
            "version_group": {
                "name": "ultra-sun-ultra-moon",
                "url": "/api/v2/version-group/18/"
            }
        },
        {
            "flavor_text": "Changes the Pok\u00e9mon\u2019s type to the type of the\nmove it\u2019s about to use.",
            "language": {
                "name": "en",
                "url": "/api/v2/language/9/"
            },
            "version_group": {
                "name": "ultra-sun-ultra-moon",
                "url": "/api/v2/version-group/18/"
            }
        },
        {
            "flavor_text": "\u81ea\u5206\u304c\u3000\u51fa\u3059\u3000\u6280\u3068\n\u540c\u3058\u3000\u30bf\u30a4\u30d7\u306b\u3000\u5909\u5316\u3059\u308b\u3002",
            "language": {
                "name": "ja",
                "url": "/api/v2/language/11/"
            },
            "version_group": {
                "name": "ultra-sun-ultra-moon",
                "url": "/api/v2/version-group/18/"
            }
        },
        {
            "flavor_text": "\u53d8\u4e3a\u4e0e\u81ea\u5df1\u4f7f\u51fa\u7684\u62db\u5f0f\n\u76f8\u540c\u7684\u5c5e\u6027\u3002",
            "language": {
                "name": "zh-Hans",
                "url": "/api/v2/language/12/"
            },
            "version_group": {
                "name": "ultra-sun-ultra-moon",
                "url": "/api/v2/version-group/18/"
            }
        },
        {
            "flavor_text": "\u3058\u3076\u3093\u304c\u3000\u3060\u3059\u3000\u308f\u3056\u3068\n\u304a\u306a\u3058\u3000\u30bf\u30a4\u30d7\u306b\u3000\u3078\u3093\u304b\u3059\u308b\u3002",
            "language": {
                "name": "ja-Hrkt",
                "url": "/api/v2/language/1/"
            },
            "version_group": {
                "name": "lets-go-pikachu-lets-go-eevee",
                "url": "/api/v2/version-group/19/"
            }
        },
        {
            "flavor_text": "\uc790\uc2e0\uc774 \uc0ac\uc6a9\ud55c \uae30\uc220\uacfc\n\uac19\uc740 \ud0c0\uc785\uc73c\ub85c \ubcc0\ud654\ud55c\ub2e4.",
            "language": {
                "name": "ko",
                "url": "/api/v2/language/3/"
            },
            "version_group": {
                "name": "lets-go-pikachu-lets-go-eevee",
                "url": "/api/v2/version-group/19/"
            }
        },
        {
            "flavor_text": "\u8b8a\u70ba\u8207\u81ea\u5df1\u4f7f\u51fa\u7684\u62db\u5f0f\n\u76f8\u540c\u7684\u5c6c\u6027\u3002",
            "language": {
                "name": "zh-Hant",
                "url": "/api/v2/language/4/"
            },
            "version_group": {
                "name": "lets-go-pikachu-lets-go-eevee",
                "url": "/api/v2/version-group/19/"
            }
        },
        {
            "flavor_text": "Le Pok\u00e9mon prend le type de la capacit\u00e9 qu\u2019il utilise.",
            "language": {
                "name": "fr",
                "url": "/api/v2/language/5/"
            },
            "version_group": {
                "name": "lets-go-pikachu-lets-go-eevee",
                "url": "/api/v2/version-group/19/"
            }
        },
        {
            "flavor_text": "Das Pok\u00e9mon nimmt bei Einsatz einer Attacke deren\nTyp an.",
            "language": {
                "name": "de",
                "url": "/api/v2/language/6/"
            },
            "version_group": {
                "name": "lets-go-pikachu-lets-go-eevee",
                "url": "/api/v2/version-group/19/"
            }
        },
        {
            "flavor_text": "Cambia su tipo al del movimiento que va a usar.",
            "language": {
                "name": "es",
                "url": "/api/v2/language/7/"
            },
            "version_group": {
                "name": "lets-go-pikachu-lets-go-eevee",
                "url": "/api/v2/version-group/19/"
            }
        },
        {
            "flavor_text": "Cambia il tipo del Pok\u00e9mon in quello della mossa\nche usa.",
            "language": {
                "name": "it",
                "url": "/api/v2/language/8/"
            },
            "version_group": {
                "name": "lets-go-pikachu-lets-go-eevee",
                "url": "/api/v2/version-group/19/"
            }
        },
        {
            "flavor_text": "Changes the Pok\u00e9mon\u2019s type to the type of the\nmove it\u2019s about to use.",
            "language": {
                "name": "en",
                "url": "/api/v2/language/9/"
            },
            "version_group": {
                "name": "lets-go-pikachu-lets-go-eevee",
                "url": "/api/v2/version-group/19/"
            }
        },
        {
            "flavor_text": "\u81ea\u5206\u304c\u3000\u51fa\u3059\u3000\u6280\u3068\n\u540c\u3058\u3000\u30bf\u30a4\u30d7\u306b\u3000\u5909\u5316\u3059\u308b\u3002",
            "language": {
                "name": "ja",
                "url": "/api/v2/language/11/"
            },
            "version_group": {
                "name": "lets-go-pikachu-lets-go-eevee",
                "url": "/api/v2/version-group/19/"
            }
        },
        {
            "flavor_text": "\u53d8\u4e3a\u4e0e\u81ea\u5df1\u4f7f\u51fa\u7684\u62db\u5f0f\n\u76f8\u540c\u7684\u5c5e\u6027\u3002",
            "language": {
                "name": "zh-Hans",
                "url": "/api/v2/language/12/"
            },
            "version_group": {
                "name": "lets-go-pikachu-lets-go-eevee",
                "url": "/api/v2/version-group/19/"
            }
        },
        {
            "flavor_text": "\u3058\u3076\u3093\u304c\u3000\u3060\u3059\u3000\u308f\u3056\u3068\n\u304a\u306a\u3058\u3000\u30bf\u30a4\u30d7\u306b\u3000\u3078\u3093\u304b\u3059\u308b\u3002",
            "language": {
                "name": "ja-Hrkt",
                "url": "/api/v2/language/1/"
            },
            "version_group": {
                "name": "sword-shield",
                "url": "/api/v2/version-group/20/"
            }
        },
        {
            "flavor_text": "\uc790\uc2e0\uc774 \uc0ac\uc6a9\ud55c \uae30\uc220\uacfc\n\uac19\uc740 \ud0c0\uc785\uc73c\ub85c \ubcc0\ud654\ud55c\ub2e4.",
            "language": {
                "name": "ko",
                "url": "/api/v2/language/3/"
            },
            "version_group": {
                "name": "sword-shield",
                "url": "/api/v2/version-group/20/"
            }
        },
        {
            "flavor_text": "\u8b8a\u70ba\u8207\u81ea\u5df1\u4f7f\u51fa\u7684\u62db\u5f0f\n\u76f8\u540c\u7684\u5c6c\u6027\u3002",
            "language": {
                "name": "zh-Hant",
                "url": "/api/v2/language/4/"
            },
            "version_group": {
                "name": "sword-shield",
                "url": "/api/v2/version-group/20/"
            }
        },
        {
            "flavor_text": "Le Pok\u00e9mon prend le type de la capacit\u00e9 qu\u2019il utilise.",
            "language": {
                "name": "fr",
                "url": "/api/v2/language/5/"
            },
            "version_group": {
                "name": "sword-shield",
                "url": "/api/v2/version-group/20/"
            }
        },
        {
            "flavor_text": "Das Pok\u00e9mon nimmt bei Einsatz einer Attacke deren\nTyp an.",
            "language": {
                "name": "de",
                "url": "/api/v2/language/6/"
            },
            "version_group": {
                "name": "sword-shield",
                "url": "/api/v2/version-group/20/"
            }
        },
        {
            "flavor_text": "Cambia su tipo al del movimiento que va a usar.",
            "language": {
                "name": "es",
                "url": "/api/v2/language/7/"
            },
            "version_group": {
                "name": "sword-shield",
                "url": "/api/v2/version-group/20/"
            }
        },
        {
            "flavor_text": "Cambia il tipo del Pok\u00e9mon in quello della mossa\nche usa.",
            "language": {
                "name": "it",
                "url": "/api/v2/language/8/"
            },
            "version_group": {
                "name": "sword-shield",
                "url": "/api/v2/version-group/20/"
            }
        },
        {
            "flavor_text": "Changes the Pok\u00e9mon\u2019s type to the type of the\nmove it\u2019s about to use.",
            "language": {
                "name": "en",
                "url": "/api/v2/language/9/"
            },
            "version_group": {
                "name": "sword-shield",
                "url": "/api/v2/version-group/20/"
            }
        },
        {
            "flavor_text": "\u81ea\u5206\u304c\u3000\u51fa\u3059\u3000\u6280\u3068\n\u540c\u3058\u3000\u30bf\u30a4\u30d7\u306b\u3000\u5909\u5316\u3059\u308b\u3002",
            "language": {
                "name": "ja",
                "url": "/api/v2/language/11/"
            },
            "version_group": {
                "name": "sword-shield",
                "url": "/api/v2/version-group/20/"
            }
        },
        {
            "flavor_text": "\u53d8\u4e3a\u4e0e\u81ea\u5df1\u4f7f\u51fa\u7684\u62db\u5f0f\n\u76f8\u540c\u7684\u5c5e\u6027\u3002",
            "language": {
                "name": "zh-Hans",
                "url": "/api/v2/language/12/"
            },
            "version_group": {
                "name": "sword-shield",
                "url": "/api/v2/version-group/20/"
            }
        },
        {
            "flavor_text": "Le Pok\u00e9mon prend le type de la capacit\u00e9 qu\u2019il utilise.\\nCe talent ne peut se d\u00e9clencher qu\u2019une fois par entr\u00e9e\\nau combat du Pok\u00e9mon.",
            "language": {
                "name": "fr",
                "url": "/api/v2/language/5/"
            },
            "version_group": {
                "name": "scarlet-violet",
                "url": "/api/v2/version-group/25/"
            }
        },
        {
            "flavor_text": "Changes the Pok\u00e9mon's type to the type of the move it's about to use. This works only once each time the Pok\u00e9mon enters battle.",
            "language": {
                "name": "en",
                "url": "/api/v2/language/9/"
            },
            "version_group": {
                "name": "scarlet-violet",
                "url": "/api/v2/version-group/25/"
            }
        }
    ],
    "generation": {
        "name": "generation-vi",
        "url": "/api/v2/generation/6/"
    },
    "id": 168,
    "is_main_series": true,
    "name": "protean",
    "names": [
        {
            "language": {
                "name": "ja-Hrkt",
                "url": "/api/v2/language/1/"
            },
            "name": "\u3078\u3093\u3052\u3093\u3058\u3056\u3044"
        },
        {
            "language": {
                "name": "ko",
                "url": "/api/v2/language/3/"
            },
            "name": "\ubcc0\ud658\uc790\uc7ac"
        },
        {
            "language": {
                "name": "zh-Hant",
                "url": "/api/v2/language/4/"
            },
            "name": "\u8b8a\u5e7b\u81ea\u5982"
        },
        {
            "language": {
                "name": "fr",
                "url": "/api/v2/language/5/"
            },
            "name": "Prot\u00e9en"
        },
        {
            "language": {
                "name": "de",
                "url": "/api/v2/language/6/"
            },
            "name": "Wandlungskunst"
        },
        {
            "language": {
                "name": "es",
                "url": "/api/v2/language/7/"
            },
            "name": "Mutatipo"
        },
        {
            "language": {
                "name": "it",
                "url": "/api/v2/language/8/"
            },
            "name": "Mutatipo"
        },
        {
            "language": {
                "name": "en",
                "url": "/api/v2/language/9/"
            },
            "name": "Protean"
        },
        {
            "language": {
                "name": "ja",
                "url": "/api/v2/language/11/"
            },
            "name": "\u3078\u3093\u3052\u3093\u3058\u3056\u3044"
        },
        {
            "language": {
                "name": "zh-Hans",
                "url": "/api/v2/language/12/"
            },
            "name": "\u53d8\u5e7b\u81ea\u5982"
        }
    ],
    "pokemon": [
        {
            "is_hidden": true,
            "pokemon": {
                "name": "kecleon",
                "url": "/api/v2/pokemon/352/"
            },
            "slot": 3
        },
        {
            "is_hidden": true,
            "pokemon": {
                "name": "froakie",
                "url": "/api/v2/pokemon/656/"
            },
            "slot": 3
        },
        {
            "is_hidden": true,
            "pokemon": {
                "name": "frogadier",
                "url": "/api/v2/pokemon/657/"
            },
            "slot": 3
        },
        {
            "is_hidden": true,
            "pokemon": {
                "name": "greninja",
                "url": "/api/v2/pokemon/658/"
            },
            "slot": 3
        },
        {
            "is_hidden": true,
            "pokemon": {
                "name": "sprigatito",
                "url": "/api/v2/pokemon/906/"
            },
            "slot": 3
        },
        {
            "is_hidden": true,
            "pokemon": {
                "name": "floragato",
                "url": "/api/v2/pokemon/907/"
            },
            "slot": 3
        },
        {
            "is_hidden": true,
            "pokemon": {
                "name": "meowscarada",
                "url": "/api/v2/pokemon/908/"
            },
            "slot": 3
        }
    ]
}