{
    "berries": [
        {
            "berry": {
                "name": "leppa",
                "url": "/api/v2/berry/6/"
            },
            "potency": 10
        },
        {
            "berry": {
                "name": "persim",
                "url": "/api/v2/berry/8/"
            },
            "potency": 10
        },
        {
            "berry": {
                "name": "lum",
                "url": "/api/v2/berry/9/"
            },
            "potency": 10
        },
        {
            "berry": {
                "name": "sitrus",
                "url": "/api/v2/berry/10/"
            },
            "potency": 10
        },
        {
            "berry": {
                "name": "micle",
                "url": "/api/v2/berry/61/"
            },
            "potency": 10
        },
        {
            "berry": {
                "name": "occa",
                "url": "/api/v2/berry/36/"
            },
            "potency": 10
        },
        {
            "berry": {
                "name": "payapa",
                "url": "/api/v2/berry/45/"
            },
            "potency": 10
        },
        {
            "berry": {
                "name": "haban",
                "url": "/api/v2/berry/49/"
            },
            "potency": 10
        },
        {
            "berry": {
                "name": "chilan",
                "url": "/api/v2/berry/52/"
            },
            "potency": 10
        },
        {
            "berry": {
                "name": "ganlon",
                "url": "/api/v2/berry/54/"
            },
            "potency": 10
        },
        {
            "berry": {
                "name": "bluk",
                "url": "/api/v2/berry/17/"
            },
            "potency": 10
        },
        {
            "berry": {
                "name": "nanab",
                "url": "/api/v2/berry/18/"
            },
            "potency": 10
        },
        {
            "berry": {
                "name": "pomeg",
                "url": "/api/v2/berry/21/"
            },
            "potency": 10
        },
        {
            "berry": {
                "name": "qualot",
                "url": "/api/v2/berry/23/"
            },
            "potency": 10
        },
        {
            "berry": {
                "name": "grepa",
                "url": "/api/v2/berry/25/"
            },
            "potency": 10
        },
        {
            "berry": {
                "name": "cornn",
                "url": "/api/v2/berry/27/"
            },
            "potency": 10
        },
        {
            "berry": {
                "name": "pamtre",
                "url": "/api/v2/berry/32/"
            },
            "potency": 10
        },
        {
            "berry": {
                "name": "pecha",
                "url": "/api/v2/berry/3/"
            },
            "potency": 10
        },
        {
            "berry": {
                "name": "mago",
                "url": "/api/v2/berry/13/"
            },
            "potency": 15
        },
        {
            "berry": {
                "name": "shuca",
                "url": "/api/v2/berry/43/"
            },
            "potency": 15
        },
        {
            "berry": {
                "name": "wacan",
                "url": "/api/v2/berry/38/"
            },
            "potency": 15
        },
        {
            "berry": {
                "name": "kasib",
                "url": "/api/v2/berry/48/"
            },
            "potency": 20
        },
        {
            "berry": {
                "name": "magost",
                "url": "/api/v2/berry/28/"
            },
            "potency": 20
        },
        {
            "berry": {
                "name": "watmel",
                "url": "/api/v2/berry/33/"
            },
            "potency": 30
        },
        {
            "berry": {
                "name": "liechi",
                "url": "/api/v2/berry/53/"
            },
            "potency": 30
        },
        {
            "berry": {
                "name": "salac",
                "url": "/api/v2/berry/55/"
            },
            "potency": 30
        },
        {
            "berry": {
                "name": "lansat",
                "url": "/api/v2/berry/58/"
            },
            "potency": 30
        },
        {
            "berry": {
                "name": "starf",
                "url": "/api/v2/berry/59/"
            },
            "potency": 30
        },
        {
            "berry": {
                "name": "custap",
                "url": "/api/v2/berry/62/"
            },
            "potency": 40
        }
    ],
    "contest_type": {
        "name": "cute",
        "url": "/api/v2/contest-type/3/"
    },
    "id": 3,
    "name": "sweet",
    "names": [
        {
            "language": {
                "name": "ja-Hrkt",
                "url": "/api/v2/language/1/"
            },
            "name": "\u3042\u307e\u3044"
        },
        {
            "language": {
                "name": "zh-Hant",
                "url": "/api/v2/language/4/"
            },
            "name": "\u751c"
        },
        {
            "language": {
                "name": "fr",
                "url": "/api/v2/language/5/"
            },
            "name": "Sucr\u00e9"
        },
        {
            "language": {
                "name": "en",
                "url": "/api/v2/language/9/"
            },
            "name": "Sweet"
        },
        {
            "language": {
                "name": "zh-Hans",
                "url": "/api/v2/language/12/"
            },
            "name": "\u751c"
        }
    ]
}