{
    "effect_changes": [],
    "effect_entries": [
        {
            "effect": "Wenn ein Pok\u00e9mon mit dieser F\u00e4higkeit von einer Attacke getroffen wird die als Reflektierbar gekennzeichnet ist, wird die Attacke zum Angreifer zur\u00fcckgeworfen.\n\nAlle reflektierbaren Attacken verursachen keinen Schaden und die meisten Attacken die keinen Schaden verursachen sind als reflektierbar gekennzeichnet.\n\nEine Attacke die von dieser F\u00e4higkeit oder von magic coat reflektiert wurde, kann nicht zur\u00fcckreflektiert werden.",
            "language": {
                "name": "de",
                "url": "/api/v2/language/6/"
            },
            "short_effect": "Reflektiert die meisten Attacken ohne Schaden zum Angreifer zur\u00fcck."
        },
        {
            "effect": "When this Pok\u00e9mon is targeted by a move flagged as being reflectable, the move is redirected to its user.\n\nAll reflectable moves are non-damaging, and most non-damaging moves that target other Pok\u00e9mon are reflectable.\n\nA move reflected by this ability or magic coat cannot be reflected back.",
            "language": {
                "name": "en",
                "url": "/api/v2/language/9/"
            },
            "short_effect": "Reflects most non-damaging moves back at their user."
        }
    ],
    "flavor_text_entries": [
        {
            "flavor_text": "Renvoie les attaques\nde statut.",
            "language": {
                "name": "fr",
                "url": "/api/v2/language/5/"
            },
            "version_group": {
                "name": "black-white",
                "url": "/api/v2/version-group/11/"
            }
        },
        {
            "flavor_text": "Reflects status-\nchanging moves.",
            "language": {
                "name": "en",
                "url": "/api/v2/language/9/"
            },
            "version_group": {
                "name": "black-white",
                "url": "/api/v2/version-group/11/"
            }
        },
        {
            "flavor_text": "Reflects status-\nchanging moves.",
            "language": {
                "name": "en",
                "url": "/api/v2/language/9/"
            },
            "version_group": {
                "name": "black-2-white-2",
                "url": "/api/v2/version-group/14/"
            }
        },
        {
            "flavor_text": "\u3078\u3093\u304b\u308f\u3056\u3092\u3000\u304b\u3048\u3059\n\u3053\u3068\u304c\u3000\u3067\u304d\u308b\u3002",
            "language": {
                "name": "ja-Hrkt",
                "url": "/api/v2/language/1/"
            },
            "version_group": {
                "name": "x-y",
                "url": "/api/v2/version-group/15/"
            }
        },
        {
            "flavor_text": "\ubcc0\ud654 \uae30\uc220\uc744\n\ub418\ubc1b\uc544\uce60 \uc218 \uc788\ub2e4.",
            "language": {
                "name": "ko",
                "url": "/api/v2/language/3/"
            },
            "version_group": {
                "name": "x-y",
                "url": "/api/v2/version-group/15/"
            }
        },
        {
            "flavor_text": "Renvoie les attaques de statut.",
            "language": {
                "name": "fr",
                "url": "/api/v2/language/5/"
            },
            "version_group": {
                "name": "x-y",
                "url": "/api/v2/version-group/15/"
            }
        },
        {
            "flavor_text": "Lenkt Status-Attacken\nauf den Angreifer um.",
            "language": {
                "name": "de",
                "url": "/api/v2/language/6/"
            },
            "version_group": {
                "name": "x-y",
                "url": "/api/v2/version-group/15/"
            }
        },
        {
            "flavor_text": "Permite devolver los ataques de\nestado.",
            "language": {
                "name": "es",
                "url": "/api/v2/language/7/"
            },
            "version_group": {
                "name": "x-y",
                "url": "/api/v2/version-group/15/"
            }
        },
        {
            "flavor_text": "Riflette al mittente le mosse\ndi stato.",
            "language": {
                "name": "it",
                "url": "/api/v2/language/8/"
            },
            "version_group": {
                "name": "x-y",
                "url": "/api/v2/version-group/15/"
            }
        },
        {
            "flavor_text": "Reflects status moves.",
            "language": {
                "name": "en",
                "url": "/api/v2/language/9/"
            },
            "version_group": {
                "name": "x-y",
                "url": "/api/v2/version-group/15/"
            }
        },
        {
            "flavor_text": "\u5909\u5316\u6280\u3092\u3000\u8fd4\u3059\n\u3053\u3068\u304c\u3000\u3067\u304d\u308b\u3002",
            "language": {
                "name": "ja",
                "url": "/api/v2/language/11/"
            },
            "version_group": {
                "name": "x-y",
                "url": "/api/v2/version-group/15/"
            }
        },
        {
            "flavor_text": "\u3078\u3093\u304b\u308f\u3056\u3092\u3000\u304b\u3048\u3059\n\u3053\u3068\u304c\u3000\u3067\u304d\u308b\u3002",
            "language": {
                "name": "ja-Hrkt",
                "url": "/api/v2/language/1/"
            },
            "version_group": {
                "name": "omega-ruby-alpha-sapphire",
                "url": "/api/v2/version-group/16/"
            }
        },
        {
            "flavor_text": "\ubcc0\ud654 \uae30\uc220\uc744\n\ub418\ubc1b\uc544\uce60 \uc218 \uc788\ub2e4.",
            "language": {
                "name": "ko",
                "url": "/api/v2/language/3/"
            },
            "version_group": {
                "name": "omega-ruby-alpha-sapphire",
                "url": "/api/v2/version-group/16/"
            }
        },
        {
            "flavor_text": "Renvoie les attaques de statut.",
            "language": {
                "name": "fr",
                "url": "/api/v2/language/5/"
            },
            "version_group": {
                "name": "omega-ruby-alpha-sapphire",
                "url": "/api/v2/version-group/16/"
            }
        },
        {
            "flavor_text": "Lenkt Status-Attacken\nauf den Angreifer um.",
            "language": {
                "name": "de",
                "url": "/api/v2/language/6/"
            },
            "version_group": {
                "name": "omega-ruby-alpha-sapphire",
                "url": "/api/v2/version-group/16/"
            }
        },
        {
            "flavor_text": "Permite devolver los ataques de\nestado.",
            "language": {
                "name": "es",
                "url": "/api/v2/language/7/"
            },
            "version_group": {
                "name": "omega-ruby-alpha-sapphire",
                "url": "/api/v2/version-group/16/"
            }
        },
        {
            "flavor_text": "Riflette al mittente le mosse\ndi stato.",
            "language": {
                "name": "it",
                "url": "/api/v2/language/8/"
            },
            "version_group": {
                "name": "omega-ruby-alpha-sapphire",
                "url": "/api/v2/version-group/16/"
            }
        },
        {
            "flavor_text": "Reflects status moves.",
            "language": {
                "name": "en",
                "url": "/api/v2/language/9/"
            },
            "version_group": {
                "name": "omega-ruby-alpha-sapphire",
                "url": "/api/v2/version-group/16/"
            }
        },
        {
            "flavor_text": "\u5909\u5316\u6280\u3092\u3000\u8fd4\u3059\n\u3053\u3068\u304c\u3000\u3067\u304d\u308b\u3002",
            "language": {
                "name": "ja",
                "url": "/api/v2/language/11/"
            },
            "version_group": {
                "name": "omega-ruby-alpha-sapphire",
                "url": "/api/v2/version-group/16/"
            }
        },
        {
            "flavor_text": "\u3042\u3044\u3066\u306b\u3000\u3060\u3055\u308c\u305f\u3000\u3078\u3093\u304b\u308f\u3056\u3092\u3000\u3046\u3051\u305a\u306b\n\u305d\u306e\u307e\u307e\u3000\u304b\u3048\u3059\u3000\u3053\u3068\u304c\u3000\u3067\u304d\u308b\u3002",
            "language": {
                "name": "ja-Hrkt",
                "url": "/api/v2/language/1/"
            },
            "version_group": {
                "name": "sun-moon",
                "url": "/api/v2/version-group/17/"
            }
        },
        {
            "flavor_text": "\uc0c1\ub300\uac00 \uc4f4 \ubcc0\ud654 \uae30\uc220\uc744 \ubc1b\uc9c0 \uc54a\uace0\n\uadf8\ub300\ub85c \ub418\ubc1b\uc544\uce60 \uc218 \uc788\ub2e4.",
            "language": {
                "name": "ko",
                "url": "/api/v2/language/3/"
            },
            "version_group": {
                "name": "sun-moon",
                "url": "/api/v2/version-group/17/"
            }
        },
        {
            "flavor_text": "\u53ef\u4e0d\u53d7\u5230\u7531\u5c0d\u624b\u4f7f\u51fa\u7684\n\u8b8a\u5316\u985e\u62db\u5f0f\u6240\u5f71\u97ff\uff0c\u4e26\u5c07\u5176\u53cd\u5f48\u3002",
            "language": {
                "name": "zh-Hant",
                "url": "/api/v2/language/4/"
            },
            "version_group": {
                "name": "sun-moon",
                "url": "/api/v2/version-group/17/"
            }
        },
        {
            "flavor_text": "Annule les effets des capacit\u00e9s de statut subies\npar le Pok\u00e9mon et les retourne \u00e0 l\u2019envoyeur.",
            "language": {
                "name": "fr",
                "url": "/api/v2/language/5/"
            },
            "version_group": {
                "name": "sun-moon",
                "url": "/api/v2/version-group/17/"
            }
        },
        {
            "flavor_text": "Lenkt Status-Attacken auf den Angreifer um,\nohne selbst von ihnen getroffen zu werden.",
            "language": {
                "name": "de",
                "url": "/api/v2/language/6/"
            },
            "version_group": {
                "name": "sun-moon",
                "url": "/api/v2/version-group/17/"
            }
        },
        {
            "flavor_text": "Permite devolver los ataques de estado lanzados por\nel rival, sin verse afectado por ellos.",
            "language": {
                "name": "es",
                "url": "/api/v2/language/7/"
            },
            "version_group": {
                "name": "sun-moon",
                "url": "/api/v2/version-group/17/"
            }
        },
        {
            "flavor_text": "Respinge al mittente le mosse di stato senza\nsubirne gli effetti.",
            "language": {
                "name": "it",
                "url": "/api/v2/language/8/"
            },
            "version_group": {
                "name": "sun-moon",
                "url": "/api/v2/version-group/17/"
            }
        },
        {
            "flavor_text": "Reflects status moves, instead of getting hit\nby them.",
            "language": {
                "name": "en",
                "url": "/api/v2/language/9/"
            },
            "version_group": {
                "name": "sun-moon",
                "url": "/api/v2/version-group/17/"
            }
        },
        {
            "flavor_text": "\u76f8\u624b\u306b\u3000\u3060\u3055\u308c\u305f\u3000\u5909\u5316\u6280\u3092\u3000\u53d7\u3051\u305a\u306b\n\u305d\u306e\u307e\u307e\u3000\u8fd4\u3059\u3000\u3053\u3068\u304c\u3000\u3067\u304d\u308b\u3002",
            "language": {
                "name": "ja",
                "url": "/api/v2/language/11/"
            },
            "version_group": {
                "name": "sun-moon",
                "url": "/api/v2/version-group/17/"
            }
        },
        {
            "flavor_text": "\u53ef\u4ee5\u4e0d\u53d7\u5230\u7531\u5bf9\u624b\u4f7f\u51fa\u7684\n\u53d8\u5316\u62db\u5f0f\u5f71\u54cd\uff0c\u5e76\u5c06\u5176\u53cd\u5f39\u3002",
            "language": {
                "name": "zh-Hans",
                "url": "/api/v2/language/12/"
            },
            "version_group": {
                "name": "sun-moon",
                "url": "/api/v2/version-group/17/"
            }
        },
        {
            "flavor_text": "\u3042\u3044\u3066\u306b\u3000\u3060\u3055\u308c\u305f\u3000\u3078\u3093\u304b\u308f\u3056\u3092\u3000\u3046\u3051\u305a\u306b\n\u305d\u306e\u307e\u307e\u3000\u304b\u3048\u3059\u3000\u3053\u3068\u304c\u3000\u3067\u304d\u308b\u3002",
            "language": {
                "name": "ja-Hrkt",
                "url": "/api/v2/language/1/"
            },
            "version_group": {
                "name": "ultra-sun-ultra-moon",
                "url": "/api/v2/version-group/18/"
            }
        },
        {
            "flavor_text": "\uc0c1\ub300\uac00 \uc4f4 \ubcc0\ud654 \uae30\uc220\uc744 \ubc1b\uc9c0 \uc54a\uace0\n\uadf8\ub300\ub85c \ub418\ubc1b\uc544\uce60 \uc218 \uc788\ub2e4.",
            "language": {
                "name": "ko",
                "url": "/api/v2/language/3/"
            },
            "version_group": {
                "name": "ultra-sun-ultra-moon",
                "url": "/api/v2/version-group/18/"
            }
        },
        {
            "flavor_text": "\u53ef\u4e0d\u53d7\u5230\u7531\u5c0d\u624b\u4f7f\u51fa\u7684\n\u8b8a\u5316\u985e\u62db\u5f0f\u6240\u5f71\u97ff\uff0c\u4e26\u5c07\u5176\u53cd\u5f48\u3002",
            "language": {
                "name": "zh-Hant",
                "url": "/api/v2/language/4/"
            },
            "version_group": {
                "name": "ultra-sun-ultra-moon",
                "url": "/api/v2/version-group/18/"
            }
        },
        {
            "flavor_text": "Annule les effets des capacit\u00e9s de statut subies\npar le Pok\u00e9mon et les retourne \u00e0 l\u2019envoyeur.",
            "language": {
                "name": "fr",
                "url": "/api/v2/language/5/"
            },
            "version_group": {
                "name": "ultra-sun-ultra-moon",
                "url": "/api/v2/version-group/18/"
            }
        },
        {
            "flavor_text": "Lenkt Status-Attacken auf den Angreifer um,\nohne selbst von ihnen getroffen zu werden.",
            "language": {
                "name": "de",
                "url": "/api/v2/language/6/"
            },
            "version_group": {
                "name": "ultra-sun-ultra-moon",
                "url": "/api/v2/version-group/18/"
            }
        },
        {
            "flavor_text": "Permite devolver los ataques de estado lanzados por\nel rival, sin verse afectado por ellos.",
            "language": {
                "name": "es",
                "url": "/api/v2/language/7/"
            },
            "version_group": {
                "name": "ultra-sun-ultra-moon",
                "url": "/api/v2/version-group/18/"
            }
        },
        {
            "flavor_text": "Respinge al mittente le mosse di stato senza\nsubirne gli effetti.",
            "language": {
                "name": "it",
                "url": "/api/v2/language/8/"
            },
            "version_group": {
                "name": "ultra-sun-ultra-moon",
                "url": "/api/v2/version-group/18/"
            }
        },
        {
            "flavor_text": "Reflects status moves, instead of getting hit\nby them.",
            "language": {
                "name": "en",
                "url": "/api/v2/language/9/"
            },
            "version_group": {
                "name": "ultra-sun-ultra-moon",
                "url": "/api/v2/version-group/18/"
            }
        },
        {
            "flavor_text": "\u76f8\u624b\u306b\u3000\u3060\u3055\u308c\u305f\u3000\u5909\u5316\u6280\u3092\u3000\u53d7\u3051\u305a\u306b\n\u305d\u306e\u307e\u307e\u3000\u8fd4\u3059\u3000\u3053\u3068\u304c\u3000\u3067\u304d\u308b\u3002",
            "language": {
                "name": "ja",
                "url": "/api/v2/language/11/"
            },
            "version_group": {
                "name": "ultra-sun-ultra-moon",
                "url": "/api/v2/version-group/18/"
            }
        },
        {
            "flavor_text": "\u53ef\u4ee5\u4e0d\u53d7\u5230\u7531\u5bf9\u624b\u4f7f\u51fa\u7684\n\u53d8\u5316\u62db\u5f0f\u5f71\u54cd\uff0c\u5e76\u5c06\u5176\u53cd\u5f39\u3002",
            "language": {
                "name": "zh-Hans",
                "url": "/api/v2/language/12/"
            },
            "version_group": {
                "name": "ultra-sun-ultra-moon",
                "url": "/api/v2/version-group/18/"
            }
        },
        {
            "flavor_text": "\u3042\u3044\u3066\u306b\u3000\u3060\u3055\u308c\u305f\u3000\u3078\u3093\u304b\u308f\u3056\u3092\u3000\u3046\u3051\u305a\u306b\n\u305d\u306e\u307e\u307e\u3000\u304b\u3048\u3059\u3000\u3053\u3068\u304c\u3000\u3067\u304d\u308b\u3002",
            "language": {
                "name": "ja-Hrkt",
                "url": "/api/v2/language/1/"
            },
            "version_group": {
                "name": "lets-go-pikachu-lets-go-eevee",
                "url": "/api/v2/version-group/19/"
            }
        },
        {
            "flavor_text": "\uc0c1\ub300\uac00 \uc4f4 \ubcc0\ud654 \uae30\uc220\uc744 \ubc1b\uc9c0 \uc54a\uace0\n\uadf8\ub300\ub85c \ub418\ubc1b\uc544\uce60 \uc218 \uc788\ub2e4.",
            "language": {
                "name": "ko",
                "url": "/api/v2/language/3/"
            },
            "version_group": {
                "name": "lets-go-pikachu-lets-go-eevee",
                "url": "/api/v2/version-group/19/"
            }
        },
        {
            "flavor_text": "\u53ef\u4e0d\u53d7\u5230\u7531\u5c0d\u624b\u4f7f\u51fa\u7684\n\u8b8a\u5316\u985e\u62db\u5f0f\u6240\u5f71\u97ff\uff0c\u4e26\u5c07\u5176\u53cd\u5f48\u3002",
            "language": {
                "name": "zh-Hant",
                "url": "/api/v2/language/4/"
            },
            "version_group": {
                "name": "lets-go-pikachu-lets-go-eevee",
                "url": "/api/v2/version-group/19/"
            }
        },
        {
            "flavor_text": "Annule les effets des capacit\u00e9s de statut subies\npar le Pok\u00e9mon et les retourne \u00e0 l\u2019envoyeur.",
            "language": {
                "name": "fr",
                "url": "/api/v2/language/5/"
            },
            "version_group": {
                "name": "lets-go-pikachu-lets-go-eevee",
                "url": "/api/v2/version-group/19/"
            }
        },
        {
            "flavor_text": "Lenkt Status-Attacken auf den Angreifer um,\nohne selbst von ihnen getroffen zu werden.",
            "language": {
                "name": "de",
                "url": "/api/v2/language/6/"
            },
            "version_group": {
                "name": "lets-go-pikachu-lets-go-eevee",
                "url": "/api/v2/version-group/19/"
            }
        },
        {
            "flavor_text": "Permite devolver los ataques de estado lanzados por\nel rival, sin verse afectado por ellos.",
            "language": {
                "name": "es",
                "url": "/api/v2/language/7/"
            },
            "version_group": {
                "name": "lets-go-pikachu-lets-go-eevee",
                "url": "/api/v2/version-group/19/"
            }
        },
        {
            "flavor_text": "Respinge al mittente le mosse di stato senza\nsubirne gli effetti.",
            "language": {
                "name": "it",
                "url": "/api/v2/language/8/"
            },
            "version_group": {
                "name": "lets-go-pikachu-lets-go-eevee",
                "url": "/api/v2/version-group/19/"
            }
        },
        {
            "flavor_text": "Reflects status moves instead of getting hit\nby them.",
            "language": {
                "name": "en",
                "url": "/api/v2/language/9/"
            },
            "version_group": {
                "name": "lets-go-pikachu-lets-go-eevee",
                "url": "/api/v2/version-group/19/"
            }
        },
        {
            "flavor_text": "\u76f8\u624b\u306b\u3000\u3060\u3055\u308c\u305f\u3000\u5909\u5316\u6280\u3092\u3000\u53d7\u3051\u305a\u306b\n\u305d\u306e\u307e\u307e\u3000\u8fd4\u3059\u3000\u3053\u3068\u304c\u3000\u3067\u304d\u308b\u3002",
            "language": {
                "name": "ja",
                "url": "/api/v2/language/11/"
            },
            "version_group": {
                "name": "lets-go-pikachu-lets-go-eevee",
                "url": "/api/v2/version-group/19/"
            }
        },
        {
            "flavor_text": "\u53ef\u4ee5\u4e0d\u53d7\u5230\u7531\u5bf9\u624b\u4f7f\u51fa\u7684\n\u53d8\u5316\u62db\u5f0f\u5f71\u54cd\uff0c\u5e76\u5c06\u5176\u53cd\u5f39\u3002",
            "language": {
                "name": "zh-Hans",
                "url": "/api/v2/language/12/"
            },
            "version_group": {
                "name": "lets-go-pikachu-lets-go-eevee",
                "url": "/api/v2/version-group/19/"
            }
        },
        {
            "flavor_text": "\u3042\u3044\u3066\u306b\u3000\u3060\u3055\u308c\u305f\u3000\u3078\u3093\u304b\u308f\u3056\u3092\u3000\u3046\u3051\u305a\u306b\n\u305d\u306e\u307e\u307e\u3000\u304b\u3048\u3059\u3000\u3053\u3068\u304c\u3000\u3067\u304d\u308b\u3002",
            "language": {
                "name": "ja-Hrkt",
                "url": "/api/v2/language/1/"
            },
            "version_group": {
                "name": "sword-shield",
                "url": "/api/v2/version-group/20/"
            }
        },
        {
            "flavor_text": "\uc0c1\ub300\uac00 \uc4f4 \ubcc0\ud654 \uae30\uc220\uc744 \ubc1b\uc9c0 \uc54a\uace0\n\uadf8\ub300\ub85c \ub418\ubc1b\uc544\uce60 \uc218 \uc788\ub2e4.",
            "language": {
                "name": "ko",
                "url": "/api/v2/language/3/"
            },
            "version_group": {
                "name": "sword-shield",
                "url": "/api/v2/version-group/20/"
            }
        },
        {
            "flavor_text": "\u53ef\u4e0d\u53d7\u5230\u7531\u5c0d\u624b\u4f7f\u51fa\u7684\n\u8b8a\u5316\u985e\u62db\u5f0f\u6240\u5f71\u97ff\uff0c\u4e26\u5c07\u5176\u53cd\u5f48\u3002",
            "language": {
                "name": "zh-Hant",
                "url": "/api/v2/language/4/"
            },
            "version_group": {
                "name": "sword-shield",
                "url": "/api/v2/version-group/20/"
            }
        },
        {
            "flavor_text": "Annule les effets des capacit\u00e9s de statut subies\npar le Pok\u00e9mon et les retourne \u00e0 l\u2019envoyeur.",
            "language": {
                "name": "fr",
                "url": "/api/v2/language/5/"
            },
            "version_group": {
                "name": "sword-shield",
                "url": "/api/v2/version-group/20/"
            }
        },
        {
            "flavor_text": "Lenkt Status-Attacken auf den Angreifer um,\nohne selbst von ihnen getroffen zu werden.",
            "language": {
                "name": "de",
                "url": "/api/v2/language/6/"
            },
            "version_group": {
                "name": "sword-shield",
                "url": "/api/v2/version-group/20/"
            }
        },
        {
            "flavor_text": "Puede devolver los movimientos de estado lanzados\npor el rival, sin verse afectado por ellos.",
            "language": {
                "name": "es",
                "url": "/api/v2/language/7/"
            },
            "version_group": {
                "name": "sword-shield",
                "url": "/api/v2/version-group/20/"
            }
        },
        {
            "flavor_text": "Il Pok\u00e9mon respinge al mittente le mosse di stato senza\nsubirne gli effetti.",
            "language": {
                "name": "it",
                "url": "/api/v2/language/8/"
            },
            "version_group": {
                "name": "sword-shield",
                "url": "/api/v2/version-group/20/"
            }
        },
        {
            "flavor_text": "Reflects status moves instead of getting hit\nby them.",
            "language": {
                "name": "en",
                "url": "/api/v2/language/9/"
            },
            "version_group": {
                "name": "sword-shield",
                "url": "/api/v2/version-group/20/"
            }
        },
        {
            "flavor_text": "\u76f8\u624b\u306b\u3000\u3060\u3055\u308c\u305f\u3000\u5909\u5316\u6280\u3092\u3000\u53d7\u3051\u305a\u306b\n\u305d\u306e\u307e\u307e\u3000\u8fd4\u3059\u3000\u3053\u3068\u304c\u3000\u3067\u304d\u308b\u3002",
            "language": {
                "name": "ja",
                "url": "/api/v2/language/11/"
            },
            "version_group": {
                "name": "sword-shield",
                "url": "/api/v2/version-group/20/"
            }
        },
        {
            "flavor_text": "\u53ef\u4ee5\u4e0d\u53d7\u5230\u7531\u5bf9\u624b\u4f7f\u51fa\u7684\n\u53d8\u5316\u62db\u5f0f\u5f71\u54cd\uff0c\u5e76\u5c06\u5176\u53cd\u5f39\u3002",
            "language": {
                "name": "zh-Hans",
                "url": "/api/v2/language/12/"
            },
            "version_group": {
                "name": "sword-shield",
                "url": "/api/v2/version-group/20/"
            }
        },
        {
            "flavor_text": "Annule les effets des capacit\u00e9s de statut subies\\npar le Pok\u00e9mon et les retourne \u00e0 l\u2019envoyeur.",
            "language": {
                "name": "fr",
                "url": "/api/v2/language/5/"
            },
            "version_group": {
                "name": "scarlet-violet",
                "url": "/api/v2/version-group/25/"
            }
        },
        {
            "flavor_text": "The Pok\u00e9mon reflects status moves instead of getting hit by them.",
            "language": {
                "name": "en",
                "url": "/api/v2/language/9/"
            },
            "version_group": {
                "name": "scarlet-violet",
                "url": "/api/v2/version-group/25/"
            }
        }
    ],
    "generation": {
        "name": "generation-v",
        "url": "/api/v2/generation/5/"
    },
    "id": 156,
    "is_main_series": true,
    "name": "magic-bounce",
    "names": [
        {
            "language": {
                "name": "ja-Hrkt",
                "url": "/api/v2/language/1/"
            },
            "name": "\u30de\u30b8\u30c3\u30af\u30df\u30e9\u30fc"
        },
        {
            "language": {
                "name": "ko",
                "url": "/api/v2/language/3/"
            },
            "name": "\ub9e4\uc9c1\ubbf8\ub7ec"
        },
        {
            "language": {
                "name": "zh-Hant",
                "url": "/api/v2/language/4/"
            },
            "name": "\u9b54\u6cd5\u93e1"
        },
        {
            "language": {
                "name": "fr",
                "url": "/api/v2/language/5/"
            },
            "name": "Miroir Magik"
        },
        {
            "language": {
                "name": "de",
                "url": "/api/v2/language/6/"
            },
            "name": "Magiespiegel"
        },
        {
            "language": {
                "name": "es",
                "url": "/api/v2/language/7/"
            },
            "name": "Espejo M\u00e1gico"
        },
        {
            "language": {
                "name": "it",
                "url": "/api/v2/language/8/"
            },
            "name": "Magispecchio"
        },
        {
            "language": {
                "name": "en",
                "url": "/api/v2/language/9/"
            },
            "name": "Magic Bounce"
        },
        {
            "language": {
                "name": "ja",
                "url": "/api/v2/language/11/"
            },
            "name": "\u30de\u30b8\u30c3\u30af\u30df\u30e9\u30fc"
        },
        {
            "language": {
                "name": "zh-Hans",
                "url": "/api/v2/language/12/"
            },
            "name": "\u9b54\u6cd5\u955c"
        }
    ],
    "pokemon": [
        {
            "is_hidden": true,
            "pokemon": {
                "name": "natu",
                "url": "/api/v2/pokemon/177/"
            },
            "slot": 3
        },
        {
            "is_hidden": true,
            "pokemon": {
                "name": "xatu",
                "url": "/api/v2/pokemon/178/"
            },
            "slot": 3
        },
        {
            "is_hidden": true,
            "pokemon": {
                "name": "espeon",
                "url": "/api/v2/pokemon/196/"
            },
            "slot": 3
        },
        {
            "is_hidden": true,
            "pokemon": {
                "name": "hatenna",
                "url": "/api/v2/pokemon/856/"
            },
            "slot": 3
        },
        {
            "is_hidden": true,
            "pokemon": {
                "name": "hattrem",
                "url": "/api/v2/pokemon/857/"
            },
            "slot": 3
        },
        {
            "is_hidden": true,
            "pokemon": {
                "name": "hatterene",
                "url": "/api/v2/pokemon/858/"
            },
            "slot": 3
        },
        {
            "is_hidden": false,
            "pokemon": {
                "name": "absol-mega",
                "url": "/api/v2/pokemon/10057/"
            },
            "slot": 1
        },
        {
            "is_hidden": false,
            "pokemon": {
                "name": "sableye-mega",
                "url": "/api/v2/pokemon/10066/"
            },
            "slot": 1
        },
        {
            "is_hidden": false,
            "pokemon": {
                "name": "diancie-mega",
                "url": "/api/v2/pokemon/10075/"
            },
            "slot": 1
        },
        {
            "is_hidden": true,
            "pokemon": {
                "name": "hatterene-gmax",
                "url": "/api/v2/pokemon/10221/"
            },
            "slot": 3
        }
    ]
}