{
    "effect_changes": [],
    "effect_entries": [
        {
            "effect": "The Pok\u00e9mon is protected by ice scales, which halve the damage taken from special moves.",
            "language": {
                "name": "en",
                "url": "/api/v2/language/9/"
            },
            "short_effect": "Halves damage from Special moves."
        }
    ],
    "flavor_text_entries": [
        {
            "flavor_text": "\u3053\u304a\u308a\u306e\u308a\u3093\u3077\u3093\u306b\u3000\u307e\u3082\u3089\u308c\u3066\n\u3068\u304f\u3057\u3085\u3053\u3046\u3052\u304d\u3067\u3000\u3046\u3051\u308b\n\u30c0\u30e1\u30fc\u30b8\u304c\u3000\u306f\u3093\u3052\u3093\u3000\u3059\u308b\u3002",
            "language": {
                "name": "ja-Hrkt",
                "url": "/api/v2/language/1/"
            },
            "version_group": {
                "name": "sword-shield",
                "url": "/api/v2/version-group/20/"
            }
        },
        {
            "flavor_text": "\uc5bc\uc74c\uc778\ubd84\uc758 \ubcf4\ud638\ub97c \ubc1b\uc544\n\ud2b9\uc218\uacf5\uaca9\uc73c\ub85c \ubc1b\ub294\n\ub370\ubbf8\uc9c0\uac00 \uc808\ubc18\uc774 \ub41c\ub2e4.",
            "language": {
                "name": "ko",
                "url": "/api/v2/language/3/"
            },
            "version_group": {
                "name": "sword-shield",
                "url": "/api/v2/version-group/20/"
            }
        },
        {
            "flavor_text": "\u5f97\u5230\u51b0\u9c57\u7c89\u7684\u5b88\u8b77\uff0c\n\u53d7\u5230\u7684\u7279\u6b8a\u653b\u64ca\u50b7\u5bb3\u6703\u6e1b\u534a\u3002",
            "language": {
                "name": "zh-Hant",
                "url": "/api/v2/language/4/"
            },
            "version_group": {
                "name": "sword-shield",
                "url": "/api/v2/version-group/20/"
            }
        },
        {
            "flavor_text": "Le Pok\u00e9mon est prot\u00e9g\u00e9 par des \u00e9cailles de glace.\nLes d\u00e9g\u00e2ts qu\u2019il subit par des capacit\u00e9s sp\u00e9ciales\nsont divis\u00e9s par deux.",
            "language": {
                "name": "fr",
                "url": "/api/v2/language/5/"
            },
            "version_group": {
                "name": "sword-shield",
                "url": "/api/v2/version-group/20/"
            }
        },
        {
            "flavor_text": "Halbiert mithilfe von sch\u00fctzendem Eisfl\u00fcgelstaub den\nSchaden, den das Pok\u00e9mon durch Spezial-Attacken\nerleidet.",
            "language": {
                "name": "de",
                "url": "/api/v2/language/6/"
            },
            "version_group": {
                "name": "sword-shield",
                "url": "/api/v2/version-group/20/"
            }
        },
        {
            "flavor_text": "Las g\u00e9lidas escamas que protegen su cuerpo reducen a\nla mitad el da\u00f1o que le infligen los ataques especiales.",
            "language": {
                "name": "es",
                "url": "/api/v2/language/7/"
            },
            "version_group": {
                "name": "sword-shield",
                "url": "/api/v2/version-group/20/"
            }
        },
        {
            "flavor_text": "Scaglie di ghiaccio proteggono il Pok\u00e9mon dalle mosse\nspeciali, dimezzandone i danni subiti.",
            "language": {
                "name": "it",
                "url": "/api/v2/language/8/"
            },
            "version_group": {
                "name": "sword-shield",
                "url": "/api/v2/version-group/20/"
            }
        },
        {
            "flavor_text": "The Pok\u00e9mon is protected by ice scales, which halve\nthe damage taken from special moves.",
            "language": {
                "name": "en",
                "url": "/api/v2/language/9/"
            },
            "version_group": {
                "name": "sword-shield",
                "url": "/api/v2/version-group/20/"
            }
        },
        {
            "flavor_text": "\u3053\u304a\u308a\u306e\u308a\u3093\u3077\u3093\u306b\u3000\u5b88\u3089\u308c\u3066\n\u7279\u6b8a\u653b\u6483\u3067\u3000\u53d7\u3051\u308b\n\u30c0\u30e1\u30fc\u30b8\u304c\u3000\u534a\u6e1b\u3000\u3059\u308b\u3002",
            "language": {
                "name": "ja",
                "url": "/api/v2/language/11/"
            },
            "version_group": {
                "name": "sword-shield",
                "url": "/api/v2/version-group/20/"
            }
        },
        {
            "flavor_text": "\u7531\u4e8e\u6709\u51b0\u9cde\u7c89\u7684\u5b88\u62a4\uff0c\n\u53d7\u5230\u7684\u7279\u6b8a\u653b\u51fb\u4f24\u5bb3\u4f1a\u51cf\u534a\u3002",
            "language": {
                "name": "zh-Hans",
                "url": "/api/v2/language/12/"
            },
            "version_group": {
                "name": "sword-shield",
                "url": "/api/v2/version-group/20/"
            }
        },
        {
            "flavor_text": "Le Pok\u00e9mon est prot\u00e9g\u00e9 par des \u00e9cailles de glace.\\nLes d\u00e9g\u00e2ts qu\u2019il subit par des capacit\u00e9s sp\u00e9ciales\\nsont divis\u00e9s par deux.",
            "language": {
                "name": "fr",
                "url": "/api/v2/language/5/"
            },
            "version_group": {
                "name": "scarlet-violet",
                "url": "/api/v2/version-group/25/"
            }
        },
        {
            "flavor_text": "The Pok\u00e9mon is protected by ice scales, which halve the damage taken from special moves.",
            "language": {
                "name": "en",
                "url": "/api/v2/language/9/"
            },
            "version_group": {
                "name": "scarlet-violet",
                "url": "/api/v2/version-group/25/"
            }
        }
    ],
    "generation": {
        "name": "generation-viii",
        "url": "/api/v2/generation/8/"
    },
    "id": 246,
    "is_main_series": true,
    "name": "ice-scales",
    "names": [
        {
            "language": {
                "name": "ja-Hrkt",
                "url": "/api/v2/language/1/"
            },
            "name": "\u3053\u304a\u308a\u306e\u308a\u3093\u3077\u3093"
        },
        {
            "language": {
                "name": "ko",
                "url": "/api/v2/language/3/"
            },
            "name": "\uc5bc\uc74c\uc778\ubd84"
        },
        {
            "language": {
                "name": "zh-Hant",
                "url": "/api/v2/language/4/"
            },
            "name": "\u51b0\u9c57\u7c89"
        },
        {
            "language": {
                "name": "fr",
                "url": "/api/v2/language/5/"
            },
            "name": "\u00c9cailles Glac\u00e9es"
        },
        {
            "language": {
                "name": "de",
                "url": "/api/v2/language/6/"
            },
            "name": "Eisfl\u00fcgelstaub"
        },
        {
            "language": {
                "name": "es",
                "url": "/api/v2/language/7/"
            },
            "name": "Escama de Hielo"
        },
        {
            "language": {
                "name": "it",
                "url": "/api/v2/language/8/"
            },
            "name": "Geloscaglie"
        },
        {
            "language": {
                "name": "en",
                "url": "/api/v2/language/9/"
            },
            "name": "Ice Scales"
        },
        {
            "language": {
                "name": "ja",
                "url": "/api/v2/language/11/"
            },
            "name": "\u3053\u304a\u308a\u306e\u308a\u3093\u3077\u3093"
        },
        {
            "language": {
                "name": "zh-Hans",
                "url": "/api/v2/language/12/"
            },
            "name": "\u51b0\u9cde\u7c89"
        }
    ],
    "pokemon": [
        {
            "is_hidden": true,
            "pokemon": {
                "name": "snom",
                "url": "/api/v2/pokemon/872/"
            },
            "slot": 3
        },
        {
            "is_hidden": true,
            "pokemon": {
                "name": "frosmoth",
                "url": "/api/v2/pokemon/873/"
            },
            "slot": 3
        }
    ]
}