{
    "effect_changes": [],
    "effect_entries": [
        {
            "effect": "Whenever a Pok\u00e9mon would heal after hitting this Pok\u00e9mon with a leeching move like absorb, it instead loses as many HP as it would usually gain.\n\ndream eater is unaffected.",
            "language": {
                "name": "en",
                "url": "/api/v2/language/9/"
            },
            "short_effect": "Damages opponents using leeching moves for as much as they would heal."
        },
        {
            "effect": "Wenn ein Pok\u00e9mon mit dieser F\u00e4higkeit von einer absorbierenden Attacke wie absorb getroffen wird, erleidet der Gegner so viele hp Schaden wie ihn die Attacke geheilt h\u00e4tte.\n\ndream eater ist davon nicht betroffen.",
            "language": {
                "name": "de",
                "url": "/api/v2/language/6/"
            },
            "short_effect": "Gegnern die absorbierende Attacken einsetzen, wird Schaden in der H\u00f6he zugef\u00fcgt, die die Attacke geheilt h\u00e4tte."
        }
    ],
    "flavor_text_entries": [
        {
            "flavor_text": "Blesse quand drain\u00e9.",
            "language": {
                "name": "fr",
                "url": "/api/v2/language/5/"
            },
            "version_group": {
                "name": "ruby-sapphire",
                "url": "/api/v2/version-group/5/"
            }
        },
        {
            "flavor_text": "Draining causes injury.",
            "language": {
                "name": "en",
                "url": "/api/v2/language/9/"
            },
            "version_group": {
                "name": "ruby-sapphire",
                "url": "/api/v2/version-group/5/"
            }
        },
        {
            "flavor_text": "Blesse quand drain\u00e9.",
            "language": {
                "name": "fr",
                "url": "/api/v2/language/5/"
            },
            "version_group": {
                "name": "emerald",
                "url": "/api/v2/version-group/6/"
            }
        },
        {
            "flavor_text": "Draining causes injury.",
            "language": {
                "name": "en",
                "url": "/api/v2/language/9/"
            },
            "version_group": {
                "name": "emerald",
                "url": "/api/v2/version-group/6/"
            }
        },
        {
            "flavor_text": "Blesse quand drain\u00e9.",
            "language": {
                "name": "fr",
                "url": "/api/v2/language/5/"
            },
            "version_group": {
                "name": "firered-leafgreen",
                "url": "/api/v2/version-group/7/"
            }
        },
        {
            "flavor_text": "Draining causes injury.",
            "language": {
                "name": "en",
                "url": "/api/v2/language/9/"
            },
            "version_group": {
                "name": "firered-leafgreen",
                "url": "/api/v2/version-group/7/"
            }
        },
        {
            "flavor_text": "Blesse l'ennemi qui draine l'\u00e9nergie du Pok\u00e9mon.",
            "language": {
                "name": "fr",
                "url": "/api/v2/language/5/"
            },
            "version_group": {
                "name": "diamond-pearl",
                "url": "/api/v2/version-group/8/"
            }
        },
        {
            "flavor_text": "Inflicts damage on foes\nusing any draining move.",
            "language": {
                "name": "en",
                "url": "/api/v2/language/9/"
            },
            "version_group": {
                "name": "diamond-pearl",
                "url": "/api/v2/version-group/8/"
            }
        },
        {
            "flavor_text": "Blesse l'ennemi qui draine l'\u00e9nergie du Pok\u00e9mon.",
            "language": {
                "name": "fr",
                "url": "/api/v2/language/5/"
            },
            "version_group": {
                "name": "platinum",
                "url": "/api/v2/version-group/9/"
            }
        },
        {
            "flavor_text": "Inflicts damage on foes\nusing any draining move.",
            "language": {
                "name": "en",
                "url": "/api/v2/language/9/"
            },
            "version_group": {
                "name": "platinum",
                "url": "/api/v2/version-group/9/"
            }
        },
        {
            "flavor_text": "Blesse l'ennemi qui draine l'\u00e9nergie du Pok\u00e9mon.",
            "language": {
                "name": "fr",
                "url": "/api/v2/language/5/"
            },
            "version_group": {
                "name": "heartgold-soulsilver",
                "url": "/api/v2/version-group/10/"
            }
        },
        {
            "flavor_text": "Inflicts damage on foes\nusing any draining move.",
            "language": {
                "name": "en",
                "url": "/api/v2/language/9/"
            },
            "version_group": {
                "name": "heartgold-soulsilver",
                "url": "/api/v2/version-group/10/"
            }
        },
        {
            "flavor_text": "Blesse l'ennemi qui draine l'\u00e9nergie du Pok\u00e9mon.",
            "language": {
                "name": "fr",
                "url": "/api/v2/language/5/"
            },
            "version_group": {
                "name": "black-white",
                "url": "/api/v2/version-group/11/"
            }
        },
        {
            "flavor_text": "Blesse l\u2019ennemi qui draine\nl\u2019\u00e9nergie du Pok\u00e9mon.",
            "language": {
                "name": "fr",
                "url": "/api/v2/language/5/"
            },
            "version_group": {
                "name": "black-white",
                "url": "/api/v2/version-group/11/"
            }
        },
        {
            "flavor_text": "Damages attackers\nusing any draining move.",
            "language": {
                "name": "en",
                "url": "/api/v2/language/9/"
            },
            "version_group": {
                "name": "black-white",
                "url": "/api/v2/version-group/11/"
            }
        },
        {
            "flavor_text": "Blesse l'ennemi qui draine l'\u00e9nergie du Pok\u00e9mon.",
            "language": {
                "name": "fr",
                "url": "/api/v2/language/5/"
            },
            "version_group": {
                "name": "black-2-white-2",
                "url": "/api/v2/version-group/14/"
            }
        },
        {
            "flavor_text": "Damages attackers\nusing any draining move.",
            "language": {
                "name": "en",
                "url": "/api/v2/language/9/"
            },
            "version_group": {
                "name": "black-2-white-2",
                "url": "/api/v2/version-group/14/"
            }
        },
        {
            "flavor_text": "\u3059\u3044\u3068\u3063\u305f\u3000\u3042\u3044\u3066\u306e\n\uff28\uff30\u3092\u3000\u3078\u3089\u3059\u3002",
            "language": {
                "name": "ja-Hrkt",
                "url": "/api/v2/language/1/"
            },
            "version_group": {
                "name": "x-y",
                "url": "/api/v2/version-group/15/"
            }
        },
        {
            "flavor_text": "\ud761\uc218\ud55c \uc0c1\ub300\uc758\nHP\ub97c \uc904\uc778\ub2e4.",
            "language": {
                "name": "ko",
                "url": "/api/v2/language/3/"
            },
            "version_group": {
                "name": "x-y",
                "url": "/api/v2/version-group/15/"
            }
        },
        {
            "flavor_text": "Blesse l'attaquant qui draine l'\u00e9nergie du Pok\u00e9mon.",
            "language": {
                "name": "fr",
                "url": "/api/v2/language/5/"
            },
            "version_group": {
                "name": "x-y",
                "url": "/api/v2/version-group/15/"
            }
        },
        {
            "flavor_text": "Blesse l\u2019attaquant qui draine\nl\u2019\u00e9nergie du Pok\u00e9mon.",
            "language": {
                "name": "fr",
                "url": "/api/v2/language/5/"
            },
            "version_group": {
                "name": "x-y",
                "url": "/api/v2/version-group/15/"
            }
        },
        {
            "flavor_text": "Schadet Angreifern,\ndie Saug-Attacken einsetzen.",
            "language": {
                "name": "de",
                "url": "/api/v2/language/6/"
            },
            "version_group": {
                "name": "x-y",
                "url": "/api/v2/version-group/15/"
            }
        },
        {
            "flavor_text": "Hiere a los Pok\u00e9mon que drenan\nPS.",
            "language": {
                "name": "es",
                "url": "/api/v2/language/7/"
            },
            "version_group": {
                "name": "x-y",
                "url": "/api/v2/version-group/15/"
            }
        },
        {
            "flavor_text": "Danneggia i Pok\u00e9mon che usano\nmosse ruba-PS.",
            "language": {
                "name": "it",
                "url": "/api/v2/language/8/"
            },
            "version_group": {
                "name": "x-y",
                "url": "/api/v2/version-group/15/"
            }
        },
        {
            "flavor_text": "Damages attackers\nusing any draining move.",
            "language": {
                "name": "en",
                "url": "/api/v2/language/9/"
            },
            "version_group": {
                "name": "x-y",
                "url": "/api/v2/version-group/15/"
            }
        },
        {
            "flavor_text": "\u5438\u3044\u3068\u3063\u305f\u3000\u76f8\u624b\u306e\n\uff28\uff30\u3092\u3000\u6e1b\u3089\u3059\u3002",
            "language": {
                "name": "ja",
                "url": "/api/v2/language/11/"
            },
            "version_group": {
                "name": "x-y",
                "url": "/api/v2/version-group/15/"
            }
        },
        {
            "flavor_text": "\u3059\u3044\u3068\u3063\u305f\u3000\u3042\u3044\u3066\u306e\n\uff28\uff30\u3092\u3000\u3078\u3089\u3059\u3002",
            "language": {
                "name": "ja-Hrkt",
                "url": "/api/v2/language/1/"
            },
            "version_group": {
                "name": "omega-ruby-alpha-sapphire",
                "url": "/api/v2/version-group/16/"
            }
        },
        {
            "flavor_text": "\ud761\uc218\ud55c \uc0c1\ub300\uc758\nHP\ub97c \uc904\uc778\ub2e4.",
            "language": {
                "name": "ko",
                "url": "/api/v2/language/3/"
            },
            "version_group": {
                "name": "omega-ruby-alpha-sapphire",
                "url": "/api/v2/version-group/16/"
            }
        },
        {
            "flavor_text": "Blesse l'attaquant qui draine l'\u00e9nergie du Pok\u00e9mon.",
            "language": {
                "name": "fr",
                "url": "/api/v2/language/5/"
            },
            "version_group": {
                "name": "omega-ruby-alpha-sapphire",
                "url": "/api/v2/version-group/16/"
            }
        },
        {
            "flavor_text": "Blesse l\u2019attaquant qui draine\nl\u2019\u00e9nergie du Pok\u00e9mon.",
            "language": {
                "name": "fr",
                "url": "/api/v2/language/5/"
            },
            "version_group": {
                "name": "omega-ruby-alpha-sapphire",
                "url": "/api/v2/version-group/16/"
            }
        },
        {
            "flavor_text": "Schadet Angreifern,\ndie Saug-Attacken einsetzen.",
            "language": {
                "name": "de",
                "url": "/api/v2/language/6/"
            },
            "version_group": {
                "name": "omega-ruby-alpha-sapphire",
                "url": "/api/v2/version-group/16/"
            }
        },
        {
            "flavor_text": "Hiere a los Pok\u00e9mon que drenan\nPS.",
            "language": {
                "name": "es",
                "url": "/api/v2/language/7/"
            },
            "version_group": {
                "name": "omega-ruby-alpha-sapphire",
                "url": "/api/v2/version-group/16/"
            }
        },
        {
            "flavor_text": "Danneggia i Pok\u00e9mon che usano\nmosse ruba-PS.",
            "language": {
                "name": "it",
                "url": "/api/v2/language/8/"
            },
            "version_group": {
                "name": "omega-ruby-alpha-sapphire",
                "url": "/api/v2/version-group/16/"
            }
        },
        {
            "flavor_text": "Damages attackers\nusing any draining move.",
            "language": {
                "name": "en",
                "url": "/api/v2/language/9/"
            },
            "version_group": {
                "name": "omega-ruby-alpha-sapphire",
                "url": "/api/v2/version-group/16/"
            }
        },
        {
            "flavor_text": "\u5438\u3044\u3068\u3063\u305f\u3000\u76f8\u624b\u306e\n\uff28\uff30\u3092\u3000\u6e1b\u3089\u3059\u3002",
            "language": {
                "name": "ja",
                "url": "/api/v2/language/11/"
            },
            "version_group": {
                "name": "omega-ruby-alpha-sapphire",
                "url": "/api/v2/version-group/16/"
            }
        },
        {
            "flavor_text": "\u30d8\u30c9\u30ed\u3048\u304d\u3092\u3000\u3059\u3044\u3068\u3063\u305f\u3000\u3042\u3044\u3066\u306f\n\u304d\u3087\u3046\u308c\u3064\u306a\u3000\u3042\u304f\u3057\u3085\u3046\u3067\n\u30c0\u30e1\u30fc\u30b8\u3092\u3000\u3046\u3051\u3066\u3000\uff28\uff30\u3092\u3000\u3078\u3089\u3059\u3002",
            "language": {
                "name": "ja-Hrkt",
                "url": "/api/v2/language/1/"
            },
            "version_group": {
                "name": "sun-moon",
                "url": "/api/v2/version-group/17/"
            }
        },
        {
            "flavor_text": "\ud574\uac10\uc561\uc744 \ud761\uc218\ud55c \uc0c1\ub300\ub294\n\uac15\ub82c\ud55c \uc545\ucde8\ub85c\n\ub370\ubbf8\uc9c0\ub97c \ubc1b\uc544 HP\uac00 \uc904\uc5b4\ub4e0\ub2e4.",
            "language": {
                "name": "ko",
                "url": "/api/v2/language/3/"
            },
            "version_group": {
                "name": "sun-moon",
                "url": "/api/v2/version-group/17/"
            }
        },
        {
            "flavor_text": "\u5438\u6536\u4e86\u6c61\u6ce5\u6f3f\u7684\u5c0d\u624b\n\u6703\u56e0\u70ba\u5f37\u70c8\u7684\u60e1\u81ed\u800c\n\u4f7f\u5f97\uff28\uff30\u6e1b\u5c11\u3002",
            "language": {
                "name": "zh-Hant",
                "url": "/api/v2/language/4/"
            },
            "version_group": {
                "name": "sun-moon",
                "url": "/api/v2/version-group/17/"
            }
        },
        {
            "flavor_text": "Le Pok\u00e9mon suinte un liquide toxique qui blesse tous ceux qui tentent de voler ses PV.",
            "language": {
                "name": "fr",
                "url": "/api/v2/language/5/"
            },
            "version_group": {
                "name": "sun-moon",
                "url": "/api/v2/version-group/17/"
            }
        },
        {
            "flavor_text": "Le Pok\u00e9mon suinte un liquide toxique qui blesse\ntous ceux qui tentent de voler ses PV.",
            "language": {
                "name": "fr",
                "url": "/api/v2/language/5/"
            },
            "version_group": {
                "name": "sun-moon",
                "url": "/api/v2/version-group/17/"
            }
        },
        {
            "flavor_text": "Angreifer, die durch Saug-Attacken Kloakenso\u00dfe\nin sich aufgenommen haben, nehmen durch deren\nwiderw\u00e4rtigen Gestank Schaden.",
            "language": {
                "name": "de",
                "url": "/api/v2/language/6/"
            },
            "version_group": {
                "name": "sun-moon",
                "url": "/api/v2/version-group/17/"
            }
        },
        {
            "flavor_text": "Debido a su intenso hedor, hiere a los Pok\u00e9mon que\nintentan drenarle los PS.",
            "language": {
                "name": "es",
                "url": "/api/v2/language/7/"
            },
            "version_group": {
                "name": "sun-moon",
                "url": "/api/v2/version-group/17/"
            }
        },
        {
            "flavor_text": "Il Pok\u00e9mon secerne delle sostanze tossiche.\nSe un nemico manda a segno una mossa che\nassorbe i PS, subisce dei danni.",
            "language": {
                "name": "it",
                "url": "/api/v2/language/8/"
            },
            "version_group": {
                "name": "sun-moon",
                "url": "/api/v2/version-group/17/"
            }
        },
        {
            "flavor_text": "Oozed liquid has strong stench, which damages\nattackers using any draining move.",
            "language": {
                "name": "en",
                "url": "/api/v2/language/9/"
            },
            "version_group": {
                "name": "sun-moon",
                "url": "/api/v2/version-group/17/"
            }
        },
        {
            "flavor_text": "\u30d8\u30c9\u30ed\u6db2\u3092\u3000\u5438\u3044\u53d6\u3063\u305f\u3000\u76f8\u624b\u306f\n\u5f37\u70c8\u306a\u3000\u60aa\u81ed\u3067\n\u30c0\u30e1\u30fc\u30b8\u3092\u3000\u53d7\u3051\u3066\u3000\uff28\uff30\u3092\u3000\u6e1b\u3089\u3059\u3002",
            "language": {
                "name": "ja",
                "url": "/api/v2/language/11/"
            },
            "version_group": {
                "name": "sun-moon",
                "url": "/api/v2/version-group/17/"
            }
        },
        {
            "flavor_text": "\u5438\u6536\u4e86\u6c61\u6ce5\u6d46\u7684\u5bf9\u624b\n\u4f1a\u56e0\u5f3a\u70c8\u7684\u6076\u81ed\n\u800c\u53d7\u5230\u4f24\u5bb3\uff0c\u51cf\u5c11\uff28\uff30\u3002",
            "language": {
                "name": "zh-Hans",
                "url": "/api/v2/language/12/"
            },
            "version_group": {
                "name": "sun-moon",
                "url": "/api/v2/version-group/17/"
            }
        },
        {
            "flavor_text": "\u30d8\u30c9\u30ed\u3048\u304d\u3092\u3000\u3059\u3044\u3068\u3063\u305f\u3000\u3042\u3044\u3066\u306f\n\u304d\u3087\u3046\u308c\u3064\u306a\u3000\u3042\u304f\u3057\u3085\u3046\u3067\n\u30c0\u30e1\u30fc\u30b8\u3092\u3000\u3046\u3051\u3066\u3000\uff28\uff30\u3092\u3000\u3078\u3089\u3059\u3002",
            "language": {
                "name": "ja-Hrkt",
                "url": "/api/v2/language/1/"
            },
            "version_group": {
                "name": "ultra-sun-ultra-moon",
                "url": "/api/v2/version-group/18/"
            }
        },
        {
            "flavor_text": "\ud574\uac10\uc561\uc744 \ud761\uc218\ud55c \uc0c1\ub300\ub294\n\uac15\ub82c\ud55c \uc545\ucde8\ub85c\n\ub370\ubbf8\uc9c0\ub97c \ubc1b\uc544 HP\uac00 \uc904\uc5b4\ub4e0\ub2e4.",
            "language": {
                "name": "ko",
                "url": "/api/v2/language/3/"
            },
            "version_group": {
                "name": "ultra-sun-ultra-moon",
                "url": "/api/v2/version-group/18/"
            }
        },
        {
            "flavor_text": "\u5438\u6536\u4e86\u6c61\u6ce5\u6f3f\u7684\u5c0d\u624b\n\u6703\u56e0\u70ba\u5f37\u70c8\u7684\u60e1\u81ed\u800c\n\u4f7f\u5f97\uff28\uff30\u6e1b\u5c11\u3002",
            "language": {
                "name": "zh-Hant",
                "url": "/api/v2/language/4/"
            },
            "version_group": {
                "name": "ultra-sun-ultra-moon",
                "url": "/api/v2/version-group/18/"
            }
        },
        {
            "flavor_text": "Le Pok\u00e9mon suinte un liquide toxique qui blesse tous ceux qui tentent de voler ses PV.",
            "language": {
                "name": "fr",
                "url": "/api/v2/language/5/"
            },
            "version_group": {
                "name": "ultra-sun-ultra-moon",
                "url": "/api/v2/version-group/18/"
            }
        },
        {
            "flavor_text": "Le Pok\u00e9mon suinte un liquide toxique qui blesse\ntous ceux qui tentent de voler ses PV.",
            "language": {
                "name": "fr",
                "url": "/api/v2/language/5/"
            },
            "version_group": {
                "name": "ultra-sun-ultra-moon",
                "url": "/api/v2/version-group/18/"
            }
        },
        {
            "flavor_text": "Angreifer, die durch Saug-Attacken Kloakenso\u00dfe\nin sich aufgenommen haben, nehmen durch deren\nwiderw\u00e4rtigen Gestank Schaden.",
            "language": {
                "name": "de",
                "url": "/api/v2/language/6/"
            },
            "version_group": {
                "name": "ultra-sun-ultra-moon",
                "url": "/api/v2/version-group/18/"
            }
        },
        {
            "flavor_text": "Debido a su intenso hedor, hiere a los Pok\u00e9mon que\nintentan drenarle los PS.",
            "language": {
                "name": "es",
                "url": "/api/v2/language/7/"
            },
            "version_group": {
                "name": "ultra-sun-ultra-moon",
                "url": "/api/v2/version-group/18/"
            }
        },
        {
            "flavor_text": "Il Pok\u00e9mon secerne delle sostanze tossiche.\nSe un nemico manda a segno una mossa che\nassorbe i PS, subisce dei danni.",
            "language": {
                "name": "it",
                "url": "/api/v2/language/8/"
            },
            "version_group": {
                "name": "ultra-sun-ultra-moon",
                "url": "/api/v2/version-group/18/"
            }
        },
        {
            "flavor_text": "Oozed liquid has strong stench, which damages\nattackers using any draining move.",
            "language": {
                "name": "en",
                "url": "/api/v2/language/9/"
            },
            "version_group": {
                "name": "ultra-sun-ultra-moon",
                "url": "/api/v2/version-group/18/"
            }
        },
        {
            "flavor_text": "\u30d8\u30c9\u30ed\u6db2\u3092\u3000\u5438\u3044\u53d6\u3063\u305f\u3000\u76f8\u624b\u306f\n\u5f37\u70c8\u306a\u3000\u60aa\u81ed\u3067\n\u30c0\u30e1\u30fc\u30b8\u3092\u3000\u53d7\u3051\u3066\u3000\uff28\uff30\u3092\u3000\u6e1b\u3089\u3059\u3002",
            "language": {
                "name": "ja",
                "url": "/api/v2/language/11/"
            },
            "version_group": {
                "name": "ultra-sun-ultra-moon",
                "url": "/api/v2/version-group/18/"
            }
        },
        {
            "flavor_text": "\u5438\u6536\u4e86\u6c61\u6ce5\u6d46\u7684\u5bf9\u624b\n\u4f1a\u56e0\u5f3a\u70c8\u7684\u6076\u81ed\n\u800c\u53d7\u5230\u4f24\u5bb3\uff0c\u51cf\u5c11\uff28\uff30\u3002",
            "language": {
                "name": "zh-Hans",
                "url": "/api/v2/language/12/"
            },
            "version_group": {
                "name": "ultra-sun-ultra-moon",
                "url": "/api/v2/version-group/18/"
            }
        },
        {
            "flavor_text": "\u30d8\u30c9\u30ed\u3048\u304d\u3092\u3000\u3059\u3044\u3068\u3063\u305f\u3000\u3042\u3044\u3066\u306f\n\u304d\u3087\u3046\u308c\u3064\u306a\u3000\u3042\u304f\u3057\u3085\u3046\u3067\n\u30c0\u30e1\u30fc\u30b8\u3092\u3000\u3046\u3051\u3066\u3000\uff28\uff30\u3092\u3000\u3078\u3089\u3059\u3002",
            "language": {
                "name": "ja-Hrkt",
                "url": "/api/v2/language/1/"
            },
            "version_group": {
                "name": "lets-go-pikachu-lets-go-eevee",
                "url": "/api/v2/version-group/19/"
            }
        },
        {
            "flavor_text": "\ud574\uac10\uc561\uc744 \ud761\uc218\ud55c \uc0c1\ub300\ub294\n\uac15\ub82c\ud55c \uc545\ucde8\ub85c\n\ub370\ubbf8\uc9c0\ub97c \ubc1b\uc544 HP\uac00 \uc904\uc5b4\ub4e0\ub2e4.",
            "language": {
                "name": "ko",
                "url": "/api/v2/language/3/"
            },
            "version_group": {
                "name": "lets-go-pikachu-lets-go-eevee",
                "url": "/api/v2/version-group/19/"
            }
        },
        {
            "flavor_text": "\u5438\u6536\u4e86\u6c61\u6ce5\u6f3f\u7684\u5c0d\u624b\n\u6703\u56e0\u70ba\u5f37\u70c8\u7684\u60e1\u81ed\u800c\n\u4f7f\u5f97HP\u6e1b\u5c11\u3002",
            "language": {
                "name": "zh-Hant",
                "url": "/api/v2/language/4/"
            },
            "version_group": {
                "name": "lets-go-pikachu-lets-go-eevee",
                "url": "/api/v2/version-group/19/"
            }
        },
        {
            "flavor_text": "Le Pok\u00e9mon suinte un liquide toxique qui blesse\ntous ceux qui tentent de voler ses PV.",
            "language": {
                "name": "fr",
                "url": "/api/v2/language/5/"
            },
            "version_group": {
                "name": "lets-go-pikachu-lets-go-eevee",
                "url": "/api/v2/version-group/19/"
            }
        },
        {
            "flavor_text": "Angreifer, die durch Saug-Attacken Kloakenso\u00dfe\nin sich aufgenommen haben, nehmen durch deren\nwiderw\u00e4rtigen Gestank Schaden.",
            "language": {
                "name": "de",
                "url": "/api/v2/language/6/"
            },
            "version_group": {
                "name": "lets-go-pikachu-lets-go-eevee",
                "url": "/api/v2/version-group/19/"
            }
        },
        {
            "flavor_text": "Debido a su intenso hedor, hiere a los Pok\u00e9mon que\nintentan drenarle los PS.",
            "language": {
                "name": "es",
                "url": "/api/v2/language/7/"
            },
            "version_group": {
                "name": "lets-go-pikachu-lets-go-eevee",
                "url": "/api/v2/version-group/19/"
            }
        },
        {
            "flavor_text": "Il Pok\u00e9mon secerne delle sostanze tossiche.\nSe un nemico manda a segno una mossa che\nassorbe i PS, subisce dei danni.",
            "language": {
                "name": "it",
                "url": "/api/v2/language/8/"
            },
            "version_group": {
                "name": "lets-go-pikachu-lets-go-eevee",
                "url": "/api/v2/version-group/19/"
            }
        },
        {
            "flavor_text": "The oozed liquid has a strong stench, which damages\nattackers using any draining move.",
            "language": {
                "name": "en",
                "url": "/api/v2/language/9/"
            },
            "version_group": {
                "name": "lets-go-pikachu-lets-go-eevee",
                "url": "/api/v2/version-group/19/"
            }
        },
        {
            "flavor_text": "\u30d8\u30c9\u30ed\u6db2\u3092\u3000\u5438\u3044\u53d6\u3063\u305f\u3000\u76f8\u624b\u306f\n\u5f37\u70c8\u306a\u3000\u60aa\u81ed\u3067\n\u30c0\u30e1\u30fc\u30b8\u3092\u3000\u53d7\u3051\u3066\u3000\uff28\uff30\u3092\u3000\u6e1b\u3089\u3059\u3002",
            "language": {
                "name": "ja",
                "url": "/api/v2/language/11/"
            },
            "version_group": {
                "name": "lets-go-pikachu-lets-go-eevee",
                "url": "/api/v2/version-group/19/"
            }
        },
        {
            "flavor_text": "\u5438\u6536\u4e86\u6c61\u6ce5\u6d46\u7684\u5bf9\u624b\n\u4f1a\u56e0\u5f3a\u70c8\u7684\u6076\u81ed\n\u800c\u53d7\u5230\u4f24\u5bb3\uff0c\u51cf\u5c11HP\u3002",
            "language": {
                "name": "zh-Hans",
                "url": "/api/v2/language/12/"
            },
            "version_group": {
                "name": "lets-go-pikachu-lets-go-eevee",
                "url": "/api/v2/version-group/19/"
            }
        },
        {
            "flavor_text": "\u30d8\u30c9\u30ed\u3048\u304d\u3092\u3000\u3059\u3044\u3068\u3063\u305f\u3000\u3042\u3044\u3066\u306f\n\u304d\u3087\u3046\u308c\u3064\u306a\u3000\u3042\u304f\u3057\u3085\u3046\u3067\n\u30c0\u30e1\u30fc\u30b8\u3092\u3000\u3046\u3051\u3066\u3000\uff28\uff30\u3092\u3000\u3078\u3089\u3059\u3002",
            "language": {
                "name": "ja-Hrkt",
                "url": "/api/v2/language/1/"
            },
            "version_group": {
                "name": "sword-shield",
                "url": "/api/v2/version-group/20/"
            }
        },
        {
            "flavor_text": "\ud574\uac10\uc561\uc744 \ud761\uc218\ud55c \uc0c1\ub300\ub294\n\uac15\ub82c\ud55c \uc545\ucde8\ub85c\n\ub370\ubbf8\uc9c0\ub97c \ubc1b\uc544 HP\uac00 \uc904\uc5b4\ub4e0\ub2e4.",
            "language": {
                "name": "ko",
                "url": "/api/v2/language/3/"
            },
            "version_group": {
                "name": "sword-shield",
                "url": "/api/v2/version-group/20/"
            }
        },
        {
            "flavor_text": "\u5438\u6536\u4e86\u6c61\u6ce5\u6f3f\u7684\u5c0d\u624b\n\u6703\u56e0\u70ba\u5f37\u70c8\u7684\u60e1\u81ed\u800c\n\u4f7f\u5f97\uff28\uff30\u6e1b\u5c11\u3002",
            "language": {
                "name": "zh-Hant",
                "url": "/api/v2/language/4/"
            },
            "version_group": {
                "name": "sword-shield",
                "url": "/api/v2/version-group/20/"
            }
        },
        {
            "flavor_text": "Le Pok\u00e9mon suinte un liquide toxique naus\u00e9abond qui blesse tous ceux qui tentent de voler ses PV.",
            "language": {
                "name": "fr",
                "url": "/api/v2/language/5/"
            },
            "version_group": {
                "name": "sword-shield",
                "url": "/api/v2/version-group/20/"
            }
        },
        {
            "flavor_text": "Le Pok\u00e9mon suinte un liquide toxique naus\u00e9abond\nqui blesse tous ceux qui tentent de voler ses PV.",
            "language": {
                "name": "fr",
                "url": "/api/v2/language/5/"
            },
            "version_group": {
                "name": "sword-shield",
                "url": "/api/v2/version-group/20/"
            }
        },
        {
            "flavor_text": "Angreifer, die durch Saug-Attacken Kloakenso\u00dfe in\nsich aufgenommen haben, nehmen durch deren\nwiderw\u00e4rtigen Gestank Schaden.",
            "language": {
                "name": "de",
                "url": "/api/v2/language/6/"
            },
            "version_group": {
                "name": "sword-shield",
                "url": "/api/v2/version-group/20/"
            }
        },
        {
            "flavor_text": "Exuda una sustancia t\u00f3xica de intenso hedor que hiere\na quienes intentan drenarle PS.",
            "language": {
                "name": "es",
                "url": "/api/v2/language/7/"
            },
            "version_group": {
                "name": "sword-shield",
                "url": "/api/v2/version-group/20/"
            }
        },
        {
            "flavor_text": "Il Pok\u00e9mon secerne delle sostanze tossiche.\nSe un nemico manda a segno una mossa che\nassorbe i PS, subisce dei danni.",
            "language": {
                "name": "it",
                "url": "/api/v2/language/8/"
            },
            "version_group": {
                "name": "sword-shield",
                "url": "/api/v2/version-group/20/"
            }
        },
        {
            "flavor_text": "The oozed liquid has a strong stench, which damages\nattackers using any draining move.",
            "language": {
                "name": "en",
                "url": "/api/v2/language/9/"
            },
            "version_group": {
                "name": "sword-shield",
                "url": "/api/v2/version-group/20/"
            }
        },
        {
            "flavor_text": "\u30d8\u30c9\u30ed\u6db2\u3092\u3000\u5438\u3044\u53d6\u3063\u305f\u3000\u76f8\u624b\u306f\n\u5f37\u70c8\u306a\u3000\u60aa\u81ed\u3067\n\u30c0\u30e1\u30fc\u30b8\u3092\u3000\u53d7\u3051\u3066\u3000\uff28\uff30\u3092\u3000\u6e1b\u3089\u3059\u3002",
            "language": {
                "name": "ja",
                "url": "/api/v2/language/11/"
            },
            "version_group": {
                "name": "sword-shield",
                "url": "/api/v2/version-group/20/"
            }
        },
        {
            "flavor_text": "\u5438\u6536\u4e86\u6c61\u6ce5\u6d46\u7684\u5bf9\u624b\n\u4f1a\u56e0\u5f3a\u70c8\u7684\u6076\u81ed\n\u800c\u53d7\u5230\u4f24\u5bb3\uff0c\u51cf\u5c11\uff28\uff30\u3002",
            "language": {
                "name": "zh-Hans",
                "url": "/api/v2/language/12/"
            },
            "version_group": {
                "name": "sword-shield",
                "url": "/api/v2/version-group/20/"
            }
        },
        {
            "flavor_text": "Le Pok\u00e9mon suinte un liquide toxique naus\u00e9abond qui blesse tous ceux qui tentent de voler ses PV.",
            "language": {
                "name": "fr",
                "url": "/api/v2/language/5/"
            },
            "version_group": {
                "name": "scarlet-violet",
                "url": "/api/v2/version-group/25/"
            }
        },
        {
            "flavor_text": "The strong stench of the Pok\u00e9mon's oozed liquid damages attackers that use HP-draining moves.",
            "language": {
                "name": "en",
                "url": "/api/v2/language/9/"
            },
            "version_group": {
                "name": "scarlet-violet",
                "url": "/api/v2/version-group/25/"
            }
        }
    ],
    "generation": {
        "name": "generation-iii",
        "url": "/api/v2/generation/3/"
    },
    "id": 64,
    "is_main_series": true,
    "name": "liquid-ooze",
    "names": [
        {
            "language": {
                "name": "ja-Hrkt",
                "url": "/api/v2/language/1/"
            },
            "name": "\u30d8\u30c9\u30ed\u3048\u304d"
        },
        {
            "language": {
                "name": "ko",
                "url": "/api/v2/language/3/"
            },
            "name": "\ud574\uac10\uc561"
        },
        {
            "language": {
                "name": "zh-Hant",
                "url": "/api/v2/language/4/"
            },
            "name": "\u6c61\u6ce5\u6f3f"
        },
        {
            "language": {
                "name": "fr",
                "url": "/api/v2/language/5/"
            },
            "name": "Suintement"
        },
        {
            "language": {
                "name": "de",
                "url": "/api/v2/language/6/"
            },
            "name": "Kloakenso\u00dfe"
        },
        {
            "language": {
                "name": "es",
                "url": "/api/v2/language/7/"
            },
            "name": "Lodo L\u00edquido"
        },
        {
            "language": {
                "name": "it",
                "url": "/api/v2/language/8/"
            },
            "name": "Melma"
        },
        {
            "language": {
                "name": "en",
                "url": "/api/v2/language/9/"
            },
            "name": "Liquid Ooze"
        },
        {
            "language": {
                "name": "ja",
                "url": "/api/v2/language/11/"
            },
            "name": "\u30d8\u30c9\u30ed\u3048\u304d"
        },
        {
            "language": {
                "name": "zh-Hans",
                "url": "/api/v2/language/12/"
            },
            "name": "\u6c61\u6ce5\u6d46"
        }
    ],
    "pokemon": [
        {
            "is_hidden": false,
            "pokemon": {
                "name": "tentacool",
                "url": "/api/v2/pokemon/72/"
            },
            "slot": 2
        },
        {
            "is_hidden": false,
            "pokemon": {
                "name": "tentacruel",
                "url": "/api/v2/pokemon/73/"
            },
            "slot": 2
        },
        {
            "is_hidden": false,
            "pokemon": {
                "name": "gulpin",
                "url": "/api/v2/pokemon/316/"
            },
            "slot": 1
        },
        {
            "is_hidden": false,
            "pokemon": {
                "name": "swalot",
                "url": "/api/v2/pokemon/317/"
            },
            "slot": 1
        }
    ]
}