{
    "effect_changes": [],
    "effect_entries": [
        {
            "effect": "The power of the Pok\u00e9mon\u2019s ruinous vessel lowers the Sp. Atk stats of all Pok\u00e9mon except itself.",
            "language": {
                "name": "en",
                "url": "/api/v2/language/9/"
            },
            "short_effect": "Lowers Special Attack of all Pok\u00e9mon except itself."
        }
    ],
    "flavor_text_entries": [
        {
            "flavor_text": "Le pouvoir de l\u2019urne qui appelle le fl\u00e9au affaiblit\\nl\u2019Attaque Sp\u00e9ciale de tous les autres Pok\u00e9mon.",
            "language": {
                "name": "fr",
                "url": "/api/v2/language/5/"
            },
            "version_group": {
                "name": "scarlet-violet",
                "url": "/api/v2/version-group/25/"
            }
        },
        {
            "flavor_text": "The power of the Pok\u00e9mon's ruinous vessel lowers the Sp. Atk stats of all Pok\u00e9mon except itself.",
            "language": {
                "name": "en",
                "url": "/api/v2/language/9/"
            },
            "version_group": {
                "name": "scarlet-violet",
                "url": "/api/v2/version-group/25/"
            }
        }
    ],
    "generation": {
        "name": "generation-ix",
        "url": "/api/v2/generation/9/"
    },
    "id": 284,
    "is_main_series": true,
    "name": "vessel-of-ruin",
    "names": [
        {
            "language": {
                "name": "ja-Hrkt",
                "url": "/api/v2/language/1/"
            },
            "name": "\u308f\u3056\u308f\u3044\u306e\u3046\u3064\u308f"
        },
        {
            "language": {
                "name": "fr",
                "url": "/api/v2/language/5/"
            },
            "name": "Urne du Fl\u00e9au"
        },
        {
            "language": {
                "name": "de",
                "url": "/api/v2/language/6/"
            },
            "name": "Unheilsgef\u00e4\u00df"
        },
        {
            "language": {
                "name": "es",
                "url": "/api/v2/language/7/"
            },
            "name": "Caldero Debacle"
        },
        {
            "language": {
                "name": "it",
                "url": "/api/v2/language/8/"
            },
            "name": "Vaso Nefasto"
        },
        {
            "language": {
                "name": "en",
                "url": "/api/v2/language/9/"
            },
            "name": "Vessel of Ruin"
        },
        {
            "language": {
                "name": "ja",
                "url": "/api/v2/language/11/"
            },
            "name": "\u308f\u3056\u308f\u3044\u306e\u3046\u3064\u308f"
        }
    ],
    "pokemon": [
        {
            "is_hidden": false,
            "pokemon": {
                "name": "ting-lu",
                "url": "/api/v2/pokemon/1003/"
            },
            "slot": 1
        }
    ]
}