{
    "effect_changes": [],
    "effect_entries": [
        {
            "effect": "Pok\u00e9mon mit dieser F\u00e4higkeit heilen am Ende jeder Runde 1/16 ihrer maximalen hp wenn es regnet.",
            "language": {
                "name": "de",
                "url": "/api/v2/language/6/"
            },
            "short_effect": "Heilt jede Runde 1/16 der maximalen hp wenn es regnet."
        },
        {
            "effect": "This Pok\u00e9mon heals for 1/16 of its maximum HP after each turn during rain.",
            "language": {
                "name": "en",
                "url": "/api/v2/language/9/"
            },
            "short_effect": "Heals for 1/16 max HP after each turn during rain."
        }
    ],
    "flavor_text_entries": [
        {
            "flavor_text": "Gagne quelques PV si pluie.",
            "language": {
                "name": "fr",
                "url": "/api/v2/language/5/"
            },
            "version_group": {
                "name": "ruby-sapphire",
                "url": "/api/v2/version-group/5/"
            }
        },
        {
            "flavor_text": "Slight HP recovery in rain.",
            "language": {
                "name": "en",
                "url": "/api/v2/language/9/"
            },
            "version_group": {
                "name": "ruby-sapphire",
                "url": "/api/v2/version-group/5/"
            }
        },
        {
            "flavor_text": "Gagne quelques PV si pluie.",
            "language": {
                "name": "fr",
                "url": "/api/v2/language/5/"
            },
            "version_group": {
                "name": "emerald",
                "url": "/api/v2/version-group/6/"
            }
        },
        {
            "flavor_text": "Slight HP recovery in rain.",
            "language": {
                "name": "en",
                "url": "/api/v2/language/9/"
            },
            "version_group": {
                "name": "emerald",
                "url": "/api/v2/version-group/6/"
            }
        },
        {
            "flavor_text": "Gagne quelques PV si pluie.",
            "language": {
                "name": "fr",
                "url": "/api/v2/language/5/"
            },
            "version_group": {
                "name": "firered-leafgreen",
                "url": "/api/v2/version-group/7/"
            }
        },
        {
            "flavor_text": "Slight HP recovery in rain.",
            "language": {
                "name": "en",
                "url": "/api/v2/language/9/"
            },
            "version_group": {
                "name": "firered-leafgreen",
                "url": "/api/v2/version-group/7/"
            }
        },
        {
            "flavor_text": "R\u00e9cup\u00e8re progressivement des PV par temps de pluie.",
            "language": {
                "name": "fr",
                "url": "/api/v2/language/5/"
            },
            "version_group": {
                "name": "diamond-pearl",
                "url": "/api/v2/version-group/8/"
            }
        },
        {
            "flavor_text": "The Pok\u00e9mon gradually\nrecovers HP in rain.",
            "language": {
                "name": "en",
                "url": "/api/v2/language/9/"
            },
            "version_group": {
                "name": "diamond-pearl",
                "url": "/api/v2/version-group/8/"
            }
        },
        {
            "flavor_text": "R\u00e9cup\u00e8re progressivement des PV par temps de pluie.",
            "language": {
                "name": "fr",
                "url": "/api/v2/language/5/"
            },
            "version_group": {
                "name": "platinum",
                "url": "/api/v2/version-group/9/"
            }
        },
        {
            "flavor_text": "The Pok\u00e9mon gradually\nrecovers HP in rain.",
            "language": {
                "name": "en",
                "url": "/api/v2/language/9/"
            },
            "version_group": {
                "name": "platinum",
                "url": "/api/v2/version-group/9/"
            }
        },
        {
            "flavor_text": "R\u00e9cup\u00e8re progressivement des PV par temps de pluie.",
            "language": {
                "name": "fr",
                "url": "/api/v2/language/5/"
            },
            "version_group": {
                "name": "heartgold-soulsilver",
                "url": "/api/v2/version-group/10/"
            }
        },
        {
            "flavor_text": "The Pok\u00e9mon gradually\nrecovers HP in rain.",
            "language": {
                "name": "en",
                "url": "/api/v2/language/9/"
            },
            "version_group": {
                "name": "heartgold-soulsilver",
                "url": "/api/v2/version-group/10/"
            }
        },
        {
            "flavor_text": "R\u00e9cup\u00e8re progressivement des PV par temps de pluie.",
            "language": {
                "name": "fr",
                "url": "/api/v2/language/5/"
            },
            "version_group": {
                "name": "black-white",
                "url": "/api/v2/version-group/11/"
            }
        },
        {
            "flavor_text": "R\u00e9cup\u00e8re progressivement\ndes PV par temps de pluie.",
            "language": {
                "name": "fr",
                "url": "/api/v2/language/5/"
            },
            "version_group": {
                "name": "black-white",
                "url": "/api/v2/version-group/11/"
            }
        },
        {
            "flavor_text": "The Pok\u00e9mon gradually\nregains HP in rain.",
            "language": {
                "name": "en",
                "url": "/api/v2/language/9/"
            },
            "version_group": {
                "name": "black-white",
                "url": "/api/v2/version-group/11/"
            }
        },
        {
            "flavor_text": "R\u00e9cup\u00e8re progressivement des PV par temps de pluie.",
            "language": {
                "name": "fr",
                "url": "/api/v2/language/5/"
            },
            "version_group": {
                "name": "xd",
                "url": "/api/v2/version-group/13/"
            }
        },
        {
            "flavor_text": "R\u00e9cup\u00e8re progressivement des PV par temps de pluie.",
            "language": {
                "name": "fr",
                "url": "/api/v2/language/5/"
            },
            "version_group": {
                "name": "black-2-white-2",
                "url": "/api/v2/version-group/14/"
            }
        },
        {
            "flavor_text": "The Pok\u00e9mon gradually\nregains HP in rain.",
            "language": {
                "name": "en",
                "url": "/api/v2/language/9/"
            },
            "version_group": {
                "name": "black-2-white-2",
                "url": "/api/v2/version-group/14/"
            }
        },
        {
            "flavor_text": "\u3042\u3081\u306e\u3068\u304d\u3000\u3059\u3053\u3057\u305a\u3064\n\uff28\uff30\u3092\u3000\u304b\u3044\u3075\u304f\u3059\u308b\u3002",
            "language": {
                "name": "ja-Hrkt",
                "url": "/api/v2/language/1/"
            },
            "version_group": {
                "name": "x-y",
                "url": "/api/v2/version-group/15/"
            }
        },
        {
            "flavor_text": "\ube44\uac00 \uc62c \ub54c \uc870\uae08\uc529\nHP\ub97c \ud68c\ubcf5\ud55c\ub2e4.",
            "language": {
                "name": "ko",
                "url": "/api/v2/language/3/"
            },
            "version_group": {
                "name": "x-y",
                "url": "/api/v2/version-group/15/"
            }
        },
        {
            "flavor_text": "Le Pok\u00e9mon r\u00e9cup\u00e8re progressivement des PV lorsqu'il pleut.",
            "language": {
                "name": "fr",
                "url": "/api/v2/language/5/"
            },
            "version_group": {
                "name": "x-y",
                "url": "/api/v2/version-group/15/"
            }
        },
        {
            "flavor_text": "R\u00e9cup\u00e8re progressivement des\nPV par temps de pluie.",
            "language": {
                "name": "fr",
                "url": "/api/v2/language/5/"
            },
            "version_group": {
                "name": "x-y",
                "url": "/api/v2/version-group/15/"
            }
        },
        {
            "flavor_text": "Stellt bei Regen langsam\nund stetig KP wieder her.",
            "language": {
                "name": "de",
                "url": "/api/v2/language/6/"
            },
            "version_group": {
                "name": "x-y",
                "url": "/api/v2/version-group/15/"
            }
        },
        {
            "flavor_text": "Recupera PS de forma gradual\ncuando llueve.",
            "language": {
                "name": "es",
                "url": "/api/v2/language/7/"
            },
            "version_group": {
                "name": "x-y",
                "url": "/api/v2/version-group/15/"
            }
        },
        {
            "flavor_text": "Il Pok\u00e9mon recupera PS\nquando piove.",
            "language": {
                "name": "it",
                "url": "/api/v2/language/8/"
            },
            "version_group": {
                "name": "x-y",
                "url": "/api/v2/version-group/15/"
            }
        },
        {
            "flavor_text": "The Pok\u00e9mon gradually\nregains HP in rain.",
            "language": {
                "name": "en",
                "url": "/api/v2/language/9/"
            },
            "version_group": {
                "name": "x-y",
                "url": "/api/v2/version-group/15/"
            }
        },
        {
            "flavor_text": "\u96e8\u306e\u3068\u304d\u3000\u5c11\u3057\u305a\u3064\n\uff28\uff30\u3092\u3000\u56de\u5fa9\u3059\u308b\u3002",
            "language": {
                "name": "ja",
                "url": "/api/v2/language/11/"
            },
            "version_group": {
                "name": "x-y",
                "url": "/api/v2/version-group/15/"
            }
        },
        {
            "flavor_text": "\u3042\u3081\u306e\u3068\u304d\u3000\u3059\u3053\u3057\u305a\u3064\n\uff28\uff30\u3092\u3000\u304b\u3044\u3075\u304f\u3059\u308b\u3002",
            "language": {
                "name": "ja-Hrkt",
                "url": "/api/v2/language/1/"
            },
            "version_group": {
                "name": "omega-ruby-alpha-sapphire",
                "url": "/api/v2/version-group/16/"
            }
        },
        {
            "flavor_text": "\ube44\uac00 \uc62c \ub54c \uc870\uae08\uc529\nHP\ub97c \ud68c\ubcf5\ud55c\ub2e4.",
            "language": {
                "name": "ko",
                "url": "/api/v2/language/3/"
            },
            "version_group": {
                "name": "omega-ruby-alpha-sapphire",
                "url": "/api/v2/version-group/16/"
            }
        },
        {
            "flavor_text": "Le Pok\u00e9mon r\u00e9cup\u00e8re progressivement des PV lorsqu'il pleut.",
            "language": {
                "name": "fr",
                "url": "/api/v2/language/5/"
            },
            "version_group": {
                "name": "omega-ruby-alpha-sapphire",
                "url": "/api/v2/version-group/16/"
            }
        },
        {
            "flavor_text": "R\u00e9cup\u00e8re progressivement des PV par temps de pluie.",
            "language": {
                "name": "fr",
                "url": "/api/v2/language/5/"
            },
            "version_group": {
                "name": "omega-ruby-alpha-sapphire",
                "url": "/api/v2/version-group/16/"
            }
        },
        {
            "flavor_text": "R\u00e9cup\u00e8re progressivement des\nPV par temps de pluie.",
            "language": {
                "name": "fr",
                "url": "/api/v2/language/5/"
            },
            "version_group": {
                "name": "omega-ruby-alpha-sapphire",
                "url": "/api/v2/version-group/16/"
            }
        },
        {
            "flavor_text": "Stellt bei Regen langsam\nund stetig KP wieder her.",
            "language": {
                "name": "de",
                "url": "/api/v2/language/6/"
            },
            "version_group": {
                "name": "omega-ruby-alpha-sapphire",
                "url": "/api/v2/version-group/16/"
            }
        },
        {
            "flavor_text": "Recupera PS de forma gradual\ncuando llueve.",
            "language": {
                "name": "es",
                "url": "/api/v2/language/7/"
            },
            "version_group": {
                "name": "omega-ruby-alpha-sapphire",
                "url": "/api/v2/version-group/16/"
            }
        },
        {
            "flavor_text": "Il Pok\u00e9mon recupera PS\nquando piove.",
            "language": {
                "name": "it",
                "url": "/api/v2/language/8/"
            },
            "version_group": {
                "name": "omega-ruby-alpha-sapphire",
                "url": "/api/v2/version-group/16/"
            }
        },
        {
            "flavor_text": "The Pok\u00e9mon gradually\nregains HP in rain.",
            "language": {
                "name": "en",
                "url": "/api/v2/language/9/"
            },
            "version_group": {
                "name": "omega-ruby-alpha-sapphire",
                "url": "/api/v2/version-group/16/"
            }
        },
        {
            "flavor_text": "\u96e8\u306e\u3068\u304d\u3000\u5c11\u3057\u305a\u3064\n\uff28\uff30\u3092\u3000\u56de\u5fa9\u3059\u308b\u3002",
            "language": {
                "name": "ja",
                "url": "/api/v2/language/11/"
            },
            "version_group": {
                "name": "omega-ruby-alpha-sapphire",
                "url": "/api/v2/version-group/16/"
            }
        },
        {
            "flavor_text": "\u3066\u3093\u304d\u304c\u3000\u3042\u3081\u306e\u3068\u304d\n\u3059\u3053\u3057\u305a\u3064\u3000\uff28\uff30\u3092\u3000\u304b\u3044\u3075\u304f\u3059\u308b\u3002",
            "language": {
                "name": "ja-Hrkt",
                "url": "/api/v2/language/1/"
            },
            "version_group": {
                "name": "sun-moon",
                "url": "/api/v2/version-group/17/"
            }
        },
        {
            "flavor_text": "\ube44\uac00 \uc624\ub294 \ub0a0\uc528\uc77c \ub54c\n\uc870\uae08\uc529 HP\ub97c \ud68c\ubcf5\ud55c\ub2e4.",
            "language": {
                "name": "ko",
                "url": "/api/v2/language/3/"
            },
            "version_group": {
                "name": "sun-moon",
                "url": "/api/v2/version-group/17/"
            }
        },
        {
            "flavor_text": "\u5929\u6c23\u70ba\u4e0b\u96e8\u6642\uff0c\n\u6703\u6f38\u6f38\u56de\u5fa9\uff28\uff30\u3002",
            "language": {
                "name": "zh-Hant",
                "url": "/api/v2/language/4/"
            },
            "version_group": {
                "name": "sun-moon",
                "url": "/api/v2/version-group/17/"
            }
        },
        {
            "flavor_text": "Le Pok\u00e9mon r\u00e9cup\u00e8re progressivement des PV lorsqu'il pleut.",
            "language": {
                "name": "fr",
                "url": "/api/v2/language/5/"
            },
            "version_group": {
                "name": "sun-moon",
                "url": "/api/v2/version-group/17/"
            }
        },
        {
            "flavor_text": "Le Pok\u00e9mon r\u00e9cup\u00e8re progressivement des PV\nlorsqu\u2019il pleut.",
            "language": {
                "name": "fr",
                "url": "/api/v2/language/5/"
            },
            "version_group": {
                "name": "sun-moon",
                "url": "/api/v2/version-group/17/"
            }
        },
        {
            "flavor_text": "Stellt bei Regen langsam und stetig KP wieder her.",
            "language": {
                "name": "de",
                "url": "/api/v2/language/6/"
            },
            "version_group": {
                "name": "sun-moon",
                "url": "/api/v2/version-group/17/"
            }
        },
        {
            "flavor_text": "Recupera PS de forma gradual cuando llueve.",
            "language": {
                "name": "es",
                "url": "/api/v2/language/7/"
            },
            "version_group": {
                "name": "sun-moon",
                "url": "/api/v2/version-group/17/"
            }
        },
        {
            "flavor_text": "Il Pok\u00e9mon recupera PS quando piove.",
            "language": {
                "name": "it",
                "url": "/api/v2/language/8/"
            },
            "version_group": {
                "name": "sun-moon",
                "url": "/api/v2/version-group/17/"
            }
        },
        {
            "flavor_text": "The Pok\u00e9mon gradually regains HP in rain.",
            "language": {
                "name": "en",
                "url": "/api/v2/language/9/"
            },
            "version_group": {
                "name": "sun-moon",
                "url": "/api/v2/version-group/17/"
            }
        },
        {
            "flavor_text": "\u5929\u6c17\u304c\u3000\u96e8\u306e\u3068\u304d\n\u5c11\u3057\u305a\u3064\u3000\uff28\uff30\u3092\u3000\u56de\u5fa9\u3059\u308b\u3002",
            "language": {
                "name": "ja",
                "url": "/api/v2/language/11/"
            },
            "version_group": {
                "name": "sun-moon",
                "url": "/api/v2/version-group/17/"
            }
        },
        {
            "flavor_text": "\u4e0b\u96e8\u5929\u6c14\u65f6\uff0c\n\u4f1a\u7f13\u7f13\u56de\u590d\uff28\uff30\u3002",
            "language": {
                "name": "zh-Hans",
                "url": "/api/v2/language/12/"
            },
            "version_group": {
                "name": "sun-moon",
                "url": "/api/v2/version-group/17/"
            }
        },
        {
            "flavor_text": "\u3066\u3093\u304d\u304c\u3000\u3042\u3081\u306e\u3068\u304d\n\u3059\u3053\u3057\u305a\u3064\u3000\uff28\uff30\u3092\u3000\u304b\u3044\u3075\u304f\u3059\u308b\u3002",
            "language": {
                "name": "ja-Hrkt",
                "url": "/api/v2/language/1/"
            },
            "version_group": {
                "name": "ultra-sun-ultra-moon",
                "url": "/api/v2/version-group/18/"
            }
        },
        {
            "flavor_text": "\ube44\uac00 \uc624\ub294 \ub0a0\uc528\uc77c \ub54c\n\uc870\uae08\uc529 HP\ub97c \ud68c\ubcf5\ud55c\ub2e4.",
            "language": {
                "name": "ko",
                "url": "/api/v2/language/3/"
            },
            "version_group": {
                "name": "ultra-sun-ultra-moon",
                "url": "/api/v2/version-group/18/"
            }
        },
        {
            "flavor_text": "\u5929\u6c23\u70ba\u4e0b\u96e8\u6642\uff0c\n\u6703\u6f38\u6f38\u56de\u5fa9\uff28\uff30\u3002",
            "language": {
                "name": "zh-Hant",
                "url": "/api/v2/language/4/"
            },
            "version_group": {
                "name": "ultra-sun-ultra-moon",
                "url": "/api/v2/version-group/18/"
            }
        },
        {
            "flavor_text": "Le Pok\u00e9mon r\u00e9cup\u00e8re progressivement des PV lorsqu'il pleut.",
            "language": {
                "name": "fr",
                "url": "/api/v2/language/5/"
            },
            "version_group": {
                "name": "ultra-sun-ultra-moon",
                "url": "/api/v2/version-group/18/"
            }
        },
        {
            "flavor_text": "Le Pok\u00e9mon r\u00e9cup\u00e8re progressivement des PV\nlorsqu\u2019il pleut.",
            "language": {
                "name": "fr",
                "url": "/api/v2/language/5/"
            },
            "version_group": {
                "name": "ultra-sun-ultra-moon",
                "url": "/api/v2/version-group/18/"
            }
        },
        {
            "flavor_text": "Stellt bei Regen langsam und stetig KP wieder her.",
            "language": {
                "name": "de",
                "url": "/api/v2/language/6/"
            },
            "version_group": {
                "name": "ultra-sun-ultra-moon",
                "url": "/api/v2/version-group/18/"
            }
        },
        {
            "flavor_text": "Recupera PS de forma gradual cuando llueve.",
            "language": {
                "name": "es",
                "url": "/api/v2/language/7/"
            },
            "version_group": {
                "name": "ultra-sun-ultra-moon",
                "url": "/api/v2/version-group/18/"
            }
        },
        {
            "flavor_text": "Il Pok\u00e9mon recupera PS quando piove.",
            "language": {
                "name": "it",
                "url": "/api/v2/language/8/"
            },
            "version_group": {
                "name": "ultra-sun-ultra-moon",
                "url": "/api/v2/version-group/18/"
            }
        },
        {
            "flavor_text": "The Pok\u00e9mon gradually regains HP in rain.",
            "language": {
                "name": "en",
                "url": "/api/v2/language/9/"
            },
            "version_group": {
                "name": "ultra-sun-ultra-moon",
                "url": "/api/v2/version-group/18/"
            }
        },
        {
            "flavor_text": "\u5929\u6c17\u304c\u3000\u96e8\u306e\u3068\u304d\n\u5c11\u3057\u305a\u3064\u3000\uff28\uff30\u3092\u3000\u56de\u5fa9\u3059\u308b\u3002",
            "language": {
                "name": "ja",
                "url": "/api/v2/language/11/"
            },
            "version_group": {
                "name": "ultra-sun-ultra-moon",
                "url": "/api/v2/version-group/18/"
            }
        },
        {
            "flavor_text": "\u4e0b\u96e8\u5929\u6c14\u65f6\uff0c\n\u4f1a\u7f13\u7f13\u56de\u590d\uff28\uff30\u3002",
            "language": {
                "name": "zh-Hans",
                "url": "/api/v2/language/12/"
            },
            "version_group": {
                "name": "ultra-sun-ultra-moon",
                "url": "/api/v2/version-group/18/"
            }
        },
        {
            "flavor_text": "\u3066\u3093\u304d\u304c\u3000\u3042\u3081\u306e\u3068\u304d\n\u3059\u3053\u3057\u305a\u3064\u3000\uff28\uff30\u3092\u3000\u304b\u3044\u3075\u304f\u3059\u308b\u3002",
            "language": {
                "name": "ja-Hrkt",
                "url": "/api/v2/language/1/"
            },
            "version_group": {
                "name": "lets-go-pikachu-lets-go-eevee",
                "url": "/api/v2/version-group/19/"
            }
        },
        {
            "flavor_text": "\ube44\uac00 \uc624\ub294 \ub0a0\uc528\uc77c \ub54c\n\uc870\uae08\uc529 HP\ub97c \ud68c\ubcf5\ud55c\ub2e4.",
            "language": {
                "name": "ko",
                "url": "/api/v2/language/3/"
            },
            "version_group": {
                "name": "lets-go-pikachu-lets-go-eevee",
                "url": "/api/v2/version-group/19/"
            }
        },
        {
            "flavor_text": "\u5929\u6c23\u70ba\u4e0b\u96e8\u6642\uff0c\n\u6703\u6f38\u6f38\u56de\u5fa9HP\u3002",
            "language": {
                "name": "zh-Hant",
                "url": "/api/v2/language/4/"
            },
            "version_group": {
                "name": "lets-go-pikachu-lets-go-eevee",
                "url": "/api/v2/version-group/19/"
            }
        },
        {
            "flavor_text": "Le Pok\u00e9mon r\u00e9cup\u00e8re progressivement des PV\nlorsqu\u2019il pleut.",
            "language": {
                "name": "fr",
                "url": "/api/v2/language/5/"
            },
            "version_group": {
                "name": "lets-go-pikachu-lets-go-eevee",
                "url": "/api/v2/version-group/19/"
            }
        },
        {
            "flavor_text": "Stellt bei Regen langsam und stetig KP wieder her.",
            "language": {
                "name": "de",
                "url": "/api/v2/language/6/"
            },
            "version_group": {
                "name": "lets-go-pikachu-lets-go-eevee",
                "url": "/api/v2/version-group/19/"
            }
        },
        {
            "flavor_text": "Recupera PS de forma gradual cuando llueve.",
            "language": {
                "name": "es",
                "url": "/api/v2/language/7/"
            },
            "version_group": {
                "name": "lets-go-pikachu-lets-go-eevee",
                "url": "/api/v2/version-group/19/"
            }
        },
        {
            "flavor_text": "Il Pok\u00e9mon recupera PS quando piove.",
            "language": {
                "name": "it",
                "url": "/api/v2/language/8/"
            },
            "version_group": {
                "name": "lets-go-pikachu-lets-go-eevee",
                "url": "/api/v2/version-group/19/"
            }
        },
        {
            "flavor_text": "The Pok\u00e9mon gradually regains HP in rain.",
            "language": {
                "name": "en",
                "url": "/api/v2/language/9/"
            },
            "version_group": {
                "name": "lets-go-pikachu-lets-go-eevee",
                "url": "/api/v2/version-group/19/"
            }
        },
        {
            "flavor_text": "\u5929\u6c17\u304c\u3000\u96e8\u306e\u3068\u304d\n\u5c11\u3057\u305a\u3064\u3000\uff28\uff30\u3092\u3000\u56de\u5fa9\u3059\u308b\u3002",
            "language": {
                "name": "ja",
                "url": "/api/v2/language/11/"
            },
            "version_group": {
                "name": "lets-go-pikachu-lets-go-eevee",
                "url": "/api/v2/version-group/19/"
            }
        },
        {
            "flavor_text": "\u4e0b\u96e8\u5929\u6c14\u65f6\uff0c\n\u4f1a\u7f13\u7f13\u56de\u590dHP\u3002",
            "language": {
                "name": "zh-Hans",
                "url": "/api/v2/language/12/"
            },
            "version_group": {
                "name": "lets-go-pikachu-lets-go-eevee",
                "url": "/api/v2/version-group/19/"
            }
        },
        {
            "flavor_text": "\u3066\u3093\u304d\u304c\u3000\u3042\u3081\u306e\u3068\u304d\n\u3059\u3053\u3057\u305a\u3064\u3000\uff28\uff30\u3092\u3000\u304b\u3044\u3075\u304f\u3059\u308b\u3002",
            "language": {
                "name": "ja-Hrkt",
                "url": "/api/v2/language/1/"
            },
            "version_group": {
                "name": "sword-shield",
                "url": "/api/v2/version-group/20/"
            }
        },
        {
            "flavor_text": "\ube44\uac00 \uc624\ub294 \ub0a0\uc528\uc77c \ub54c\n\uc870\uae08\uc529 HP\ub97c \ud68c\ubcf5\ud55c\ub2e4.",
            "language": {
                "name": "ko",
                "url": "/api/v2/language/3/"
            },
            "version_group": {
                "name": "sword-shield",
                "url": "/api/v2/version-group/20/"
            }
        },
        {
            "flavor_text": "\u5929\u6c23\u70ba\u4e0b\u96e8\u6642\uff0c\n\u6703\u6f38\u6f38\u56de\u5fa9\uff28\uff30\u3002",
            "language": {
                "name": "zh-Hant",
                "url": "/api/v2/language/4/"
            },
            "version_group": {
                "name": "sword-shield",
                "url": "/api/v2/version-group/20/"
            }
        },
        {
            "flavor_text": "Le Pok\u00e9mon r\u00e9cup\u00e8re progressivement des PV lorsqu'il pleut.",
            "language": {
                "name": "fr",
                "url": "/api/v2/language/5/"
            },
            "version_group": {
                "name": "sword-shield",
                "url": "/api/v2/version-group/20/"
            }
        },
        {
            "flavor_text": "Le Pok\u00e9mon r\u00e9cup\u00e8re progressivement des PV\nlorsqu\u2019il pleut.",
            "language": {
                "name": "fr",
                "url": "/api/v2/language/5/"
            },
            "version_group": {
                "name": "sword-shield",
                "url": "/api/v2/version-group/20/"
            }
        },
        {
            "flavor_text": "Regeneriert bei Regen nach und nach KP.",
            "language": {
                "name": "de",
                "url": "/api/v2/language/6/"
            },
            "version_group": {
                "name": "sword-shield",
                "url": "/api/v2/version-group/20/"
            }
        },
        {
            "flavor_text": "Recupera PS de forma gradual cuando llueve.",
            "language": {
                "name": "es",
                "url": "/api/v2/language/7/"
            },
            "version_group": {
                "name": "sword-shield",
                "url": "/api/v2/version-group/20/"
            }
        },
        {
            "flavor_text": "Il Pok\u00e9mon recupera PS quando piove.",
            "language": {
                "name": "it",
                "url": "/api/v2/language/8/"
            },
            "version_group": {
                "name": "sword-shield",
                "url": "/api/v2/version-group/20/"
            }
        },
        {
            "flavor_text": "The Pok\u00e9mon gradually regains HP in rain.",
            "language": {
                "name": "en",
                "url": "/api/v2/language/9/"
            },
            "version_group": {
                "name": "sword-shield",
                "url": "/api/v2/version-group/20/"
            }
        },
        {
            "flavor_text": "\u5929\u6c17\u304c\u3000\u96e8\u306e\u3068\u304d\n\u5c11\u3057\u305a\u3064\u3000\uff28\uff30\u3092\u3000\u56de\u5fa9\u3059\u308b\u3002",
            "language": {
                "name": "ja",
                "url": "/api/v2/language/11/"
            },
            "version_group": {
                "name": "sword-shield",
                "url": "/api/v2/version-group/20/"
            }
        },
        {
            "flavor_text": "\u4e0b\u96e8\u5929\u6c14\u65f6\uff0c\n\u4f1a\u7f13\u7f13\u56de\u590d\uff28\uff30\u3002",
            "language": {
                "name": "zh-Hans",
                "url": "/api/v2/language/12/"
            },
            "version_group": {
                "name": "sword-shield",
                "url": "/api/v2/version-group/20/"
            }
        },
        {
            "flavor_text": "Le Pok\u00e9mon r\u00e9cup\u00e8re progressivement des PV lorsqu'il pleut.",
            "language": {
                "name": "fr",
                "url": "/api/v2/language/5/"
            },
            "version_group": {
                "name": "scarlet-violet",
                "url": "/api/v2/version-group/25/"
            }
        },
        {
            "flavor_text": "The Pok\u00e9mon gradually regains HP in rain.",
            "language": {
                "name": "en",
                "url": "/api/v2/language/9/"
            },
            "version_group": {
                "name": "scarlet-violet",
                "url": "/api/v2/version-group/25/"
            }
        }
    ],
    "generation": {
        "name": "generation-iii",
        "url": "/api/v2/generation/3/"
    },
    "id": 44,
    "is_main_series": true,
    "name": "rain-dish",
    "names": [
        {
            "language": {
                "name": "ja-Hrkt",
                "url": "/api/v2/language/1/"
            },
            "name": "\u3042\u3081\u3046\u3051\u3056\u3089"
        },
        {
            "language": {
                "name": "ko",
                "url": "/api/v2/language/3/"
            },
            "name": "\uc816\uc740\uc811\uc2dc"
        },
        {
            "language": {
                "name": "zh-Hant",
                "url": "/api/v2/language/4/"
            },
            "name": "\u96e8\u76e4"
        },
        {
            "language": {
                "name": "fr",
                "url": "/api/v2/language/5/"
            },
            "name": "Cuvette"
        },
        {
            "language": {
                "name": "de",
                "url": "/api/v2/language/6/"
            },
            "name": "Regengenuss"
        },
        {
            "language": {
                "name": "es",
                "url": "/api/v2/language/7/"
            },
            "name": "Cura Lluvia"
        },
        {
            "language": {
                "name": "it",
                "url": "/api/v2/language/8/"
            },
            "name": "Copripioggia"
        },
        {
            "language": {
                "name": "en",
                "url": "/api/v2/language/9/"
            },
            "name": "Rain Dish"
        },
        {
            "language": {
                "name": "ja",
                "url": "/api/v2/language/11/"
            },
            "name": "\u3042\u3081\u3046\u3051\u3056\u3089"
        },
        {
            "language": {
                "name": "zh-Hans",
                "url": "/api/v2/language/12/"
            },
            "name": "\u96e8\u76d8"
        }
    ],
    "pokemon": [
        {
            "is_hidden": true,
            "pokemon": {
                "name": "squirtle",
                "url": "/api/v2/pokemon/7/"
            },
            "slot": 3
        },
        {
            "is_hidden": true,
            "pokemon": {
                "name": "wartortle",
                "url": "/api/v2/pokemon/8/"
            },
            "slot": 3
        },
        {
            "is_hidden": true,
            "pokemon": {
                "name": "blastoise",
                "url": "/api/v2/pokemon/9/"
            },
            "slot": 3
        },
        {
            "is_hidden": true,
            "pokemon": {
                "name": "tentacool",
                "url": "/api/v2/pokemon/72/"
            },
            "slot": 3
        },
        {
            "is_hidden": true,
            "pokemon": {
                "name": "tentacruel",
                "url": "/api/v2/pokemon/73/"
            },
            "slot": 3
        },
        {
            "is_hidden": false,
            "pokemon": {
                "name": "lotad",
                "url": "/api/v2/pokemon/270/"
            },
            "slot": 2
        },
        {
            "is_hidden": false,
            "pokemon": {
                "name": "lombre",
                "url": "/api/v2/pokemon/271/"
            },
            "slot": 2
        },
        {
            "is_hidden": false,
            "pokemon": {
                "name": "ludicolo",
                "url": "/api/v2/pokemon/272/"
            },
            "slot": 2
        },
        {
            "is_hidden": true,
            "pokemon": {
                "name": "wingull",
                "url": "/api/v2/pokemon/278/"
            },
            "slot": 3
        },
        {
            "is_hidden": true,
            "pokemon": {
                "name": "pelipper",
                "url": "/api/v2/pokemon/279/"
            },
            "slot": 3
        },
        {
            "is_hidden": true,
            "pokemon": {
                "name": "surskit",
                "url": "/api/v2/pokemon/283/"
            },
            "slot": 3
        },
        {
            "is_hidden": true,
            "pokemon": {
                "name": "morelull",
                "url": "/api/v2/pokemon/755/"
            },
            "slot": 3
        },
        {
            "is_hidden": true,
            "pokemon": {
                "name": "shiinotic",
                "url": "/api/v2/pokemon/756/"
            },
            "slot": 3
        },
        {
            "is_hidden": true,
            "pokemon": {
                "name": "blastoise-gmax",
                "url": "/api/v2/pokemon/10197/"
            },
            "slot": 3
        }
    ]
}