{
    "effect_changes": [],
    "effect_entries": [
        {
            "effect": "The power of the Pok\u00e9mon\u2019s ruinous beads lowers the Sp. Def stats of all Pok\u00e9mon except itself.",
            "language": {
                "name": "en",
                "url": "/api/v2/language/9/"
            },
            "short_effect": "Lowers Special Defense of all Pok\u00e9mon except itself."
        }
    ],
    "flavor_text_entries": [
        {
            "flavor_text": "Le pouvoir des perles qui appellent le fl\u00e9au affaiblit\\nla D\u00e9fense Sp\u00e9ciale de tous les autres Pok\u00e9mon.",
            "language": {
                "name": "fr",
                "url": "/api/v2/language/5/"
            },
            "version_group": {
                "name": "scarlet-violet",
                "url": "/api/v2/version-group/25/"
            }
        },
        {
            "flavor_text": "The power of the Pok\u00e9mon's ruinous beads lowers the Sp. Def stats of all Pok\u00e9mon except itself.",
            "language": {
                "name": "en",
                "url": "/api/v2/language/9/"
            },
            "version_group": {
                "name": "scarlet-violet",
                "url": "/api/v2/version-group/25/"
            }
        }
    ],
    "generation": {
        "name": "generation-ix",
        "url": "/api/v2/generation/9/"
    },
    "id": 287,
    "is_main_series": true,
    "name": "beads-of-ruin",
    "names": [
        {
            "language": {
                "name": "ja-Hrkt",
                "url": "/api/v2/language/1/"
            },
            "name": "\u308f\u3056\u308f\u3044\u306e\u305f\u307e"
        },
        {
            "language": {
                "name": "fr",
                "url": "/api/v2/language/5/"
            },
            "name": "Perles du Fl\u00e9au"
        },
        {
            "language": {
                "name": "de",
                "url": "/api/v2/language/6/"
            },
            "name": "Unheilsjuwelen"
        },
        {
            "language": {
                "name": "es",
                "url": "/api/v2/language/7/"
            },
            "name": "Abalorio Debacle"
        },
        {
            "language": {
                "name": "it",
                "url": "/api/v2/language/8/"
            },
            "name": "Monile Nefasto"
        },
        {
            "language": {
                "name": "en",
                "url": "/api/v2/language/9/"
            },
            "name": "Beads of Ruin"
        },
        {
            "language": {
                "name": "ja",
                "url": "/api/v2/language/11/"
            },
            "name": "\u308f\u3056\u308f\u3044\u306e\u305f\u307e"
        }
    ],
    "pokemon": [
        {
            "is_hidden": false,
            "pokemon": {
                "name": "chi-yu",
                "url": "/api/v2/pokemon/1004/"
            },
            "slot": 1
        }
    ]
}