{
    "effect_changes": [],
    "effect_entries": [
        {
            "effect": "Ignores the effects of opposing Pok\u00e9mon\u2019s Abilities and moves that draw in moves.",
            "language": {
                "name": "en",
                "url": "/api/v2/language/9/"
            },
            "short_effect": "Ignores moves and abilities that draw in moves."
        }
    ],
    "flavor_text_entries": [
        {
            "flavor_text": "\u3042\u3044\u3066\u306e\u3000\u308f\u3056\u3092\u3000\u3072\u304d\u3046\u3051\u308b\n\u3068\u304f\u305b\u3044\u3084\u3000\u308f\u3056\u306e\n\u3048\u3044\u304d\u3087\u3046\u3092\u3000\u3080\u3057\u3000\u3067\u304d\u308b\u3002",
            "language": {
                "name": "ja-Hrkt",
                "url": "/api/v2/language/1/"
            },
            "version_group": {
                "name": "sword-shield",
                "url": "/api/v2/version-group/20/"
            }
        },
        {
            "flavor_text": "\uc0c1\ub300\uc758 \uae30\uc220\uc744 \ub04c\uc5b4\ubaa8\uc73c\ub294\n\ud2b9\uc131\uc774\ub098 \uae30\uc220\uc758\n\uc601\ud5a5\uc744 \ubc1b\uc9c0 \uc54a\ub294\ub2e4.",
            "language": {
                "name": "ko",
                "url": "/api/v2/language/3/"
            },
            "version_group": {
                "name": "sword-shield",
                "url": "/api/v2/version-group/20/"
            }
        },
        {
            "flavor_text": "\u80fd\u7121\u8996\u5177\u6709\u5438\u5f15\n\u5c0d\u624b\u62db\u5f0f\u6548\u679c\u7684\n\u7279\u6027\u6216\u62db\u5f0f\u7684\u5f71\u97ff\u3002",
            "language": {
                "name": "zh-Hant",
                "url": "/api/v2/language/4/"
            },
            "version_group": {
                "name": "sword-shield",
                "url": "/api/v2/version-group/20/"
            }
        },
        {
            "flavor_text": "Permet d\u2019ignorer l\u2019effet des capacit\u00e9s\nou des talents qui attirent les capacit\u00e9s.",
            "language": {
                "name": "fr",
                "url": "/api/v2/language/5/"
            },
            "version_group": {
                "name": "sword-shield",
                "url": "/api/v2/version-group/20/"
            }
        },
        {
            "flavor_text": "Ignoriert die Effekte von F\u00e4higkeiten und Attacken\nanderer Pok\u00e9mon, die Attacken auf sich lenken.",
            "language": {
                "name": "de",
                "url": "/api/v2/language/6/"
            },
            "version_group": {
                "name": "sword-shield",
                "url": "/api/v2/version-group/20/"
            }
        },
        {
            "flavor_text": "Impide que el rival pueda atraer ataques hacia s\u00ed mismo\npor efecto de su habilidad o sus movimientos.",
            "language": {
                "name": "es",
                "url": "/api/v2/language/7/"
            },
            "version_group": {
                "name": "sword-shield",
                "url": "/api/v2/version-group/20/"
            }
        },
        {
            "flavor_text": "Permette di ignorare gli effetti di mosse e abilit\u00e0\nche attirano altre mosse.",
            "language": {
                "name": "it",
                "url": "/api/v2/language/8/"
            },
            "version_group": {
                "name": "sword-shield",
                "url": "/api/v2/version-group/20/"
            }
        },
        {
            "flavor_text": "Ignores the effects of opposing Pok\u00e9mon\u2019s Abilities and\nmoves that draw in moves.",
            "language": {
                "name": "en",
                "url": "/api/v2/language/9/"
            },
            "version_group": {
                "name": "sword-shield",
                "url": "/api/v2/version-group/20/"
            }
        },
        {
            "flavor_text": "\u76f8\u624b\u306e\u3000\u6280\u3092\u3000\u5f15\u304d\u53d7\u3051\u308b\n\u7279\u6027\u3084\u3000\u6280\u306e\n\u5f71\u97ff\u3092\u3000\u7121\u8996\u3000\u3067\u304d\u308b\u3002",
            "language": {
                "name": "ja",
                "url": "/api/v2/language/11/"
            },
            "version_group": {
                "name": "sword-shield",
                "url": "/api/v2/version-group/20/"
            }
        },
        {
            "flavor_text": "\u80fd\u65e0\u89c6\u5177\u6709\u5438\u5f15\n\u5bf9\u624b\u62db\u5f0f\u6548\u679c\u7684\n\u7279\u6027\u6216\u62db\u5f0f\u7684\u5f71\u54cd\u3002",
            "language": {
                "name": "zh-Hans",
                "url": "/api/v2/language/12/"
            },
            "version_group": {
                "name": "sword-shield",
                "url": "/api/v2/version-group/20/"
            }
        },
        {
            "flavor_text": "Permet d\u2019ignorer l\u2019effet des capacit\u00e9s ou des talents qui\\nattirent les capacit\u00e9s.",
            "language": {
                "name": "fr",
                "url": "/api/v2/language/5/"
            },
            "version_group": {
                "name": "scarlet-violet",
                "url": "/api/v2/version-group/25/"
            }
        },
        {
            "flavor_text": "Ignores the effects of opposing Pok\u00e9mon's Abilities and moves that draw in moves.",
            "language": {
                "name": "en",
                "url": "/api/v2/language/9/"
            },
            "version_group": {
                "name": "scarlet-violet",
                "url": "/api/v2/version-group/25/"
            }
        }
    ],
    "generation": {
        "name": "generation-viii",
        "url": "/api/v2/generation/8/"
    },
    "id": 239,
    "is_main_series": true,
    "name": "propeller-tail",
    "names": [
        {
            "language": {
                "name": "ja-Hrkt",
                "url": "/api/v2/language/1/"
            },
            "name": "\u30b9\u30af\u30ea\u30e5\u30fc\u304a\u3073\u308c"
        },
        {
            "language": {
                "name": "ko",
                "url": "/api/v2/language/3/"
            },
            "name": "\uc2a4\ud06c\ub8e8\uc9c0\ub290\ub7ec\ubbf8"
        },
        {
            "language": {
                "name": "zh-Hant",
                "url": "/api/v2/language/4/"
            },
            "name": "\u87ba\u65cb\u5c3e\u9c2d"
        },
        {
            "language": {
                "name": "fr",
                "url": "/api/v2/language/5/"
            },
            "name": "Propulseur"
        },
        {
            "language": {
                "name": "de",
                "url": "/api/v2/language/6/"
            },
            "name": "Schraubflosse"
        },
        {
            "language": {
                "name": "es",
                "url": "/api/v2/language/7/"
            },
            "name": "H\u00e9lice Caudal"
        },
        {
            "language": {
                "name": "it",
                "url": "/api/v2/language/8/"
            },
            "name": "Elicopinna"
        },
        {
            "language": {
                "name": "en",
                "url": "/api/v2/language/9/"
            },
            "name": "Propeller Tail"
        },
        {
            "language": {
                "name": "ja",
                "url": "/api/v2/language/11/"
            },
            "name": "\u30b9\u30af\u30ea\u30e5\u30fc\u304a\u3073\u308c"
        },
        {
            "language": {
                "name": "zh-Hans",
                "url": "/api/v2/language/12/"
            },
            "name": "\u87ba\u65cb\u5c3e\u9ccd"
        }
    ],
    "pokemon": [
        {
            "is_hidden": true,
            "pokemon": {
                "name": "arrokuda",
                "url": "/api/v2/pokemon/846/"
            },
            "slot": 3
        },
        {
            "is_hidden": true,
            "pokemon": {
                "name": "barraskewda",
                "url": "/api/v2/pokemon/847/"
            },
            "slot": 3
        }
    ]
}