{
    "effect_changes": [],
    "effect_entries": [
        {
            "effect": "Pok\u00e9mon mit dieser F\u00e4higkeit nehmen 1/8 ihrer maximalen hp Schaden nach jeder Runde mit starkem Sonnenlicht, aber sie heilen 1/8 ihrer maximalen hp nach jeder Runde in der es regnet. Sie nehmen au\u00dferdem 1,25\u00d7 so viel Schaden von fire Attacken, absorbieren aber daf\u00fcr water Attacken und heilen dabei 1/4 ihrer maximalen hp.",
            "language": {
                "name": "de",
                "url": "/api/v2/language/6/"
            },
            "short_effect": "Erleidet 1/8 der max hp Schaden w\u00e4hrend starkem Sonnenlicht, aber heilt 1/8 der max hp w\u00e4hrend rain. Erh\u00f6ht den erhaltenen Schaden durch fire Attacken um 25%, aber absorbiert water Attacken, und heilt dabei 1/4 der max hp."
        },
        {
            "effect": "This Pok\u00e9mon takes 1/8 of its maximum HP in damage after each turn during strong sunlight, but it heals for 1/8 of its HP each turn during rain.  This Pok\u00e9mon takes 1.25\u00d7 as much damage from fire-type moves, but whenever a water move hits it, it heals for 1/4 its maximum HP instead.",
            "language": {
                "name": "en",
                "url": "/api/v2/language/9/"
            },
            "short_effect": "Causes 1/8 max HP in damage each turn during strong sunlight, but heals for 1/8 max HP during rain.  Increases damage from fire moves to 1.25\u00d7, but absorbs water moves, healing for 1/4 max HP."
        }
    ],
    "flavor_text_entries": [
        {
            "flavor_text": "Perd des PV \u00e0 la chaleur. L'eau les restaure.",
            "language": {
                "name": "fr",
                "url": "/api/v2/language/5/"
            },
            "version_group": {
                "name": "diamond-pearl",
                "url": "/api/v2/version-group/8/"
            }
        },
        {
            "flavor_text": "Reduces HP if it is hot.\nWater restores HP.",
            "language": {
                "name": "en",
                "url": "/api/v2/language/9/"
            },
            "version_group": {
                "name": "diamond-pearl",
                "url": "/api/v2/version-group/8/"
            }
        },
        {
            "flavor_text": "Perd des PV \u00e0 la chaleur. L'eau les restaure.",
            "language": {
                "name": "fr",
                "url": "/api/v2/language/5/"
            },
            "version_group": {
                "name": "platinum",
                "url": "/api/v2/version-group/9/"
            }
        },
        {
            "flavor_text": "Reduces HP if it is hot.\nWater restores HP.",
            "language": {
                "name": "en",
                "url": "/api/v2/language/9/"
            },
            "version_group": {
                "name": "platinum",
                "url": "/api/v2/version-group/9/"
            }
        },
        {
            "flavor_text": "Perd des PV \u00e0 la chaleur. L'eau les restaure.",
            "language": {
                "name": "fr",
                "url": "/api/v2/language/5/"
            },
            "version_group": {
                "name": "heartgold-soulsilver",
                "url": "/api/v2/version-group/10/"
            }
        },
        {
            "flavor_text": "Reduces HP if it is hot.\nWater restores HP.",
            "language": {
                "name": "en",
                "url": "/api/v2/language/9/"
            },
            "version_group": {
                "name": "heartgold-soulsilver",
                "url": "/api/v2/version-group/10/"
            }
        },
        {
            "flavor_text": "Perd des PV \u00e0 la chaleur. L'eau les restaure.",
            "language": {
                "name": "fr",
                "url": "/api/v2/language/5/"
            },
            "version_group": {
                "name": "black-white",
                "url": "/api/v2/version-group/11/"
            }
        },
        {
            "flavor_text": "Perd des PV \u00e0 la chaleur.\nL\u2019eau les restaure.",
            "language": {
                "name": "fr",
                "url": "/api/v2/language/5/"
            },
            "version_group": {
                "name": "black-white",
                "url": "/api/v2/version-group/11/"
            }
        },
        {
            "flavor_text": "Reduces HP if it is hot.\nWater restores HP.",
            "language": {
                "name": "en",
                "url": "/api/v2/language/9/"
            },
            "version_group": {
                "name": "black-white",
                "url": "/api/v2/version-group/11/"
            }
        },
        {
            "flavor_text": "Perd des PV \u00e0 la chaleur. L'eau les restaure.",
            "language": {
                "name": "fr",
                "url": "/api/v2/language/5/"
            },
            "version_group": {
                "name": "xd",
                "url": "/api/v2/version-group/13/"
            }
        },
        {
            "flavor_text": "Perd des PV \u00e0 la chaleur. L'eau les restaure.",
            "language": {
                "name": "fr",
                "url": "/api/v2/language/5/"
            },
            "version_group": {
                "name": "black-2-white-2",
                "url": "/api/v2/version-group/14/"
            }
        },
        {
            "flavor_text": "Reduces HP if it is hot.\nWater restores HP.",
            "language": {
                "name": "en",
                "url": "/api/v2/language/9/"
            },
            "version_group": {
                "name": "black-2-white-2",
                "url": "/api/v2/version-group/14/"
            }
        },
        {
            "flavor_text": "\u3042\u3064\u3044\u3068\u3000\uff28\uff30\u304c\u3000\u3078\u308b\u3002\n\u307f\u305a\u3067\u3000\uff28\uff30\u3092\u3000\u304b\u3044\u3075\u304f\u3002",
            "language": {
                "name": "ja-Hrkt",
                "url": "/api/v2/language/1/"
            },
            "version_group": {
                "name": "x-y",
                "url": "/api/v2/version-group/15/"
            }
        },
        {
            "flavor_text": "\ub354\uc6b0\uba74 HP\uac00 \uc904\uc5b4\ub4e0\ub2e4.\n\ubb3c\ub85c HP\ub97c \ud68c\ubcf5\ud55c\ub2e4.",
            "language": {
                "name": "ko",
                "url": "/api/v2/language/3/"
            },
            "version_group": {
                "name": "x-y",
                "url": "/api/v2/version-group/15/"
            }
        },
        {
            "flavor_text": "Perd des PV \u00e0 la chaleur.\nL\u2019eau les restaure.",
            "language": {
                "name": "fr",
                "url": "/api/v2/language/5/"
            },
            "version_group": {
                "name": "x-y",
                "url": "/api/v2/version-group/15/"
            }
        },
        {
            "flavor_text": "Bei hei\u00dfem Wetter verliert das\nPok\u00e9mon KP. Wasser heilt KP.",
            "language": {
                "name": "de",
                "url": "/api/v2/language/6/"
            },
            "version_group": {
                "name": "x-y",
                "url": "/api/v2/version-group/15/"
            }
        },
        {
            "flavor_text": "Pierde PS si hace calor. Los\nrecupera con agua.",
            "language": {
                "name": "es",
                "url": "/api/v2/language/7/"
            },
            "version_group": {
                "name": "x-y",
                "url": "/api/v2/version-group/15/"
            }
        },
        {
            "flavor_text": "Riduce i PS se fa caldo.\nIn presenza di acqua, rid\u00e0 PS.",
            "language": {
                "name": "it",
                "url": "/api/v2/language/8/"
            },
            "version_group": {
                "name": "x-y",
                "url": "/api/v2/version-group/15/"
            }
        },
        {
            "flavor_text": "Reduces HP if it\u2019s hot.\nWater restores HP.",
            "language": {
                "name": "en",
                "url": "/api/v2/language/9/"
            },
            "version_group": {
                "name": "x-y",
                "url": "/api/v2/version-group/15/"
            }
        },
        {
            "flavor_text": "\u3042\u3064\u3044\u3068\u3000\uff28\uff30\u304c\u3000\u6e1b\u308b\u3002\n\u307f\u305a\u3067\u3000\uff28\uff30\u3092\u3000\u56de\u5fa9\u3002",
            "language": {
                "name": "ja",
                "url": "/api/v2/language/11/"
            },
            "version_group": {
                "name": "x-y",
                "url": "/api/v2/version-group/15/"
            }
        },
        {
            "flavor_text": "\u3042\u3064\u3044\u3068\u3000\uff28\uff30\u304c\u3000\u3078\u308b\u3002\n\u202f\u305a\u3067\u3000\uff28\uff30\u3092\u3000\u304b\u3044\u3075\u304f\u3002",
            "language": {
                "name": "ja-Hrkt",
                "url": "/api/v2/language/1/"
            },
            "version_group": {
                "name": "omega-ruby-alpha-sapphire",
                "url": "/api/v2/version-group/16/"
            }
        },
        {
            "flavor_text": "\ub354\uc6b0\uba74 HP\uac00 \uc904\uc5b4\ub4e0\ub2e4.\n\ubb3c\ub85c HP\ub97c \ud68c\ubcf5\ud55c\ub2e4.",
            "language": {
                "name": "ko",
                "url": "/api/v2/language/3/"
            },
            "version_group": {
                "name": "omega-ruby-alpha-sapphire",
                "url": "/api/v2/version-group/16/"
            }
        },
        {
            "flavor_text": "Perd des PV \u00e0 la chaleur. L'eau les restaure.",
            "language": {
                "name": "fr",
                "url": "/api/v2/language/5/"
            },
            "version_group": {
                "name": "omega-ruby-alpha-sapphire",
                "url": "/api/v2/version-group/16/"
            }
        },
        {
            "flavor_text": "Perd des PV \u00e0 la chaleur.\nL\u2019eau les restaure.",
            "language": {
                "name": "fr",
                "url": "/api/v2/language/5/"
            },
            "version_group": {
                "name": "omega-ruby-alpha-sapphire",
                "url": "/api/v2/version-group/16/"
            }
        },
        {
            "flavor_text": "Bei hei\u00dfem Wetter verliert das\nPok\u00e9mon KP. Wasser heilt KP.",
            "language": {
                "name": "de",
                "url": "/api/v2/language/6/"
            },
            "version_group": {
                "name": "omega-ruby-alpha-sapphire",
                "url": "/api/v2/version-group/16/"
            }
        },
        {
            "flavor_text": "Pierde PS si hace calor. Los\nrecupera con agua.",
            "language": {
                "name": "es",
                "url": "/api/v2/language/7/"
            },
            "version_group": {
                "name": "omega-ruby-alpha-sapphire",
                "url": "/api/v2/version-group/16/"
            }
        },
        {
            "flavor_text": "Riduce i PS se fa caldo.\nIn presenza di acqua, rid\u00e0 PS.",
            "language": {
                "name": "it",
                "url": "/api/v2/language/8/"
            },
            "version_group": {
                "name": "omega-ruby-alpha-sapphire",
                "url": "/api/v2/version-group/16/"
            }
        },
        {
            "flavor_text": "Reduces HP if it\u2019s hot.\nWater restores HP.",
            "language": {
                "name": "en",
                "url": "/api/v2/language/9/"
            },
            "version_group": {
                "name": "omega-ruby-alpha-sapphire",
                "url": "/api/v2/version-group/16/"
            }
        },
        {
            "flavor_text": "\u3042\u3064\u3044\u3068\u3000\uff28\uff30\u304c\u3000\u6e1b\u308b\u3002\n\u202f\u305a\u3067\u3000\uff28\uff30\u3092\u3000\u56de\u5fa9\u3002",
            "language": {
                "name": "ja",
                "url": "/api/v2/language/11/"
            },
            "version_group": {
                "name": "omega-ruby-alpha-sapphire",
                "url": "/api/v2/version-group/16/"
            }
        },
        {
            "flavor_text": "\u3066\u3093\u304d\u304c\u3000\u3042\u3081\u306e\u3068\u304d\u3084\u3000\u307f\u305a\u30bf\u30a4\u30d7\u306e\n\u308f\u3056\u3067\u3000\uff28\uff30\u304c\u3000\u304b\u3044\u3075\u304f\u3057\u3000\u306f\u308c\u306e\u3068\u304d\u3084\n\u307b\u306e\u304a\u30bf\u30a4\u30d7\u306e\u3000\u308f\u3056\u3067\u3000\u3078\u3063\u3066\u3057\u307e\u3046\u3002",
            "language": {
                "name": "ja-Hrkt",
                "url": "/api/v2/language/1/"
            },
            "version_group": {
                "name": "sun-moon",
                "url": "/api/v2/version-group/17/"
            }
        },
        {
            "flavor_text": "\ube44\uac00 \uc624\ub294 \ub0a0\uc528\ub098 \ubb3c\ud0c0\uc785\uc758\n\uae30\uc220\ub85c HP\uac00 \ud68c\ubcf5\ub418\uace0\n\ub9d1\uc744 \ub54c\ub098 \ubd88\uaf43\ud0c0\uc785\uc758 \uae30\uc220\ub85c\ub294 \uc904\uc5b4\ub4e0\ub2e4.",
            "language": {
                "name": "ko",
                "url": "/api/v2/language/3/"
            },
            "version_group": {
                "name": "sun-moon",
                "url": "/api/v2/version-group/17/"
            }
        },
        {
            "flavor_text": "\u4e0b\u96e8\u5929\u6c23\u6642\u548c\u53d7\u5230\u6c34\u5c6c\u6027\u7684\u62db\u5f0f\u653b\u64ca\u6642\uff0c\nHP\u6703\u56de\u5fa9\u3002\u6674\u6717\u5929\u6c23\u6642\u548c\u53d7\u5230\u706b\u5c6c\u6027\u7684\n\u62db\u5f0f\u653b\u64ca\u6642\uff0c\uff28\uff30\u6703\u6e1b\u5c11\u3002",
            "language": {
                "name": "zh-Hant",
                "url": "/api/v2/language/4/"
            },
            "version_group": {
                "name": "sun-moon",
                "url": "/api/v2/version-group/17/"
            }
        },
        {
            "flavor_text": "Le Pok\u00e9mon regagne des PV sous la pluie ou s'il est touch\u00e9 par une capacit\u00e9 Eau, mais il d\u00e9teste les capacit\u00e9s Feu ou quand le soleil brille.",
            "language": {
                "name": "fr",
                "url": "/api/v2/language/5/"
            },
            "version_group": {
                "name": "sun-moon",
                "url": "/api/v2/version-group/17/"
            }
        },
        {
            "flavor_text": "Le Pok\u00e9mon regagne des PV sous la pluie ou s\u2019il\nest touch\u00e9 par une capacit\u00e9 Eau, mais il d\u00e9teste\nles capacit\u00e9s Feu ou quand le soleil brille.",
            "language": {
                "name": "fr",
                "url": "/api/v2/language/5/"
            },
            "version_group": {
                "name": "sun-moon",
                "url": "/api/v2/version-group/17/"
            }
        },
        {
            "flavor_text": "Bei Sonnenschein verliert das Pok\u00e9mon KP und der\nSchaden durch Feuer-Attacken steigt. Bei Regen und\nTreffern durch Wasser-Attacken regeneriert es KP.",
            "language": {
                "name": "de",
                "url": "/api/v2/language/6/"
            },
            "version_group": {
                "name": "sun-moon",
                "url": "/api/v2/version-group/17/"
            }
        },
        {
            "flavor_text": "Pierde PS si hace sol y los recupera si llueve o recibe\nun movimiento de tipo Agua. Los movimientos de tipo\nFuego, por su parte, le hacen m\u00e1s da\u00f1o de lo normal.",
            "language": {
                "name": "es",
                "url": "/api/v2/language/7/"
            },
            "version_group": {
                "name": "sun-moon",
                "url": "/api/v2/version-group/17/"
            }
        },
        {
            "flavor_text": "Il Pok\u00e9mon recupera PS se piove o se subisce\nmosse di tipo Acqua, ma con la luce solare intensa\nperde PS. Subisce pi\u00f9 danni da mosse di tipo Fuoco.",
            "language": {
                "name": "it",
                "url": "/api/v2/language/8/"
            },
            "version_group": {
                "name": "sun-moon",
                "url": "/api/v2/version-group/17/"
            }
        },
        {
            "flavor_text": "Restores HP in rain or when hit by Water-type\nmoves. Reduces HP in sunshine, and increases the\ndamage received from Fire-type moves.",
            "language": {
                "name": "en",
                "url": "/api/v2/language/9/"
            },
            "version_group": {
                "name": "sun-moon",
                "url": "/api/v2/version-group/17/"
            }
        },
        {
            "flavor_text": "\u5929\u6c17\u304c\u3000\u96e8\u306e\u6642\u3084\u3000\u307f\u305a\u30bf\u30a4\u30d7\u306e\n\u6280\u3067\u3000\uff28\uff30\u304c\u3000\u56de\u5fa9\u3057\u3000\u306f\u308c\u306e\u6642\u3084\n\u307b\u306e\u304a\u30bf\u30a4\u30d7\u306e\u3000\u6280\u3067\u3000\u6e1b\u3063\u3066\u3057\u307e\u3046\u3002",
            "language": {
                "name": "ja",
                "url": "/api/v2/language/11/"
            },
            "version_group": {
                "name": "sun-moon",
                "url": "/api/v2/version-group/17/"
            }
        },
        {
            "flavor_text": "\u4e0b\u96e8\u5929\u6c14\u65f6\u548c\u53d7\u5230\u6c34\u5c5e\u6027\u7684\u62db\u5f0f\u65f6\uff0c\n\uff28\uff30\u4f1a\u56de\u590d\u3002\u6674\u6717\u5929\u6c14\u65f6\u548c\u53d7\u5230\u706b\u5c5e\u6027\u7684\n\u62db\u5f0f\u65f6\uff0c\uff28\uff30\u4f1a\u51cf\u5c11\u3002",
            "language": {
                "name": "zh-Hans",
                "url": "/api/v2/language/12/"
            },
            "version_group": {
                "name": "sun-moon",
                "url": "/api/v2/version-group/17/"
            }
        },
        {
            "flavor_text": "\u3066\u3093\u304d\u304c\u3000\u3042\u3081\u306e\u3068\u304d\u3084\u3000\u307f\u305a\u30bf\u30a4\u30d7\u306e\n\u308f\u3056\u3067\u3000\uff28\uff30\u304c\u3000\u304b\u3044\u3075\u304f\u3057\u3000\u306f\u308c\u306e\u3068\u304d\u3084\n\u307b\u306e\u304a\u30bf\u30a4\u30d7\u306e\u3000\u308f\u3056\u3067\u3000\u3078\u3063\u3066\u3057\u307e\u3046\u3002",
            "language": {
                "name": "ja-Hrkt",
                "url": "/api/v2/language/1/"
            },
            "version_group": {
                "name": "ultra-sun-ultra-moon",
                "url": "/api/v2/version-group/18/"
            }
        },
        {
            "flavor_text": "\ube44\uac00 \uc624\ub294 \ub0a0\uc528\ub098 \ubb3c\ud0c0\uc785\uc758\n\uae30\uc220\ub85c HP\uac00 \ud68c\ubcf5\ub418\uace0\n\ub9d1\uc744 \ub54c\ub098 \ubd88\uaf43\ud0c0\uc785\uc758 \uae30\uc220\ub85c\ub294 \uc904\uc5b4\ub4e0\ub2e4.",
            "language": {
                "name": "ko",
                "url": "/api/v2/language/3/"
            },
            "version_group": {
                "name": "ultra-sun-ultra-moon",
                "url": "/api/v2/version-group/18/"
            }
        },
        {
            "flavor_text": "\u4e0b\u96e8\u5929\u6c23\u6642\u548c\u53d7\u5230\u6c34\u5c6c\u6027\u7684\u62db\u5f0f\u653b\u64ca\u6642\uff0c\nHP\u6703\u56de\u5fa9\u3002\u6674\u6717\u5929\u6c23\u6642\u548c\u53d7\u5230\u706b\u5c6c\u6027\u7684\n\u62db\u5f0f\u653b\u64ca\u6642\uff0c\uff28\uff30\u6703\u6e1b\u5c11\u3002",
            "language": {
                "name": "zh-Hant",
                "url": "/api/v2/language/4/"
            },
            "version_group": {
                "name": "ultra-sun-ultra-moon",
                "url": "/api/v2/version-group/18/"
            }
        },
        {
            "flavor_text": "Le Pok\u00e9mon regagne des PV sous la pluie ou s'il est touch\u00e9 par une capacit\u00e9 Eau, mais il d\u00e9teste les capacit\u00e9s Feu ou quand le soleil brille.",
            "language": {
                "name": "fr",
                "url": "/api/v2/language/5/"
            },
            "version_group": {
                "name": "ultra-sun-ultra-moon",
                "url": "/api/v2/version-group/18/"
            }
        },
        {
            "flavor_text": "Le Pok\u00e9mon regagne des PV sous la pluie ou s\u2019il\nest touch\u00e9 par une capacit\u00e9 Eau, mais il d\u00e9teste\nles capacit\u00e9s Feu ou quand le soleil brille.",
            "language": {
                "name": "fr",
                "url": "/api/v2/language/5/"
            },
            "version_group": {
                "name": "ultra-sun-ultra-moon",
                "url": "/api/v2/version-group/18/"
            }
        },
        {
            "flavor_text": "Bei Sonnenschein verliert das Pok\u00e9mon KP und der\nSchaden durch Feuer-Attacken steigt. Bei Regen und\nTreffern durch Wasser-Attacken regeneriert es KP.",
            "language": {
                "name": "de",
                "url": "/api/v2/language/6/"
            },
            "version_group": {
                "name": "ultra-sun-ultra-moon",
                "url": "/api/v2/version-group/18/"
            }
        },
        {
            "flavor_text": "Pierde PS si hace sol y los recupera si llueve o recibe\nun movimiento de tipo Agua. Los movimientos de tipo\nFuego, por su parte, le hacen m\u00e1s da\u00f1o de lo normal.",
            "language": {
                "name": "es",
                "url": "/api/v2/language/7/"
            },
            "version_group": {
                "name": "ultra-sun-ultra-moon",
                "url": "/api/v2/version-group/18/"
            }
        },
        {
            "flavor_text": "Il Pok\u00e9mon recupera PS se piove o se subisce\nmosse di tipo Acqua, ma con la luce solare intensa\nperde PS. Subisce pi\u00f9 danni da mosse di tipo Fuoco.",
            "language": {
                "name": "it",
                "url": "/api/v2/language/8/"
            },
            "version_group": {
                "name": "ultra-sun-ultra-moon",
                "url": "/api/v2/version-group/18/"
            }
        },
        {
            "flavor_text": "Restores HP in rain or when hit by Water-type\nmoves. Reduces HP in harsh sunlight, and increases\nthe damage received from Fire-type moves.",
            "language": {
                "name": "en",
                "url": "/api/v2/language/9/"
            },
            "version_group": {
                "name": "ultra-sun-ultra-moon",
                "url": "/api/v2/version-group/18/"
            }
        },
        {
            "flavor_text": "\u5929\u6c17\u304c\u3000\u96e8\u306e\u6642\u3084\u3000\u307f\u305a\u30bf\u30a4\u30d7\u306e\n\u6280\u3067\u3000\uff28\uff30\u304c\u3000\u56de\u5fa9\u3057\u3000\u306f\u308c\u306e\u6642\u3084\n\u307b\u306e\u304a\u30bf\u30a4\u30d7\u306e\u3000\u6280\u3067\u3000\u6e1b\u3063\u3066\u3057\u307e\u3046\u3002",
            "language": {
                "name": "ja",
                "url": "/api/v2/language/11/"
            },
            "version_group": {
                "name": "ultra-sun-ultra-moon",
                "url": "/api/v2/version-group/18/"
            }
        },
        {
            "flavor_text": "\u4e0b\u96e8\u5929\u6c14\u65f6\u548c\u53d7\u5230\u6c34\u5c5e\u6027\u7684\u62db\u5f0f\u65f6\uff0c\n\uff28\uff30\u4f1a\u56de\u590d\u3002\u6674\u6717\u5929\u6c14\u65f6\u548c\u53d7\u5230\u706b\u5c5e\u6027\u7684\n\u62db\u5f0f\u65f6\uff0c\uff28\uff30\u4f1a\u51cf\u5c11\u3002",
            "language": {
                "name": "zh-Hans",
                "url": "/api/v2/language/12/"
            },
            "version_group": {
                "name": "ultra-sun-ultra-moon",
                "url": "/api/v2/version-group/18/"
            }
        },
        {
            "flavor_text": "\u3066\u3093\u304d\u304c\u3000\u3042\u3081\u306e\u3068\u304d\u3084\u3000\u307f\u305a\u30bf\u30a4\u30d7\u306e\n\u308f\u3056\u3067\u3000\uff28\uff30\u304c\u3000\u304b\u3044\u3075\u304f\u3057\u3000\u306f\u308c\u306e\u3068\u304d\u3084\n\u307b\u306e\u304a\u30bf\u30a4\u30d7\u306e\u3000\u308f\u3056\u3067\u3000\u3078\u3063\u3066\u3057\u307e\u3046\u3002",
            "language": {
                "name": "ja-Hrkt",
                "url": "/api/v2/language/1/"
            },
            "version_group": {
                "name": "lets-go-pikachu-lets-go-eevee",
                "url": "/api/v2/version-group/19/"
            }
        },
        {
            "flavor_text": "\ube44\uac00 \uc624\ub294 \ub0a0\uc528\ub098 \ubb3c\ud0c0\uc785\uc758\n\uae30\uc220\ub85c HP\uac00 \ud68c\ubcf5\ub418\uace0\n\ub9d1\uc744 \ub54c\ub098 \ubd88\uaf43\ud0c0\uc785\uc758 \uae30\uc220\ub85c\ub294 \uc904\uc5b4\ub4e0\ub2e4.",
            "language": {
                "name": "ko",
                "url": "/api/v2/language/3/"
            },
            "version_group": {
                "name": "lets-go-pikachu-lets-go-eevee",
                "url": "/api/v2/version-group/19/"
            }
        },
        {
            "flavor_text": "\u4e0b\u96e8\u5929\u6c23\u6642\u548c\u53d7\u5230\u6c34\u5c6c\u6027\u7684\u62db\u5f0f\u653b\u64ca\u6642\uff0c\nHP\u6703\u56de\u5fa9\u3002\u6674\u6717\u5929\u6c23\u6642\u548c\u53d7\u5230\u706b\u5c6c\u6027\u7684\n\u62db\u5f0f\u653b\u64ca\u6642\uff0cHP\u6703\u6e1b\u5c11\u3002",
            "language": {
                "name": "zh-Hant",
                "url": "/api/v2/language/4/"
            },
            "version_group": {
                "name": "lets-go-pikachu-lets-go-eevee",
                "url": "/api/v2/version-group/19/"
            }
        },
        {
            "flavor_text": "Le Pok\u00e9mon regagne des PV sous la pluie ou s\u2019il\nest touch\u00e9 par une capacit\u00e9 Eau, mais il d\u00e9teste\nles capacit\u00e9s Feu ou quand le soleil brille.",
            "language": {
                "name": "fr",
                "url": "/api/v2/language/5/"
            },
            "version_group": {
                "name": "lets-go-pikachu-lets-go-eevee",
                "url": "/api/v2/version-group/19/"
            }
        },
        {
            "flavor_text": "Bei Sonnenschein verliert das Pok\u00e9mon KP und der\nSchaden durch Feuer-Attacken steigt. Bei Regen und\nTreffern durch Wasser-Attacken regeneriert es KP.",
            "language": {
                "name": "de",
                "url": "/api/v2/language/6/"
            },
            "version_group": {
                "name": "lets-go-pikachu-lets-go-eevee",
                "url": "/api/v2/version-group/19/"
            }
        },
        {
            "flavor_text": "Pierde PS si hace sol y los recupera si llueve o recibe\nun movimiento de tipo Agua. Los movimientos de tipo\nFuego, por su parte, le hacen m\u00e1s da\u00f1o de lo normal.",
            "language": {
                "name": "es",
                "url": "/api/v2/language/7/"
            },
            "version_group": {
                "name": "lets-go-pikachu-lets-go-eevee",
                "url": "/api/v2/version-group/19/"
            }
        },
        {
            "flavor_text": "Il Pok\u00e9mon recupera PS se piove o se subisce\nmosse di tipo Acqua, ma con la luce solare intensa\nperde PS. Subisce pi\u00f9 danni da mosse di tipo Fuoco.",
            "language": {
                "name": "it",
                "url": "/api/v2/language/8/"
            },
            "version_group": {
                "name": "lets-go-pikachu-lets-go-eevee",
                "url": "/api/v2/version-group/19/"
            }
        },
        {
            "flavor_text": "Restores HP in rain or when hit by Water-type\nmoves. Reduces HP in harsh sunlight, and increases\nthe damage received from Fire-type moves.",
            "language": {
                "name": "en",
                "url": "/api/v2/language/9/"
            },
            "version_group": {
                "name": "lets-go-pikachu-lets-go-eevee",
                "url": "/api/v2/version-group/19/"
            }
        },
        {
            "flavor_text": "\u5929\u6c17\u304c\u3000\u96e8\u306e\u6642\u3084\u3000\u307f\u305a\u30bf\u30a4\u30d7\u306e\n\u6280\u3067\u3000\uff28\uff30\u304c\u3000\u56de\u5fa9\u3057\u3000\u306f\u308c\u306e\u6642\u3084\n\u307b\u306e\u304a\u30bf\u30a4\u30d7\u306e\u3000\u6280\u3067\u3000\u6e1b\u3063\u3066\u3057\u307e\u3046\u3002",
            "language": {
                "name": "ja",
                "url": "/api/v2/language/11/"
            },
            "version_group": {
                "name": "lets-go-pikachu-lets-go-eevee",
                "url": "/api/v2/version-group/19/"
            }
        },
        {
            "flavor_text": "\u4e0b\u96e8\u5929\u6c14\u65f6\u548c\u53d7\u5230\u6c34\u5c5e\u6027\u7684\u62db\u5f0f\u65f6\uff0c\nHP\u4f1a\u56de\u590d\u3002\u6674\u6717\u5929\u6c14\u65f6\u548c\u53d7\u5230\u706b\u5c5e\u6027\u7684\n\u62db\u5f0f\u65f6\uff0cHP\u4f1a\u51cf\u5c11\u3002",
            "language": {
                "name": "zh-Hans",
                "url": "/api/v2/language/12/"
            },
            "version_group": {
                "name": "lets-go-pikachu-lets-go-eevee",
                "url": "/api/v2/version-group/19/"
            }
        },
        {
            "flavor_text": "\u3066\u3093\u304d\u304c\u3000\u3042\u3081\u306e\u3068\u304d\u3084\u3000\u307f\u305a\u30bf\u30a4\u30d7\u306e\n\u308f\u3056\u3067\u3000\uff28\uff30\u304c\u3000\u304b\u3044\u3075\u304f\u3057\u3000\u306f\u308c\u306e\u3068\u304d\u3084\n\u307b\u306e\u304a\u30bf\u30a4\u30d7\u306e\u3000\u308f\u3056\u3067\u3000\u3078\u3063\u3066\u3057\u307e\u3046\u3002",
            "language": {
                "name": "ja-Hrkt",
                "url": "/api/v2/language/1/"
            },
            "version_group": {
                "name": "sword-shield",
                "url": "/api/v2/version-group/20/"
            }
        },
        {
            "flavor_text": "\ube44\uac00 \uc624\ub294 \ub0a0\uc528\ub098 \ubb3c\ud0c0\uc785\uc758\n\uae30\uc220\ub85c HP\uac00 \ud68c\ubcf5\ub418\uace0\n\ub9d1\uc744 \ub54c\ub098 \ubd88\uaf43\ud0c0\uc785\uc758 \uae30\uc220\ub85c\ub294 \uc904\uc5b4\ub4e0\ub2e4.",
            "language": {
                "name": "ko",
                "url": "/api/v2/language/3/"
            },
            "version_group": {
                "name": "sword-shield",
                "url": "/api/v2/version-group/20/"
            }
        },
        {
            "flavor_text": "\u4e0b\u96e8\u5929\u6c23\u6642\u548c\u53d7\u5230\u6c34\u5c6c\u6027\u7684\u62db\u5f0f\u653b\u64ca\u6642\uff0c\n\uff28\uff30\u6703\u56de\u5fa9\u3002\u6674\u6717\u5929\u6c23\u6642\u548c\u53d7\u5230\u706b\u5c6c\u6027\u7684\n\u62db\u5f0f\u653b\u64ca\u6642\uff0c\uff28\uff30\u6703\u6e1b\u5c11\u3002",
            "language": {
                "name": "zh-Hant",
                "url": "/api/v2/language/4/"
            },
            "version_group": {
                "name": "sword-shield",
                "url": "/api/v2/version-group/20/"
            }
        },
        {
            "flavor_text": "Le Pok\u00e9mon perd des PV quand le soleil brille, mais il en regagne lorsqu'il pleut ou s'il est touch\u00e9 par une capacit\u00e9 Eau. Il subit aussi plus de d\u00e9g\u00e2ts de Feu.",
            "language": {
                "name": "fr",
                "url": "/api/v2/language/5/"
            },
            "version_group": {
                "name": "sword-shield",
                "url": "/api/v2/version-group/20/"
            }
        },
        {
            "flavor_text": "Le Pok\u00e9mon perd des PV quand le soleil brille,\nmais il en regagne lorsqu\u2019il pleut ou s\u2019il est touch\u00e9 par\nune capacit\u00e9 Eau. Il subit aussi plus de d\u00e9g\u00e2ts de Feu.",
            "language": {
                "name": "fr",
                "url": "/api/v2/language/5/"
            },
            "version_group": {
                "name": "sword-shield",
                "url": "/api/v2/version-group/20/"
            }
        },
        {
            "flavor_text": "Bei Sonnenschein verliert das Pok\u00e9mon KP und der\nSchaden durch Feuer-Attacken steigt. Bei Regen und\nTreffern durch Wasser-Attacken regeneriert es KP.",
            "language": {
                "name": "de",
                "url": "/api/v2/language/6/"
            },
            "version_group": {
                "name": "sword-shield",
                "url": "/api/v2/version-group/20/"
            }
        },
        {
            "flavor_text": "Pierde PS si hace sol y los recupera si llueve o recibe\nun movimiento de tipo Agua. Los movimientos de tipo\nFuego, por su parte, le hacen m\u00e1s da\u00f1o de lo normal.",
            "language": {
                "name": "es",
                "url": "/api/v2/language/7/"
            },
            "version_group": {
                "name": "sword-shield",
                "url": "/api/v2/version-group/20/"
            }
        },
        {
            "flavor_text": "Il Pok\u00e9mon recupera PS se piove o se subisce\nmosse di tipo Acqua, ma perde PS con la luce solare\nintensa. Subisce pi\u00f9 danni da mosse di tipo Fuoco.",
            "language": {
                "name": "it",
                "url": "/api/v2/language/8/"
            },
            "version_group": {
                "name": "sword-shield",
                "url": "/api/v2/version-group/20/"
            }
        },
        {
            "flavor_text": "Restores HP in rain or when hit by Water-type\nmoves. Reduces HP in harsh sunlight, and increases\nthe damage received from Fire-type moves.",
            "language": {
                "name": "en",
                "url": "/api/v2/language/9/"
            },
            "version_group": {
                "name": "sword-shield",
                "url": "/api/v2/version-group/20/"
            }
        },
        {
            "flavor_text": "\u5929\u6c17\u304c\u3000\u96e8\u306e\u6642\u3084\u3000\u307f\u305a\u30bf\u30a4\u30d7\u306e\n\u6280\u3067\u3000\uff28\uff30\u304c\u3000\u56de\u5fa9\u3057\u3000\u306f\u308c\u306e\u6642\u3084\n\u307b\u306e\u304a\u30bf\u30a4\u30d7\u306e\u3000\u6280\u3067\u3000\u6e1b\u3063\u3066\u3057\u307e\u3046\u3002",
            "language": {
                "name": "ja",
                "url": "/api/v2/language/11/"
            },
            "version_group": {
                "name": "sword-shield",
                "url": "/api/v2/version-group/20/"
            }
        },
        {
            "flavor_text": "\u4e0b\u96e8\u5929\u6c14\u65f6\u548c\u53d7\u5230\u6c34\u5c5e\u6027\u7684\u62db\u5f0f\u65f6\uff0c\n\uff28\uff30\u4f1a\u56de\u590d\u3002\u6674\u6717\u5929\u6c14\u65f6\u548c\u53d7\u5230\u706b\u5c5e\u6027\u7684\n\u62db\u5f0f\u65f6\uff0c\uff28\uff30\u4f1a\u51cf\u5c11\u3002",
            "language": {
                "name": "zh-Hans",
                "url": "/api/v2/language/12/"
            },
            "version_group": {
                "name": "sword-shield",
                "url": "/api/v2/version-group/20/"
            }
        },
        {
            "flavor_text": "Quand le soleil brille, le Pok\u00e9mon perd des PV et subit plus de d\u00e9g\u00e2ts des capacit\u00e9s Feu, mais il regagne des PV lorsqu'il pleut ou s'il est touch\u00e9 par une capacit\u00e9 Eau.",
            "language": {
                "name": "fr",
                "url": "/api/v2/language/5/"
            },
            "version_group": {
                "name": "scarlet-violet",
                "url": "/api/v2/version-group/25/"
            }
        },
        {
            "flavor_text": "Restores the Pok\u00e9mon's HP in rain or when it is hit by Water-type moves. Reduces HP in harsh sunlight, and increases the damage received from Fire-type moves.",
            "language": {
                "name": "en",
                "url": "/api/v2/language/9/"
            },
            "version_group": {
                "name": "scarlet-violet",
                "url": "/api/v2/version-group/25/"
            }
        }
    ],
    "generation": {
        "name": "generation-iv",
        "url": "/api/v2/generation/4/"
    },
    "id": 87,
    "is_main_series": true,
    "name": "dry-skin",
    "names": [
        {
            "language": {
                "name": "ja-Hrkt",
                "url": "/api/v2/language/1/"
            },
            "name": "\u304b\u3093\u305d\u3046\u306f\u3060"
        },
        {
            "language": {
                "name": "ko",
                "url": "/api/v2/language/3/"
            },
            "name": "\uac74\uc870\ud53c\ubd80"
        },
        {
            "language": {
                "name": "zh-Hant",
                "url": "/api/v2/language/4/"
            },
            "name": "\u4e7e\u71e5\u76ae\u819a"
        },
        {
            "language": {
                "name": "fr",
                "url": "/api/v2/language/5/"
            },
            "name": "Peau S\u00e8che"
        },
        {
            "language": {
                "name": "de",
                "url": "/api/v2/language/6/"
            },
            "name": "Trockenheit"
        },
        {
            "language": {
                "name": "es",
                "url": "/api/v2/language/7/"
            },
            "name": "Piel Seca"
        },
        {
            "language": {
                "name": "it",
                "url": "/api/v2/language/8/"
            },
            "name": "Pellearsa"
        },
        {
            "language": {
                "name": "en",
                "url": "/api/v2/language/9/"
            },
            "name": "Dry Skin"
        },
        {
            "language": {
                "name": "ja",
                "url": "/api/v2/language/11/"
            },
            "name": "\u304b\u3093\u305d\u3046\u306f\u3060"
        },
        {
            "language": {
                "name": "zh-Hans",
                "url": "/api/v2/language/12/"
            },
            "name": "\u5e72\u71e5\u76ae\u80a4"
        }
    ],
    "pokemon": [
        {
            "is_hidden": false,
            "pokemon": {
                "name": "paras",
                "url": "/api/v2/pokemon/46/"
            },
            "slot": 2
        },
        {
            "is_hidden": false,
            "pokemon": {
                "name": "parasect",
                "url": "/api/v2/pokemon/47/"
            },
            "slot": 2
        },
        {
            "is_hidden": true,
            "pokemon": {
                "name": "jynx",
                "url": "/api/v2/pokemon/124/"
            },
            "slot": 3
        },
        {
            "is_hidden": false,
            "pokemon": {
                "name": "croagunk",
                "url": "/api/v2/pokemon/453/"
            },
            "slot": 2
        },
        {
            "is_hidden": false,
            "pokemon": {
                "name": "toxicroak",
                "url": "/api/v2/pokemon/454/"
            },
            "slot": 2
        },
        {
            "is_hidden": false,
            "pokemon": {
                "name": "helioptile",
                "url": "/api/v2/pokemon/694/"
            },
            "slot": 1
        },
        {
            "is_hidden": false,
            "pokemon": {
                "name": "heliolisk",
                "url": "/api/v2/pokemon/695/"
            },
            "slot": 1
        }
    ]
}