{
    "effect_changes": [],
    "effect_entries": [
        {
            "effect": "Attacken die ein Pok\u00e9mon mit dieser F\u00e4higkeit treffen, haben eine 30% Chance blockiert zu werden.",
            "language": {
                "name": "de",
                "url": "/api/v2/language/6/"
            },
            "short_effect": "30% Chance Attacken zu blockieren von denen das Pok\u00e9mon getroffen wurde."
        },
        {
            "effect": "Moves that hit this Pok\u00e9mon have a 30% chance of being Disabled afterward.",
            "language": {
                "name": "en",
                "url": "/api/v2/language/9/"
            },
            "short_effect": "Has a 30% chance of Disabling any move that hits the Pok\u00e9mon."
        }
    ],
    "flavor_text_entries": [
        {
            "flavor_text": "Peut emp\u00eacher l\u2019ennemi de\nr\u00e9utiliser une attaque.",
            "language": {
                "name": "fr",
                "url": "/api/v2/language/5/"
            },
            "version_group": {
                "name": "black-white",
                "url": "/api/v2/version-group/11/"
            }
        },
        {
            "flavor_text": "May disable a move used\non the Pok\u00e9mon.",
            "language": {
                "name": "en",
                "url": "/api/v2/language/9/"
            },
            "version_group": {
                "name": "black-white",
                "url": "/api/v2/version-group/11/"
            }
        },
        {
            "flavor_text": "May disable a move used\non the Pok\u00e9mon.",
            "language": {
                "name": "en",
                "url": "/api/v2/language/9/"
            },
            "version_group": {
                "name": "black-2-white-2",
                "url": "/api/v2/version-group/14/"
            }
        },
        {
            "flavor_text": "\u3053\u3046\u3052\u304d\u3055\u308c\u308b\u3068\u3000\u305f\u307e\u306b\n\u304b\u306a\u3057\u3070\u308a\u306b\u3059\u308b\u3002",
            "language": {
                "name": "ja-Hrkt",
                "url": "/api/v2/language/1/"
            },
            "version_group": {
                "name": "x-y",
                "url": "/api/v2/version-group/15/"
            }
        },
        {
            "flavor_text": "\uacf5\uaca9\ubc1b\uc73c\uba74 \uac00\ub054 \uc0c1\ub300\ub97c\n\uc0ac\uc2ac\ubb36\uae30 \uc0c1\ud0dc\ub85c \ub9cc\ub4e0\ub2e4.",
            "language": {
                "name": "ko",
                "url": "/api/v2/language/3/"
            },
            "version_group": {
                "name": "x-y",
                "url": "/api/v2/version-group/15/"
            }
        },
        {
            "flavor_text": "Peut emp\u00eacher l\u2019ennemi de\nr\u00e9utiliser une attaque.",
            "language": {
                "name": "fr",
                "url": "/api/v2/language/5/"
            },
            "version_group": {
                "name": "x-y",
                "url": "/api/v2/version-group/15/"
            }
        },
        {
            "flavor_text": "Blockiert gelegentlich Attacken.",
            "language": {
                "name": "de",
                "url": "/api/v2/language/6/"
            },
            "version_group": {
                "name": "x-y",
                "url": "/api/v2/version-group/15/"
            }
        },
        {
            "flavor_text": "Puede anular el movimiento\nusado en su contra.",
            "language": {
                "name": "es",
                "url": "/api/v2/language/7/"
            },
            "version_group": {
                "name": "x-y",
                "url": "/api/v2/version-group/15/"
            }
        },
        {
            "flavor_text": "A volte inibisce l\u2019ultima mossa\nusata dal nemico.",
            "language": {
                "name": "it",
                "url": "/api/v2/language/8/"
            },
            "version_group": {
                "name": "x-y",
                "url": "/api/v2/version-group/15/"
            }
        },
        {
            "flavor_text": "May disable a move used\non the Pok\u00e9mon.",
            "language": {
                "name": "en",
                "url": "/api/v2/language/9/"
            },
            "version_group": {
                "name": "x-y",
                "url": "/api/v2/version-group/15/"
            }
        },
        {
            "flavor_text": "\u653b\u6483\u3055\u308c\u308b\u3068\u3000\u305f\u307e\u306b\n\u304b\u306a\u3057\u3070\u308a\u306b\u3059\u308b\u3002",
            "language": {
                "name": "ja",
                "url": "/api/v2/language/11/"
            },
            "version_group": {
                "name": "x-y",
                "url": "/api/v2/version-group/15/"
            }
        },
        {
            "flavor_text": "\u3053\u3046\u3052\u304d\u3055\u308c\u308b\u3068\u3000\u305f\u307e\u306b\n\u304b\u306a\u3057\u3070\u308a\u306b\u3059\u308b\u3002",
            "language": {
                "name": "ja-Hrkt",
                "url": "/api/v2/language/1/"
            },
            "version_group": {
                "name": "omega-ruby-alpha-sapphire",
                "url": "/api/v2/version-group/16/"
            }
        },
        {
            "flavor_text": "\uacf5\uaca9\ubc1b\uc73c\uba74 \uac00\ub054 \uc0c1\ub300\ub97c\n\uc0ac\uc2ac\ubb36\uae30 \uc0c1\ud0dc\ub85c \ub9cc\ub4e0\ub2e4.",
            "language": {
                "name": "ko",
                "url": "/api/v2/language/3/"
            },
            "version_group": {
                "name": "omega-ruby-alpha-sapphire",
                "url": "/api/v2/version-group/16/"
            }
        },
        {
            "flavor_text": "Peut emp\u00eacher l\u2019ennemi de\nr\u00e9utiliser une attaque.",
            "language": {
                "name": "fr",
                "url": "/api/v2/language/5/"
            },
            "version_group": {
                "name": "omega-ruby-alpha-sapphire",
                "url": "/api/v2/version-group/16/"
            }
        },
        {
            "flavor_text": "Blockiert gelegentlich Attacken.",
            "language": {
                "name": "de",
                "url": "/api/v2/language/6/"
            },
            "version_group": {
                "name": "omega-ruby-alpha-sapphire",
                "url": "/api/v2/version-group/16/"
            }
        },
        {
            "flavor_text": "Puede anular el movimiento\nusado en su contra.",
            "language": {
                "name": "es",
                "url": "/api/v2/language/7/"
            },
            "version_group": {
                "name": "omega-ruby-alpha-sapphire",
                "url": "/api/v2/version-group/16/"
            }
        },
        {
            "flavor_text": "A volte inibisce l\u2019ultima mossa\nusata dal nemico.",
            "language": {
                "name": "it",
                "url": "/api/v2/language/8/"
            },
            "version_group": {
                "name": "omega-ruby-alpha-sapphire",
                "url": "/api/v2/version-group/16/"
            }
        },
        {
            "flavor_text": "May disable a move used\non the Pok\u00e9mon.",
            "language": {
                "name": "en",
                "url": "/api/v2/language/9/"
            },
            "version_group": {
                "name": "omega-ruby-alpha-sapphire",
                "url": "/api/v2/version-group/16/"
            }
        },
        {
            "flavor_text": "\u653b\u6483\u3055\u308c\u308b\u3068\u3000\u305f\u307e\u306b\n\u304b\u306a\u3057\u3070\u308a\u306b\u3059\u308b\u3002",
            "language": {
                "name": "ja",
                "url": "/api/v2/language/11/"
            },
            "version_group": {
                "name": "omega-ruby-alpha-sapphire",
                "url": "/api/v2/version-group/16/"
            }
        },
        {
            "flavor_text": "\u3053\u3046\u3052\u304d\u3092\u3000\u3046\u3051\u308b\u3068\u3000\u3042\u3044\u3066\u306e\u3000\u308f\u3056\u3092\n\u304b\u306a\u3057\u3070\u308a\u3000\u3058\u3087\u3046\u305f\u3044\u306b\n\u3059\u308b\u3053\u3068\u304c\u3000\u3042\u308b\u3002",
            "language": {
                "name": "ja-Hrkt",
                "url": "/api/v2/language/1/"
            },
            "version_group": {
                "name": "sun-moon",
                "url": "/api/v2/version-group/17/"
            }
        },
        {
            "flavor_text": "\uacf5\uaca9\uc744 \ubc1b\uc73c\uba74 \uc0c1\ub300\uc758 \uae30\uc220\uc744\n\uc0ac\uc2ac\ubb36\uae30 \uc0c1\ud0dc\ub85c\n\ub9cc\ub4e4 \ub54c\uac00 \uc788\ub2e4.",
            "language": {
                "name": "ko",
                "url": "/api/v2/language/3/"
            },
            "version_group": {
                "name": "sun-moon",
                "url": "/api/v2/version-group/17/"
            }
        },
        {
            "flavor_text": "\u53d7\u5230\u653b\u64ca\u6642\uff0c\n\u6709\u6642\u6703\u628a\u5c0d\u624b\u7684\u62db\u5f0f\n\u8b8a\u70ba\u5b9a\u8eab\u6cd5\u72c0\u614b\u3002",
            "language": {
                "name": "zh-Hant",
                "url": "/api/v2/language/4/"
            },
            "version_group": {
                "name": "sun-moon",
                "url": "/api/v2/version-group/17/"
            }
        },
        {
            "flavor_text": "Quand le Pok\u00e9mon est touch\u00e9 par une capacit\u00e9,\nil inflige parfois Entrave sur celle-ci.",
            "language": {
                "name": "fr",
                "url": "/api/v2/language/5/"
            },
            "version_group": {
                "name": "sun-moon",
                "url": "/api/v2/version-group/17/"
            }
        },
        {
            "flavor_text": "Blockiert eventuell die Attacke, mit welcher der\nAngreifer es getroffen hat.",
            "language": {
                "name": "de",
                "url": "/api/v2/language/6/"
            },
            "version_group": {
                "name": "sun-moon",
                "url": "/api/v2/version-group/17/"
            }
        },
        {
            "flavor_text": "Puede anular el movimiento usado en su contra.",
            "language": {
                "name": "es",
                "url": "/api/v2/language/7/"
            },
            "version_group": {
                "name": "sun-moon",
                "url": "/api/v2/version-group/17/"
            }
        },
        {
            "flavor_text": "A volte blocca l\u2019ultima mossa usata dal nemico.",
            "language": {
                "name": "it",
                "url": "/api/v2/language/8/"
            },
            "version_group": {
                "name": "sun-moon",
                "url": "/api/v2/version-group/17/"
            }
        },
        {
            "flavor_text": "May disable a move used on the Pok\u00e9mon.",
            "language": {
                "name": "en",
                "url": "/api/v2/language/9/"
            },
            "version_group": {
                "name": "sun-moon",
                "url": "/api/v2/version-group/17/"
            }
        },
        {
            "flavor_text": "\u653b\u6483\u3092\u3000\u53d7\u3051\u308b\u3068\u3000\u76f8\u624b\u306e\u3000\u6280\u3092\n\u304b\u306a\u3057\u3070\u308a\u72b6\u614b\u306b\n\u3059\u308b\u3053\u3068\u304c\u3000\u3042\u308b\u3002",
            "language": {
                "name": "ja",
                "url": "/api/v2/language/11/"
            },
            "version_group": {
                "name": "sun-moon",
                "url": "/api/v2/version-group/17/"
            }
        },
        {
            "flavor_text": "\u53d7\u5230\u653b\u51fb\u65f6\uff0c\n\u6709\u65f6\u4f1a\u628a\u5bf9\u624b\u7684\u62db\u5f0f\n\u53d8\u4e3a\u5b9a\u8eab\u6cd5\u72b6\u6001\u3002",
            "language": {
                "name": "zh-Hans",
                "url": "/api/v2/language/12/"
            },
            "version_group": {
                "name": "sun-moon",
                "url": "/api/v2/version-group/17/"
            }
        },
        {
            "flavor_text": "\u3053\u3046\u3052\u304d\u3092\u3000\u3046\u3051\u308b\u3068\u3000\u3042\u3044\u3066\u306e\u3000\u308f\u3056\u3092\n\u304b\u306a\u3057\u3070\u308a\u3000\u3058\u3087\u3046\u305f\u3044\u306b\n\u3059\u308b\u3053\u3068\u304c\u3000\u3042\u308b\u3002",
            "language": {
                "name": "ja-Hrkt",
                "url": "/api/v2/language/1/"
            },
            "version_group": {
                "name": "ultra-sun-ultra-moon",
                "url": "/api/v2/version-group/18/"
            }
        },
        {
            "flavor_text": "\uacf5\uaca9\uc744 \ubc1b\uc73c\uba74 \uc0c1\ub300\uc758 \uae30\uc220\uc744\n\uc0ac\uc2ac\ubb36\uae30 \uc0c1\ud0dc\ub85c\n\ub9cc\ub4e4 \ub54c\uac00 \uc788\ub2e4.",
            "language": {
                "name": "ko",
                "url": "/api/v2/language/3/"
            },
            "version_group": {
                "name": "ultra-sun-ultra-moon",
                "url": "/api/v2/version-group/18/"
            }
        },
        {
            "flavor_text": "\u53d7\u5230\u653b\u64ca\u6642\uff0c\n\u6709\u6642\u6703\u628a\u5c0d\u624b\u7684\u62db\u5f0f\n\u8b8a\u70ba\u5b9a\u8eab\u6cd5\u72c0\u614b\u3002",
            "language": {
                "name": "zh-Hant",
                "url": "/api/v2/language/4/"
            },
            "version_group": {
                "name": "ultra-sun-ultra-moon",
                "url": "/api/v2/version-group/18/"
            }
        },
        {
            "flavor_text": "Quand le Pok\u00e9mon est touch\u00e9 par une capacit\u00e9,\nil inflige parfois Entrave sur celle-ci.",
            "language": {
                "name": "fr",
                "url": "/api/v2/language/5/"
            },
            "version_group": {
                "name": "ultra-sun-ultra-moon",
                "url": "/api/v2/version-group/18/"
            }
        },
        {
            "flavor_text": "Blockiert eventuell die Attacke, mit welcher der\nAngreifer es getroffen hat.",
            "language": {
                "name": "de",
                "url": "/api/v2/language/6/"
            },
            "version_group": {
                "name": "ultra-sun-ultra-moon",
                "url": "/api/v2/version-group/18/"
            }
        },
        {
            "flavor_text": "Puede anular el movimiento usado en su contra.",
            "language": {
                "name": "es",
                "url": "/api/v2/language/7/"
            },
            "version_group": {
                "name": "ultra-sun-ultra-moon",
                "url": "/api/v2/version-group/18/"
            }
        },
        {
            "flavor_text": "A volte blocca l\u2019ultima mossa usata dal nemico.",
            "language": {
                "name": "it",
                "url": "/api/v2/language/8/"
            },
            "version_group": {
                "name": "ultra-sun-ultra-moon",
                "url": "/api/v2/version-group/18/"
            }
        },
        {
            "flavor_text": "May disable a move used on the Pok\u00e9mon.",
            "language": {
                "name": "en",
                "url": "/api/v2/language/9/"
            },
            "version_group": {
                "name": "ultra-sun-ultra-moon",
                "url": "/api/v2/version-group/18/"
            }
        },
        {
            "flavor_text": "\u653b\u6483\u3092\u3000\u53d7\u3051\u308b\u3068\u3000\u76f8\u624b\u306e\u3000\u6280\u3092\n\u304b\u306a\u3057\u3070\u308a\u72b6\u614b\u306b\n\u3059\u308b\u3053\u3068\u304c\u3000\u3042\u308b\u3002",
            "language": {
                "name": "ja",
                "url": "/api/v2/language/11/"
            },
            "version_group": {
                "name": "ultra-sun-ultra-moon",
                "url": "/api/v2/version-group/18/"
            }
        },
        {
            "flavor_text": "\u53d7\u5230\u653b\u51fb\u65f6\uff0c\n\u6709\u65f6\u4f1a\u628a\u5bf9\u624b\u7684\u62db\u5f0f\n\u53d8\u4e3a\u5b9a\u8eab\u6cd5\u72b6\u6001\u3002",
            "language": {
                "name": "zh-Hans",
                "url": "/api/v2/language/12/"
            },
            "version_group": {
                "name": "ultra-sun-ultra-moon",
                "url": "/api/v2/version-group/18/"
            }
        },
        {
            "flavor_text": "\u3053\u3046\u3052\u304d\u3092\u3000\u3046\u3051\u308b\u3068\u3000\u3042\u3044\u3066\u306e\u3000\u308f\u3056\u3092\n\u304b\u306a\u3057\u3070\u308a\u3000\u3058\u3087\u3046\u305f\u3044\u306b\n\u3059\u308b\u3053\u3068\u304c\u3000\u3042\u308b\u3002",
            "language": {
                "name": "ja-Hrkt",
                "url": "/api/v2/language/1/"
            },
            "version_group": {
                "name": "lets-go-pikachu-lets-go-eevee",
                "url": "/api/v2/version-group/19/"
            }
        },
        {
            "flavor_text": "\uacf5\uaca9\uc744 \ubc1b\uc73c\uba74 \uc0c1\ub300\uc758 \uae30\uc220\uc744\n\uc0ac\uc2ac\ubb36\uae30 \uc0c1\ud0dc\ub85c\n\ub9cc\ub4e4 \ub54c\uac00 \uc788\ub2e4.",
            "language": {
                "name": "ko",
                "url": "/api/v2/language/3/"
            },
            "version_group": {
                "name": "lets-go-pikachu-lets-go-eevee",
                "url": "/api/v2/version-group/19/"
            }
        },
        {
            "flavor_text": "\u53d7\u5230\u653b\u64ca\u6642\uff0c\n\u6709\u6642\u6703\u628a\u5c0d\u624b\u7684\u62db\u5f0f\n\u8b8a\u70ba\u5b9a\u8eab\u6cd5\u72c0\u614b\u3002",
            "language": {
                "name": "zh-Hant",
                "url": "/api/v2/language/4/"
            },
            "version_group": {
                "name": "lets-go-pikachu-lets-go-eevee",
                "url": "/api/v2/version-group/19/"
            }
        },
        {
            "flavor_text": "Quand le Pok\u00e9mon est touch\u00e9 par une capacit\u00e9,\nil inflige parfois Entrave sur celle-ci.",
            "language": {
                "name": "fr",
                "url": "/api/v2/language/5/"
            },
            "version_group": {
                "name": "lets-go-pikachu-lets-go-eevee",
                "url": "/api/v2/version-group/19/"
            }
        },
        {
            "flavor_text": "Blockiert eventuell die Attacke, mit welcher der\nAngreifer es getroffen hat.",
            "language": {
                "name": "de",
                "url": "/api/v2/language/6/"
            },
            "version_group": {
                "name": "lets-go-pikachu-lets-go-eevee",
                "url": "/api/v2/version-group/19/"
            }
        },
        {
            "flavor_text": "Puede anular el movimiento usado en su contra.",
            "language": {
                "name": "es",
                "url": "/api/v2/language/7/"
            },
            "version_group": {
                "name": "lets-go-pikachu-lets-go-eevee",
                "url": "/api/v2/version-group/19/"
            }
        },
        {
            "flavor_text": "A volte blocca l\u2019ultima mossa usata dal nemico.",
            "language": {
                "name": "it",
                "url": "/api/v2/language/8/"
            },
            "version_group": {
                "name": "lets-go-pikachu-lets-go-eevee",
                "url": "/api/v2/version-group/19/"
            }
        },
        {
            "flavor_text": "May disable a move used on the Pok\u00e9mon.",
            "language": {
                "name": "en",
                "url": "/api/v2/language/9/"
            },
            "version_group": {
                "name": "lets-go-pikachu-lets-go-eevee",
                "url": "/api/v2/version-group/19/"
            }
        },
        {
            "flavor_text": "\u653b\u6483\u3092\u3000\u53d7\u3051\u308b\u3068\u3000\u76f8\u624b\u306e\u3000\u6280\u3092\n\u304b\u306a\u3057\u3070\u308a\u72b6\u614b\u306b\n\u3059\u308b\u3053\u3068\u304c\u3000\u3042\u308b\u3002",
            "language": {
                "name": "ja",
                "url": "/api/v2/language/11/"
            },
            "version_group": {
                "name": "lets-go-pikachu-lets-go-eevee",
                "url": "/api/v2/version-group/19/"
            }
        },
        {
            "flavor_text": "\u53d7\u5230\u653b\u51fb\u65f6\uff0c\n\u6709\u65f6\u4f1a\u628a\u5bf9\u624b\u7684\u62db\u5f0f\n\u53d8\u4e3a\u5b9a\u8eab\u6cd5\u72b6\u6001\u3002",
            "language": {
                "name": "zh-Hans",
                "url": "/api/v2/language/12/"
            },
            "version_group": {
                "name": "lets-go-pikachu-lets-go-eevee",
                "url": "/api/v2/version-group/19/"
            }
        },
        {
            "flavor_text": "\u3053\u3046\u3052\u304d\u3092\u3000\u3046\u3051\u308b\u3068\u3000\u3042\u3044\u3066\u306e\u3000\u308f\u3056\u3092\n\u304b\u306a\u3057\u3070\u308a\u3000\u3058\u3087\u3046\u305f\u3044\u306b\n\u3059\u308b\u3053\u3068\u304c\u3000\u3042\u308b\u3002",
            "language": {
                "name": "ja-Hrkt",
                "url": "/api/v2/language/1/"
            },
            "version_group": {
                "name": "sword-shield",
                "url": "/api/v2/version-group/20/"
            }
        },
        {
            "flavor_text": "\uacf5\uaca9\uc744 \ubc1b\uc73c\uba74 \uc0c1\ub300\uc758 \uae30\uc220\uc744\n\uc0ac\uc2ac\ubb36\uae30 \uc0c1\ud0dc\ub85c\n\ub9cc\ub4e4 \ub54c\uac00 \uc788\ub2e4.",
            "language": {
                "name": "ko",
                "url": "/api/v2/language/3/"
            },
            "version_group": {
                "name": "sword-shield",
                "url": "/api/v2/version-group/20/"
            }
        },
        {
            "flavor_text": "\u53d7\u5230\u653b\u64ca\u6642\uff0c\n\u6709\u6642\u6703\u628a\u5c0d\u624b\u7684\u62db\u5f0f\n\u8b8a\u70ba\u5b9a\u8eab\u6cd5\u72c0\u614b\u3002",
            "language": {
                "name": "zh-Hant",
                "url": "/api/v2/language/4/"
            },
            "version_group": {
                "name": "sword-shield",
                "url": "/api/v2/version-group/20/"
            }
        },
        {
            "flavor_text": "Quand le Pok\u00e9mon est touch\u00e9 par une capacit\u00e9,\nil inflige parfois Entrave sur celle-ci.",
            "language": {
                "name": "fr",
                "url": "/api/v2/language/5/"
            },
            "version_group": {
                "name": "sword-shield",
                "url": "/api/v2/version-group/20/"
            }
        },
        {
            "flavor_text": "Blockiert eventuell die Attacke, mit welcher der\nAngreifer es getroffen hat.",
            "language": {
                "name": "de",
                "url": "/api/v2/language/6/"
            },
            "version_group": {
                "name": "sword-shield",
                "url": "/api/v2/version-group/20/"
            }
        },
        {
            "flavor_text": "Puede anular el movimiento usado en su contra.",
            "language": {
                "name": "es",
                "url": "/api/v2/language/7/"
            },
            "version_group": {
                "name": "sword-shield",
                "url": "/api/v2/version-group/20/"
            }
        },
        {
            "flavor_text": "Pu\u00f2 bloccare la mossa subita dal Pok\u00e9mon.",
            "language": {
                "name": "it",
                "url": "/api/v2/language/8/"
            },
            "version_group": {
                "name": "sword-shield",
                "url": "/api/v2/version-group/20/"
            }
        },
        {
            "flavor_text": "May disable a move used on the Pok\u00e9mon.",
            "language": {
                "name": "en",
                "url": "/api/v2/language/9/"
            },
            "version_group": {
                "name": "sword-shield",
                "url": "/api/v2/version-group/20/"
            }
        },
        {
            "flavor_text": "\u653b\u6483\u3092\u3000\u53d7\u3051\u308b\u3068\u3000\u76f8\u624b\u306e\u3000\u6280\u3092\n\u304b\u306a\u3057\u3070\u308a\u72b6\u614b\u306b\n\u3059\u308b\u3053\u3068\u304c\u3000\u3042\u308b\u3002",
            "language": {
                "name": "ja",
                "url": "/api/v2/language/11/"
            },
            "version_group": {
                "name": "sword-shield",
                "url": "/api/v2/version-group/20/"
            }
        },
        {
            "flavor_text": "\u53d7\u5230\u653b\u51fb\u65f6\uff0c\n\u6709\u65f6\u4f1a\u628a\u5bf9\u624b\u7684\u62db\u5f0f\n\u53d8\u4e3a\u5b9a\u8eab\u6cd5\u72b6\u6001\u3002",
            "language": {
                "name": "zh-Hans",
                "url": "/api/v2/language/12/"
            },
            "version_group": {
                "name": "sword-shield",
                "url": "/api/v2/version-group/20/"
            }
        },
        {
            "flavor_text": "Quand le Pok\u00e9mon est touch\u00e9 par une capacit\u00e9 adverse,\\nil inflige parfois Entrave sur celle-ci.",
            "language": {
                "name": "fr",
                "url": "/api/v2/language/5/"
            },
            "version_group": {
                "name": "scarlet-violet",
                "url": "/api/v2/version-group/25/"
            }
        },
        {
            "flavor_text": "May disable a move that has dealt damage to the Pok\u00e9mon.",
            "language": {
                "name": "en",
                "url": "/api/v2/language/9/"
            },
            "version_group": {
                "name": "scarlet-violet",
                "url": "/api/v2/version-group/25/"
            }
        }
    ],
    "generation": {
        "name": "generation-v",
        "url": "/api/v2/generation/5/"
    },
    "id": 130,
    "is_main_series": true,
    "name": "cursed-body",
    "names": [
        {
            "language": {
                "name": "ja-Hrkt",
                "url": "/api/v2/language/1/"
            },
            "name": "\u306e\u308d\u308f\u308c\u30dc\u30c7\u30a3"
        },
        {
            "language": {
                "name": "ko",
                "url": "/api/v2/language/3/"
            },
            "name": "\uc800\uc8fc\ubc1b\uc740\ubc14\ub514"
        },
        {
            "language": {
                "name": "zh-Hant",
                "url": "/api/v2/language/4/"
            },
            "name": "\u8a5b\u5492\u4e4b\u8ec0"
        },
        {
            "language": {
                "name": "fr",
                "url": "/api/v2/language/5/"
            },
            "name": "Corps Maudit"
        },
        {
            "language": {
                "name": "de",
                "url": "/api/v2/language/6/"
            },
            "name": "Tastfluch"
        },
        {
            "language": {
                "name": "es",
                "url": "/api/v2/language/7/"
            },
            "name": "Cuerpo Maldito"
        },
        {
            "language": {
                "name": "it",
                "url": "/api/v2/language/8/"
            },
            "name": "Corpofunesto"
        },
        {
            "language": {
                "name": "en",
                "url": "/api/v2/language/9/"
            },
            "name": "Cursed Body"
        },
        {
            "language": {
                "name": "ja",
                "url": "/api/v2/language/11/"
            },
            "name": "\u306e\u308d\u308f\u308c\u30dc\u30c7\u30a3"
        },
        {
            "language": {
                "name": "zh-Hans",
                "url": "/api/v2/language/12/"
            },
            "name": "\u8bc5\u5492\u4e4b\u8eaf"
        }
    ],
    "pokemon": [
        {
            "is_hidden": false,
            "pokemon": {
                "name": "gengar",
                "url": "/api/v2/pokemon/94/"
            },
            "slot": 1
        },
        {
            "is_hidden": true,
            "pokemon": {
                "name": "shuppet",
                "url": "/api/v2/pokemon/353/"
            },
            "slot": 3
        },
        {
            "is_hidden": true,
            "pokemon": {
                "name": "banette",
                "url": "/api/v2/pokemon/354/"
            },
            "slot": 3
        },
        {
            "is_hidden": true,
            "pokemon": {
                "name": "froslass",
                "url": "/api/v2/pokemon/478/"
            },
            "slot": 3
        },
        {
            "is_hidden": false,
            "pokemon": {
                "name": "frillish",
                "url": "/api/v2/pokemon/592/"
            },
            "slot": 2
        },
        {
            "is_hidden": false,
            "pokemon": {
                "name": "jellicent",
                "url": "/api/v2/pokemon/593/"
            },
            "slot": 2
        },
        {
            "is_hidden": true,
            "pokemon": {
                "name": "sinistea",
                "url": "/api/v2/pokemon/854/"
            },
            "slot": 3
        },
        {
            "is_hidden": true,
            "pokemon": {
                "name": "polteageist",
                "url": "/api/v2/pokemon/855/"
            },
            "slot": 3
        },
        {
            "is_hidden": true,
            "pokemon": {
                "name": "dreepy",
                "url": "/api/v2/pokemon/885/"
            },
            "slot": 3
        },
        {
            "is_hidden": true,
            "pokemon": {
                "name": "drakloak",
                "url": "/api/v2/pokemon/886/"
            },
            "slot": 3
        },
        {
            "is_hidden": true,
            "pokemon": {
                "name": "dragapult",
                "url": "/api/v2/pokemon/887/"
            },
            "slot": 3
        },
        {
            "is_hidden": false,
            "pokemon": {
                "name": "marowak-alola",
                "url": "/api/v2/pokemon/10115/"
            },
            "slot": 1
        },
        {
            "is_hidden": false,
            "pokemon": {
                "name": "marowak-totem",
                "url": "/api/v2/pokemon/10149/"
            },
            "slot": 1
        },
        {
            "is_hidden": true,
            "pokemon": {
                "name": "corsola-galar",
                "url": "/api/v2/pokemon/10173/"
            },
            "slot": 3
        },
        {
            "is_hidden": false,
            "pokemon": {
                "name": "gengar-gmax",
                "url": "/api/v2/pokemon/10202/"
            },
            "slot": 1
        }
    ]
}