{
    "effect_changes": [
        {
            "effect_entries": [
                {
                    "effect": "Hat au\u00dferhalb vom Kampf keinen Effekt.",
                    "language": {
                        "name": "de",
                        "url": "/api/v2/language/6/"
                    }
                },
                {
                    "effect": "Has no overworld effect.",
                    "language": {
                        "name": "en",
                        "url": "/api/v2/language/9/"
                    }
                }
            ],
            "version_group": {
                "name": "emerald",
                "url": "/api/v2/version-group/6/"
            }
        }
    ],
    "effect_entries": [
        {
            "effect": "Solange sich ein Pok\u00e9mon mit dieser F\u00e4higkeit im Kampf befindet, werden steel Pok\u00e9mon daran gehindert zu fliehen oder ausgetauscht zu werden.\n\nPok\u00e9mon mit der F\u00e4higkeit run away k\u00f6nnen trotzdem fliehen. Pok\u00e9mon k\u00f6nnen trotzdem mit Hilfe von bestimmten Items oder Attacken ausgetauscht werden.\n\nAu\u00dferhalb vom Kampf: Wenn ein Pok\u00e9mon mit dieser F\u00e4higkeit an erster Stelle im Team steht, erh\u00f6ht sich die Chance wilden steel Pok\u00e9mon zu begegnen.",
            "language": {
                "name": "de",
                "url": "/api/v2/language/6/"
            },
            "short_effect": "Verhindert, dass steel Pok\u00e9mon fliehen oder ausgetauscht werden k\u00f6nnen."
        },
        {
            "effect": "While this Pok\u00e9mon is in battle, opposing steel-type Pok\u00e9mon cannot flee or switch out.\n\nPok\u00e9mon with run away can still flee.  Pok\u00e9mon can still switch out with the use of a move or item.\n\nOverworld: If the lead Pok\u00e9mon has this ability, Steel-type Pok\u00e9mon have a higher encounter rate.",
            "language": {
                "name": "en",
                "url": "/api/v2/language/9/"
            },
            "short_effect": "Prevents steel opponents from fleeing or switching out."
        }
    ],
    "flavor_text_entries": [
        {
            "flavor_text": "Pi\u00e8ge les POK\u00e9MON ACIER.",
            "language": {
                "name": "fr",
                "url": "/api/v2/language/5/"
            },
            "version_group": {
                "name": "ruby-sapphire",
                "url": "/api/v2/version-group/5/"
            }
        },
        {
            "flavor_text": "Traps STEEL-type POK\u00e9MON.",
            "language": {
                "name": "en",
                "url": "/api/v2/language/9/"
            },
            "version_group": {
                "name": "ruby-sapphire",
                "url": "/api/v2/version-group/5/"
            }
        },
        {
            "flavor_text": "Pi\u00e8ge les POK\u00e9MON ACIER.",
            "language": {
                "name": "fr",
                "url": "/api/v2/language/5/"
            },
            "version_group": {
                "name": "emerald",
                "url": "/api/v2/version-group/6/"
            }
        },
        {
            "flavor_text": "Traps STEEL-type POK\u00e9MON.",
            "language": {
                "name": "en",
                "url": "/api/v2/language/9/"
            },
            "version_group": {
                "name": "emerald",
                "url": "/api/v2/version-group/6/"
            }
        },
        {
            "flavor_text": "Pi\u00e8ge les POK\u00e9MON ACIER.",
            "language": {
                "name": "fr",
                "url": "/api/v2/language/5/"
            },
            "version_group": {
                "name": "firered-leafgreen",
                "url": "/api/v2/version-group/7/"
            }
        },
        {
            "flavor_text": "Traps STEEL-type POK\u00e9MON.",
            "language": {
                "name": "en",
                "url": "/api/v2/language/9/"
            },
            "version_group": {
                "name": "firered-leafgreen",
                "url": "/api/v2/version-group/7/"
            }
        },
        {
            "flavor_text": "Emp\u00eache les Pok\u00e9mon Acier de fuir.",
            "language": {
                "name": "fr",
                "url": "/api/v2/language/5/"
            },
            "version_group": {
                "name": "diamond-pearl",
                "url": "/api/v2/version-group/8/"
            }
        },
        {
            "flavor_text": "Prevents Steel-type\nPok\u00e9mon from escaping.",
            "language": {
                "name": "en",
                "url": "/api/v2/language/9/"
            },
            "version_group": {
                "name": "diamond-pearl",
                "url": "/api/v2/version-group/8/"
            }
        },
        {
            "flavor_text": "Emp\u00eache les Pok\u00e9mon Acier de fuir.",
            "language": {
                "name": "fr",
                "url": "/api/v2/language/5/"
            },
            "version_group": {
                "name": "platinum",
                "url": "/api/v2/version-group/9/"
            }
        },
        {
            "flavor_text": "Prevents Steel-type\nPok\u00e9mon from escaping.",
            "language": {
                "name": "en",
                "url": "/api/v2/language/9/"
            },
            "version_group": {
                "name": "platinum",
                "url": "/api/v2/version-group/9/"
            }
        },
        {
            "flavor_text": "Emp\u00eache les Pok\u00e9mon Acier de fuir.",
            "language": {
                "name": "fr",
                "url": "/api/v2/language/5/"
            },
            "version_group": {
                "name": "heartgold-soulsilver",
                "url": "/api/v2/version-group/10/"
            }
        },
        {
            "flavor_text": "Prevents Steel-type\nPok\u00e9mon from escaping.",
            "language": {
                "name": "en",
                "url": "/api/v2/language/9/"
            },
            "version_group": {
                "name": "heartgold-soulsilver",
                "url": "/api/v2/version-group/10/"
            }
        },
        {
            "flavor_text": "Emp\u00eache les Pok\u00e9mon Acier de fuir.",
            "language": {
                "name": "fr",
                "url": "/api/v2/language/5/"
            },
            "version_group": {
                "name": "black-white",
                "url": "/api/v2/version-group/11/"
            }
        },
        {
            "flavor_text": "Emp\u00eache les Pok\u00e9mon Acier\nde fuir.",
            "language": {
                "name": "fr",
                "url": "/api/v2/language/5/"
            },
            "version_group": {
                "name": "black-white",
                "url": "/api/v2/version-group/11/"
            }
        },
        {
            "flavor_text": "Prevents Steel-type\nPok\u00e9mon from escaping.",
            "language": {
                "name": "en",
                "url": "/api/v2/language/9/"
            },
            "version_group": {
                "name": "black-white",
                "url": "/api/v2/version-group/11/"
            }
        },
        {
            "flavor_text": "Emp\u00eache les Pok\u00e9mon Acier de fuir.",
            "language": {
                "name": "fr",
                "url": "/api/v2/language/5/"
            },
            "version_group": {
                "name": "xd",
                "url": "/api/v2/version-group/13/"
            }
        },
        {
            "flavor_text": "Emp\u00eache les Pok\u00e9mon Acier de fuir.",
            "language": {
                "name": "fr",
                "url": "/api/v2/language/5/"
            },
            "version_group": {
                "name": "black-2-white-2",
                "url": "/api/v2/version-group/14/"
            }
        },
        {
            "flavor_text": "Prevents Steel-type\nPok\u00e9mon from escaping.",
            "language": {
                "name": "en",
                "url": "/api/v2/language/9/"
            },
            "version_group": {
                "name": "black-2-white-2",
                "url": "/api/v2/version-group/14/"
            }
        },
        {
            "flavor_text": "\u306f\u304c\u306d\u306e\u3000\u30dd\u30b1\u30e2\u30f3\u3092\n\u306b\u3052\u3089\u308c\u306a\u304f\u3059\u308b\u3002",
            "language": {
                "name": "ja-Hrkt",
                "url": "/api/v2/language/1/"
            },
            "version_group": {
                "name": "x-y",
                "url": "/api/v2/version-group/15/"
            }
        },
        {
            "flavor_text": "\uac15\ucca0\uc758 \ud3ec\ucf13\ubaac\uc744\n\ub3c4\ub9dd\uce60 \uc218 \uc5c6\uac8c \ud55c\ub2e4.",
            "language": {
                "name": "ko",
                "url": "/api/v2/language/3/"
            },
            "version_group": {
                "name": "x-y",
                "url": "/api/v2/version-group/15/"
            }
        },
        {
            "flavor_text": "Emp\u00eache les Pok\u00e9mon Acier\nde fuir.",
            "language": {
                "name": "fr",
                "url": "/api/v2/language/5/"
            },
            "version_group": {
                "name": "x-y",
                "url": "/api/v2/version-group/15/"
            }
        },
        {
            "flavor_text": "Hindert Stahl-Pok\u00e9mon\nan der Flucht.",
            "language": {
                "name": "de",
                "url": "/api/v2/language/6/"
            },
            "version_group": {
                "name": "x-y",
                "url": "/api/v2/version-group/15/"
            }
        },
        {
            "flavor_text": "Impide huir a los Pok\u00e9mon de\ntipo Acero.",
            "language": {
                "name": "es",
                "url": "/api/v2/language/7/"
            },
            "version_group": {
                "name": "x-y",
                "url": "/api/v2/version-group/15/"
            }
        },
        {
            "flavor_text": "Impedisce la fuga ai Pok\u00e9mon\ndi tipo Acciaio.",
            "language": {
                "name": "it",
                "url": "/api/v2/language/8/"
            },
            "version_group": {
                "name": "x-y",
                "url": "/api/v2/version-group/15/"
            }
        },
        {
            "flavor_text": "Prevents Steel-type\nPok\u00e9mon from escaping.",
            "language": {
                "name": "en",
                "url": "/api/v2/language/9/"
            },
            "version_group": {
                "name": "x-y",
                "url": "/api/v2/version-group/15/"
            }
        },
        {
            "flavor_text": "\u306f\u304c\u306d\u306e\u3000\u30dd\u30b1\u30e2\u30f3\u3092\n\u9003\u3052\u3089\u308c\u306a\u304f\u3059\u308b\u3002",
            "language": {
                "name": "ja",
                "url": "/api/v2/language/11/"
            },
            "version_group": {
                "name": "x-y",
                "url": "/api/v2/version-group/15/"
            }
        },
        {
            "flavor_text": "\u306f\u304c\u306d\u306e\u3000\u30dd\u30b1\u30e2\u30f3\u3092\n\u306b\u3052\u3089\u308c\u306a\u304f\u3059\u308b\u3002",
            "language": {
                "name": "ja-Hrkt",
                "url": "/api/v2/language/1/"
            },
            "version_group": {
                "name": "omega-ruby-alpha-sapphire",
                "url": "/api/v2/version-group/16/"
            }
        },
        {
            "flavor_text": "\uac15\ucca0\uc758 \ud3ec\ucf13\ubaac\uc744\n\ub3c4\ub9dd\uce60 \uc218 \uc5c6\uac8c \ud55c\ub2e4.",
            "language": {
                "name": "ko",
                "url": "/api/v2/language/3/"
            },
            "version_group": {
                "name": "omega-ruby-alpha-sapphire",
                "url": "/api/v2/version-group/16/"
            }
        },
        {
            "flavor_text": "Emp\u00eache les Pok\u00e9mon Acier de fuir.",
            "language": {
                "name": "fr",
                "url": "/api/v2/language/5/"
            },
            "version_group": {
                "name": "omega-ruby-alpha-sapphire",
                "url": "/api/v2/version-group/16/"
            }
        },
        {
            "flavor_text": "Emp\u00eache les Pok\u00e9mon Acier\nde fuir.",
            "language": {
                "name": "fr",
                "url": "/api/v2/language/5/"
            },
            "version_group": {
                "name": "omega-ruby-alpha-sapphire",
                "url": "/api/v2/version-group/16/"
            }
        },
        {
            "flavor_text": "Hindert Stahl-Pok\u00e9mon\nan der Flucht.",
            "language": {
                "name": "de",
                "url": "/api/v2/language/6/"
            },
            "version_group": {
                "name": "omega-ruby-alpha-sapphire",
                "url": "/api/v2/version-group/16/"
            }
        },
        {
            "flavor_text": "Impide huir a los Pok\u00e9mon de\ntipo Acero.",
            "language": {
                "name": "es",
                "url": "/api/v2/language/7/"
            },
            "version_group": {
                "name": "omega-ruby-alpha-sapphire",
                "url": "/api/v2/version-group/16/"
            }
        },
        {
            "flavor_text": "Impedisce la fuga ai Pok\u00e9mon\ndi tipo Acciaio.",
            "language": {
                "name": "it",
                "url": "/api/v2/language/8/"
            },
            "version_group": {
                "name": "omega-ruby-alpha-sapphire",
                "url": "/api/v2/version-group/16/"
            }
        },
        {
            "flavor_text": "Prevents Steel-type\nPok\u00e9mon from escaping.",
            "language": {
                "name": "en",
                "url": "/api/v2/language/9/"
            },
            "version_group": {
                "name": "omega-ruby-alpha-sapphire",
                "url": "/api/v2/version-group/16/"
            }
        },
        {
            "flavor_text": "\u306f\u304c\u306d\u306e\u3000\u30dd\u30b1\u30e2\u30f3\u3092\n\u9003\u3052\u3089\u308c\u306a\u304f\u3059\u308b\u3002",
            "language": {
                "name": "ja",
                "url": "/api/v2/language/11/"
            },
            "version_group": {
                "name": "omega-ruby-alpha-sapphire",
                "url": "/api/v2/version-group/16/"
            }
        },
        {
            "flavor_text": "\u306f\u304c\u306d\u30bf\u30a4\u30d7\u306e\u3000\u30dd\u30b1\u30e2\u30f3\u3092\n\u3058\u308a\u3087\u304f\u3067\u3000\u3072\u304d\u3064\u3051\u3066\n\u306b\u3052\u3089\u308c\u306a\u304f\u3059\u308b\u3002",
            "language": {
                "name": "ja-Hrkt",
                "url": "/api/v2/language/1/"
            },
            "version_group": {
                "name": "sun-moon",
                "url": "/api/v2/version-group/17/"
            }
        },
        {
            "flavor_text": "\uac15\ucca0\ud0c0\uc785\uc758 \ud3ec\ucf13\ubaac\uc744\n\uc790\ub825\uc73c\ub85c \ub04c\uc5b4\ubaa8\uc544\n\ub3c4\ub9dd\uce60 \uc218 \uc5c6\uac8c \ud55c\ub2e4.",
            "language": {
                "name": "ko",
                "url": "/api/v2/language/3/"
            },
            "version_group": {
                "name": "sun-moon",
                "url": "/api/v2/version-group/17/"
            }
        },
        {
            "flavor_text": "\u7528\u78c1\u529b\u5438\u4f4f\u92fc\u5c6c\u6027\u7684\u5bf6\u53ef\u5922\uff0c\n\u4f7f\u5176\u7121\u6cd5\u9003\u8d70\u3002",
            "language": {
                "name": "zh-Hant",
                "url": "/api/v2/language/4/"
            },
            "version_group": {
                "name": "sun-moon",
                "url": "/api/v2/version-group/17/"
            }
        },
        {
            "flavor_text": "Attire les Pok\u00e9mon Acier gr\u00e2ce \u00e0 un champ magn\u00e9tique, ce qui les emp\u00eache de fuir.",
            "language": {
                "name": "fr",
                "url": "/api/v2/language/5/"
            },
            "version_group": {
                "name": "sun-moon",
                "url": "/api/v2/version-group/17/"
            }
        },
        {
            "flavor_text": "Attire les Pok\u00e9mon Acier gr\u00e2ce \u00e0 un champ\nmagn\u00e9tique, ce qui les emp\u00eache de fuir.",
            "language": {
                "name": "fr",
                "url": "/api/v2/language/5/"
            },
            "version_group": {
                "name": "sun-moon",
                "url": "/api/v2/version-group/17/"
            }
        },
        {
            "flavor_text": "Hindert Stahl-Pok\u00e9mon durch Magnetismus an der\nFlucht.",
            "language": {
                "name": "de",
                "url": "/api/v2/language/6/"
            },
            "version_group": {
                "name": "sun-moon",
                "url": "/api/v2/version-group/17/"
            }
        },
        {
            "flavor_text": "Su magnetismo atrae a los Pok\u00e9mon de tipo Acero y\nles impide huir.",
            "language": {
                "name": "es",
                "url": "/api/v2/language/7/"
            },
            "version_group": {
                "name": "sun-moon",
                "url": "/api/v2/version-group/17/"
            }
        },
        {
            "flavor_text": "La carica magnetica attrae i Pok\u00e9mon di tipo\nAcciaio impedendone la fuga o la sostituzione.",
            "language": {
                "name": "it",
                "url": "/api/v2/language/8/"
            },
            "version_group": {
                "name": "sun-moon",
                "url": "/api/v2/version-group/17/"
            }
        },
        {
            "flavor_text": "Prevents Steel-type Pok\u00e9mon from escaping using\nits magnetic force.",
            "language": {
                "name": "en",
                "url": "/api/v2/language/9/"
            },
            "version_group": {
                "name": "sun-moon",
                "url": "/api/v2/version-group/17/"
            }
        },
        {
            "flavor_text": "\u306f\u304c\u306d\u30bf\u30a4\u30d7\u306e\u3000\u30dd\u30b1\u30e2\u30f3\u3092\n\u78c1\u529b\u3067\u3000\u5f15\u304d\u3064\u3051\u3066\n\u9003\u3052\u3089\u308c\u306a\u304f\u3059\u308b\u3002",
            "language": {
                "name": "ja",
                "url": "/api/v2/language/11/"
            },
            "version_group": {
                "name": "sun-moon",
                "url": "/api/v2/version-group/17/"
            }
        },
        {
            "flavor_text": "\u7528\u78c1\u529b\u5438\u4f4f\u94a2\u5c5e\u6027\u7684\u5b9d\u53ef\u68a6\uff0c\n\u4f7f\u5176\u65e0\u6cd5\u9003\u8d70\u3002",
            "language": {
                "name": "zh-Hans",
                "url": "/api/v2/language/12/"
            },
            "version_group": {
                "name": "sun-moon",
                "url": "/api/v2/version-group/17/"
            }
        },
        {
            "flavor_text": "\u306f\u304c\u306d\u30bf\u30a4\u30d7\u306e\u3000\u30dd\u30b1\u30e2\u30f3\u3092\n\u3058\u308a\u3087\u304f\u3067\u3000\u3072\u304d\u3064\u3051\u3066\n\u306b\u3052\u3089\u308c\u306a\u304f\u3059\u308b\u3002",
            "language": {
                "name": "ja-Hrkt",
                "url": "/api/v2/language/1/"
            },
            "version_group": {
                "name": "ultra-sun-ultra-moon",
                "url": "/api/v2/version-group/18/"
            }
        },
        {
            "flavor_text": "\uac15\ucca0\ud0c0\uc785\uc758 \ud3ec\ucf13\ubaac\uc744\n\uc790\ub825\uc73c\ub85c \ub04c\uc5b4\ubaa8\uc544\n\ub3c4\ub9dd\uce60 \uc218 \uc5c6\uac8c \ud55c\ub2e4.",
            "language": {
                "name": "ko",
                "url": "/api/v2/language/3/"
            },
            "version_group": {
                "name": "ultra-sun-ultra-moon",
                "url": "/api/v2/version-group/18/"
            }
        },
        {
            "flavor_text": "\u7528\u78c1\u529b\u5438\u4f4f\u92fc\u5c6c\u6027\u7684\u5bf6\u53ef\u5922\uff0c\n\u4f7f\u5176\u7121\u6cd5\u9003\u8d70\u3002",
            "language": {
                "name": "zh-Hant",
                "url": "/api/v2/language/4/"
            },
            "version_group": {
                "name": "ultra-sun-ultra-moon",
                "url": "/api/v2/version-group/18/"
            }
        },
        {
            "flavor_text": "Attire les Pok\u00e9mon Acier gr\u00e2ce \u00e0 un champ magn\u00e9tique, ce qui les emp\u00eache de fuir.",
            "language": {
                "name": "fr",
                "url": "/api/v2/language/5/"
            },
            "version_group": {
                "name": "ultra-sun-ultra-moon",
                "url": "/api/v2/version-group/18/"
            }
        },
        {
            "flavor_text": "Attire les Pok\u00e9mon Acier gr\u00e2ce \u00e0 un champ\nmagn\u00e9tique, ce qui les emp\u00eache de fuir.",
            "language": {
                "name": "fr",
                "url": "/api/v2/language/5/"
            },
            "version_group": {
                "name": "ultra-sun-ultra-moon",
                "url": "/api/v2/version-group/18/"
            }
        },
        {
            "flavor_text": "Hindert Stahl-Pok\u00e9mon durch Magnetismus an der\nFlucht.",
            "language": {
                "name": "de",
                "url": "/api/v2/language/6/"
            },
            "version_group": {
                "name": "ultra-sun-ultra-moon",
                "url": "/api/v2/version-group/18/"
            }
        },
        {
            "flavor_text": "Su magnetismo atrae a los Pok\u00e9mon de tipo Acero y\nles impide huir.",
            "language": {
                "name": "es",
                "url": "/api/v2/language/7/"
            },
            "version_group": {
                "name": "ultra-sun-ultra-moon",
                "url": "/api/v2/version-group/18/"
            }
        },
        {
            "flavor_text": "La carica magnetica attrae i Pok\u00e9mon di tipo\nAcciaio impedendone la fuga o la sostituzione.",
            "language": {
                "name": "it",
                "url": "/api/v2/language/8/"
            },
            "version_group": {
                "name": "ultra-sun-ultra-moon",
                "url": "/api/v2/version-group/18/"
            }
        },
        {
            "flavor_text": "Prevents Steel-type Pok\u00e9mon from escaping using\nits magnetic force.",
            "language": {
                "name": "en",
                "url": "/api/v2/language/9/"
            },
            "version_group": {
                "name": "ultra-sun-ultra-moon",
                "url": "/api/v2/version-group/18/"
            }
        },
        {
            "flavor_text": "\u306f\u304c\u306d\u30bf\u30a4\u30d7\u306e\u3000\u30dd\u30b1\u30e2\u30f3\u3092\n\u78c1\u529b\u3067\u3000\u5f15\u304d\u3064\u3051\u3066\n\u9003\u3052\u3089\u308c\u306a\u304f\u3059\u308b\u3002",
            "language": {
                "name": "ja",
                "url": "/api/v2/language/11/"
            },
            "version_group": {
                "name": "ultra-sun-ultra-moon",
                "url": "/api/v2/version-group/18/"
            }
        },
        {
            "flavor_text": "\u7528\u78c1\u529b\u5438\u4f4f\u94a2\u5c5e\u6027\u7684\u5b9d\u53ef\u68a6\uff0c\n\u4f7f\u5176\u65e0\u6cd5\u9003\u8d70\u3002",
            "language": {
                "name": "zh-Hans",
                "url": "/api/v2/language/12/"
            },
            "version_group": {
                "name": "ultra-sun-ultra-moon",
                "url": "/api/v2/version-group/18/"
            }
        },
        {
            "flavor_text": "\u306f\u304c\u306d\u30bf\u30a4\u30d7\u306e\u3000\u30dd\u30b1\u30e2\u30f3\u3092\n\u3058\u308a\u3087\u304f\u3067\u3000\u3072\u304d\u3064\u3051\u3066\n\u306b\u3052\u3089\u308c\u306a\u304f\u3059\u308b\u3002",
            "language": {
                "name": "ja-Hrkt",
                "url": "/api/v2/language/1/"
            },
            "version_group": {
                "name": "lets-go-pikachu-lets-go-eevee",
                "url": "/api/v2/version-group/19/"
            }
        },
        {
            "flavor_text": "\uac15\ucca0\ud0c0\uc785\uc758 \ud3ec\ucf13\ubaac\uc744\n\uc790\ub825\uc73c\ub85c \ub04c\uc5b4\ubaa8\uc544\n\ub3c4\ub9dd\uce60 \uc218 \uc5c6\uac8c \ud55c\ub2e4.",
            "language": {
                "name": "ko",
                "url": "/api/v2/language/3/"
            },
            "version_group": {
                "name": "lets-go-pikachu-lets-go-eevee",
                "url": "/api/v2/version-group/19/"
            }
        },
        {
            "flavor_text": "\u7528\u78c1\u529b\u5438\u4f4f\u92fc\u5c6c\u6027\u7684\u5bf6\u53ef\u5922\uff0c\n\u4f7f\u5176\u7121\u6cd5\u9003\u8d70\u3002",
            "language": {
                "name": "zh-Hant",
                "url": "/api/v2/language/4/"
            },
            "version_group": {
                "name": "lets-go-pikachu-lets-go-eevee",
                "url": "/api/v2/version-group/19/"
            }
        },
        {
            "flavor_text": "Attire les Pok\u00e9mon Acier gr\u00e2ce \u00e0 un champ\nmagn\u00e9tique, ce qui les emp\u00eache de fuir.",
            "language": {
                "name": "fr",
                "url": "/api/v2/language/5/"
            },
            "version_group": {
                "name": "lets-go-pikachu-lets-go-eevee",
                "url": "/api/v2/version-group/19/"
            }
        },
        {
            "flavor_text": "Hindert Stahl-Pok\u00e9mon durch Magnetismus an der\nFlucht.",
            "language": {
                "name": "de",
                "url": "/api/v2/language/6/"
            },
            "version_group": {
                "name": "lets-go-pikachu-lets-go-eevee",
                "url": "/api/v2/version-group/19/"
            }
        },
        {
            "flavor_text": "Su magnetismo atrae a los Pok\u00e9mon de tipo Acero y\nles impide huir.",
            "language": {
                "name": "es",
                "url": "/api/v2/language/7/"
            },
            "version_group": {
                "name": "lets-go-pikachu-lets-go-eevee",
                "url": "/api/v2/version-group/19/"
            }
        },
        {
            "flavor_text": "La carica magnetica attrae i Pok\u00e9mon di tipo\nAcciaio impedendone la fuga o la sostituzione.",
            "language": {
                "name": "it",
                "url": "/api/v2/language/8/"
            },
            "version_group": {
                "name": "lets-go-pikachu-lets-go-eevee",
                "url": "/api/v2/version-group/19/"
            }
        },
        {
            "flavor_text": "Prevents Steel-type Pok\u00e9mon from escaping using\nits magnetic force.",
            "language": {
                "name": "en",
                "url": "/api/v2/language/9/"
            },
            "version_group": {
                "name": "lets-go-pikachu-lets-go-eevee",
                "url": "/api/v2/version-group/19/"
            }
        },
        {
            "flavor_text": "\u306f\u304c\u306d\u30bf\u30a4\u30d7\u306e\u3000\u30dd\u30b1\u30e2\u30f3\u3092\n\u78c1\u529b\u3067\u3000\u5f15\u304d\u3064\u3051\u3066\n\u9003\u3052\u3089\u308c\u306a\u304f\u3059\u308b\u3002",
            "language": {
                "name": "ja",
                "url": "/api/v2/language/11/"
            },
            "version_group": {
                "name": "lets-go-pikachu-lets-go-eevee",
                "url": "/api/v2/version-group/19/"
            }
        },
        {
            "flavor_text": "\u7528\u78c1\u529b\u5438\u4f4f\u94a2\u5c5e\u6027\u7684\u5b9d\u53ef\u68a6\uff0c\n\u4f7f\u5176\u65e0\u6cd5\u9003\u8d70\u3002",
            "language": {
                "name": "zh-Hans",
                "url": "/api/v2/language/12/"
            },
            "version_group": {
                "name": "lets-go-pikachu-lets-go-eevee",
                "url": "/api/v2/version-group/19/"
            }
        },
        {
            "flavor_text": "\u306f\u304c\u306d\u30bf\u30a4\u30d7\u306e\u3000\u30dd\u30b1\u30e2\u30f3\u3092\n\u3058\u308a\u3087\u304f\u3067\u3000\u3072\u304d\u3064\u3051\u3066\n\u306b\u3052\u3089\u308c\u306a\u304f\u3059\u308b\u3002",
            "language": {
                "name": "ja-Hrkt",
                "url": "/api/v2/language/1/"
            },
            "version_group": {
                "name": "sword-shield",
                "url": "/api/v2/version-group/20/"
            }
        },
        {
            "flavor_text": "\uac15\ucca0\ud0c0\uc785\uc758 \ud3ec\ucf13\ubaac\uc744\n\uc790\ub825\uc73c\ub85c \ub04c\uc5b4\ubaa8\uc544\n\ub3c4\ub9dd\uce60 \uc218 \uc5c6\uac8c \ud55c\ub2e4.",
            "language": {
                "name": "ko",
                "url": "/api/v2/language/3/"
            },
            "version_group": {
                "name": "sword-shield",
                "url": "/api/v2/version-group/20/"
            }
        },
        {
            "flavor_text": "\u7528\u78c1\u529b\u5438\u4f4f\u92fc\u5c6c\u6027\u7684\u5bf6\u53ef\u5922\uff0c\n\u4f7f\u5176\u7121\u6cd5\u9003\u8d70\u3002",
            "language": {
                "name": "zh-Hant",
                "url": "/api/v2/language/4/"
            },
            "version_group": {
                "name": "sword-shield",
                "url": "/api/v2/version-group/20/"
            }
        },
        {
            "flavor_text": "Attire les Pok\u00e9mon Acier gr\u00e2ce \u00e0 un champ magn\u00e9tique, ce qui les emp\u00eache de fuir.",
            "language": {
                "name": "fr",
                "url": "/api/v2/language/5/"
            },
            "version_group": {
                "name": "sword-shield",
                "url": "/api/v2/version-group/20/"
            }
        },
        {
            "flavor_text": "Attire les Pok\u00e9mon Acier gr\u00e2ce \u00e0 un champ magn\u00e9tique,\nce qui les emp\u00eache de fuir.",
            "language": {
                "name": "fr",
                "url": "/api/v2/language/5/"
            },
            "version_group": {
                "name": "sword-shield",
                "url": "/api/v2/version-group/20/"
            }
        },
        {
            "flavor_text": "Hindert Stahl-Pok\u00e9mon durch Magnetismus an der\nFlucht.",
            "language": {
                "name": "de",
                "url": "/api/v2/language/6/"
            },
            "version_group": {
                "name": "sword-shield",
                "url": "/api/v2/version-group/20/"
            }
        },
        {
            "flavor_text": "Su magnetismo atrae a los Pok\u00e9mon de tipo Acero y\nles impide huir.",
            "language": {
                "name": "es",
                "url": "/api/v2/language/7/"
            },
            "version_group": {
                "name": "sword-shield",
                "url": "/api/v2/version-group/20/"
            }
        },
        {
            "flavor_text": "La carica magnetica attrae i Pok\u00e9mon di tipo\nAcciaio impedendogli la fuga o la sostituzione.",
            "language": {
                "name": "it",
                "url": "/api/v2/language/8/"
            },
            "version_group": {
                "name": "sword-shield",
                "url": "/api/v2/version-group/20/"
            }
        },
        {
            "flavor_text": "Prevents Steel-type Pok\u00e9mon from escaping using\nits magnetic force.",
            "language": {
                "name": "en",
                "url": "/api/v2/language/9/"
            },
            "version_group": {
                "name": "sword-shield",
                "url": "/api/v2/version-group/20/"
            }
        },
        {
            "flavor_text": "\u306f\u304c\u306d\u30bf\u30a4\u30d7\u306e\u3000\u30dd\u30b1\u30e2\u30f3\u3092\n\u78c1\u529b\u3067\u3000\u5f15\u304d\u3064\u3051\u3066\n\u9003\u3052\u3089\u308c\u306a\u304f\u3059\u308b\u3002",
            "language": {
                "name": "ja",
                "url": "/api/v2/language/11/"
            },
            "version_group": {
                "name": "sword-shield",
                "url": "/api/v2/version-group/20/"
            }
        },
        {
            "flavor_text": "\u7528\u78c1\u529b\u5438\u4f4f\u94a2\u5c5e\u6027\u7684\u5b9d\u53ef\u68a6\uff0c\n\u4f7f\u5176\u65e0\u6cd5\u9003\u8d70\u3002",
            "language": {
                "name": "zh-Hans",
                "url": "/api/v2/language/12/"
            },
            "version_group": {
                "name": "sword-shield",
                "url": "/api/v2/version-group/20/"
            }
        },
        {
            "flavor_text": "Attire les Pok\u00e9mon Acier gr\u00e2ce \u00e0 un champ magn\u00e9tique, ce qui les emp\u00eache de quitter le terrain.",
            "language": {
                "name": "fr",
                "url": "/api/v2/language/5/"
            },
            "version_group": {
                "name": "scarlet-violet",
                "url": "/api/v2/version-group/25/"
            }
        },
        {
            "flavor_text": "Prevents Steel-type Pok\u00e9mon from fleeing by pulling them in with magnetism.",
            "language": {
                "name": "en",
                "url": "/api/v2/language/9/"
            },
            "version_group": {
                "name": "scarlet-violet",
                "url": "/api/v2/version-group/25/"
            }
        }
    ],
    "generation": {
        "name": "generation-iii",
        "url": "/api/v2/generation/3/"
    },
    "id": 42,
    "is_main_series": true,
    "name": "magnet-pull",
    "names": [
        {
            "language": {
                "name": "ja-Hrkt",
                "url": "/api/v2/language/1/"
            },
            "name": "\u3058\u308a\u3087\u304f"
        },
        {
            "language": {
                "name": "ko",
                "url": "/api/v2/language/3/"
            },
            "name": "\uc790\ub825"
        },
        {
            "language": {
                "name": "zh-Hant",
                "url": "/api/v2/language/4/"
            },
            "name": "\u78c1\u529b"
        },
        {
            "language": {
                "name": "fr",
                "url": "/api/v2/language/5/"
            },
            "name": "Magn\u00e9pi\u00e8ge"
        },
        {
            "language": {
                "name": "de",
                "url": "/api/v2/language/6/"
            },
            "name": "Magnetfalle"
        },
        {
            "language": {
                "name": "es",
                "url": "/api/v2/language/7/"
            },
            "name": "Im\u00e1n"
        },
        {
            "language": {
                "name": "it",
                "url": "/api/v2/language/8/"
            },
            "name": "Magnetismo"
        },
        {
            "language": {
                "name": "en",
                "url": "/api/v2/language/9/"
            },
            "name": "Magnet Pull"
        },
        {
            "language": {
                "name": "ja",
                "url": "/api/v2/language/11/"
            },
            "name": "\u3058\u308a\u3087\u304f"
        },
        {
            "language": {
                "name": "zh-Hans",
                "url": "/api/v2/language/12/"
            },
            "name": "\u78c1\u529b"
        }
    ],
    "pokemon": [
        {
            "is_hidden": false,
            "pokemon": {
                "name": "magnemite",
                "url": "/api/v2/pokemon/81/"
            },
            "slot": 1
        },
        {
            "is_hidden": false,
            "pokemon": {
                "name": "magneton",
                "url": "/api/v2/pokemon/82/"
            },
            "slot": 1
        },
        {
            "is_hidden": false,
            "pokemon": {
                "name": "nosepass",
                "url": "/api/v2/pokemon/299/"
            },
            "slot": 2
        },
        {
            "is_hidden": false,
            "pokemon": {
                "name": "magnezone",
                "url": "/api/v2/pokemon/462/"
            },
            "slot": 1
        },
        {
            "is_hidden": false,
            "pokemon": {
                "name": "probopass",
                "url": "/api/v2/pokemon/476/"
            },
            "slot": 2
        },
        {
            "is_hidden": false,
            "pokemon": {
                "name": "meltan",
                "url": "/api/v2/pokemon/808/"
            },
            "slot": 1
        },
        {
            "is_hidden": false,
            "pokemon": {
                "name": "geodude-alola",
                "url": "/api/v2/pokemon/10109/"
            },
            "slot": 1
        },
        {
            "is_hidden": false,
            "pokemon": {
                "name": "graveler-alola",
                "url": "/api/v2/pokemon/10110/"
            },
            "slot": 1
        },
        {
            "is_hidden": false,
            "pokemon": {
                "name": "golem-alola",
                "url": "/api/v2/pokemon/10111/"
            },
            "slot": 1
        }
    ]
}