{
    "effect_changes": [],
    "effect_entries": [
        {
            "effect": "When the Pok\u00e9mon is hit by an attack, it scatters cotton fluff around and lowers the Speed stats of all Pok\u00e9mon except itself.",
            "language": {
                "name": "en",
                "url": "/api/v2/language/9/"
            },
            "short_effect": "When Ignores moves and abilities that draw in moves."
        }
    ],
    "flavor_text_entries": [
        {
            "flavor_text": "\u3053\u3046\u3052\u304d\u3092\u3000\u3046\u3051\u308b\u3068\u3000\u308f\u305f\u3052\u3092\u3000\u3070\u3089\u307e\u3044\u3066\n\u3058\u3076\u3093\u3044\u304c\u3044\u306e\u3000\u30dd\u30b1\u30e2\u30f3\u3000\u3059\u3079\u3066\u306e\n\u3059\u3070\u3084\u3055\u3092\u3000\u3055\u3052\u308b\u3002",
            "language": {
                "name": "ja-Hrkt",
                "url": "/api/v2/language/1/"
            },
            "version_group": {
                "name": "sword-shield",
                "url": "/api/v2/version-group/20/"
            }
        },
        {
            "flavor_text": "\uacf5\uaca9\uc744 \ubc1b\uc73c\uba74 \uc19c\ud138\uc744 \ud769\ubfcc\ub824\uc11c\n\uc790\uc2e0\uc744 \uc81c\uc678\ud55c \ubaa8\ub4e0 \ud3ec\ucf13\ubaac\uc758\n\uc2a4\ud53c\ub4dc\ub97c \ub5a8\uc5b4\ub728\ub9b0\ub2e4.",
            "language": {
                "name": "ko",
                "url": "/api/v2/language/3/"
            },
            "version_group": {
                "name": "sword-shield",
                "url": "/api/v2/version-group/20/"
            }
        },
        {
            "flavor_text": "\u53d7\u5230\u653b\u64ca\u6642\u6703\u6492\u4e0b\u68c9\u7d6e\uff0c\n\u964d\u4f4e\u9664\u81ea\u5df1\u4ee5\u5916\u7684\n\u6240\u6709\u5bf6\u53ef\u5922\u7684\u901f\u5ea6\u3002",
            "language": {
                "name": "zh-Hant",
                "url": "/api/v2/language/4/"
            },
            "version_group": {
                "name": "sword-shield",
                "url": "/api/v2/version-group/20/"
            }
        },
        {
            "flavor_text": "Quand le Pok\u00e9mon est touch\u00e9 par une attaque,\nil diss\u00e9mine des aigrettes qui diminuent la Vitesse\nde tout le monde, sauf la sienne.",
            "language": {
                "name": "fr",
                "url": "/api/v2/language/5/"
            },
            "version_group": {
                "name": "sword-shield",
                "url": "/api/v2/version-group/20/"
            }
        },
        {
            "flavor_text": "Wird es von einem Angriff getroffen, verstreut es Teile\nseines Wollflaums, wodurch die Initiative aller anderen\nPok\u00e9mon sinkt.",
            "language": {
                "name": "de",
                "url": "/api/v2/language/6/"
            },
            "version_group": {
                "name": "sword-shield",
                "url": "/api/v2/version-group/20/"
            }
        },
        {
            "flavor_text": "Al ser alcanzado por un ataque, suelta una pelusa de\nalgod\u00f3n que reduce la Velocidad de todos los dem\u00e1s\nPok\u00e9mon.",
            "language": {
                "name": "es",
                "url": "/api/v2/language/7/"
            },
            "version_group": {
                "name": "sword-shield",
                "url": "/api/v2/version-group/20/"
            }
        },
        {
            "flavor_text": "Se il Pok\u00e9mon subisce un attacco, sparge della lanugine\nche diminuisce la Velocit\u00e0 di tutti i Pok\u00e9mon in campo\ntranne la sua.",
            "language": {
                "name": "it",
                "url": "/api/v2/language/8/"
            },
            "version_group": {
                "name": "sword-shield",
                "url": "/api/v2/version-group/20/"
            }
        },
        {
            "flavor_text": "When the Pok\u00e9mon is hit by an attack, it scatters\ncotton fluff around and lowers the Speed stat of\nall Pok\u00e9mon except itself.",
            "language": {
                "name": "en",
                "url": "/api/v2/language/9/"
            },
            "version_group": {
                "name": "sword-shield",
                "url": "/api/v2/version-group/20/"
            }
        },
        {
            "flavor_text": "\u653b\u6483\u3092\u3000\u53d7\u3051\u308b\u3068\u3000\u308f\u305f\u3052\u3092\u3000\u3070\u3089\u307e\u3044\u3066\n\u81ea\u5206\u4ee5\u5916\u306e\u3000\u30dd\u30b1\u30e2\u30f3\u3000\u3059\u3079\u3066\u306e\n\u7d20\u65e9\u3055\u3092\u3000\u4e0b\u3052\u308b\u3002",
            "language": {
                "name": "ja",
                "url": "/api/v2/language/11/"
            },
            "version_group": {
                "name": "sword-shield",
                "url": "/api/v2/version-group/20/"
            }
        },
        {
            "flavor_text": "\u53d7\u5230\u653b\u51fb\u540e\u6492\u4e0b\u68c9\u7d6e\uff0c\n\u964d\u4f4e\u9664\u81ea\u5df1\u4ee5\u5916\u7684\n\u6240\u6709\u5b9d\u53ef\u68a6\u7684\u901f\u5ea6\u3002",
            "language": {
                "name": "zh-Hans",
                "url": "/api/v2/language/12/"
            },
            "version_group": {
                "name": "sword-shield",
                "url": "/api/v2/version-group/20/"
            }
        },
        {
            "flavor_text": "Quand le Pok\u00e9mon est touch\u00e9 par une attaque,\\nil diss\u00e9mine des aigrettes qui diminuent la Vitesse\\nde tout le monde, sauf la sienne.",
            "language": {
                "name": "fr",
                "url": "/api/v2/language/5/"
            },
            "version_group": {
                "name": "scarlet-violet",
                "url": "/api/v2/version-group/25/"
            }
        }
    ],
    "generation": {
        "name": "generation-viii",
        "url": "/api/v2/generation/8/"
    },
    "id": 238,
    "is_main_series": true,
    "name": "cotton-down",
    "names": [
        {
            "language": {
                "name": "ja-Hrkt",
                "url": "/api/v2/language/1/"
            },
            "name": "\u308f\u305f\u3052"
        },
        {
            "language": {
                "name": "ko",
                "url": "/api/v2/language/3/"
            },
            "name": "\uc19c\ud138"
        },
        {
            "language": {
                "name": "zh-Hant",
                "url": "/api/v2/language/4/"
            },
            "name": "\u68c9\u7d6e"
        },
        {
            "language": {
                "name": "fr",
                "url": "/api/v2/language/5/"
            },
            "name": "Effilochage"
        },
        {
            "language": {
                "name": "de",
                "url": "/api/v2/language/6/"
            },
            "name": "Wollflaum"
        },
        {
            "language": {
                "name": "es",
                "url": "/api/v2/language/7/"
            },
            "name": "Pelusa"
        },
        {
            "language": {
                "name": "it",
                "url": "/api/v2/language/8/"
            },
            "name": "Lanugine"
        },
        {
            "language": {
                "name": "en",
                "url": "/api/v2/language/9/"
            },
            "name": "Cotton Down"
        },
        {
            "language": {
                "name": "ja",
                "url": "/api/v2/language/11/"
            },
            "name": "\u308f\u305f\u3052"
        },
        {
            "language": {
                "name": "zh-Hans",
                "url": "/api/v2/language/12/"
            },
            "name": "\u68c9\u7d6e"
        }
    ],
    "pokemon": [
        {
            "is_hidden": false,
            "pokemon": {
                "name": "gossifleur",
                "url": "/api/v2/pokemon/829/"
            },
            "slot": 1
        },
        {
            "is_hidden": false,
            "pokemon": {
                "name": "eldegoss",
                "url": "/api/v2/pokemon/830/"
            },
            "slot": 1
        }
    ]
}