{
    "effect_changes": [],
    "effect_entries": [
        {
            "effect": "Jede Stufe einer Statuswerte-\u00c4nderung agiert als 2 Stufen. Diese Doppelstufen sind trotzdem limitiert auf ein Minimum von -6 und ein Maximum von 6.\n\nPok\u00e9mon mit dieser F\u00e4higkeit k\u00f6nnen trotzdem weniger als -3 oder mehr als 3 Stufen erhalten, aber die zus\u00e4tzlichen Stufen haben nach der Verdoppelung keinen Effekt.",
            "language": {
                "name": "de",
                "url": "/api/v2/language/6/"
            },
            "short_effect": "Verdoppelt die Statuswerte-\u00c4nderungen. Die \u00c4nderungen gehen nicht \u00fcber -6 oder 6 Stufen hinaus."
        },
        {
            "effect": "Each stage of this Pok\u00e9mon's stat modifiers acts as two stages.  These doubled stages are still limited to a minimum of -6 and a maximum of 6.\n\nThis Pok\u00e9mon can still accumulate less than -3 or more than 3 stages of stat modifiers, even though the extra ones have no effect after doubling.",
            "language": {
                "name": "en",
                "url": "/api/v2/language/9/"
            },
            "short_effect": "Doubles the Pok\u00e9mon's stat modifiers.  These doubled modifiers are still capped at -6 or 6 stages."
        }
    ],
    "flavor_text_entries": [
        {
            "flavor_text": "Le Pok\u00e9mon est sujet \u00e0 des variations de stats.",
            "language": {
                "name": "fr",
                "url": "/api/v2/language/5/"
            },
            "version_group": {
                "name": "diamond-pearl",
                "url": "/api/v2/version-group/8/"
            }
        },
        {
            "flavor_text": "The Pok\u00e9mon is prone to\nwild stat changes.",
            "language": {
                "name": "en",
                "url": "/api/v2/language/9/"
            },
            "version_group": {
                "name": "diamond-pearl",
                "url": "/api/v2/version-group/8/"
            }
        },
        {
            "flavor_text": "Le Pok\u00e9mon est sujet \u00e0 des variations de stats.",
            "language": {
                "name": "fr",
                "url": "/api/v2/language/5/"
            },
            "version_group": {
                "name": "platinum",
                "url": "/api/v2/version-group/9/"
            }
        },
        {
            "flavor_text": "The Pok\u00e9mon is prone to\nwild stat changes.",
            "language": {
                "name": "en",
                "url": "/api/v2/language/9/"
            },
            "version_group": {
                "name": "platinum",
                "url": "/api/v2/version-group/9/"
            }
        },
        {
            "flavor_text": "Le Pok\u00e9mon est sujet \u00e0 des variations de stats.",
            "language": {
                "name": "fr",
                "url": "/api/v2/language/5/"
            },
            "version_group": {
                "name": "heartgold-soulsilver",
                "url": "/api/v2/version-group/10/"
            }
        },
        {
            "flavor_text": "The Pok\u00e9mon is prone to\nwild stat changes.",
            "language": {
                "name": "en",
                "url": "/api/v2/language/9/"
            },
            "version_group": {
                "name": "heartgold-soulsilver",
                "url": "/api/v2/version-group/10/"
            }
        },
        {
            "flavor_text": "Le Pok\u00e9mon est sujet \u00e0 des variations de stats.",
            "language": {
                "name": "fr",
                "url": "/api/v2/language/5/"
            },
            "version_group": {
                "name": "black-white",
                "url": "/api/v2/version-group/11/"
            }
        },
        {
            "flavor_text": "Le Pok\u00e9mon est sujet \u00e0\ndes variations de stats.",
            "language": {
                "name": "fr",
                "url": "/api/v2/language/5/"
            },
            "version_group": {
                "name": "black-white",
                "url": "/api/v2/version-group/11/"
            }
        },
        {
            "flavor_text": "The Pok\u00e9mon is prone to\nwild stat changes.",
            "language": {
                "name": "en",
                "url": "/api/v2/language/9/"
            },
            "version_group": {
                "name": "black-white",
                "url": "/api/v2/version-group/11/"
            }
        },
        {
            "flavor_text": "Le Pok\u00e9mon est sujet \u00e0 des variations de stats.",
            "language": {
                "name": "fr",
                "url": "/api/v2/language/5/"
            },
            "version_group": {
                "name": "xd",
                "url": "/api/v2/version-group/13/"
            }
        },
        {
            "flavor_text": "Le Pok\u00e9mon est sujet \u00e0 des variations de stats.",
            "language": {
                "name": "fr",
                "url": "/api/v2/language/5/"
            },
            "version_group": {
                "name": "black-2-white-2",
                "url": "/api/v2/version-group/14/"
            }
        },
        {
            "flavor_text": "The Pok\u00e9mon is prone to\nwild stat changes.",
            "language": {
                "name": "en",
                "url": "/api/v2/language/9/"
            },
            "version_group": {
                "name": "black-2-white-2",
                "url": "/api/v2/version-group/14/"
            }
        },
        {
            "flavor_text": "\u306e\u3046\u308a\u3087\u304f\u3000\u3078\u3093\u304b\u304c\n\u3044\u3064\u3082\u3088\u308a\u3000\u306f\u3052\u3057\u3044\u3002",
            "language": {
                "name": "ja-Hrkt",
                "url": "/api/v2/language/1/"
            },
            "version_group": {
                "name": "x-y",
                "url": "/api/v2/version-group/15/"
            }
        },
        {
            "flavor_text": "\ub2a5\ub825 \ubcc0\ud654\uac00\n\uc5ec\ub290 \ub54c\ubcf4\ub2e4 \uc2ec\ud558\ub2e4.",
            "language": {
                "name": "ko",
                "url": "/api/v2/language/3/"
            },
            "version_group": {
                "name": "x-y",
                "url": "/api/v2/version-group/15/"
            }
        },
        {
            "flavor_text": "Les variations de stats sont deux fois plus importantes pour le Pok\u00e9mon.",
            "language": {
                "name": "fr",
                "url": "/api/v2/language/5/"
            },
            "version_group": {
                "name": "x-y",
                "url": "/api/v2/version-group/15/"
            }
        },
        {
            "flavor_text": "Le Pok\u00e9mon est sujet \u00e0 des\nvariations de stats.",
            "language": {
                "name": "fr",
                "url": "/api/v2/language/5/"
            },
            "version_group": {
                "name": "x-y",
                "url": "/api/v2/version-group/15/"
            }
        },
        {
            "flavor_text": "Das Pok\u00e9mon ist anf\u00e4llig\nf\u00fcr Statusver\u00e4nderungen.",
            "language": {
                "name": "de",
                "url": "/api/v2/language/6/"
            },
            "version_group": {
                "name": "x-y",
                "url": "/api/v2/version-group/15/"
            }
        },
        {
            "flavor_text": "Aumenta los cambios en las\ncaracter\u00edsticas.",
            "language": {
                "name": "es",
                "url": "/api/v2/language/7/"
            },
            "version_group": {
                "name": "x-y",
                "url": "/api/v2/version-group/15/"
            }
        },
        {
            "flavor_text": "Le statistiche possono cambiare\nsenza preavviso.",
            "language": {
                "name": "it",
                "url": "/api/v2/language/8/"
            },
            "version_group": {
                "name": "x-y",
                "url": "/api/v2/version-group/15/"
            }
        },
        {
            "flavor_text": "The Pok\u00e9mon is prone to\nwild stat changes.",
            "language": {
                "name": "en",
                "url": "/api/v2/language/9/"
            },
            "version_group": {
                "name": "x-y",
                "url": "/api/v2/version-group/15/"
            }
        },
        {
            "flavor_text": "\u80fd\u529b\u3000\u5909\u5316\u304c\n\u3044\u3064\u3082\u3088\u308a\u3000\u306f\u3052\u3057\u3044\u3002",
            "language": {
                "name": "ja",
                "url": "/api/v2/language/11/"
            },
            "version_group": {
                "name": "x-y",
                "url": "/api/v2/version-group/15/"
            }
        },
        {
            "flavor_text": "\u306e\u3046\u308a\u3087\u304f\u3000\u3078\u3093\u304b\u304c\n\u3044\u3064\u3082\u3088\u308a\u3000\u306f\u3052\u3057\u3044\u3002",
            "language": {
                "name": "ja-Hrkt",
                "url": "/api/v2/language/1/"
            },
            "version_group": {
                "name": "omega-ruby-alpha-sapphire",
                "url": "/api/v2/version-group/16/"
            }
        },
        {
            "flavor_text": "\ub2a5\ub825 \ubcc0\ud654\uac00\n\uc5ec\ub290 \ub54c\ubcf4\ub2e4 \uc2ec\ud558\ub2e4.",
            "language": {
                "name": "ko",
                "url": "/api/v2/language/3/"
            },
            "version_group": {
                "name": "omega-ruby-alpha-sapphire",
                "url": "/api/v2/version-group/16/"
            }
        },
        {
            "flavor_text": "Les variations de stats sont deux fois plus importantes pour le Pok\u00e9mon.",
            "language": {
                "name": "fr",
                "url": "/api/v2/language/5/"
            },
            "version_group": {
                "name": "omega-ruby-alpha-sapphire",
                "url": "/api/v2/version-group/16/"
            }
        },
        {
            "flavor_text": "Le Pok\u00e9mon est sujet \u00e0 des variations de stats.",
            "language": {
                "name": "fr",
                "url": "/api/v2/language/5/"
            },
            "version_group": {
                "name": "omega-ruby-alpha-sapphire",
                "url": "/api/v2/version-group/16/"
            }
        },
        {
            "flavor_text": "Le Pok\u00e9mon est sujet \u00e0 des\nvariations de stats.",
            "language": {
                "name": "fr",
                "url": "/api/v2/language/5/"
            },
            "version_group": {
                "name": "omega-ruby-alpha-sapphire",
                "url": "/api/v2/version-group/16/"
            }
        },
        {
            "flavor_text": "Verdoppelt den Effekt eigener\nStatusver\u00e4nderungen.",
            "language": {
                "name": "de",
                "url": "/api/v2/language/6/"
            },
            "version_group": {
                "name": "omega-ruby-alpha-sapphire",
                "url": "/api/v2/version-group/16/"
            }
        },
        {
            "flavor_text": "Aumenta los cambios en las\ncaracter\u00edsticas.",
            "language": {
                "name": "es",
                "url": "/api/v2/language/7/"
            },
            "version_group": {
                "name": "omega-ruby-alpha-sapphire",
                "url": "/api/v2/version-group/16/"
            }
        },
        {
            "flavor_text": "Le modifiche alle statistiche sono\npi\u00f9 accentuate.",
            "language": {
                "name": "it",
                "url": "/api/v2/language/8/"
            },
            "version_group": {
                "name": "omega-ruby-alpha-sapphire",
                "url": "/api/v2/version-group/16/"
            }
        },
        {
            "flavor_text": "The Pok\u00e9mon is prone to\nwild stat changes.",
            "language": {
                "name": "en",
                "url": "/api/v2/language/9/"
            },
            "version_group": {
                "name": "omega-ruby-alpha-sapphire",
                "url": "/api/v2/version-group/16/"
            }
        },
        {
            "flavor_text": "\u80fd\u529b\u3000\u5909\u5316\u304c\n\u3044\u3064\u3082\u3088\u308a\u3000\u306f\u3052\u3057\u3044\u3002",
            "language": {
                "name": "ja",
                "url": "/api/v2/language/11/"
            },
            "version_group": {
                "name": "omega-ruby-alpha-sapphire",
                "url": "/api/v2/version-group/16/"
            }
        },
        {
            "flavor_text": "\u306e\u3046\u308a\u3087\u304f\u3000\u3078\u3093\u304b\u304c\n\u3044\u3064\u3082\u306e\u3000\uff12\u3070\u3044\u306b\u3000\u306a\u308b\u3002",
            "language": {
                "name": "ja-Hrkt",
                "url": "/api/v2/language/1/"
            },
            "version_group": {
                "name": "sun-moon",
                "url": "/api/v2/version-group/17/"
            }
        },
        {
            "flavor_text": "\ub2a5\ub825 \ubcc0\ud654\uac00\n\ud3c9\uc18c\uc758 2\ubc30\uac00 \ub41c\ub2e4.",
            "language": {
                "name": "ko",
                "url": "/api/v2/language/3/"
            },
            "version_group": {
                "name": "sun-moon",
                "url": "/api/v2/version-group/17/"
            }
        },
        {
            "flavor_text": "\u80fd\u529b\u8b8a\u5316\u6703\u8b8a\u70ba\u5e73\u6642\u7684\uff12\u500d\u3002",
            "language": {
                "name": "zh-Hant",
                "url": "/api/v2/language/4/"
            },
            "version_group": {
                "name": "sun-moon",
                "url": "/api/v2/version-group/17/"
            }
        },
        {
            "flavor_text": "Les variations de stats sont deux fois plus importantes pour le Pok\u00e9mon.",
            "language": {
                "name": "fr",
                "url": "/api/v2/language/5/"
            },
            "version_group": {
                "name": "sun-moon",
                "url": "/api/v2/version-group/17/"
            }
        },
        {
            "flavor_text": "Les variations de stats sont deux fois plus\nimportantes pour le Pok\u00e9mon.",
            "language": {
                "name": "fr",
                "url": "/api/v2/language/5/"
            },
            "version_group": {
                "name": "sun-moon",
                "url": "/api/v2/version-group/17/"
            }
        },
        {
            "flavor_text": "Verdoppelt die Wirkung eigener\nStatusver\u00e4nderungen.",
            "language": {
                "name": "de",
                "url": "/api/v2/language/6/"
            },
            "version_group": {
                "name": "sun-moon",
                "url": "/api/v2/version-group/17/"
            }
        },
        {
            "flavor_text": "Duplica los cambios en las caracter\u00edsticas.",
            "language": {
                "name": "es",
                "url": "/api/v2/language/7/"
            },
            "version_group": {
                "name": "sun-moon",
                "url": "/api/v2/version-group/17/"
            }
        },
        {
            "flavor_text": "Raddoppia le modifiche alle statistiche.",
            "language": {
                "name": "it",
                "url": "/api/v2/language/8/"
            },
            "version_group": {
                "name": "sun-moon",
                "url": "/api/v2/version-group/17/"
            }
        },
        {
            "flavor_text": "The stat changes the Pok\u00e9mon receives are doubled.",
            "language": {
                "name": "en",
                "url": "/api/v2/language/9/"
            },
            "version_group": {
                "name": "sun-moon",
                "url": "/api/v2/version-group/17/"
            }
        },
        {
            "flavor_text": "\u80fd\u529b\u3000\u5909\u5316\u304c\n\u3044\u3064\u3082\u306e\u3000\uff12\u500d\u306b\u3000\u306a\u308b\u3002",
            "language": {
                "name": "ja",
                "url": "/api/v2/language/11/"
            },
            "version_group": {
                "name": "sun-moon",
                "url": "/api/v2/version-group/17/"
            }
        },
        {
            "flavor_text": "\u80fd\u529b\u53d8\u5316\u4f1a\u53d8\u4e3a\u5e73\u65f6\u7684\uff12\u500d\u3002",
            "language": {
                "name": "zh-Hans",
                "url": "/api/v2/language/12/"
            },
            "version_group": {
                "name": "sun-moon",
                "url": "/api/v2/version-group/17/"
            }
        },
        {
            "flavor_text": "\u306e\u3046\u308a\u3087\u304f\u3000\u3078\u3093\u304b\u304c\n\u3044\u3064\u3082\u306e\u3000\uff12\u3070\u3044\u306b\u3000\u306a\u308b\u3002",
            "language": {
                "name": "ja-Hrkt",
                "url": "/api/v2/language/1/"
            },
            "version_group": {
                "name": "ultra-sun-ultra-moon",
                "url": "/api/v2/version-group/18/"
            }
        },
        {
            "flavor_text": "\ub2a5\ub825 \ubcc0\ud654\uac00\n\ud3c9\uc18c\uc758 2\ubc30\uac00 \ub41c\ub2e4.",
            "language": {
                "name": "ko",
                "url": "/api/v2/language/3/"
            },
            "version_group": {
                "name": "ultra-sun-ultra-moon",
                "url": "/api/v2/version-group/18/"
            }
        },
        {
            "flavor_text": "\u80fd\u529b\u8b8a\u5316\u6703\u8b8a\u70ba\u5e73\u6642\u7684\uff12\u500d\u3002",
            "language": {
                "name": "zh-Hant",
                "url": "/api/v2/language/4/"
            },
            "version_group": {
                "name": "ultra-sun-ultra-moon",
                "url": "/api/v2/version-group/18/"
            }
        },
        {
            "flavor_text": "Les variations de stats sont deux fois plus importantes pour le Pok\u00e9mon.",
            "language": {
                "name": "fr",
                "url": "/api/v2/language/5/"
            },
            "version_group": {
                "name": "ultra-sun-ultra-moon",
                "url": "/api/v2/version-group/18/"
            }
        },
        {
            "flavor_text": "Les variations de stats sont deux fois plus\nimportantes pour le Pok\u00e9mon.",
            "language": {
                "name": "fr",
                "url": "/api/v2/language/5/"
            },
            "version_group": {
                "name": "ultra-sun-ultra-moon",
                "url": "/api/v2/version-group/18/"
            }
        },
        {
            "flavor_text": "Verdoppelt die Wirkung eigener\nStatusver\u00e4nderungen.",
            "language": {
                "name": "de",
                "url": "/api/v2/language/6/"
            },
            "version_group": {
                "name": "ultra-sun-ultra-moon",
                "url": "/api/v2/version-group/18/"
            }
        },
        {
            "flavor_text": "Duplica los cambios en las caracter\u00edsticas.",
            "language": {
                "name": "es",
                "url": "/api/v2/language/7/"
            },
            "version_group": {
                "name": "ultra-sun-ultra-moon",
                "url": "/api/v2/version-group/18/"
            }
        },
        {
            "flavor_text": "Raddoppia le modifiche alle statistiche.",
            "language": {
                "name": "it",
                "url": "/api/v2/language/8/"
            },
            "version_group": {
                "name": "ultra-sun-ultra-moon",
                "url": "/api/v2/version-group/18/"
            }
        },
        {
            "flavor_text": "The stat changes the Pok\u00e9mon receives are doubled.",
            "language": {
                "name": "en",
                "url": "/api/v2/language/9/"
            },
            "version_group": {
                "name": "ultra-sun-ultra-moon",
                "url": "/api/v2/version-group/18/"
            }
        },
        {
            "flavor_text": "\u80fd\u529b\u3000\u5909\u5316\u304c\n\u3044\u3064\u3082\u306e\u3000\uff12\u500d\u306b\u3000\u306a\u308b\u3002",
            "language": {
                "name": "ja",
                "url": "/api/v2/language/11/"
            },
            "version_group": {
                "name": "ultra-sun-ultra-moon",
                "url": "/api/v2/version-group/18/"
            }
        },
        {
            "flavor_text": "\u80fd\u529b\u53d8\u5316\u4f1a\u53d8\u4e3a\u5e73\u65f6\u7684\uff12\u500d\u3002",
            "language": {
                "name": "zh-Hans",
                "url": "/api/v2/language/12/"
            },
            "version_group": {
                "name": "ultra-sun-ultra-moon",
                "url": "/api/v2/version-group/18/"
            }
        },
        {
            "flavor_text": "\u306e\u3046\u308a\u3087\u304f\u3000\u3078\u3093\u304b\u304c\n\u3044\u3064\u3082\u306e\u3000\uff12\u3070\u3044\u306b\u3000\u306a\u308b\u3002",
            "language": {
                "name": "ja-Hrkt",
                "url": "/api/v2/language/1/"
            },
            "version_group": {
                "name": "lets-go-pikachu-lets-go-eevee",
                "url": "/api/v2/version-group/19/"
            }
        },
        {
            "flavor_text": "\ub2a5\ub825 \ubcc0\ud654\uac00\n\ud3c9\uc18c\uc758 2\ubc30\uac00 \ub41c\ub2e4.",
            "language": {
                "name": "ko",
                "url": "/api/v2/language/3/"
            },
            "version_group": {
                "name": "lets-go-pikachu-lets-go-eevee",
                "url": "/api/v2/version-group/19/"
            }
        },
        {
            "flavor_text": "\u80fd\u529b\u8b8a\u5316\u6703\u8b8a\u70ba\u5e73\u6642\u7684\uff12\u500d\u3002",
            "language": {
                "name": "zh-Hant",
                "url": "/api/v2/language/4/"
            },
            "version_group": {
                "name": "lets-go-pikachu-lets-go-eevee",
                "url": "/api/v2/version-group/19/"
            }
        },
        {
            "flavor_text": "Les variations de stats sont deux fois plus\nimportantes pour le Pok\u00e9mon.",
            "language": {
                "name": "fr",
                "url": "/api/v2/language/5/"
            },
            "version_group": {
                "name": "lets-go-pikachu-lets-go-eevee",
                "url": "/api/v2/version-group/19/"
            }
        },
        {
            "flavor_text": "Verdoppelt die Wirkung eigener\nStatusver\u00e4nderungen.",
            "language": {
                "name": "de",
                "url": "/api/v2/language/6/"
            },
            "version_group": {
                "name": "lets-go-pikachu-lets-go-eevee",
                "url": "/api/v2/version-group/19/"
            }
        },
        {
            "flavor_text": "Duplica los cambios en las caracter\u00edsticas.",
            "language": {
                "name": "es",
                "url": "/api/v2/language/7/"
            },
            "version_group": {
                "name": "lets-go-pikachu-lets-go-eevee",
                "url": "/api/v2/version-group/19/"
            }
        },
        {
            "flavor_text": "Raddoppia le modifiche alle statistiche.",
            "language": {
                "name": "it",
                "url": "/api/v2/language/8/"
            },
            "version_group": {
                "name": "lets-go-pikachu-lets-go-eevee",
                "url": "/api/v2/version-group/19/"
            }
        },
        {
            "flavor_text": "The stat changes the Pok\u00e9mon receives are doubled.",
            "language": {
                "name": "en",
                "url": "/api/v2/language/9/"
            },
            "version_group": {
                "name": "lets-go-pikachu-lets-go-eevee",
                "url": "/api/v2/version-group/19/"
            }
        },
        {
            "flavor_text": "\u80fd\u529b\u3000\u5909\u5316\u304c\n\u3044\u3064\u3082\u306e\u3000\uff12\u500d\u306b\u3000\u306a\u308b\u3002",
            "language": {
                "name": "ja",
                "url": "/api/v2/language/11/"
            },
            "version_group": {
                "name": "lets-go-pikachu-lets-go-eevee",
                "url": "/api/v2/version-group/19/"
            }
        },
        {
            "flavor_text": "\u80fd\u529b\u53d8\u5316\u4f1a\u53d8\u4e3a\u5e73\u65f6\u7684\uff12\u500d\u3002",
            "language": {
                "name": "zh-Hans",
                "url": "/api/v2/language/12/"
            },
            "version_group": {
                "name": "lets-go-pikachu-lets-go-eevee",
                "url": "/api/v2/version-group/19/"
            }
        },
        {
            "flavor_text": "\u306e\u3046\u308a\u3087\u304f\u3000\u3078\u3093\u304b\u304c\n\u3044\u3064\u3082\u306e\u3000\uff12\u3070\u3044\u306b\u3000\u306a\u308b\u3002",
            "language": {
                "name": "ja-Hrkt",
                "url": "/api/v2/language/1/"
            },
            "version_group": {
                "name": "sword-shield",
                "url": "/api/v2/version-group/20/"
            }
        },
        {
            "flavor_text": "\ub2a5\ub825 \ubcc0\ud654\uac00\n\ud3c9\uc18c\uc758 2\ubc30\uac00 \ub41c\ub2e4.",
            "language": {
                "name": "ko",
                "url": "/api/v2/language/3/"
            },
            "version_group": {
                "name": "sword-shield",
                "url": "/api/v2/version-group/20/"
            }
        },
        {
            "flavor_text": "\u80fd\u529b\u8b8a\u5316\u6703\u8b8a\u70ba\u5e73\u6642\u7684\uff12\u500d\u3002",
            "language": {
                "name": "zh-Hant",
                "url": "/api/v2/language/4/"
            },
            "version_group": {
                "name": "sword-shield",
                "url": "/api/v2/version-group/20/"
            }
        },
        {
            "flavor_text": "Les variations de stats sont deux fois plus importantes pour le Pok\u00e9mon.",
            "language": {
                "name": "fr",
                "url": "/api/v2/language/5/"
            },
            "version_group": {
                "name": "sword-shield",
                "url": "/api/v2/version-group/20/"
            }
        },
        {
            "flavor_text": "Les variations de stats sont deux fois plus importantes\npour le Pok\u00e9mon.",
            "language": {
                "name": "fr",
                "url": "/api/v2/language/5/"
            },
            "version_group": {
                "name": "sword-shield",
                "url": "/api/v2/version-group/20/"
            }
        },
        {
            "flavor_text": "Verdoppelt die Wirkung eigener Statusver\u00e4nderungen.",
            "language": {
                "name": "de",
                "url": "/api/v2/language/6/"
            },
            "version_group": {
                "name": "sword-shield",
                "url": "/api/v2/version-group/20/"
            }
        },
        {
            "flavor_text": "Duplica los cambios en las caracter\u00edsticas.",
            "language": {
                "name": "es",
                "url": "/api/v2/language/7/"
            },
            "version_group": {
                "name": "sword-shield",
                "url": "/api/v2/version-group/20/"
            }
        },
        {
            "flavor_text": "Raddoppia le modifiche alle statistiche.",
            "language": {
                "name": "it",
                "url": "/api/v2/language/8/"
            },
            "version_group": {
                "name": "sword-shield",
                "url": "/api/v2/version-group/20/"
            }
        },
        {
            "flavor_text": "The stat changes the Pok\u00e9mon receives are doubled.",
            "language": {
                "name": "en",
                "url": "/api/v2/language/9/"
            },
            "version_group": {
                "name": "sword-shield",
                "url": "/api/v2/version-group/20/"
            }
        },
        {
            "flavor_text": "\u80fd\u529b\u3000\u5909\u5316\u304c\n\u3044\u3064\u3082\u306e\u3000\uff12\u500d\u306b\u3000\u306a\u308b\u3002",
            "language": {
                "name": "ja",
                "url": "/api/v2/language/11/"
            },
            "version_group": {
                "name": "sword-shield",
                "url": "/api/v2/version-group/20/"
            }
        },
        {
            "flavor_text": "\u80fd\u529b\u53d8\u5316\u4f1a\u53d8\u4e3a\u5e73\u65f6\u7684\uff12\u500d\u3002",
            "language": {
                "name": "zh-Hans",
                "url": "/api/v2/language/12/"
            },
            "version_group": {
                "name": "sword-shield",
                "url": "/api/v2/version-group/20/"
            }
        },
        {
            "flavor_text": "Les changements de stats sont deux fois plus importants\\npour le Pok\u00e9mon.",
            "language": {
                "name": "fr",
                "url": "/api/v2/language/5/"
            },
            "version_group": {
                "name": "scarlet-violet",
                "url": "/api/v2/version-group/25/"
            }
        },
        {
            "flavor_text": "Doubles the effects of the Pok\u00e9mon's stat changes.",
            "language": {
                "name": "en",
                "url": "/api/v2/language/9/"
            },
            "version_group": {
                "name": "scarlet-violet",
                "url": "/api/v2/version-group/25/"
            }
        }
    ],
    "generation": {
        "name": "generation-iv",
        "url": "/api/v2/generation/4/"
    },
    "id": 86,
    "is_main_series": true,
    "name": "simple",
    "names": [
        {
            "language": {
                "name": "ja-Hrkt",
                "url": "/api/v2/language/1/"
            },
            "name": "\u305f\u3093\u3058\u3085\u3093"
        },
        {
            "language": {
                "name": "ko",
                "url": "/api/v2/language/3/"
            },
            "name": "\ub2e8\uc21c"
        },
        {
            "language": {
                "name": "zh-Hant",
                "url": "/api/v2/language/4/"
            },
            "name": "\u55ae\u7d14"
        },
        {
            "language": {
                "name": "fr",
                "url": "/api/v2/language/5/"
            },
            "name": "Simple"
        },
        {
            "language": {
                "name": "de",
                "url": "/api/v2/language/6/"
            },
            "name": "Wankelmut"
        },
        {
            "language": {
                "name": "es",
                "url": "/api/v2/language/7/"
            },
            "name": "Simple"
        },
        {
            "language": {
                "name": "it",
                "url": "/api/v2/language/8/"
            },
            "name": "Disinvoltura"
        },
        {
            "language": {
                "name": "en",
                "url": "/api/v2/language/9/"
            },
            "name": "Simple"
        },
        {
            "language": {
                "name": "ja",
                "url": "/api/v2/language/11/"
            },
            "name": "\u305f\u3093\u3058\u3085\u3093"
        },
        {
            "language": {
                "name": "zh-Hans",
                "url": "/api/v2/language/12/"
            },
            "name": "\u5355\u7eaf"
        }
    ],
    "pokemon": [
        {
            "is_hidden": false,
            "pokemon": {
                "name": "numel",
                "url": "/api/v2/pokemon/322/"
            },
            "slot": 2
        },
        {
            "is_hidden": false,
            "pokemon": {
                "name": "bidoof",
                "url": "/api/v2/pokemon/399/"
            },
            "slot": 1
        },
        {
            "is_hidden": false,
            "pokemon": {
                "name": "bibarel",
                "url": "/api/v2/pokemon/400/"
            },
            "slot": 1
        },
        {
            "is_hidden": true,
            "pokemon": {
                "name": "woobat",
                "url": "/api/v2/pokemon/527/"
            },
            "slot": 3
        },
        {
            "is_hidden": true,
            "pokemon": {
                "name": "swoobat",
                "url": "/api/v2/pokemon/528/"
            },
            "slot": 3
        }
    ]
}