{
    "effect_changes": [],
    "effect_entries": [
        {
            "effect": "Pok\u00e9mon mit dieser F\u00e4higkeit haben einen 1,5\u00d7 so hohen attack, wenn sie vergiftet sind.",
            "language": {
                "name": "de",
                "url": "/api/v2/language/6/"
            },
            "short_effect": "Erh\u00f6ht den attack um 50%, wenn das Pok\u00e9mon vergiftet ist."
        },
        {
            "effect": "This Pok\u00e9mon has 1.5\u00d7 its Attack when poisoned.",
            "language": {
                "name": "en",
                "url": "/api/v2/language/9/"
            },
            "short_effect": "Increases Attack to 1.5\u00d7 when poisoned."
        }
    ],
    "flavor_text_entries": [
        {
            "flavor_text": "Booste les att. physiques\nsi le statut est poison.",
            "language": {
                "name": "fr",
                "url": "/api/v2/language/5/"
            },
            "version_group": {
                "name": "black-white",
                "url": "/api/v2/version-group/11/"
            }
        },
        {
            "flavor_text": "Powers up physical\nattacks when poisoned.",
            "language": {
                "name": "en",
                "url": "/api/v2/language/9/"
            },
            "version_group": {
                "name": "black-white",
                "url": "/api/v2/version-group/11/"
            }
        },
        {
            "flavor_text": "Powers up physical\nattacks when poisoned.",
            "language": {
                "name": "en",
                "url": "/api/v2/language/9/"
            },
            "version_group": {
                "name": "black-2-white-2",
                "url": "/api/v2/version-group/14/"
            }
        },
        {
            "flavor_text": "\u3069\u304f\u306e\u3068\u304d\u3000\u3076\u3064\u308a\u306e\n\u3044\u308a\u3087\u304f\u304c\u3000\u3042\u304c\u308b\u3002",
            "language": {
                "name": "ja-Hrkt",
                "url": "/api/v2/language/1/"
            },
            "version_group": {
                "name": "x-y",
                "url": "/api/v2/version-group/15/"
            }
        },
        {
            "flavor_text": "\ub3c5 \uc0c1\ud0dc\uc77c \ub54c \ubb3c\ub9ac\uacf5\uaca9\uc758\n\uc704\ub825\uc774 \uc62c\ub77c\uac04\ub2e4.",
            "language": {
                "name": "ko",
                "url": "/api/v2/language/3/"
            },
            "version_group": {
                "name": "x-y",
                "url": "/api/v2/version-group/15/"
            }
        },
        {
            "flavor_text": "Booste les attaques physiques\nsi le statut est poison.",
            "language": {
                "name": "fr",
                "url": "/api/v2/language/5/"
            },
            "version_group": {
                "name": "x-y",
                "url": "/api/v2/version-group/15/"
            }
        },
        {
            "flavor_text": "Erh\u00f6ht bei Vergiftung die St\u00e4rke\nvon physischen Attacken.",
            "language": {
                "name": "de",
                "url": "/api/v2/language/6/"
            },
            "version_group": {
                "name": "x-y",
                "url": "/api/v2/version-group/15/"
            }
        },
        {
            "flavor_text": "Aumenta la potencia f\u00edsica si est\u00e1\nenvenenado.",
            "language": {
                "name": "es",
                "url": "/api/v2/language/7/"
            },
            "version_group": {
                "name": "x-y",
                "url": "/api/v2/version-group/15/"
            }
        },
        {
            "flavor_text": "Aumenta l\u2019Attacco se il Pok\u00e9mon\n\u00e8 avvelenato.",
            "language": {
                "name": "it",
                "url": "/api/v2/language/8/"
            },
            "version_group": {
                "name": "x-y",
                "url": "/api/v2/version-group/15/"
            }
        },
        {
            "flavor_text": "Powers up physical attacks when\nthe Pok\u00e9mon is poisoned.",
            "language": {
                "name": "en",
                "url": "/api/v2/language/9/"
            },
            "version_group": {
                "name": "x-y",
                "url": "/api/v2/version-group/15/"
            }
        },
        {
            "flavor_text": "\u3069\u304f\u306e\u3068\u304d\u3000\u7269\u7406\u306e\n\u5a01\u529b\u304c\u3000\u3042\u304c\u308b\u3002",
            "language": {
                "name": "ja",
                "url": "/api/v2/language/11/"
            },
            "version_group": {
                "name": "x-y",
                "url": "/api/v2/version-group/15/"
            }
        },
        {
            "flavor_text": "\u3069\u304f\u306e\u3068\u304d\u3000\u3076\u3064\u308a\u306e\n\u3044\u308a\u3087\u304f\u304c\u3000\u3042\u304c\u308b\u3002",
            "language": {
                "name": "ja-Hrkt",
                "url": "/api/v2/language/1/"
            },
            "version_group": {
                "name": "omega-ruby-alpha-sapphire",
                "url": "/api/v2/version-group/16/"
            }
        },
        {
            "flavor_text": "\ub3c5 \uc0c1\ud0dc\uc77c \ub54c \ubb3c\ub9ac\uacf5\uaca9\uc758\n\uc704\ub825\uc774 \uc62c\ub77c\uac04\ub2e4.",
            "language": {
                "name": "ko",
                "url": "/api/v2/language/3/"
            },
            "version_group": {
                "name": "omega-ruby-alpha-sapphire",
                "url": "/api/v2/version-group/16/"
            }
        },
        {
            "flavor_text": "Booste les attaques physiques\nsi le Pok\u00e9mon est empoisonn\u00e9.",
            "language": {
                "name": "fr",
                "url": "/api/v2/language/5/"
            },
            "version_group": {
                "name": "omega-ruby-alpha-sapphire",
                "url": "/api/v2/version-group/16/"
            }
        },
        {
            "flavor_text": "Erh\u00f6ht bei Vergiftung die St\u00e4rke\nvon physischen Attacken.",
            "language": {
                "name": "de",
                "url": "/api/v2/language/6/"
            },
            "version_group": {
                "name": "omega-ruby-alpha-sapphire",
                "url": "/api/v2/version-group/16/"
            }
        },
        {
            "flavor_text": "Aumenta la potencia f\u00edsica si est\u00e1\nenvenenado.",
            "language": {
                "name": "es",
                "url": "/api/v2/language/7/"
            },
            "version_group": {
                "name": "omega-ruby-alpha-sapphire",
                "url": "/api/v2/version-group/16/"
            }
        },
        {
            "flavor_text": "Aumenta l\u2019Attacco se il Pok\u00e9mon\n\u00e8 avvelenato.",
            "language": {
                "name": "it",
                "url": "/api/v2/language/8/"
            },
            "version_group": {
                "name": "omega-ruby-alpha-sapphire",
                "url": "/api/v2/version-group/16/"
            }
        },
        {
            "flavor_text": "Powers up physical attacks when\nthe Pok\u00e9mon is poisoned.",
            "language": {
                "name": "en",
                "url": "/api/v2/language/9/"
            },
            "version_group": {
                "name": "omega-ruby-alpha-sapphire",
                "url": "/api/v2/version-group/16/"
            }
        },
        {
            "flavor_text": "\u3069\u304f\u306e\u3068\u304d\u3000\u7269\u7406\u306e\n\u5a01\u529b\u304c\u3000\u3042\u304c\u308b\u3002",
            "language": {
                "name": "ja",
                "url": "/api/v2/language/11/"
            },
            "version_group": {
                "name": "omega-ruby-alpha-sapphire",
                "url": "/api/v2/version-group/16/"
            }
        },
        {
            "flavor_text": "\u3069\u304f\u3000\u3058\u3087\u3046\u305f\u3044\u306b\u3000\u306a\u3063\u305f\u3068\u304d\n\u3076\u3064\u308a\u308f\u3056\u306e\u3000\u3044\u308a\u3087\u304f\u304c\u3000\u3042\u304c\u308b\u3002",
            "language": {
                "name": "ja-Hrkt",
                "url": "/api/v2/language/1/"
            },
            "version_group": {
                "name": "sun-moon",
                "url": "/api/v2/version-group/17/"
            }
        },
        {
            "flavor_text": "\ub3c5 \uc0c1\ud0dc\uac00 \ub418\uc5c8\uc744 \ub54c\n\ubb3c\ub9ac \uae30\uc220\uc758 \uc704\ub825\uc774 \uc62c\ub77c\uac04\ub2e4.",
            "language": {
                "name": "ko",
                "url": "/api/v2/language/3/"
            },
            "version_group": {
                "name": "sun-moon",
                "url": "/api/v2/version-group/17/"
            }
        },
        {
            "flavor_text": "\u9677\u5165\u4e2d\u6bd2\u72c0\u614b\u6642\uff0c\n\u7269\u7406\u62db\u5f0f\u7684\u5a01\u529b\u6703\u63d0\u9ad8\u3002",
            "language": {
                "name": "zh-Hant",
                "url": "/api/v2/language/4/"
            },
            "version_group": {
                "name": "sun-moon",
                "url": "/api/v2/version-group/17/"
            }
        },
        {
            "flavor_text": "Augmente la puissance des capacit\u00e9s physiques\nquand le Pok\u00e9mon est empoisonn\u00e9.",
            "language": {
                "name": "fr",
                "url": "/api/v2/language/5/"
            },
            "version_group": {
                "name": "sun-moon",
                "url": "/api/v2/version-group/17/"
            }
        },
        {
            "flavor_text": "Erh\u00f6ht bei Vergiftungen die St\u00e4rke von physischen\nAttacken.",
            "language": {
                "name": "de",
                "url": "/api/v2/language/6/"
            },
            "version_group": {
                "name": "sun-moon",
                "url": "/api/v2/version-group/17/"
            }
        },
        {
            "flavor_text": "Aumenta la potencia de los ataques f\u00edsicos cuando\nel Pok\u00e9mon est\u00e1 envenenado.",
            "language": {
                "name": "es",
                "url": "/api/v2/language/7/"
            },
            "version_group": {
                "name": "sun-moon",
                "url": "/api/v2/version-group/17/"
            }
        },
        {
            "flavor_text": "Se il Pok\u00e9mon \u00e8 avvelenato, potenzia le mosse\nfisiche.",
            "language": {
                "name": "it",
                "url": "/api/v2/language/8/"
            },
            "version_group": {
                "name": "sun-moon",
                "url": "/api/v2/version-group/17/"
            }
        },
        {
            "flavor_text": "Powers up physical attacks when the Pok\u00e9mon\nis poisoned.",
            "language": {
                "name": "en",
                "url": "/api/v2/language/9/"
            },
            "version_group": {
                "name": "sun-moon",
                "url": "/api/v2/version-group/17/"
            }
        },
        {
            "flavor_text": "\u3069\u304f\u72b6\u614b\u306b\u3000\u306a\u3063\u305f\u3068\u304d\n\u7269\u7406\u6280\u306e\u3000\u5a01\u529b\u304c\u3000\u4e0a\u304c\u308b\u3002",
            "language": {
                "name": "ja",
                "url": "/api/v2/language/11/"
            },
            "version_group": {
                "name": "sun-moon",
                "url": "/api/v2/version-group/17/"
            }
        },
        {
            "flavor_text": "\u53d8\u4e3a\u4e2d\u6bd2\u72b6\u6001\u65f6\uff0c\n\u7269\u7406\u62db\u5f0f\u7684\u5a01\u529b\u4f1a\u63d0\u9ad8\u3002",
            "language": {
                "name": "zh-Hans",
                "url": "/api/v2/language/12/"
            },
            "version_group": {
                "name": "sun-moon",
                "url": "/api/v2/version-group/17/"
            }
        },
        {
            "flavor_text": "\u3069\u304f\u3000\u3058\u3087\u3046\u305f\u3044\u306b\u3000\u306a\u3063\u305f\u3068\u304d\n\u3076\u3064\u308a\u308f\u3056\u306e\u3000\u3044\u308a\u3087\u304f\u304c\u3000\u3042\u304c\u308b\u3002",
            "language": {
                "name": "ja-Hrkt",
                "url": "/api/v2/language/1/"
            },
            "version_group": {
                "name": "ultra-sun-ultra-moon",
                "url": "/api/v2/version-group/18/"
            }
        },
        {
            "flavor_text": "\ub3c5 \uc0c1\ud0dc\uac00 \ub418\uc5c8\uc744 \ub54c\n\ubb3c\ub9ac \uae30\uc220\uc758 \uc704\ub825\uc774 \uc62c\ub77c\uac04\ub2e4.",
            "language": {
                "name": "ko",
                "url": "/api/v2/language/3/"
            },
            "version_group": {
                "name": "ultra-sun-ultra-moon",
                "url": "/api/v2/version-group/18/"
            }
        },
        {
            "flavor_text": "\u9677\u5165\u4e2d\u6bd2\u72c0\u614b\u6642\uff0c\n\u7269\u7406\u62db\u5f0f\u7684\u5a01\u529b\u6703\u63d0\u9ad8\u3002",
            "language": {
                "name": "zh-Hant",
                "url": "/api/v2/language/4/"
            },
            "version_group": {
                "name": "ultra-sun-ultra-moon",
                "url": "/api/v2/version-group/18/"
            }
        },
        {
            "flavor_text": "Augmente la puissance des capacit\u00e9s physiques\nquand le Pok\u00e9mon est empoisonn\u00e9.",
            "language": {
                "name": "fr",
                "url": "/api/v2/language/5/"
            },
            "version_group": {
                "name": "ultra-sun-ultra-moon",
                "url": "/api/v2/version-group/18/"
            }
        },
        {
            "flavor_text": "Erh\u00f6ht bei Vergiftungen die St\u00e4rke von physischen\nAttacken.",
            "language": {
                "name": "de",
                "url": "/api/v2/language/6/"
            },
            "version_group": {
                "name": "ultra-sun-ultra-moon",
                "url": "/api/v2/version-group/18/"
            }
        },
        {
            "flavor_text": "Aumenta la potencia de los ataques f\u00edsicos cuando\nel Pok\u00e9mon est\u00e1 envenenado.",
            "language": {
                "name": "es",
                "url": "/api/v2/language/7/"
            },
            "version_group": {
                "name": "ultra-sun-ultra-moon",
                "url": "/api/v2/version-group/18/"
            }
        },
        {
            "flavor_text": "Se il Pok\u00e9mon \u00e8 avvelenato, potenzia le mosse\nfisiche.",
            "language": {
                "name": "it",
                "url": "/api/v2/language/8/"
            },
            "version_group": {
                "name": "ultra-sun-ultra-moon",
                "url": "/api/v2/version-group/18/"
            }
        },
        {
            "flavor_text": "Powers up physical attacks when the Pok\u00e9mon\nis poisoned.",
            "language": {
                "name": "en",
                "url": "/api/v2/language/9/"
            },
            "version_group": {
                "name": "ultra-sun-ultra-moon",
                "url": "/api/v2/version-group/18/"
            }
        },
        {
            "flavor_text": "\u3069\u304f\u72b6\u614b\u306b\u3000\u306a\u3063\u305f\u3068\u304d\n\u7269\u7406\u6280\u306e\u3000\u5a01\u529b\u304c\u3000\u4e0a\u304c\u308b\u3002",
            "language": {
                "name": "ja",
                "url": "/api/v2/language/11/"
            },
            "version_group": {
                "name": "ultra-sun-ultra-moon",
                "url": "/api/v2/version-group/18/"
            }
        },
        {
            "flavor_text": "\u53d8\u4e3a\u4e2d\u6bd2\u72b6\u6001\u65f6\uff0c\n\u7269\u7406\u62db\u5f0f\u7684\u5a01\u529b\u4f1a\u63d0\u9ad8\u3002",
            "language": {
                "name": "zh-Hans",
                "url": "/api/v2/language/12/"
            },
            "version_group": {
                "name": "ultra-sun-ultra-moon",
                "url": "/api/v2/version-group/18/"
            }
        },
        {
            "flavor_text": "\u3069\u304f\u3000\u3058\u3087\u3046\u305f\u3044\u306b\u3000\u306a\u3063\u305f\u3068\u304d\n\u3076\u3064\u308a\u308f\u3056\u306e\u3000\u3044\u308a\u3087\u304f\u304c\u3000\u3042\u304c\u308b\u3002",
            "language": {
                "name": "ja-Hrkt",
                "url": "/api/v2/language/1/"
            },
            "version_group": {
                "name": "lets-go-pikachu-lets-go-eevee",
                "url": "/api/v2/version-group/19/"
            }
        },
        {
            "flavor_text": "\ub3c5 \uc0c1\ud0dc\uac00 \ub418\uc5c8\uc744 \ub54c\n\ubb3c\ub9ac \uae30\uc220\uc758 \uc704\ub825\uc774 \uc62c\ub77c\uac04\ub2e4.",
            "language": {
                "name": "ko",
                "url": "/api/v2/language/3/"
            },
            "version_group": {
                "name": "lets-go-pikachu-lets-go-eevee",
                "url": "/api/v2/version-group/19/"
            }
        },
        {
            "flavor_text": "\u9677\u5165\u4e2d\u6bd2\u72c0\u614b\u6642\uff0c\n\u7269\u7406\u62db\u5f0f\u7684\u5a01\u529b\u6703\u63d0\u9ad8\u3002",
            "language": {
                "name": "zh-Hant",
                "url": "/api/v2/language/4/"
            },
            "version_group": {
                "name": "lets-go-pikachu-lets-go-eevee",
                "url": "/api/v2/version-group/19/"
            }
        },
        {
            "flavor_text": "Augmente la puissance des capacit\u00e9s physiques\nquand le Pok\u00e9mon est empoisonn\u00e9.",
            "language": {
                "name": "fr",
                "url": "/api/v2/language/5/"
            },
            "version_group": {
                "name": "lets-go-pikachu-lets-go-eevee",
                "url": "/api/v2/version-group/19/"
            }
        },
        {
            "flavor_text": "Erh\u00f6ht bei Vergiftungen die St\u00e4rke von physischen\nAttacken.",
            "language": {
                "name": "de",
                "url": "/api/v2/language/6/"
            },
            "version_group": {
                "name": "lets-go-pikachu-lets-go-eevee",
                "url": "/api/v2/version-group/19/"
            }
        },
        {
            "flavor_text": "Aumenta la potencia de los ataques f\u00edsicos cuando\nel Pok\u00e9mon est\u00e1 envenenado.",
            "language": {
                "name": "es",
                "url": "/api/v2/language/7/"
            },
            "version_group": {
                "name": "lets-go-pikachu-lets-go-eevee",
                "url": "/api/v2/version-group/19/"
            }
        },
        {
            "flavor_text": "Se il Pok\u00e9mon \u00e8 avvelenato, potenzia le mosse\nfisiche.",
            "language": {
                "name": "it",
                "url": "/api/v2/language/8/"
            },
            "version_group": {
                "name": "lets-go-pikachu-lets-go-eevee",
                "url": "/api/v2/version-group/19/"
            }
        },
        {
            "flavor_text": "Powers up physical attacks when the Pok\u00e9mon\nis poisoned.",
            "language": {
                "name": "en",
                "url": "/api/v2/language/9/"
            },
            "version_group": {
                "name": "lets-go-pikachu-lets-go-eevee",
                "url": "/api/v2/version-group/19/"
            }
        },
        {
            "flavor_text": "\u3069\u304f\u72b6\u614b\u306b\u3000\u306a\u3063\u305f\u3068\u304d\n\u7269\u7406\u6280\u306e\u3000\u5a01\u529b\u304c\u3000\u4e0a\u304c\u308b\u3002",
            "language": {
                "name": "ja",
                "url": "/api/v2/language/11/"
            },
            "version_group": {
                "name": "lets-go-pikachu-lets-go-eevee",
                "url": "/api/v2/version-group/19/"
            }
        },
        {
            "flavor_text": "\u53d8\u4e3a\u4e2d\u6bd2\u72b6\u6001\u65f6\uff0c\n\u7269\u7406\u62db\u5f0f\u7684\u5a01\u529b\u4f1a\u63d0\u9ad8\u3002",
            "language": {
                "name": "zh-Hans",
                "url": "/api/v2/language/12/"
            },
            "version_group": {
                "name": "lets-go-pikachu-lets-go-eevee",
                "url": "/api/v2/version-group/19/"
            }
        },
        {
            "flavor_text": "\u3069\u304f\u3000\u3058\u3087\u3046\u305f\u3044\u306b\u3000\u306a\u3063\u305f\u3068\u304d\n\u3076\u3064\u308a\u308f\u3056\u306e\u3000\u3044\u308a\u3087\u304f\u304c\u3000\u3042\u304c\u308b\u3002",
            "language": {
                "name": "ja-Hrkt",
                "url": "/api/v2/language/1/"
            },
            "version_group": {
                "name": "sword-shield",
                "url": "/api/v2/version-group/20/"
            }
        },
        {
            "flavor_text": "\ub3c5 \uc0c1\ud0dc\uac00 \ub418\uc5c8\uc744 \ub54c\n\ubb3c\ub9ac \uae30\uc220\uc758 \uc704\ub825\uc774 \uc62c\ub77c\uac04\ub2e4.",
            "language": {
                "name": "ko",
                "url": "/api/v2/language/3/"
            },
            "version_group": {
                "name": "sword-shield",
                "url": "/api/v2/version-group/20/"
            }
        },
        {
            "flavor_text": "\u9677\u5165\u4e2d\u6bd2\u72c0\u614b\u6642\uff0c\n\u7269\u7406\u62db\u5f0f\u7684\u5a01\u529b\u6703\u63d0\u9ad8\u3002",
            "language": {
                "name": "zh-Hant",
                "url": "/api/v2/language/4/"
            },
            "version_group": {
                "name": "sword-shield",
                "url": "/api/v2/version-group/20/"
            }
        },
        {
            "flavor_text": "Augmente la puissance des capacit\u00e9s physiques\nquand le Pok\u00e9mon est empoisonn\u00e9.",
            "language": {
                "name": "fr",
                "url": "/api/v2/language/5/"
            },
            "version_group": {
                "name": "sword-shield",
                "url": "/api/v2/version-group/20/"
            }
        },
        {
            "flavor_text": "Erh\u00f6ht bei Vergiftungen die St\u00e4rke von physischen\nAttacken.",
            "language": {
                "name": "de",
                "url": "/api/v2/language/6/"
            },
            "version_group": {
                "name": "sword-shield",
                "url": "/api/v2/version-group/20/"
            }
        },
        {
            "flavor_text": "Aumenta la potencia de sus ataques f\u00edsicos cuando\nest\u00e1 envenenado.",
            "language": {
                "name": "es",
                "url": "/api/v2/language/7/"
            },
            "version_group": {
                "name": "sword-shield",
                "url": "/api/v2/version-group/20/"
            }
        },
        {
            "flavor_text": "Se il Pok\u00e9mon \u00e8 avvelenato, la potenza delle sue mosse\nfisiche aumenta.",
            "language": {
                "name": "it",
                "url": "/api/v2/language/8/"
            },
            "version_group": {
                "name": "sword-shield",
                "url": "/api/v2/version-group/20/"
            }
        },
        {
            "flavor_text": "Powers up physical attacks when the Pok\u00e9mon\nis poisoned.",
            "language": {
                "name": "en",
                "url": "/api/v2/language/9/"
            },
            "version_group": {
                "name": "sword-shield",
                "url": "/api/v2/version-group/20/"
            }
        },
        {
            "flavor_text": "\u3069\u304f\u72b6\u614b\u306b\u3000\u306a\u3063\u305f\u3068\u304d\n\u7269\u7406\u6280\u306e\u3000\u5a01\u529b\u304c\u3000\u4e0a\u304c\u308b\u3002",
            "language": {
                "name": "ja",
                "url": "/api/v2/language/11/"
            },
            "version_group": {
                "name": "sword-shield",
                "url": "/api/v2/version-group/20/"
            }
        },
        {
            "flavor_text": "\u53d8\u4e3a\u4e2d\u6bd2\u72b6\u6001\u65f6\uff0c\n\u7269\u7406\u62db\u5f0f\u7684\u5a01\u529b\u4f1a\u63d0\u9ad8\u3002",
            "language": {
                "name": "zh-Hans",
                "url": "/api/v2/language/12/"
            },
            "version_group": {
                "name": "sword-shield",
                "url": "/api/v2/version-group/20/"
            }
        },
        {
            "flavor_text": "Augmente la puissance des capacit\u00e9s physiques\\nquand le Pok\u00e9mon est empoisonn\u00e9.",
            "language": {
                "name": "fr",
                "url": "/api/v2/language/5/"
            },
            "version_group": {
                "name": "scarlet-violet",
                "url": "/api/v2/version-group/25/"
            }
        },
        {
            "flavor_text": "Powers up physical moves when the Pok\u00e9mon is poisoned.",
            "language": {
                "name": "en",
                "url": "/api/v2/language/9/"
            },
            "version_group": {
                "name": "scarlet-violet",
                "url": "/api/v2/version-group/25/"
            }
        }
    ],
    "generation": {
        "name": "generation-v",
        "url": "/api/v2/generation/5/"
    },
    "id": 137,
    "is_main_series": true,
    "name": "toxic-boost",
    "names": [
        {
            "language": {
                "name": "ja-Hrkt",
                "url": "/api/v2/language/1/"
            },
            "name": "\u3069\u304f\u307c\u3046\u305d\u3046"
        },
        {
            "language": {
                "name": "ko",
                "url": "/api/v2/language/3/"
            },
            "name": "\ub3c5\ud3ed\uc8fc"
        },
        {
            "language": {
                "name": "zh-Hant",
                "url": "/api/v2/language/4/"
            },
            "name": "\u4e2d\u6bd2\u6fc0\u5347"
        },
        {
            "language": {
                "name": "fr",
                "url": "/api/v2/language/5/"
            },
            "name": "Rage Poison"
        },
        {
            "language": {
                "name": "de",
                "url": "/api/v2/language/6/"
            },
            "name": "Giftwahn"
        },
        {
            "language": {
                "name": "es",
                "url": "/api/v2/language/7/"
            },
            "name": "\u00cdmpetu T\u00f3xico"
        },
        {
            "language": {
                "name": "it",
                "url": "/api/v2/language/8/"
            },
            "name": "Velenimpeto"
        },
        {
            "language": {
                "name": "en",
                "url": "/api/v2/language/9/"
            },
            "name": "Toxic Boost"
        },
        {
            "language": {
                "name": "ja",
                "url": "/api/v2/language/11/"
            },
            "name": "\u3069\u304f\u307c\u3046\u305d\u3046"
        },
        {
            "language": {
                "name": "zh-Hans",
                "url": "/api/v2/language/12/"
            },
            "name": "\u4e2d\u6bd2\u6fc0\u5347"
        }
    ],
    "pokemon": [
        {
            "is_hidden": true,
            "pokemon": {
                "name": "zangoose",
                "url": "/api/v2/pokemon/335/"
            },
            "slot": 3
        }
    ]
}