{
    "descriptions": [
        {
            "description": "\u304a\u3063\u3061\u3087\u3053\u3061\u3087\u3044",
            "language": {
                "name": "ja-Hrkt",
                "url": "/api/v2/language/1/"
            }
        },
        {
            "description": "\ucd10\ub791\ub300\ub294 \uc131\uaca9\uc784",
            "language": {
                "name": "ko",
                "url": "/api/v2/language/3/"
            }
        },
        {
            "description": "\u5192\u5192\u5931\u5931",
            "language": {
                "name": "zh-Hant",
                "url": "/api/v2/language/4/"
            }
        },
        {
            "description": "Il est b\u00eate et impulsif",
            "language": {
                "name": "fr",
                "url": "/api/v2/language/5/"
            }
        },
        {
            "description": "Ist ungest\u00fcm und einf\u00e4ltig",
            "language": {
                "name": "de",
                "url": "/api/v2/language/6/"
            }
        },
        {
            "description": "Es de car\u00e1cter simple e impetuoso",
            "language": {
                "name": "es",
                "url": "/api/v2/language/7/"
            }
        },
        {
            "description": "\u00c8 irruente e semplice",
            "language": {
                "name": "it",
                "url": "/api/v2/language/8/"
            }
        },
        {
            "description": "Impetuous and silly",
            "language": {
                "name": "en",
                "url": "/api/v2/language/9/"
            }
        },
        {
            "description": "\u304a\u3063\u3061\u3087\u3053\u3061\u3087\u3044",
            "language": {
                "name": "ja",
                "url": "/api/v2/language/11/"
            }
        },
        {
            "description": "\u5192\u5192\u5931\u5931",
            "language": {
                "name": "zh-Hans",
                "url": "/api/v2/language/12/"
            }
        }
    ],
    "gene_modulo": 2,
    "highest_stat": {
        "name": "speed",
        "url": "/api/v2/stat/6/"
    },
    "id": 18,
    "possible_values": [
        2,
        7,
        12,
        17,
        22,
        27
    ]
}