{
    "effect_changes": [
        {
            "effect_entries": [
                {
                    "effect": "Hat au\u00dferhalb vom Kampf keinen Effekt.",
                    "language": {
                        "name": "de",
                        "url": "/api/v2/language/6/"
                    }
                },
                {
                    "effect": "Has no overworld effect.",
                    "language": {
                        "name": "en",
                        "url": "/api/v2/language/9/"
                    }
                }
            ],
            "version_group": {
                "name": "emerald",
                "url": "/api/v2/version-group/6/"
            }
        },
        {
            "effect_entries": [
                {
                    "effect": "Kann das Wesen von Pok\u00e9mon mit denen in der Spielwelt interagiert wird nicht ver\u00e4ndern.",
                    "language": {
                        "name": "de",
                        "url": "/api/v2/language/6/"
                    }
                },
                {
                    "effect": "Cannot influence the natures of Pok\u00e9mon encountered by interacting with them on the overworld.",
                    "language": {
                        "name": "en",
                        "url": "/api/v2/language/9/"
                    }
                }
            ],
            "version_group": {
                "name": "diamond-pearl",
                "url": "/api/v2/version-group/8/"
            }
        },
        {
            "effect_entries": [
                {
                    "effect": "Gibt schwere poison als normale poison zur\u00fcck.",
                    "language": {
                        "name": "de",
                        "url": "/api/v2/language/6/"
                    }
                },
                {
                    "effect": "Passes back bad poison as regular poison.",
                    "language": {
                        "name": "en",
                        "url": "/api/v2/language/9/"
                    }
                }
            ],
            "version_group": {
                "name": "black-white",
                "url": "/api/v2/version-group/11/"
            }
        }
    ],
    "effect_entries": [
        {
            "effect": "Wenn ein Pok\u00e9mon mit dieser F\u00e4higkeit verbrannt, paralysiert oder vergiftet wird, erh\u00e4lt das verantwortliche Pok\u00e9mon die gleiche status ailment.\n\nDiese F\u00e4higkeit gibt schwere poison als schwere poison zur\u00fcck. Die F\u00e4higkeit funktioniert nicht bei Status\u00e4nderungen die nicht direkt von einem anderen Pok\u00e9mon erhalten wurden, so wie poison von toxic spikes oder die burn durch flame orb.\n\nAu\u00dferhalb vom Kampf: Wenn ein Pok\u00e9mon mit dieser F\u00e4higkeit an erster Stelle im Team steht, haben wilde Pok\u00e9mon eine Chance von 50% dasselbe Wesen wie das des Pok\u00e9mons zu haben. Das gilt nicht f\u00fcr Pok\u00e9mon die au\u00dferhalb von K\u00e4mpfen erhalten werden oder sich bewegende Legend\u00e4re Pok\u00e9mon.",
            "language": {
                "name": "de",
                "url": "/api/v2/language/6/"
            },
            "short_effect": "Kopiert burn, paralysis und poison auf den Verursacher."
        },
        {
            "effect": "Whenever this Pok\u00e9mon is burned, paralyzed, or poisoned, the Pok\u00e9mon who gave this Pok\u00e9mon that ailment is also given the ailment.\n\nThis ability passes back bad poison when this Pok\u00e9mon is badly poisoned.  This ability cannot pass on a status ailment that the Pok\u00e9mon did not directly receive from another Pok\u00e9mon, such as the poison from toxic spikes or the burn from a flame orb.\n\nOverworld: If the lead Pok\u00e9mon has this ability, wild Pok\u00e9mon have a 50% chance of having the lead Pok\u00e9mon's nature, and a 50% chance of being given a random nature as usual, including the lead Pok\u00e9mon's nature.  This does not work on Pok\u00e9mon received outside of battle or roaming legendaries.",
            "language": {
                "name": "en",
                "url": "/api/v2/language/9/"
            },
            "short_effect": "Copies burns, paralysis, and poison received onto the Pok\u00e9mon that inflicted them."
        }
    ],
    "flavor_text_entries": [
        {
            "flavor_text": "Transf\u00e8re statuts.",
            "language": {
                "name": "fr",
                "url": "/api/v2/language/5/"
            },
            "version_group": {
                "name": "ruby-sapphire",
                "url": "/api/v2/version-group/5/"
            }
        },
        {
            "flavor_text": "Passes on status problems.",
            "language": {
                "name": "en",
                "url": "/api/v2/language/9/"
            },
            "version_group": {
                "name": "ruby-sapphire",
                "url": "/api/v2/version-group/5/"
            }
        },
        {
            "flavor_text": "Transf\u00e8re statuts.",
            "language": {
                "name": "fr",
                "url": "/api/v2/language/5/"
            },
            "version_group": {
                "name": "emerald",
                "url": "/api/v2/version-group/6/"
            }
        },
        {
            "flavor_text": "Passes on status problems.",
            "language": {
                "name": "en",
                "url": "/api/v2/language/9/"
            },
            "version_group": {
                "name": "emerald",
                "url": "/api/v2/version-group/6/"
            }
        },
        {
            "flavor_text": "Transf\u00e8re statuts.",
            "language": {
                "name": "fr",
                "url": "/api/v2/language/5/"
            },
            "version_group": {
                "name": "firered-leafgreen",
                "url": "/api/v2/version-group/7/"
            }
        },
        {
            "flavor_text": "Passes on status problems.",
            "language": {
                "name": "en",
                "url": "/api/v2/language/9/"
            },
            "version_group": {
                "name": "firered-leafgreen",
                "url": "/api/v2/version-group/7/"
            }
        },
        {
            "flavor_text": "Transmet br\u00fblure, poison ou paralysie \u00e0 l'ennemi.",
            "language": {
                "name": "fr",
                "url": "/api/v2/language/5/"
            },
            "version_group": {
                "name": "diamond-pearl",
                "url": "/api/v2/version-group/8/"
            }
        },
        {
            "flavor_text": "Passes on a burn, poison,\nor paralysis to the foe.",
            "language": {
                "name": "en",
                "url": "/api/v2/language/9/"
            },
            "version_group": {
                "name": "diamond-pearl",
                "url": "/api/v2/version-group/8/"
            }
        },
        {
            "flavor_text": "Transmet br\u00fblure, poison ou paralysie \u00e0 l'ennemi.",
            "language": {
                "name": "fr",
                "url": "/api/v2/language/5/"
            },
            "version_group": {
                "name": "platinum",
                "url": "/api/v2/version-group/9/"
            }
        },
        {
            "flavor_text": "Passes on a burn, poison,\nor paralysis to the foe.",
            "language": {
                "name": "en",
                "url": "/api/v2/language/9/"
            },
            "version_group": {
                "name": "platinum",
                "url": "/api/v2/version-group/9/"
            }
        },
        {
            "flavor_text": "Transmet br\u00fblure, poison ou paralysie \u00e0 l'ennemi.",
            "language": {
                "name": "fr",
                "url": "/api/v2/language/5/"
            },
            "version_group": {
                "name": "heartgold-soulsilver",
                "url": "/api/v2/version-group/10/"
            }
        },
        {
            "flavor_text": "Passes a burn, poison,\nor paralysis to the foe.",
            "language": {
                "name": "en",
                "url": "/api/v2/language/9/"
            },
            "version_group": {
                "name": "heartgold-soulsilver",
                "url": "/api/v2/version-group/10/"
            }
        },
        {
            "flavor_text": "Transmet br\u00fblure, poison ou paralysie \u00e0 l'ennemi.",
            "language": {
                "name": "fr",
                "url": "/api/v2/language/5/"
            },
            "version_group": {
                "name": "black-white",
                "url": "/api/v2/version-group/11/"
            }
        },
        {
            "flavor_text": "Transmet br\u00fblure, poison\nou paralysie \u00e0 l\u2019ennemi.",
            "language": {
                "name": "fr",
                "url": "/api/v2/language/5/"
            },
            "version_group": {
                "name": "black-white",
                "url": "/api/v2/version-group/11/"
            }
        },
        {
            "flavor_text": "Passes a burn, poison,\nor paralysis to the foe.",
            "language": {
                "name": "en",
                "url": "/api/v2/language/9/"
            },
            "version_group": {
                "name": "black-white",
                "url": "/api/v2/version-group/11/"
            }
        },
        {
            "flavor_text": "Transmet br\u00fblure, poison ou paralysie \u00e0 l'ennemi.",
            "language": {
                "name": "fr",
                "url": "/api/v2/language/5/"
            },
            "version_group": {
                "name": "black-2-white-2",
                "url": "/api/v2/version-group/14/"
            }
        },
        {
            "flavor_text": "Passes a burn, poison,\nor paralysis to the foe.",
            "language": {
                "name": "en",
                "url": "/api/v2/language/9/"
            },
            "version_group": {
                "name": "black-2-white-2",
                "url": "/api/v2/version-group/14/"
            }
        },
        {
            "flavor_text": "\u3069\u304f\u3000\u307e\u3072\u3000\u3084\u3051\u3069\u3092\n\u3042\u3044\u3066\u306b\u3000\u3046\u3064\u3059\u3002",
            "language": {
                "name": "ja-Hrkt",
                "url": "/api/v2/language/1/"
            },
            "version_group": {
                "name": "x-y",
                "url": "/api/v2/version-group/15/"
            }
        },
        {
            "flavor_text": "\ub3c5, \ub9c8\ube44, \ud654\uc0c1\uc744\n\uc0c1\ub300\uc5d0\uac8c \uc62e\uae34\ub2e4.",
            "language": {
                "name": "ko",
                "url": "/api/v2/language/3/"
            },
            "version_group": {
                "name": "x-y",
                "url": "/api/v2/version-group/15/"
            }
        },
        {
            "flavor_text": "Transmet br\u00fblure, paralysie ou poison au Pok\u00e9mon qui l'a inflig\u00e9.",
            "language": {
                "name": "fr",
                "url": "/api/v2/language/5/"
            },
            "version_group": {
                "name": "x-y",
                "url": "/api/v2/version-group/15/"
            }
        },
        {
            "flavor_text": "Quand le Pok\u00e9mon est br\u00fbl\u00e9, paralys\u00e9 ou empoisonn\u00e9 par un autre Pok\u00e9mon, il partage ce statut avec celui-ci.",
            "language": {
                "name": "fr",
                "url": "/api/v2/language/5/"
            },
            "version_group": {
                "name": "x-y",
                "url": "/api/v2/version-group/15/"
            }
        },
        {
            "flavor_text": "Transmet br\u00fblure, paralysie ou\npoison au Pok\u00e9mon qui l\u2019a inflig\u00e9.",
            "language": {
                "name": "fr",
                "url": "/api/v2/language/5/"
            },
            "version_group": {
                "name": "x-y",
                "url": "/api/v2/version-group/15/"
            }
        },
        {
            "flavor_text": "Brand, Gift oder Paralyse ereilen\nauch den Verursacher.",
            "language": {
                "name": "de",
                "url": "/api/v2/language/6/"
            },
            "version_group": {
                "name": "x-y",
                "url": "/api/v2/version-group/15/"
            }
        },
        {
            "flavor_text": "Contagia envenenamiento,\npar\u00e1lisis o quemaduras.",
            "language": {
                "name": "es",
                "url": "/api/v2/language/7/"
            },
            "version_group": {
                "name": "x-y",
                "url": "/api/v2/version-group/15/"
            }
        },
        {
            "flavor_text": "Avvelena, paralizza o scotta il\nnemico che infligge lo stato.",
            "language": {
                "name": "it",
                "url": "/api/v2/language/8/"
            },
            "version_group": {
                "name": "x-y",
                "url": "/api/v2/version-group/15/"
            }
        },
        {
            "flavor_text": "Passes poison, paralyze, or burn\nto the Pok\u00e9mon that inflicted it.",
            "language": {
                "name": "en",
                "url": "/api/v2/language/9/"
            },
            "version_group": {
                "name": "x-y",
                "url": "/api/v2/version-group/15/"
            }
        },
        {
            "flavor_text": "\u3069\u304f\u3000\u307e\u3072\u3000\u3084\u3051\u3069\u3092\n\u76f8\u624b\u306b\u3000\u3046\u3064\u3059\u3002",
            "language": {
                "name": "ja",
                "url": "/api/v2/language/11/"
            },
            "version_group": {
                "name": "x-y",
                "url": "/api/v2/version-group/15/"
            }
        },
        {
            "flavor_text": "\u3069\u304f\u3000\u307e\u3072\u3000\u3084\u3051\u3069\u3092\n\u3042\u3044\u3066\u306b\u3000\u3046\u3064\u3059\u3002",
            "language": {
                "name": "ja-Hrkt",
                "url": "/api/v2/language/1/"
            },
            "version_group": {
                "name": "omega-ruby-alpha-sapphire",
                "url": "/api/v2/version-group/16/"
            }
        },
        {
            "flavor_text": "\ub3c5, \ub9c8\ube44, \ud654\uc0c1\uc744\n\uc0c1\ub300\uc5d0\uac8c \uc62e\uae34\ub2e4.",
            "language": {
                "name": "ko",
                "url": "/api/v2/language/3/"
            },
            "version_group": {
                "name": "omega-ruby-alpha-sapphire",
                "url": "/api/v2/version-group/16/"
            }
        },
        {
            "flavor_text": "Transmet br\u00fblure, paralysie ou poison au Pok\u00e9mon qui l'a inflig\u00e9.",
            "language": {
                "name": "fr",
                "url": "/api/v2/language/5/"
            },
            "version_group": {
                "name": "omega-ruby-alpha-sapphire",
                "url": "/api/v2/version-group/16/"
            }
        },
        {
            "flavor_text": "Quand le Pok\u00e9mon est br\u00fbl\u00e9, paralys\u00e9 ou empoisonn\u00e9 par un autre Pok\u00e9mon, il partage ce statut avec celui-ci.",
            "language": {
                "name": "fr",
                "url": "/api/v2/language/5/"
            },
            "version_group": {
                "name": "omega-ruby-alpha-sapphire",
                "url": "/api/v2/version-group/16/"
            }
        },
        {
            "flavor_text": "Transmet br\u00fblure, paralysie ou\npoison au Pok\u00e9mon qui l\u2019a inflig\u00e9.",
            "language": {
                "name": "fr",
                "url": "/api/v2/language/5/"
            },
            "version_group": {
                "name": "omega-ruby-alpha-sapphire",
                "url": "/api/v2/version-group/16/"
            }
        },
        {
            "flavor_text": "Brand, Gift oder Paralyse ereilen\nauch den Verursacher.",
            "language": {
                "name": "de",
                "url": "/api/v2/language/6/"
            },
            "version_group": {
                "name": "omega-ruby-alpha-sapphire",
                "url": "/api/v2/version-group/16/"
            }
        },
        {
            "flavor_text": "Contagia envenenamiento,\npar\u00e1lisis o quemaduras.",
            "language": {
                "name": "es",
                "url": "/api/v2/language/7/"
            },
            "version_group": {
                "name": "omega-ruby-alpha-sapphire",
                "url": "/api/v2/version-group/16/"
            }
        },
        {
            "flavor_text": "Avvelena, paralizza o scotta il\nnemico che infligge lo stato.",
            "language": {
                "name": "it",
                "url": "/api/v2/language/8/"
            },
            "version_group": {
                "name": "omega-ruby-alpha-sapphire",
                "url": "/api/v2/version-group/16/"
            }
        },
        {
            "flavor_text": "Passes poison, paralyze, or burn\nto the Pok\u00e9mon that inflicted it.",
            "language": {
                "name": "en",
                "url": "/api/v2/language/9/"
            },
            "version_group": {
                "name": "omega-ruby-alpha-sapphire",
                "url": "/api/v2/version-group/16/"
            }
        },
        {
            "flavor_text": "\u3069\u304f\u3000\u307e\u3072\u3000\u3084\u3051\u3069\u3092\n\u76f8\u624b\u306b\u3000\u3046\u3064\u3059\u3002",
            "language": {
                "name": "ja",
                "url": "/api/v2/language/11/"
            },
            "version_group": {
                "name": "omega-ruby-alpha-sapphire",
                "url": "/api/v2/version-group/16/"
            }
        },
        {
            "flavor_text": "\u3058\u3076\u3093\u304c\u3000\u306a\u3063\u3066\u3057\u307e\u3063\u305f\n\u3069\u304f\u3084\u3000\u307e\u3072\u3084\u3000\u3084\u3051\u3069\u3092\n\u3042\u3044\u3066\u306b\u3000\u3046\u3064\u3059\u3002",
            "language": {
                "name": "ja-Hrkt",
                "url": "/api/v2/language/1/"
            },
            "version_group": {
                "name": "sun-moon",
                "url": "/api/v2/version-group/17/"
            }
        },
        {
            "flavor_text": "\uc790\uc2e0\uc774 \uac78\ub9b0\n\ub3c5\uc774\ub098 \ub9c8\ube44, \ud654\uc0c1\uc744\n\uc0c1\ub300\uc5d0\uac8c \uc62e\uae34\ub2e4.",
            "language": {
                "name": "ko",
                "url": "/api/v2/language/3/"
            },
            "version_group": {
                "name": "sun-moon",
                "url": "/api/v2/version-group/17/"
            }
        },
        {
            "flavor_text": "\u5c07\u81ea\u5df1\u7684\u4e2d\u6bd2\u3001\u9ebb\u75fa\u6216\n\u707c\u50b7\u72c0\u614b\u50b3\u67d3\u7d66\u5c0d\u624b\u3002",
            "language": {
                "name": "zh-Hant",
                "url": "/api/v2/language/4/"
            },
            "version_group": {
                "name": "sun-moon",
                "url": "/api/v2/version-group/17/"
            }
        },
        {
            "flavor_text": "Quand le Pok\u00e9mon est br\u00fbl\u00e9, paralys\u00e9 ou empoisonn\u00e9 par un autre Pok\u00e9mon, il partage ce statut avec celui-ci.",
            "language": {
                "name": "fr",
                "url": "/api/v2/language/5/"
            },
            "version_group": {
                "name": "sun-moon",
                "url": "/api/v2/version-group/17/"
            }
        },
        {
            "flavor_text": "Quand le Pok\u00e9mon est br\u00fbl\u00e9, paralys\u00e9 ou empoisonn\u00e9\npar un autre Pok\u00e9mon, il partage ce statut avec\ncelui-ci.",
            "language": {
                "name": "fr",
                "url": "/api/v2/language/5/"
            },
            "version_group": {
                "name": "sun-moon",
                "url": "/api/v2/version-group/17/"
            }
        },
        {
            "flavor_text": "Erleidet das Pok\u00e9mon Verbrennungen, Vergiftungen\noder Paralyse, ereilt das jeweilige Statusproblem\nauch den Verursacher.",
            "language": {
                "name": "de",
                "url": "/api/v2/language/6/"
            },
            "version_group": {
                "name": "sun-moon",
                "url": "/api/v2/version-group/17/"
            }
        },
        {
            "flavor_text": "Contagia el envenenamiento, las quemaduras o la\npar\u00e1lisis al Pok\u00e9mon que le cause ese estado.",
            "language": {
                "name": "es",
                "url": "/api/v2/language/7/"
            },
            "version_group": {
                "name": "sun-moon",
                "url": "/api/v2/version-group/17/"
            }
        },
        {
            "flavor_text": "Se un nemico avvelena, paralizza o scotta un\nPok\u00e9mon con questa abilit\u00e0, viene affetto dallo\nstesso stato.",
            "language": {
                "name": "it",
                "url": "/api/v2/language/8/"
            },
            "version_group": {
                "name": "sun-moon",
                "url": "/api/v2/version-group/17/"
            }
        },
        {
            "flavor_text": "The attacker will receive the same status condition if\nit inflicts a burn, poison, or paralysis to the Pok\u00e9mon.",
            "language": {
                "name": "en",
                "url": "/api/v2/language/9/"
            },
            "version_group": {
                "name": "sun-moon",
                "url": "/api/v2/version-group/17/"
            }
        },
        {
            "flavor_text": "\u81ea\u5206\u304c\u3000\u306a\u3063\u3066\u3057\u307e\u3063\u305f\n\u3069\u304f\u3084\u3000\u307e\u3072\u3084\u3000\u3084\u3051\u3069\u3092\n\u76f8\u624b\u306b\u3000\u3046\u3064\u3059\u3002",
            "language": {
                "name": "ja",
                "url": "/api/v2/language/11/"
            },
            "version_group": {
                "name": "sun-moon",
                "url": "/api/v2/version-group/17/"
            }
        },
        {
            "flavor_text": "\u5c06\u81ea\u5df1\u7684\u4e2d\u6bd2\u3001\u9ebb\u75f9\n\u6216\u707c\u4f24\u72b6\u6001\u4f20\u67d3\u7ed9\u5bf9\u624b\u3002",
            "language": {
                "name": "zh-Hans",
                "url": "/api/v2/language/12/"
            },
            "version_group": {
                "name": "sun-moon",
                "url": "/api/v2/version-group/17/"
            }
        },
        {
            "flavor_text": "\u3058\u3076\u3093\u304c\u3000\u306a\u3063\u3066\u3057\u307e\u3063\u305f\n\u3069\u304f\u3084\u3000\u307e\u3072\u3084\u3000\u3084\u3051\u3069\u3092\n\u3042\u3044\u3066\u306b\u3000\u3046\u3064\u3059\u3002",
            "language": {
                "name": "ja-Hrkt",
                "url": "/api/v2/language/1/"
            },
            "version_group": {
                "name": "ultra-sun-ultra-moon",
                "url": "/api/v2/version-group/18/"
            }
        },
        {
            "flavor_text": "\uc790\uc2e0\uc774 \uac78\ub9b0\n\ub3c5\uc774\ub098 \ub9c8\ube44, \ud654\uc0c1\uc744\n\uc0c1\ub300\uc5d0\uac8c \uc62e\uae34\ub2e4.",
            "language": {
                "name": "ko",
                "url": "/api/v2/language/3/"
            },
            "version_group": {
                "name": "ultra-sun-ultra-moon",
                "url": "/api/v2/version-group/18/"
            }
        },
        {
            "flavor_text": "\u5c07\u81ea\u5df1\u7684\u4e2d\u6bd2\u3001\u9ebb\u75fa\u6216\n\u707c\u50b7\u72c0\u614b\u50b3\u67d3\u7d66\u5c0d\u624b\u3002",
            "language": {
                "name": "zh-Hant",
                "url": "/api/v2/language/4/"
            },
            "version_group": {
                "name": "ultra-sun-ultra-moon",
                "url": "/api/v2/version-group/18/"
            }
        },
        {
            "flavor_text": "Quand le Pok\u00e9mon est br\u00fbl\u00e9, paralys\u00e9 ou empoisonn\u00e9 par un autre Pok\u00e9mon, il partage ce statut avec celui-ci.",
            "language": {
                "name": "fr",
                "url": "/api/v2/language/5/"
            },
            "version_group": {
                "name": "ultra-sun-ultra-moon",
                "url": "/api/v2/version-group/18/"
            }
        },
        {
            "flavor_text": "Quand le Pok\u00e9mon est br\u00fbl\u00e9, paralys\u00e9 ou empoisonn\u00e9\npar un autre Pok\u00e9mon, il partage ce statut avec\ncelui-ci.",
            "language": {
                "name": "fr",
                "url": "/api/v2/language/5/"
            },
            "version_group": {
                "name": "ultra-sun-ultra-moon",
                "url": "/api/v2/version-group/18/"
            }
        },
        {
            "flavor_text": "Erleidet das Pok\u00e9mon Verbrennungen, Vergiftungen\noder Paralyse, ereilt das jeweilige Statusproblem\nauch den Verursacher.",
            "language": {
                "name": "de",
                "url": "/api/v2/language/6/"
            },
            "version_group": {
                "name": "ultra-sun-ultra-moon",
                "url": "/api/v2/version-group/18/"
            }
        },
        {
            "flavor_text": "Contagia el envenenamiento, las quemaduras o la\npar\u00e1lisis al Pok\u00e9mon que le cause ese estado.",
            "language": {
                "name": "es",
                "url": "/api/v2/language/7/"
            },
            "version_group": {
                "name": "ultra-sun-ultra-moon",
                "url": "/api/v2/version-group/18/"
            }
        },
        {
            "flavor_text": "Se un nemico avvelena, paralizza o scotta un\nPok\u00e9mon con questa abilit\u00e0, viene affetto dallo\nstesso stato.",
            "language": {
                "name": "it",
                "url": "/api/v2/language/8/"
            },
            "version_group": {
                "name": "ultra-sun-ultra-moon",
                "url": "/api/v2/version-group/18/"
            }
        },
        {
            "flavor_text": "The attacker will receive the same status condition if\nit inflicts a burn, poison, or paralysis to the Pok\u00e9mon.",
            "language": {
                "name": "en",
                "url": "/api/v2/language/9/"
            },
            "version_group": {
                "name": "ultra-sun-ultra-moon",
                "url": "/api/v2/version-group/18/"
            }
        },
        {
            "flavor_text": "\u81ea\u5206\u304c\u3000\u306a\u3063\u3066\u3057\u307e\u3063\u305f\n\u3069\u304f\u3084\u3000\u307e\u3072\u3084\u3000\u3084\u3051\u3069\u3092\n\u76f8\u624b\u306b\u3000\u3046\u3064\u3059\u3002",
            "language": {
                "name": "ja",
                "url": "/api/v2/language/11/"
            },
            "version_group": {
                "name": "ultra-sun-ultra-moon",
                "url": "/api/v2/version-group/18/"
            }
        },
        {
            "flavor_text": "\u5c06\u81ea\u5df1\u7684\u4e2d\u6bd2\u3001\u9ebb\u75f9\n\u6216\u707c\u4f24\u72b6\u6001\u4f20\u67d3\u7ed9\u5bf9\u624b\u3002",
            "language": {
                "name": "zh-Hans",
                "url": "/api/v2/language/12/"
            },
            "version_group": {
                "name": "ultra-sun-ultra-moon",
                "url": "/api/v2/version-group/18/"
            }
        },
        {
            "flavor_text": "\u3058\u3076\u3093\u304c\u3000\u306a\u3063\u3066\u3057\u307e\u3063\u305f\n\u3069\u304f\u3084\u3000\u307e\u3072\u3084\u3000\u3084\u3051\u3069\u3092\n\u3042\u3044\u3066\u306b\u3000\u3046\u3064\u3059\u3002",
            "language": {
                "name": "ja-Hrkt",
                "url": "/api/v2/language/1/"
            },
            "version_group": {
                "name": "lets-go-pikachu-lets-go-eevee",
                "url": "/api/v2/version-group/19/"
            }
        },
        {
            "flavor_text": "\uc790\uc2e0\uc774 \uac78\ub9b0\n\ub3c5\uc774\ub098 \ub9c8\ube44, \ud654\uc0c1\uc744\n\uc0c1\ub300\uc5d0\uac8c \uc62e\uae34\ub2e4.",
            "language": {
                "name": "ko",
                "url": "/api/v2/language/3/"
            },
            "version_group": {
                "name": "lets-go-pikachu-lets-go-eevee",
                "url": "/api/v2/version-group/19/"
            }
        },
        {
            "flavor_text": "\u5c07\u81ea\u5df1\u7684\u4e2d\u6bd2\u3001\u9ebb\u75fa\u6216\n\u707c\u50b7\u72c0\u614b\u50b3\u67d3\u7d66\u5c0d\u624b\u3002",
            "language": {
                "name": "zh-Hant",
                "url": "/api/v2/language/4/"
            },
            "version_group": {
                "name": "lets-go-pikachu-lets-go-eevee",
                "url": "/api/v2/version-group/19/"
            }
        },
        {
            "flavor_text": "Quand le Pok\u00e9mon est br\u00fbl\u00e9, paralys\u00e9 ou empoisonn\u00e9\npar un autre Pok\u00e9mon, il partage ce statut avec\ncelui-ci.",
            "language": {
                "name": "fr",
                "url": "/api/v2/language/5/"
            },
            "version_group": {
                "name": "lets-go-pikachu-lets-go-eevee",
                "url": "/api/v2/version-group/19/"
            }
        },
        {
            "flavor_text": "Erleidet das Pok\u00e9mon Verbrennungen, Vergiftungen\noder Paralyse, ereilt das jeweilige Statusproblem\nauch den Verursacher.",
            "language": {
                "name": "de",
                "url": "/api/v2/language/6/"
            },
            "version_group": {
                "name": "lets-go-pikachu-lets-go-eevee",
                "url": "/api/v2/version-group/19/"
            }
        },
        {
            "flavor_text": "Contagia el envenenamiento, las quemaduras o la\npar\u00e1lisis al Pok\u00e9mon que le cause ese estado.",
            "language": {
                "name": "es",
                "url": "/api/v2/language/7/"
            },
            "version_group": {
                "name": "lets-go-pikachu-lets-go-eevee",
                "url": "/api/v2/version-group/19/"
            }
        },
        {
            "flavor_text": "Se un nemico avvelena, paralizza o scotta un\nPok\u00e9mon con questa abilit\u00e0, viene affetto dallo\nstesso stato.",
            "language": {
                "name": "it",
                "url": "/api/v2/language/8/"
            },
            "version_group": {
                "name": "lets-go-pikachu-lets-go-eevee",
                "url": "/api/v2/version-group/19/"
            }
        },
        {
            "flavor_text": "The attacker will receive the same status condition if\nit inflicts a burn, poison, or paralysis to the Pok\u00e9mon.",
            "language": {
                "name": "en",
                "url": "/api/v2/language/9/"
            },
            "version_group": {
                "name": "lets-go-pikachu-lets-go-eevee",
                "url": "/api/v2/version-group/19/"
            }
        },
        {
            "flavor_text": "\u81ea\u5206\u304c\u3000\u306a\u3063\u3066\u3057\u307e\u3063\u305f\n\u3069\u304f\u3084\u3000\u307e\u3072\u3084\u3000\u3084\u3051\u3069\u3092\n\u76f8\u624b\u306b\u3000\u3046\u3064\u3059\u3002",
            "language": {
                "name": "ja",
                "url": "/api/v2/language/11/"
            },
            "version_group": {
                "name": "lets-go-pikachu-lets-go-eevee",
                "url": "/api/v2/version-group/19/"
            }
        },
        {
            "flavor_text": "\u5c06\u81ea\u5df1\u7684\u4e2d\u6bd2\u3001\u9ebb\u75f9\n\u6216\u707c\u4f24\u72b6\u6001\u4f20\u67d3\u7ed9\u5bf9\u624b\u3002",
            "language": {
                "name": "zh-Hans",
                "url": "/api/v2/language/12/"
            },
            "version_group": {
                "name": "lets-go-pikachu-lets-go-eevee",
                "url": "/api/v2/version-group/19/"
            }
        },
        {
            "flavor_text": "\u3058\u3076\u3093\u304c\u3000\u306a\u3063\u3066\u3057\u307e\u3063\u305f\n\u3069\u304f\u3084\u3000\u307e\u3072\u3084\u3000\u3084\u3051\u3069\u3092\n\u3042\u3044\u3066\u306b\u3000\u3046\u3064\u3059\u3002",
            "language": {
                "name": "ja-Hrkt",
                "url": "/api/v2/language/1/"
            },
            "version_group": {
                "name": "sword-shield",
                "url": "/api/v2/version-group/20/"
            }
        },
        {
            "flavor_text": "\uc790\uc2e0\uc774 \uac78\ub9b0\n\ub3c5\uc774\ub098 \ub9c8\ube44, \ud654\uc0c1\uc744\n\uc0c1\ub300\uc5d0\uac8c \uc62e\uae34\ub2e4.",
            "language": {
                "name": "ko",
                "url": "/api/v2/language/3/"
            },
            "version_group": {
                "name": "sword-shield",
                "url": "/api/v2/version-group/20/"
            }
        },
        {
            "flavor_text": "\u5c07\u81ea\u5df1\u7684\u4e2d\u6bd2\u3001\u9ebb\u75fa\u6216\n\u707c\u50b7\u72c0\u614b\u50b3\u67d3\u7d66\u5c0d\u624b\u3002",
            "language": {
                "name": "zh-Hant",
                "url": "/api/v2/language/4/"
            },
            "version_group": {
                "name": "sword-shield",
                "url": "/api/v2/version-group/20/"
            }
        },
        {
            "flavor_text": "Quand le Pok\u00e9mon est br\u00fbl\u00e9, paralys\u00e9 ou empoisonn\u00e9 par un autre Pok\u00e9mon, il partage ce statut avec celui-ci.",
            "language": {
                "name": "fr",
                "url": "/api/v2/language/5/"
            },
            "version_group": {
                "name": "sword-shield",
                "url": "/api/v2/version-group/20/"
            }
        },
        {
            "flavor_text": "Quand le Pok\u00e9mon est br\u00fbl\u00e9, paralys\u00e9 ou empoisonn\u00e9\npar un autre Pok\u00e9mon, il partage ce statut avec celui-ci.",
            "language": {
                "name": "fr",
                "url": "/api/v2/language/5/"
            },
            "version_group": {
                "name": "sword-shield",
                "url": "/api/v2/version-group/20/"
            }
        },
        {
            "flavor_text": "Erleidet das Pok\u00e9mon Verbrennungen, Vergiftungen\noder Paralyse, ereilt das jeweilige Statusproblem\nauch den Verursacher.",
            "language": {
                "name": "de",
                "url": "/api/v2/language/6/"
            },
            "version_group": {
                "name": "sword-shield",
                "url": "/api/v2/version-group/20/"
            }
        },
        {
            "flavor_text": "Contagia el envenenamiento, las quemaduras o la\npar\u00e1lisis al Pok\u00e9mon que le cause ese estado.",
            "language": {
                "name": "es",
                "url": "/api/v2/language/7/"
            },
            "version_group": {
                "name": "sword-shield",
                "url": "/api/v2/version-group/20/"
            }
        },
        {
            "flavor_text": "Se un nemico avvelena, paralizza o scotta un\nPok\u00e9mon con questa abilit\u00e0, viene colpito dallo\nstesso problema di stato.",
            "language": {
                "name": "it",
                "url": "/api/v2/language/8/"
            },
            "version_group": {
                "name": "sword-shield",
                "url": "/api/v2/version-group/20/"
            }
        },
        {
            "flavor_text": "The attacker will receive the same status condition if\nit inflicts a burn, poison, or paralysis to the Pok\u00e9mon.",
            "language": {
                "name": "en",
                "url": "/api/v2/language/9/"
            },
            "version_group": {
                "name": "sword-shield",
                "url": "/api/v2/version-group/20/"
            }
        },
        {
            "flavor_text": "\u81ea\u5206\u304c\u3000\u306a\u3063\u3066\u3057\u307e\u3063\u305f\n\u3069\u304f\u3084\u3000\u307e\u3072\u3084\u3000\u3084\u3051\u3069\u3092\n\u76f8\u624b\u306b\u3000\u3046\u3064\u3059\u3002",
            "language": {
                "name": "ja",
                "url": "/api/v2/language/11/"
            },
            "version_group": {
                "name": "sword-shield",
                "url": "/api/v2/version-group/20/"
            }
        },
        {
            "flavor_text": "\u5c06\u81ea\u5df1\u7684\u4e2d\u6bd2\u3001\u9ebb\u75f9\n\u6216\u707c\u4f24\u72b6\u6001\u4f20\u67d3\u7ed9\u5bf9\u624b\u3002",
            "language": {
                "name": "zh-Hans",
                "url": "/api/v2/language/12/"
            },
            "version_group": {
                "name": "sword-shield",
                "url": "/api/v2/version-group/20/"
            }
        },
        {
            "flavor_text": "Quand le Pok\u00e9mon est br\u00fbl\u00e9, paralys\u00e9 ou empoisonn\u00e9 par un autre Pok\u00e9mon, il partage ce statut avec celui-ci.",
            "language": {
                "name": "fr",
                "url": "/api/v2/language/5/"
            },
            "version_group": {
                "name": "scarlet-violet",
                "url": "/api/v2/version-group/25/"
            }
        },
        {
            "flavor_text": "If the Pok\u00e9mon is burned, paralyzed, or poisoned by another Pok\u00e9mon, that Pok\u00e9mon will be inflicted with the same status condition.",
            "language": {
                "name": "en",
                "url": "/api/v2/language/9/"
            },
            "version_group": {
                "name": "scarlet-violet",
                "url": "/api/v2/version-group/25/"
            }
        }
    ],
    "generation": {
        "name": "generation-iii",
        "url": "/api/v2/generation/3/"
    },
    "id": 28,
    "is_main_series": true,
    "name": "synchronize",
    "names": [
        {
            "language": {
                "name": "ja-Hrkt",
                "url": "/api/v2/language/1/"
            },
            "name": "\u30b7\u30f3\u30af\u30ed"
        },
        {
            "language": {
                "name": "ko",
                "url": "/api/v2/language/3/"
            },
            "name": "\uc2f1\ud06c\ub85c"
        },
        {
            "language": {
                "name": "zh-Hant",
                "url": "/api/v2/language/4/"
            },
            "name": "\u540c\u6b65"
        },
        {
            "language": {
                "name": "fr",
                "url": "/api/v2/language/5/"
            },
            "name": "Synchro"
        },
        {
            "language": {
                "name": "de",
                "url": "/api/v2/language/6/"
            },
            "name": "Synchro"
        },
        {
            "language": {
                "name": "es",
                "url": "/api/v2/language/7/"
            },
            "name": "Sincron\u00eda"
        },
        {
            "language": {
                "name": "it",
                "url": "/api/v2/language/8/"
            },
            "name": "Sincronismo"
        },
        {
            "language": {
                "name": "en",
                "url": "/api/v2/language/9/"
            },
            "name": "Synchronize"
        },
        {
            "language": {
                "name": "ja",
                "url": "/api/v2/language/11/"
            },
            "name": "\u30b7\u30f3\u30af\u30ed"
        },
        {
            "language": {
                "name": "zh-Hans",
                "url": "/api/v2/language/12/"
            },
            "name": "\u540c\u6b65"
        }
    ],
    "pokemon": [
        {
            "is_hidden": false,
            "pokemon": {
                "name": "abra",
                "url": "/api/v2/pokemon/63/"
            },
            "slot": 1
        },
        {
            "is_hidden": false,
            "pokemon": {
                "name": "kadabra",
                "url": "/api/v2/pokemon/64/"
            },
            "slot": 1
        },
        {
            "is_hidden": false,
            "pokemon": {
                "name": "alakazam",
                "url": "/api/v2/pokemon/65/"
            },
            "slot": 1
        },
        {
            "is_hidden": false,
            "pokemon": {
                "name": "mew",
                "url": "/api/v2/pokemon/151/"
            },
            "slot": 1
        },
        {
            "is_hidden": false,
            "pokemon": {
                "name": "natu",
                "url": "/api/v2/pokemon/177/"
            },
            "slot": 1
        },
        {
            "is_hidden": false,
            "pokemon": {
                "name": "xatu",
                "url": "/api/v2/pokemon/178/"
            },
            "slot": 1
        },
        {
            "is_hidden": false,
            "pokemon": {
                "name": "espeon",
                "url": "/api/v2/pokemon/196/"
            },
            "slot": 1
        },
        {
            "is_hidden": false,
            "pokemon": {
                "name": "umbreon",
                "url": "/api/v2/pokemon/197/"
            },
            "slot": 1
        },
        {
            "is_hidden": false,
            "pokemon": {
                "name": "ralts",
                "url": "/api/v2/pokemon/280/"
            },
            "slot": 1
        },
        {
            "is_hidden": false,
            "pokemon": {
                "name": "kirlia",
                "url": "/api/v2/pokemon/281/"
            },
            "slot": 1
        },
        {
            "is_hidden": false,
            "pokemon": {
                "name": "gardevoir",
                "url": "/api/v2/pokemon/282/"
            },
            "slot": 1
        },
        {
            "is_hidden": false,
            "pokemon": {
                "name": "munna",
                "url": "/api/v2/pokemon/517/"
            },
            "slot": 2
        },
        {
            "is_hidden": false,
            "pokemon": {
                "name": "musharna",
                "url": "/api/v2/pokemon/518/"
            },
            "slot": 2
        },
        {
            "is_hidden": false,
            "pokemon": {
                "name": "elgyem",
                "url": "/api/v2/pokemon/605/"
            },
            "slot": 2
        },
        {
            "is_hidden": false,
            "pokemon": {
                "name": "beheeyem",
                "url": "/api/v2/pokemon/606/"
            },
            "slot": 2
        },
        {
            "is_hidden": false,
            "pokemon": {
                "name": "indeedee-male",
                "url": "/api/v2/pokemon/876/"
            },
            "slot": 2
        },
        {
            "is_hidden": false,
            "pokemon": {
                "name": "rabsca",
                "url": "/api/v2/pokemon/954/"
            },
            "slot": 1
        },
        {
            "is_hidden": false,
            "pokemon": {
                "name": "indeedee-female",
                "url": "/api/v2/pokemon/10186/"
            },
            "slot": 2
        }
    ]
}