{
    "effect_changes": [],
    "effect_entries": [
        {
            "effect": "Wenn ein Pok\u00e9mon mit dieser F\u00e4higkeit eine Beere isst, stellt es 1/3 seiner maximalen hp wieder her, zus\u00e4tzlich zum eigentlichen Effekt der Beere.\n\nDie F\u00e4higkeit wirkt auch, wenn das Pok\u00e9mon die Beere durch fling, bug bite oder pluck erhalten hat, solange es von der Beere profitiert.\n\nDie F\u00e4higkeit wirkt nicht, wenn die Beere mit natural gift verbraucht wird.",
            "language": {
                "name": "de",
                "url": "/api/v2/language/6/"
            },
            "short_effect": "Stellt zus\u00e4tzlich zum eigentlichen Effekt einer Beere zus\u00e4tzliche hp wieder her."
        },
        {
            "effect": "Restores HP upon eating a Berry, in addition to the Berry's effect.",
            "language": {
                "name": "en",
                "url": "/api/v2/language/9/"
            },
            "short_effect": "Restores HP upon eating a Berry, in addition to the Berry's effect."
        }
    ],
    "flavor_text_entries": [
        {
            "flavor_text": "\uc5b4\ub5a4 \ub098\ubb34\uc5f4\ub9e4\ub77c\ub3c4\n\uba39\uc73c\uba74 HP\ub3c4 \ud68c\ubcf5\ud55c\ub2e4.",
            "language": {
                "name": "ko",
                "url": "/api/v2/language/3/"
            },
            "version_group": {
                "name": "sword-shield",
                "url": "/api/v2/version-group/20/"
            }
        },
        {
            "flavor_text": "\u304d\u306e\u307f\u3092\u3000\u305f\u3079\u308b\u3068\n\uff28\uff30\u3082\u3000\u304b\u3044\u3075\u304f\u3059\u308b\u3002",
            "language": {
                "name": "ja-Hrkt",
                "url": "/api/v2/language/1/"
            },
            "version_group": {
                "name": "x-y",
                "url": "/api/v2/version-group/15/"
            }
        },
        {
            "flavor_text": "\ub098\ubb34\uc5f4\ub9e4\ub97c \uba39\uc73c\uba74\nHP\ub3c4 \ud68c\ubcf5\ud55c\ub2e4.",
            "language": {
                "name": "ko",
                "url": "/api/v2/language/3/"
            },
            "version_group": {
                "name": "x-y",
                "url": "/api/v2/version-group/15/"
            }
        },
        {
            "flavor_text": "Rend des PV lorsque le Pok\u00e9mon\nconsomme une Baie.",
            "language": {
                "name": "fr",
                "url": "/api/v2/language/5/"
            },
            "version_group": {
                "name": "x-y",
                "url": "/api/v2/version-group/15/"
            }
        },
        {
            "flavor_text": "Heilt beim Konsum\nvon Beeren KP.",
            "language": {
                "name": "de",
                "url": "/api/v2/language/6/"
            },
            "version_group": {
                "name": "x-y",
                "url": "/api/v2/version-group/15/"
            }
        },
        {
            "flavor_text": "Recupera PS al comer bayas.",
            "language": {
                "name": "es",
                "url": "/api/v2/language/7/"
            },
            "version_group": {
                "name": "x-y",
                "url": "/api/v2/version-group/15/"
            }
        },
        {
            "flavor_text": "Fa recuperare PS quando\nil Pok\u00e9mon mangia una bacca.",
            "language": {
                "name": "it",
                "url": "/api/v2/language/8/"
            },
            "version_group": {
                "name": "x-y",
                "url": "/api/v2/version-group/15/"
            }
        },
        {
            "flavor_text": "Restores HP as well when\nthe Pok\u00e9mon eats a Berry.",
            "language": {
                "name": "en",
                "url": "/api/v2/language/9/"
            },
            "version_group": {
                "name": "x-y",
                "url": "/api/v2/version-group/15/"
            }
        },
        {
            "flavor_text": "\u304d\u306e\u307f\u3092\u3000\u98df\u3079\u308b\u3068\n\uff28\uff30\u3082\u3000\u56de\u5fa9\u3059\u308b\u3002",
            "language": {
                "name": "ja",
                "url": "/api/v2/language/11/"
            },
            "version_group": {
                "name": "x-y",
                "url": "/api/v2/version-group/15/"
            }
        },
        {
            "flavor_text": "\u304d\u306e\u202f\u3092\u3000\u305f\u3079\u308b\u3068\n\uff28\uff30\u3082\u3000\u304b\u3044\u3075\u304f\u3059\u308b\u3002",
            "language": {
                "name": "ja-Hrkt",
                "url": "/api/v2/language/1/"
            },
            "version_group": {
                "name": "omega-ruby-alpha-sapphire",
                "url": "/api/v2/version-group/16/"
            }
        },
        {
            "flavor_text": "\ub098\ubb34\uc5f4\ub9e4\ub97c \uba39\uc73c\uba74\nHP\ub3c4 \ud68c\ubcf5\ud55c\ub2e4.",
            "language": {
                "name": "ko",
                "url": "/api/v2/language/3/"
            },
            "version_group": {
                "name": "omega-ruby-alpha-sapphire",
                "url": "/api/v2/version-group/16/"
            }
        },
        {
            "flavor_text": "Rend des PV lorsque le Pok\u00e9mon\nconsomme une Baie.",
            "language": {
                "name": "fr",
                "url": "/api/v2/language/5/"
            },
            "version_group": {
                "name": "omega-ruby-alpha-sapphire",
                "url": "/api/v2/version-group/16/"
            }
        },
        {
            "flavor_text": "Heilt beim Konsum\nvon Beeren KP.",
            "language": {
                "name": "de",
                "url": "/api/v2/language/6/"
            },
            "version_group": {
                "name": "omega-ruby-alpha-sapphire",
                "url": "/api/v2/version-group/16/"
            }
        },
        {
            "flavor_text": "Recupera PS al comer bayas.",
            "language": {
                "name": "es",
                "url": "/api/v2/language/7/"
            },
            "version_group": {
                "name": "omega-ruby-alpha-sapphire",
                "url": "/api/v2/version-group/16/"
            }
        },
        {
            "flavor_text": "Fa recuperare PS quando\nil Pok\u00e9mon mangia una bacca.",
            "language": {
                "name": "it",
                "url": "/api/v2/language/8/"
            },
            "version_group": {
                "name": "omega-ruby-alpha-sapphire",
                "url": "/api/v2/version-group/16/"
            }
        },
        {
            "flavor_text": "Restores HP as well when\nthe Pok\u00e9mon eats a Berry.",
            "language": {
                "name": "en",
                "url": "/api/v2/language/9/"
            },
            "version_group": {
                "name": "omega-ruby-alpha-sapphire",
                "url": "/api/v2/version-group/16/"
            }
        },
        {
            "flavor_text": "\u304d\u306e\u202f\u3092\u3000\u98df\u3079\u308b\u3068\n\uff28\uff30\u3082\u3000\u56de\u5fa9\u3059\u308b\u3002",
            "language": {
                "name": "ja",
                "url": "/api/v2/language/11/"
            },
            "version_group": {
                "name": "omega-ruby-alpha-sapphire",
                "url": "/api/v2/version-group/16/"
            }
        },
        {
            "flavor_text": "\u3069\u3093\u306a\u3000\u304d\u306e\u307f\u3067\u3082\n\u305f\u3079\u308b\u3068\u3000\uff28\uff30\u3082\u3000\u304b\u3044\u3075\u304f\u3059\u308b\u3002",
            "language": {
                "name": "ja-Hrkt",
                "url": "/api/v2/language/1/"
            },
            "version_group": {
                "name": "sun-moon",
                "url": "/api/v2/version-group/17/"
            }
        },
        {
            "flavor_text": "\uc5b4\ub5a4 \ub098\ubb34\uc5f4\ub9e4\ub77c\ub3c4\n\uba39\uc73c\uba74 HP\ub3c4 \ud68c\ubcf5\ud55c\ub2e4.",
            "language": {
                "name": "ko",
                "url": "/api/v2/language/3/"
            },
            "version_group": {
                "name": "sun-moon",
                "url": "/api/v2/version-group/17/"
            }
        },
        {
            "flavor_text": "\u7121\u8ad6\u662f\u54ea\u7a2e\u6a39\u679c\uff0c\n\u5403\u4e0b\u53bb\u5f8c\uff28\uff30\u90fd\u6703\u56de\u5fa9\u3002",
            "language": {
                "name": "zh-Hant",
                "url": "/api/v2/language/4/"
            },
            "version_group": {
                "name": "sun-moon",
                "url": "/api/v2/version-group/17/"
            }
        },
        {
            "flavor_text": "Restaure des PV lorsque le Pok\u00e9mon consomme\nune Baie, quelle qu\u2019elle soit.",
            "language": {
                "name": "fr",
                "url": "/api/v2/language/5/"
            },
            "version_group": {
                "name": "sun-moon",
                "url": "/api/v2/version-group/17/"
            }
        },
        {
            "flavor_text": "Regeneriert beim Konsum von Beeren ungeachtet\nder Beerensorte KP.",
            "language": {
                "name": "de",
                "url": "/api/v2/language/6/"
            },
            "version_group": {
                "name": "sun-moon",
                "url": "/api/v2/version-group/17/"
            }
        },
        {
            "flavor_text": "Recupera PS al comer cualquier baya.",
            "language": {
                "name": "es",
                "url": "/api/v2/language/7/"
            },
            "version_group": {
                "name": "sun-moon",
                "url": "/api/v2/version-group/17/"
            }
        },
        {
            "flavor_text": "Fa recuperare PS quando il Pok\u00e9mon mangia\nuna bacca.",
            "language": {
                "name": "it",
                "url": "/api/v2/language/8/"
            },
            "version_group": {
                "name": "sun-moon",
                "url": "/api/v2/version-group/17/"
            }
        },
        {
            "flavor_text": "Restores HP as well when the Pok\u00e9mon eats a Berry.",
            "language": {
                "name": "en",
                "url": "/api/v2/language/9/"
            },
            "version_group": {
                "name": "sun-moon",
                "url": "/api/v2/version-group/17/"
            }
        },
        {
            "flavor_text": "\u3069\u3093\u306a\u3000\u304d\u306e\u307f\u3067\u3082\n\u98df\u3079\u308b\u3068\u3000\uff28\uff30\u3082\u3000\u56de\u5fa9\u3059\u308b\u3002",
            "language": {
                "name": "ja",
                "url": "/api/v2/language/11/"
            },
            "version_group": {
                "name": "sun-moon",
                "url": "/api/v2/version-group/17/"
            }
        },
        {
            "flavor_text": "\u65e0\u8bba\u662f\u54ea\u79cd\u6811\u679c\uff0c\n\u98df\u7528\u540e\uff0c\uff28\uff30\u90fd\u4f1a\u56de\u590d\u3002",
            "language": {
                "name": "zh-Hans",
                "url": "/api/v2/language/12/"
            },
            "version_group": {
                "name": "sun-moon",
                "url": "/api/v2/version-group/17/"
            }
        },
        {
            "flavor_text": "\u3069\u3093\u306a\u3000\u304d\u306e\u307f\u3067\u3082\n\u305f\u3079\u308b\u3068\u3000\uff28\uff30\u3082\u3000\u304b\u3044\u3075\u304f\u3059\u308b\u3002",
            "language": {
                "name": "ja-Hrkt",
                "url": "/api/v2/language/1/"
            },
            "version_group": {
                "name": "ultra-sun-ultra-moon",
                "url": "/api/v2/version-group/18/"
            }
        },
        {
            "flavor_text": "\uc5b4\ub5a4 \ub098\ubb34\uc5f4\ub9e4\ub77c\ub3c4\n\uba39\uc73c\uba74 HP\ub3c4 \ud68c\ubcf5\ud55c\ub2e4.",
            "language": {
                "name": "ko",
                "url": "/api/v2/language/3/"
            },
            "version_group": {
                "name": "ultra-sun-ultra-moon",
                "url": "/api/v2/version-group/18/"
            }
        },
        {
            "flavor_text": "\u7121\u8ad6\u662f\u54ea\u7a2e\u6a39\u679c\uff0c\n\u5403\u4e0b\u53bb\u5f8c\uff28\uff30\u90fd\u6703\u56de\u5fa9\u3002",
            "language": {
                "name": "zh-Hant",
                "url": "/api/v2/language/4/"
            },
            "version_group": {
                "name": "ultra-sun-ultra-moon",
                "url": "/api/v2/version-group/18/"
            }
        },
        {
            "flavor_text": "Restaure des PV lorsque le Pok\u00e9mon consomme\nune Baie, quelle qu\u2019elle soit.",
            "language": {
                "name": "fr",
                "url": "/api/v2/language/5/"
            },
            "version_group": {
                "name": "ultra-sun-ultra-moon",
                "url": "/api/v2/version-group/18/"
            }
        },
        {
            "flavor_text": "Regeneriert beim Konsum von Beeren ungeachtet\nder Beerensorte KP.",
            "language": {
                "name": "de",
                "url": "/api/v2/language/6/"
            },
            "version_group": {
                "name": "ultra-sun-ultra-moon",
                "url": "/api/v2/version-group/18/"
            }
        },
        {
            "flavor_text": "Recupera PS al comer cualquier baya.",
            "language": {
                "name": "es",
                "url": "/api/v2/language/7/"
            },
            "version_group": {
                "name": "ultra-sun-ultra-moon",
                "url": "/api/v2/version-group/18/"
            }
        },
        {
            "flavor_text": "Fa recuperare PS quando il Pok\u00e9mon mangia\nuna bacca.",
            "language": {
                "name": "it",
                "url": "/api/v2/language/8/"
            },
            "version_group": {
                "name": "ultra-sun-ultra-moon",
                "url": "/api/v2/version-group/18/"
            }
        },
        {
            "flavor_text": "Restores HP as well when the Pok\u00e9mon eats a Berry.",
            "language": {
                "name": "en",
                "url": "/api/v2/language/9/"
            },
            "version_group": {
                "name": "ultra-sun-ultra-moon",
                "url": "/api/v2/version-group/18/"
            }
        },
        {
            "flavor_text": "\u3069\u3093\u306a\u3000\u304d\u306e\u307f\u3067\u3082\n\u98df\u3079\u308b\u3068\u3000\uff28\uff30\u3082\u3000\u56de\u5fa9\u3059\u308b\u3002",
            "language": {
                "name": "ja",
                "url": "/api/v2/language/11/"
            },
            "version_group": {
                "name": "ultra-sun-ultra-moon",
                "url": "/api/v2/version-group/18/"
            }
        },
        {
            "flavor_text": "\u65e0\u8bba\u662f\u54ea\u79cd\u6811\u679c\uff0c\n\u98df\u7528\u540e\uff0c\uff28\uff30\u90fd\u4f1a\u56de\u590d\u3002",
            "language": {
                "name": "zh-Hans",
                "url": "/api/v2/language/12/"
            },
            "version_group": {
                "name": "ultra-sun-ultra-moon",
                "url": "/api/v2/version-group/18/"
            }
        },
        {
            "flavor_text": "\u3069\u3093\u306a\u3000\u304d\u306e\u307f\u3067\u3082\n\u305f\u3079\u308b\u3068\u3000\uff28\uff30\u3082\u3000\u304b\u3044\u3075\u304f\u3059\u308b\u3002",
            "language": {
                "name": "ja-Hrkt",
                "url": "/api/v2/language/1/"
            },
            "version_group": {
                "name": "lets-go-pikachu-lets-go-eevee",
                "url": "/api/v2/version-group/19/"
            }
        },
        {
            "flavor_text": "\uc5b4\ub5a4 \ub098\ubb34\uc5f4\ub9e4\ub77c\ub3c4\n\uba39\uc73c\uba74 HP\ub3c4 \ud68c\ubcf5\ud55c\ub2e4.",
            "language": {
                "name": "ko",
                "url": "/api/v2/language/3/"
            },
            "version_group": {
                "name": "lets-go-pikachu-lets-go-eevee",
                "url": "/api/v2/version-group/19/"
            }
        },
        {
            "flavor_text": "\u7121\u8ad6\u662f\u54ea\u7a2e\u6a39\u679c\uff0c\n\u5403\u4e0b\u53bb\u5f8cHP\u90fd\u6703\u56de\u5fa9\u3002",
            "language": {
                "name": "zh-Hant",
                "url": "/api/v2/language/4/"
            },
            "version_group": {
                "name": "lets-go-pikachu-lets-go-eevee",
                "url": "/api/v2/version-group/19/"
            }
        },
        {
            "flavor_text": "Restaure des PV lorsque le Pok\u00e9mon consomme\nune Baie, quelle qu\u2019elle soit.",
            "language": {
                "name": "fr",
                "url": "/api/v2/language/5/"
            },
            "version_group": {
                "name": "lets-go-pikachu-lets-go-eevee",
                "url": "/api/v2/version-group/19/"
            }
        },
        {
            "flavor_text": "Regeneriert beim Konsum von Beeren ungeachtet\nder Beerensorte KP.",
            "language": {
                "name": "de",
                "url": "/api/v2/language/6/"
            },
            "version_group": {
                "name": "lets-go-pikachu-lets-go-eevee",
                "url": "/api/v2/version-group/19/"
            }
        },
        {
            "flavor_text": "Recupera PS al comer cualquier baya.",
            "language": {
                "name": "es",
                "url": "/api/v2/language/7/"
            },
            "version_group": {
                "name": "lets-go-pikachu-lets-go-eevee",
                "url": "/api/v2/version-group/19/"
            }
        },
        {
            "flavor_text": "Fa recuperare PS quando il Pok\u00e9mon mangia\nuna bacca.",
            "language": {
                "name": "it",
                "url": "/api/v2/language/8/"
            },
            "version_group": {
                "name": "lets-go-pikachu-lets-go-eevee",
                "url": "/api/v2/version-group/19/"
            }
        },
        {
            "flavor_text": "Restores HP as well when the Pok\u00e9mon eats a Berry.",
            "language": {
                "name": "en",
                "url": "/api/v2/language/9/"
            },
            "version_group": {
                "name": "lets-go-pikachu-lets-go-eevee",
                "url": "/api/v2/version-group/19/"
            }
        },
        {
            "flavor_text": "\u3069\u3093\u306a\u3000\u304d\u306e\u307f\u3067\u3082\n\u98df\u3079\u308b\u3068\u3000\uff28\uff30\u3082\u3000\u56de\u5fa9\u3059\u308b\u3002",
            "language": {
                "name": "ja",
                "url": "/api/v2/language/11/"
            },
            "version_group": {
                "name": "lets-go-pikachu-lets-go-eevee",
                "url": "/api/v2/version-group/19/"
            }
        },
        {
            "flavor_text": "\u65e0\u8bba\u662f\u54ea\u79cd\u6811\u679c\uff0c\n\u98df\u7528\u540e\uff0cHP\u90fd\u4f1a\u56de\u590d\u3002",
            "language": {
                "name": "zh-Hans",
                "url": "/api/v2/language/12/"
            },
            "version_group": {
                "name": "lets-go-pikachu-lets-go-eevee",
                "url": "/api/v2/version-group/19/"
            }
        },
        {
            "flavor_text": "\u3069\u3093\u306a\u3000\u304d\u306e\u307f\u3067\u3082\n\u305f\u3079\u308b\u3068\u3000\uff28\uff30\u3082\u3000\u304b\u3044\u3075\u304f\u3059\u308b\u3002",
            "language": {
                "name": "ja-Hrkt",
                "url": "/api/v2/language/1/"
            },
            "version_group": {
                "name": "sword-shield",
                "url": "/api/v2/version-group/20/"
            }
        },
        {
            "flavor_text": "\u7121\u8ad6\u662f\u54ea\u7a2e\u6a39\u679c\uff0c\n\u5403\u4e0b\u53bb\u5f8c\uff28\uff30\u90fd\u6703\u56de\u5fa9\u3002",
            "language": {
                "name": "zh-Hant",
                "url": "/api/v2/language/4/"
            },
            "version_group": {
                "name": "sword-shield",
                "url": "/api/v2/version-group/20/"
            }
        },
        {
            "flavor_text": "Restaure des PV lorsque le Pok\u00e9mon consomme\nune Baie, quelle qu\u2019elle soit.",
            "language": {
                "name": "fr",
                "url": "/api/v2/language/5/"
            },
            "version_group": {
                "name": "sword-shield",
                "url": "/api/v2/version-group/20/"
            }
        },
        {
            "flavor_text": "Regeneriert beim Konsum von Beeren ungeachtet\nder Beerensorte KP.",
            "language": {
                "name": "de",
                "url": "/api/v2/language/6/"
            },
            "version_group": {
                "name": "sword-shield",
                "url": "/api/v2/version-group/20/"
            }
        },
        {
            "flavor_text": "Recupera PS al comer cualquier baya.",
            "language": {
                "name": "es",
                "url": "/api/v2/language/7/"
            },
            "version_group": {
                "name": "sword-shield",
                "url": "/api/v2/version-group/20/"
            }
        },
        {
            "flavor_text": "Quando il Pok\u00e9mon mangia una bacca, recupera anche\ndei PS.",
            "language": {
                "name": "it",
                "url": "/api/v2/language/8/"
            },
            "version_group": {
                "name": "sword-shield",
                "url": "/api/v2/version-group/20/"
            }
        },
        {
            "flavor_text": "Restores HP as well when the Pok\u00e9mon eats a Berry.",
            "language": {
                "name": "en",
                "url": "/api/v2/language/9/"
            },
            "version_group": {
                "name": "sword-shield",
                "url": "/api/v2/version-group/20/"
            }
        },
        {
            "flavor_text": "\u3069\u3093\u306a\u3000\u304d\u306e\u307f\u3067\u3082\n\u98df\u3079\u308b\u3068\u3000\uff28\uff30\u3082\u3000\u56de\u5fa9\u3059\u308b\u3002",
            "language": {
                "name": "ja",
                "url": "/api/v2/language/11/"
            },
            "version_group": {
                "name": "sword-shield",
                "url": "/api/v2/version-group/20/"
            }
        },
        {
            "flavor_text": "\u65e0\u8bba\u662f\u54ea\u79cd\u6811\u679c\uff0c\n\u98df\u7528\u540e\uff0c\uff28\uff30\u90fd\u4f1a\u56de\u590d\u3002",
            "language": {
                "name": "zh-Hans",
                "url": "/api/v2/language/12/"
            },
            "version_group": {
                "name": "sword-shield",
                "url": "/api/v2/version-group/20/"
            }
        },
        {
            "flavor_text": "Le Pok\u00e9mon r\u00e9cup\u00e8re des PV lorsqu\u2019il consomme\\nn\u2019importe quelle Baie en plus de b\u00e9n\u00e9ficier de\\nses effets habituels.",
            "language": {
                "name": "fr",
                "url": "/api/v2/language/5/"
            },
            "version_group": {
                "name": "scarlet-violet",
                "url": "/api/v2/version-group/25/"
            }
        },
        {
            "flavor_text": "The Pok\u00e9mon's HP is restored when it eats any Berry, in addition to the Berry's usual effect.",
            "language": {
                "name": "en",
                "url": "/api/v2/language/9/"
            },
            "version_group": {
                "name": "scarlet-violet",
                "url": "/api/v2/version-group/25/"
            }
        }
    ],
    "generation": {
        "name": "generation-vi",
        "url": "/api/v2/generation/6/"
    },
    "id": 167,
    "is_main_series": true,
    "name": "cheek-pouch",
    "names": [
        {
            "language": {
                "name": "ja-Hrkt",
                "url": "/api/v2/language/1/"
            },
            "name": "\u307b\u304a\u3076\u304f\u308d"
        },
        {
            "language": {
                "name": "ko",
                "url": "/api/v2/language/3/"
            },
            "name": "\ubcfc\uc8fc\uba38\ub2c8"
        },
        {
            "language": {
                "name": "zh-Hant",
                "url": "/api/v2/language/4/"
            },
            "name": "\u9830\u56ca"
        },
        {
            "language": {
                "name": "fr",
                "url": "/api/v2/language/5/"
            },
            "name": "Bajoues"
        },
        {
            "language": {
                "name": "de",
                "url": "/api/v2/language/6/"
            },
            "name": "Backentaschen"
        },
        {
            "language": {
                "name": "es",
                "url": "/api/v2/language/7/"
            },
            "name": "Carrillo"
        },
        {
            "language": {
                "name": "it",
                "url": "/api/v2/language/8/"
            },
            "name": "Guancegonfie"
        },
        {
            "language": {
                "name": "en",
                "url": "/api/v2/language/9/"
            },
            "name": "Cheek Pouch"
        },
        {
            "language": {
                "name": "ja",
                "url": "/api/v2/language/11/"
            },
            "name": "\u307b\u304a\u3076\u304f\u308d"
        },
        {
            "language": {
                "name": "zh-Hans",
                "url": "/api/v2/language/12/"
            },
            "name": "\u988a\u56ca"
        }
    ],
    "pokemon": [
        {
            "is_hidden": false,
            "pokemon": {
                "name": "bunnelby",
                "url": "/api/v2/pokemon/659/"
            },
            "slot": 2
        },
        {
            "is_hidden": false,
            "pokemon": {
                "name": "diggersby",
                "url": "/api/v2/pokemon/660/"
            },
            "slot": 2
        },
        {
            "is_hidden": false,
            "pokemon": {
                "name": "dedenne",
                "url": "/api/v2/pokemon/702/"
            },
            "slot": 1
        },
        {
            "is_hidden": false,
            "pokemon": {
                "name": "skwovet",
                "url": "/api/v2/pokemon/819/"
            },
            "slot": 1
        },
        {
            "is_hidden": false,
            "pokemon": {
                "name": "greedent",
                "url": "/api/v2/pokemon/820/"
            },
            "slot": 1
        },
        {
            "is_hidden": false,
            "pokemon": {
                "name": "maushold-family-of-four",
                "url": "/api/v2/pokemon/925/"
            },
            "slot": 2
        },
        {
            "is_hidden": false,
            "pokemon": {
                "name": "maushold-family-of-three",
                "url": "/api/v2/pokemon/10257/"
            },
            "slot": 2
        }
    ]
}