{
    "effect_changes": [],
    "effect_entries": [
        {
            "effect": "Wenn ein Pok\u00e9mon mit dieser F\u00e4higkeit von einer Attacke mit Kontakt getroffen wird, besteht eine 30% Chance den Angreifer zu vergiften.",
            "language": {
                "name": "de",
                "url": "/api/v2/language/6/"
            },
            "short_effect": "Hat eine 30% Chance den Gegner bei Kontakt zu vergiften."
        },
        {
            "effect": "Whenever a move makes contact with this Pok\u00e9mon, the move's user has a 30% chance of being poisoned.",
            "language": {
                "name": "en",
                "url": "/api/v2/language/9/"
            },
            "short_effect": "Has a 30% chance of poisoning attacking Pok\u00e9mon on contact."
        }
    ],
    "flavor_text_entries": [
        {
            "flavor_text": "Empoisonne quand touch\u00e9.",
            "language": {
                "name": "fr",
                "url": "/api/v2/language/5/"
            },
            "version_group": {
                "name": "ruby-sapphire",
                "url": "/api/v2/version-group/5/"
            }
        },
        {
            "flavor_text": "Poisons foe on contact.",
            "language": {
                "name": "en",
                "url": "/api/v2/language/9/"
            },
            "version_group": {
                "name": "ruby-sapphire",
                "url": "/api/v2/version-group/5/"
            }
        },
        {
            "flavor_text": "Empoisonne quand touch\u00e9.",
            "language": {
                "name": "fr",
                "url": "/api/v2/language/5/"
            },
            "version_group": {
                "name": "emerald",
                "url": "/api/v2/version-group/6/"
            }
        },
        {
            "flavor_text": "Poisons foe on contact.",
            "language": {
                "name": "en",
                "url": "/api/v2/language/9/"
            },
            "version_group": {
                "name": "emerald",
                "url": "/api/v2/version-group/6/"
            }
        },
        {
            "flavor_text": "Empoisonne quand touch\u00e9.",
            "language": {
                "name": "fr",
                "url": "/api/v2/language/5/"
            },
            "version_group": {
                "name": "firered-leafgreen",
                "url": "/api/v2/version-group/7/"
            }
        },
        {
            "flavor_text": "Poisons foe on contact.",
            "language": {
                "name": "en",
                "url": "/api/v2/language/9/"
            },
            "version_group": {
                "name": "firered-leafgreen",
                "url": "/api/v2/version-group/7/"
            }
        },
        {
            "flavor_text": "Peut empoisonner l'ennemi s'il y a contact.",
            "language": {
                "name": "fr",
                "url": "/api/v2/language/5/"
            },
            "version_group": {
                "name": "diamond-pearl",
                "url": "/api/v2/version-group/8/"
            }
        },
        {
            "flavor_text": "Contact with the Pok\u00e9mon\nmay poison the foe.",
            "language": {
                "name": "en",
                "url": "/api/v2/language/9/"
            },
            "version_group": {
                "name": "diamond-pearl",
                "url": "/api/v2/version-group/8/"
            }
        },
        {
            "flavor_text": "Peut empoisonner l'ennemi s'il y a contact.",
            "language": {
                "name": "fr",
                "url": "/api/v2/language/5/"
            },
            "version_group": {
                "name": "platinum",
                "url": "/api/v2/version-group/9/"
            }
        },
        {
            "flavor_text": "Contact with the Pok\u00e9mon\nmay poison the foe.",
            "language": {
                "name": "en",
                "url": "/api/v2/language/9/"
            },
            "version_group": {
                "name": "platinum",
                "url": "/api/v2/version-group/9/"
            }
        },
        {
            "flavor_text": "Peut empoisonner l'ennemi s'il y a contact.",
            "language": {
                "name": "fr",
                "url": "/api/v2/language/5/"
            },
            "version_group": {
                "name": "heartgold-soulsilver",
                "url": "/api/v2/version-group/10/"
            }
        },
        {
            "flavor_text": "Contact with the Pok\u00e9mon\nmay poison the foe.",
            "language": {
                "name": "en",
                "url": "/api/v2/language/9/"
            },
            "version_group": {
                "name": "heartgold-soulsilver",
                "url": "/api/v2/version-group/10/"
            }
        },
        {
            "flavor_text": "Peut empoisonner l'ennemi s'il y a contact.",
            "language": {
                "name": "fr",
                "url": "/api/v2/language/5/"
            },
            "version_group": {
                "name": "black-white",
                "url": "/api/v2/version-group/11/"
            }
        },
        {
            "flavor_text": "Peut empoisonner l\u2019ennemi\ns\u2019il y a contact.",
            "language": {
                "name": "fr",
                "url": "/api/v2/language/5/"
            },
            "version_group": {
                "name": "black-white",
                "url": "/api/v2/version-group/11/"
            }
        },
        {
            "flavor_text": "Contact with the Pok\u00e9mon\nmay poison the attacker.",
            "language": {
                "name": "en",
                "url": "/api/v2/language/9/"
            },
            "version_group": {
                "name": "black-white",
                "url": "/api/v2/version-group/11/"
            }
        },
        {
            "flavor_text": "Peut empoisonner l'ennemi s'il y a contact.",
            "language": {
                "name": "fr",
                "url": "/api/v2/language/5/"
            },
            "version_group": {
                "name": "xd",
                "url": "/api/v2/version-group/13/"
            }
        },
        {
            "flavor_text": "Peut empoisonner l'ennemi s'il y a contact.",
            "language": {
                "name": "fr",
                "url": "/api/v2/language/5/"
            },
            "version_group": {
                "name": "black-2-white-2",
                "url": "/api/v2/version-group/14/"
            }
        },
        {
            "flavor_text": "Contact with the Pok\u00e9mon\nmay poison the attacker.",
            "language": {
                "name": "en",
                "url": "/api/v2/language/9/"
            },
            "version_group": {
                "name": "black-2-white-2",
                "url": "/api/v2/version-group/14/"
            }
        },
        {
            "flavor_text": "\u3075\u308c\u305f\u3000\u3042\u3044\u3066\u306b\u3000\u3069\u304f\u3092\n\u304a\u308f\u305b\u308b\u3000\u3053\u3068\u304c\u3042\u308b\u3002",
            "language": {
                "name": "ja-Hrkt",
                "url": "/api/v2/language/1/"
            },
            "version_group": {
                "name": "x-y",
                "url": "/api/v2/version-group/15/"
            }
        },
        {
            "flavor_text": "\uc811\ucd09\ud55c \uc0c1\ub300\ub97c\n\uc911\ub3c5\uc2dc\ud0ac \ub54c\uac00 \uc788\ub2e4.",
            "language": {
                "name": "ko",
                "url": "/api/v2/language/3/"
            },
            "version_group": {
                "name": "x-y",
                "url": "/api/v2/version-group/15/"
            }
        },
        {
            "flavor_text": "Peut empoisonner l'attaquant lorsque le Pok\u00e9mon subit une attaque directe.",
            "language": {
                "name": "fr",
                "url": "/api/v2/language/5/"
            },
            "version_group": {
                "name": "x-y",
                "url": "/api/v2/version-group/15/"
            }
        },
        {
            "flavor_text": "Peut empoisonner l\u2019attaquant\ns\u2019il y a contact.",
            "language": {
                "name": "fr",
                "url": "/api/v2/language/5/"
            },
            "version_group": {
                "name": "x-y",
                "url": "/api/v2/version-group/15/"
            }
        },
        {
            "flavor_text": "Vergiftet den Angreifer\neventuell bei Ber\u00fchrung.",
            "language": {
                "name": "de",
                "url": "/api/v2/language/6/"
            },
            "version_group": {
                "name": "x-y",
                "url": "/api/v2/version-group/15/"
            }
        },
        {
            "flavor_text": "Puede envenenar al m\u00ednimo\ncontacto.",
            "language": {
                "name": "es",
                "url": "/api/v2/language/7/"
            },
            "version_group": {
                "name": "x-y",
                "url": "/api/v2/version-group/15/"
            }
        },
        {
            "flavor_text": "Pu\u00f2 avvelenare chi manda\na segno una mossa fisica.",
            "language": {
                "name": "it",
                "url": "/api/v2/language/8/"
            },
            "version_group": {
                "name": "x-y",
                "url": "/api/v2/version-group/15/"
            }
        },
        {
            "flavor_text": "Contact with the Pok\u00e9mon\nmay poison the attacker.",
            "language": {
                "name": "en",
                "url": "/api/v2/language/9/"
            },
            "version_group": {
                "name": "x-y",
                "url": "/api/v2/version-group/15/"
            }
        },
        {
            "flavor_text": "\u89e6\u308c\u305f\u3000\u76f8\u624b\u306b\u3000\u3069\u304f\u3092\n\u304a\u308f\u305b\u308b\u3000\u3053\u3068\u304c\u3042\u308b\u3002",
            "language": {
                "name": "ja",
                "url": "/api/v2/language/11/"
            },
            "version_group": {
                "name": "x-y",
                "url": "/api/v2/version-group/15/"
            }
        },
        {
            "flavor_text": "\u3075\u308c\u305f\u3000\u3042\u3044\u3066\u306b\u3000\u3069\u304f\u3092\n\u304a\u308f\u305b\u308b\u3000\u3053\u3068\u304c\u3042\u308b\u3002",
            "language": {
                "name": "ja-Hrkt",
                "url": "/api/v2/language/1/"
            },
            "version_group": {
                "name": "omega-ruby-alpha-sapphire",
                "url": "/api/v2/version-group/16/"
            }
        },
        {
            "flavor_text": "\uc811\ucd09\ud55c \uc0c1\ub300\ub97c\n\uc911\ub3c5\uc2dc\ud0ac \ub54c\uac00 \uc788\ub2e4.",
            "language": {
                "name": "ko",
                "url": "/api/v2/language/3/"
            },
            "version_group": {
                "name": "omega-ruby-alpha-sapphire",
                "url": "/api/v2/version-group/16/"
            }
        },
        {
            "flavor_text": "Peut empoisonner l'attaquant lorsque le Pok\u00e9mon subit une attaque directe.",
            "language": {
                "name": "fr",
                "url": "/api/v2/language/5/"
            },
            "version_group": {
                "name": "omega-ruby-alpha-sapphire",
                "url": "/api/v2/version-group/16/"
            }
        },
        {
            "flavor_text": "Peut empoisonner l'ennemi s'il y a contact.",
            "language": {
                "name": "fr",
                "url": "/api/v2/language/5/"
            },
            "version_group": {
                "name": "omega-ruby-alpha-sapphire",
                "url": "/api/v2/version-group/16/"
            }
        },
        {
            "flavor_text": "Peut empoisonner l\u2019attaquant\ns\u2019il y a contact.",
            "language": {
                "name": "fr",
                "url": "/api/v2/language/5/"
            },
            "version_group": {
                "name": "omega-ruby-alpha-sapphire",
                "url": "/api/v2/version-group/16/"
            }
        },
        {
            "flavor_text": "Vergiftet den Angreifer\neventuell bei Ber\u00fchrung.",
            "language": {
                "name": "de",
                "url": "/api/v2/language/6/"
            },
            "version_group": {
                "name": "omega-ruby-alpha-sapphire",
                "url": "/api/v2/version-group/16/"
            }
        },
        {
            "flavor_text": "Puede envenenar al m\u00ednimo\ncontacto.",
            "language": {
                "name": "es",
                "url": "/api/v2/language/7/"
            },
            "version_group": {
                "name": "omega-ruby-alpha-sapphire",
                "url": "/api/v2/version-group/16/"
            }
        },
        {
            "flavor_text": "Pu\u00f2 avvelenare chi manda\na segno una mossa fisica.",
            "language": {
                "name": "it",
                "url": "/api/v2/language/8/"
            },
            "version_group": {
                "name": "omega-ruby-alpha-sapphire",
                "url": "/api/v2/version-group/16/"
            }
        },
        {
            "flavor_text": "Contact with the Pok\u00e9mon\nmay poison the attacker.",
            "language": {
                "name": "en",
                "url": "/api/v2/language/9/"
            },
            "version_group": {
                "name": "omega-ruby-alpha-sapphire",
                "url": "/api/v2/version-group/16/"
            }
        },
        {
            "flavor_text": "\u89e6\u308c\u305f\u3000\u76f8\u624b\u306b\u3000\u3069\u304f\u3092\n\u304a\u308f\u305b\u308b\u3000\u3053\u3068\u304c\u3042\u308b\u3002",
            "language": {
                "name": "ja",
                "url": "/api/v2/language/11/"
            },
            "version_group": {
                "name": "omega-ruby-alpha-sapphire",
                "url": "/api/v2/version-group/16/"
            }
        },
        {
            "flavor_text": "\u3058\u3076\u3093\u306b\u3000\u3055\u308f\u3063\u305f\u3000\u3042\u3044\u3066\u3092\n\u3069\u304f\u3000\u3058\u3087\u3046\u305f\u3044\u306b\u3000\u3059\u308b\u3000\u3053\u3068\u304c\u3042\u308b\u3002",
            "language": {
                "name": "ja-Hrkt",
                "url": "/api/v2/language/1/"
            },
            "version_group": {
                "name": "sun-moon",
                "url": "/api/v2/version-group/17/"
            }
        },
        {
            "flavor_text": "\uc790\uc2e0\uacfc \uc811\ucd09\ud55c \uc0c1\ub300\ub97c\n\ub3c5 \uc0c1\ud0dc\ub85c \ub9cc\ub4e4 \ub54c\uac00 \uc788\ub2e4.",
            "language": {
                "name": "ko",
                "url": "/api/v2/language/3/"
            },
            "version_group": {
                "name": "sun-moon",
                "url": "/api/v2/version-group/17/"
            }
        },
        {
            "flavor_text": "\u6709\u6642\u6703\u8b93\u63a5\u89f8\u5230\u81ea\u5df1\u7684\n\u5c0d\u624b\u9677\u5165\u4e2d\u6bd2\u72c0\u614b\u3002",
            "language": {
                "name": "zh-Hant",
                "url": "/api/v2/language/4/"
            },
            "version_group": {
                "name": "sun-moon",
                "url": "/api/v2/version-group/17/"
            }
        },
        {
            "flavor_text": "Peut empoisonner l'attaquant lorsque le Pok\u00e9mon subit une attaque directe.",
            "language": {
                "name": "fr",
                "url": "/api/v2/language/5/"
            },
            "version_group": {
                "name": "sun-moon",
                "url": "/api/v2/version-group/17/"
            }
        },
        {
            "flavor_text": "Peut empoisonner l\u2019attaquant lorsque le Pok\u00e9mon\nsubit une attaque directe.",
            "language": {
                "name": "fr",
                "url": "/api/v2/language/5/"
            },
            "version_group": {
                "name": "sun-moon",
                "url": "/api/v2/version-group/17/"
            }
        },
        {
            "flavor_text": "Vergiftet den Angreifer bei Ber\u00fchrung eventuell.",
            "language": {
                "name": "de",
                "url": "/api/v2/language/6/"
            },
            "version_group": {
                "name": "sun-moon",
                "url": "/api/v2/version-group/17/"
            }
        },
        {
            "flavor_text": "Puede envenenar al m\u00ednimo contacto.",
            "language": {
                "name": "es",
                "url": "/api/v2/language/7/"
            },
            "version_group": {
                "name": "sun-moon",
                "url": "/api/v2/version-group/17/"
            }
        },
        {
            "flavor_text": "Pu\u00f2 avvelenare chi manda a segno\nun attacco diretto.",
            "language": {
                "name": "it",
                "url": "/api/v2/language/8/"
            },
            "version_group": {
                "name": "sun-moon",
                "url": "/api/v2/version-group/17/"
            }
        },
        {
            "flavor_text": "Contact with the Pok\u00e9mon may poison the attacker.",
            "language": {
                "name": "en",
                "url": "/api/v2/language/9/"
            },
            "version_group": {
                "name": "sun-moon",
                "url": "/api/v2/version-group/17/"
            }
        },
        {
            "flavor_text": "\u81ea\u5206\u306b\u3000\u89e6\u3063\u305f\u3000\u76f8\u624b\u3092\n\u3069\u304f\u72b6\u614b\u306b\u3000\u3059\u308b\u3053\u3068\u304c\u3042\u308b\u3002",
            "language": {
                "name": "ja",
                "url": "/api/v2/language/11/"
            },
            "version_group": {
                "name": "sun-moon",
                "url": "/api/v2/version-group/17/"
            }
        },
        {
            "flavor_text": "\u6709\u65f6\u4f1a\u8ba9\u63a5\u89e6\u5230\u81ea\u5df1\u7684\n\u5bf9\u624b\u53d8\u4e3a\u4e2d\u6bd2\u72b6\u6001\u3002",
            "language": {
                "name": "zh-Hans",
                "url": "/api/v2/language/12/"
            },
            "version_group": {
                "name": "sun-moon",
                "url": "/api/v2/version-group/17/"
            }
        },
        {
            "flavor_text": "\u3058\u3076\u3093\u306b\u3000\u3055\u308f\u3063\u305f\u3000\u3042\u3044\u3066\u3092\n\u3069\u304f\u3000\u3058\u3087\u3046\u305f\u3044\u306b\u3000\u3059\u308b\u3000\u3053\u3068\u304c\u3042\u308b\u3002",
            "language": {
                "name": "ja-Hrkt",
                "url": "/api/v2/language/1/"
            },
            "version_group": {
                "name": "ultra-sun-ultra-moon",
                "url": "/api/v2/version-group/18/"
            }
        },
        {
            "flavor_text": "\uc790\uc2e0\uacfc \uc811\ucd09\ud55c \uc0c1\ub300\ub97c\n\ub3c5 \uc0c1\ud0dc\ub85c \ub9cc\ub4e4 \ub54c\uac00 \uc788\ub2e4.",
            "language": {
                "name": "ko",
                "url": "/api/v2/language/3/"
            },
            "version_group": {
                "name": "ultra-sun-ultra-moon",
                "url": "/api/v2/version-group/18/"
            }
        },
        {
            "flavor_text": "\u6709\u6642\u6703\u8b93\u63a5\u89f8\u5230\u81ea\u5df1\u7684\n\u5c0d\u624b\u9677\u5165\u4e2d\u6bd2\u72c0\u614b\u3002",
            "language": {
                "name": "zh-Hant",
                "url": "/api/v2/language/4/"
            },
            "version_group": {
                "name": "ultra-sun-ultra-moon",
                "url": "/api/v2/version-group/18/"
            }
        },
        {
            "flavor_text": "Peut empoisonner l'attaquant lorsque le Pok\u00e9mon subit une attaque directe.",
            "language": {
                "name": "fr",
                "url": "/api/v2/language/5/"
            },
            "version_group": {
                "name": "ultra-sun-ultra-moon",
                "url": "/api/v2/version-group/18/"
            }
        },
        {
            "flavor_text": "Peut empoisonner l\u2019attaquant lorsque le Pok\u00e9mon\nsubit une attaque directe.",
            "language": {
                "name": "fr",
                "url": "/api/v2/language/5/"
            },
            "version_group": {
                "name": "ultra-sun-ultra-moon",
                "url": "/api/v2/version-group/18/"
            }
        },
        {
            "flavor_text": "Vergiftet den Angreifer bei Ber\u00fchrung eventuell.",
            "language": {
                "name": "de",
                "url": "/api/v2/language/6/"
            },
            "version_group": {
                "name": "ultra-sun-ultra-moon",
                "url": "/api/v2/version-group/18/"
            }
        },
        {
            "flavor_text": "Puede envenenar al m\u00ednimo contacto.",
            "language": {
                "name": "es",
                "url": "/api/v2/language/7/"
            },
            "version_group": {
                "name": "ultra-sun-ultra-moon",
                "url": "/api/v2/version-group/18/"
            }
        },
        {
            "flavor_text": "Pu\u00f2 avvelenare chi manda a segno\nun attacco diretto.",
            "language": {
                "name": "it",
                "url": "/api/v2/language/8/"
            },
            "version_group": {
                "name": "ultra-sun-ultra-moon",
                "url": "/api/v2/version-group/18/"
            }
        },
        {
            "flavor_text": "Contact with the Pok\u00e9mon may poison the attacker.",
            "language": {
                "name": "en",
                "url": "/api/v2/language/9/"
            },
            "version_group": {
                "name": "ultra-sun-ultra-moon",
                "url": "/api/v2/version-group/18/"
            }
        },
        {
            "flavor_text": "\u81ea\u5206\u306b\u3000\u89e6\u3063\u305f\u3000\u76f8\u624b\u3092\n\u3069\u304f\u72b6\u614b\u306b\u3000\u3059\u308b\u3053\u3068\u304c\u3042\u308b\u3002",
            "language": {
                "name": "ja",
                "url": "/api/v2/language/11/"
            },
            "version_group": {
                "name": "ultra-sun-ultra-moon",
                "url": "/api/v2/version-group/18/"
            }
        },
        {
            "flavor_text": "\u6709\u65f6\u4f1a\u8ba9\u63a5\u89e6\u5230\u81ea\u5df1\u7684\n\u5bf9\u624b\u53d8\u4e3a\u4e2d\u6bd2\u72b6\u6001\u3002",
            "language": {
                "name": "zh-Hans",
                "url": "/api/v2/language/12/"
            },
            "version_group": {
                "name": "ultra-sun-ultra-moon",
                "url": "/api/v2/version-group/18/"
            }
        },
        {
            "flavor_text": "\u3058\u3076\u3093\u306b\u3000\u3055\u308f\u3063\u305f\u3000\u3042\u3044\u3066\u3092\n\u3069\u304f\u3000\u3058\u3087\u3046\u305f\u3044\u306b\u3000\u3059\u308b\u3000\u3053\u3068\u304c\u3042\u308b\u3002",
            "language": {
                "name": "ja-Hrkt",
                "url": "/api/v2/language/1/"
            },
            "version_group": {
                "name": "lets-go-pikachu-lets-go-eevee",
                "url": "/api/v2/version-group/19/"
            }
        },
        {
            "flavor_text": "\uc790\uc2e0\uacfc \uc811\ucd09\ud55c \uc0c1\ub300\ub97c\n\ub3c5 \uc0c1\ud0dc\ub85c \ub9cc\ub4e4 \ub54c\uac00 \uc788\ub2e4.",
            "language": {
                "name": "ko",
                "url": "/api/v2/language/3/"
            },
            "version_group": {
                "name": "lets-go-pikachu-lets-go-eevee",
                "url": "/api/v2/version-group/19/"
            }
        },
        {
            "flavor_text": "\u6709\u6642\u6703\u8b93\u63a5\u89f8\u5230\u81ea\u5df1\u7684\n\u5c0d\u624b\u9677\u5165\u4e2d\u6bd2\u72c0\u614b\u3002",
            "language": {
                "name": "zh-Hant",
                "url": "/api/v2/language/4/"
            },
            "version_group": {
                "name": "lets-go-pikachu-lets-go-eevee",
                "url": "/api/v2/version-group/19/"
            }
        },
        {
            "flavor_text": "Peut empoisonner l\u2019attaquant lorsque le Pok\u00e9mon\nsubit une attaque directe.",
            "language": {
                "name": "fr",
                "url": "/api/v2/language/5/"
            },
            "version_group": {
                "name": "lets-go-pikachu-lets-go-eevee",
                "url": "/api/v2/version-group/19/"
            }
        },
        {
            "flavor_text": "Vergiftet den Angreifer bei Ber\u00fchrung eventuell.",
            "language": {
                "name": "de",
                "url": "/api/v2/language/6/"
            },
            "version_group": {
                "name": "lets-go-pikachu-lets-go-eevee",
                "url": "/api/v2/version-group/19/"
            }
        },
        {
            "flavor_text": "Puede envenenar al m\u00ednimo contacto.",
            "language": {
                "name": "es",
                "url": "/api/v2/language/7/"
            },
            "version_group": {
                "name": "lets-go-pikachu-lets-go-eevee",
                "url": "/api/v2/version-group/19/"
            }
        },
        {
            "flavor_text": "Pu\u00f2 avvelenare chi manda a segno\nun attacco diretto.",
            "language": {
                "name": "it",
                "url": "/api/v2/language/8/"
            },
            "version_group": {
                "name": "lets-go-pikachu-lets-go-eevee",
                "url": "/api/v2/version-group/19/"
            }
        },
        {
            "flavor_text": "Contact with the Pok\u00e9mon may poison the attacker.",
            "language": {
                "name": "en",
                "url": "/api/v2/language/9/"
            },
            "version_group": {
                "name": "lets-go-pikachu-lets-go-eevee",
                "url": "/api/v2/version-group/19/"
            }
        },
        {
            "flavor_text": "\u81ea\u5206\u306b\u3000\u89e6\u3063\u305f\u3000\u76f8\u624b\u3092\n\u3069\u304f\u72b6\u614b\u306b\u3000\u3059\u308b\u3053\u3068\u304c\u3042\u308b\u3002",
            "language": {
                "name": "ja",
                "url": "/api/v2/language/11/"
            },
            "version_group": {
                "name": "lets-go-pikachu-lets-go-eevee",
                "url": "/api/v2/version-group/19/"
            }
        },
        {
            "flavor_text": "\u6709\u65f6\u4f1a\u8ba9\u63a5\u89e6\u5230\u81ea\u5df1\u7684\n\u5bf9\u624b\u53d8\u4e3a\u4e2d\u6bd2\u72b6\u6001\u3002",
            "language": {
                "name": "zh-Hans",
                "url": "/api/v2/language/12/"
            },
            "version_group": {
                "name": "lets-go-pikachu-lets-go-eevee",
                "url": "/api/v2/version-group/19/"
            }
        },
        {
            "flavor_text": "\u3058\u3076\u3093\u306b\u3000\u3055\u308f\u3063\u305f\u3000\u3042\u3044\u3066\u3092\n\u3069\u304f\u3000\u3058\u3087\u3046\u305f\u3044\u306b\u3000\u3059\u308b\u3000\u3053\u3068\u304c\u3042\u308b\u3002",
            "language": {
                "name": "ja-Hrkt",
                "url": "/api/v2/language/1/"
            },
            "version_group": {
                "name": "sword-shield",
                "url": "/api/v2/version-group/20/"
            }
        },
        {
            "flavor_text": "\uc790\uc2e0\uacfc \uc811\ucd09\ud55c \uc0c1\ub300\ub97c\n\ub3c5 \uc0c1\ud0dc\ub85c \ub9cc\ub4e4 \ub54c\uac00 \uc788\ub2e4.",
            "language": {
                "name": "ko",
                "url": "/api/v2/language/3/"
            },
            "version_group": {
                "name": "sword-shield",
                "url": "/api/v2/version-group/20/"
            }
        },
        {
            "flavor_text": "\u6709\u6642\u6703\u8b93\u63a5\u89f8\u5230\u81ea\u5df1\u7684\n\u5c0d\u624b\u9677\u5165\u4e2d\u6bd2\u72c0\u614b\u3002",
            "language": {
                "name": "zh-Hant",
                "url": "/api/v2/language/4/"
            },
            "version_group": {
                "name": "sword-shield",
                "url": "/api/v2/version-group/20/"
            }
        },
        {
            "flavor_text": "Peut empoisonner l'attaquant lorsque le Pok\u00e9mon subit une attaque directe.",
            "language": {
                "name": "fr",
                "url": "/api/v2/language/5/"
            },
            "version_group": {
                "name": "sword-shield",
                "url": "/api/v2/version-group/20/"
            }
        },
        {
            "flavor_text": "Peut empoisonner l\u2019attaquant lorsque le Pok\u00e9mon\nsubit une attaque directe.",
            "language": {
                "name": "fr",
                "url": "/api/v2/language/5/"
            },
            "version_group": {
                "name": "sword-shield",
                "url": "/api/v2/version-group/20/"
            }
        },
        {
            "flavor_text": "Vergiftet den Angreifer bei Ber\u00fchrung eventuell.",
            "language": {
                "name": "de",
                "url": "/api/v2/language/6/"
            },
            "version_group": {
                "name": "sword-shield",
                "url": "/api/v2/version-group/20/"
            }
        },
        {
            "flavor_text": "Puede envenenar al m\u00ednimo contacto.",
            "language": {
                "name": "es",
                "url": "/api/v2/language/7/"
            },
            "version_group": {
                "name": "sword-shield",
                "url": "/api/v2/version-group/20/"
            }
        },
        {
            "flavor_text": "Pu\u00f2 avvelenare chi manda a segno un attacco diretto.",
            "language": {
                "name": "it",
                "url": "/api/v2/language/8/"
            },
            "version_group": {
                "name": "sword-shield",
                "url": "/api/v2/version-group/20/"
            }
        },
        {
            "flavor_text": "Contact with the Pok\u00e9mon may poison the attacker.",
            "language": {
                "name": "en",
                "url": "/api/v2/language/9/"
            },
            "version_group": {
                "name": "sword-shield",
                "url": "/api/v2/version-group/20/"
            }
        },
        {
            "flavor_text": "\u81ea\u5206\u306b\u3000\u89e6\u3063\u305f\u3000\u76f8\u624b\u3092\n\u3069\u304f\u72b6\u614b\u306b\u3000\u3059\u308b\u3053\u3068\u304c\u3042\u308b\u3002",
            "language": {
                "name": "ja",
                "url": "/api/v2/language/11/"
            },
            "version_group": {
                "name": "sword-shield",
                "url": "/api/v2/version-group/20/"
            }
        },
        {
            "flavor_text": "\u6709\u65f6\u4f1a\u8ba9\u63a5\u89e6\u5230\u81ea\u5df1\u7684\n\u5bf9\u624b\u53d8\u4e3a\u4e2d\u6bd2\u72b6\u6001\u3002",
            "language": {
                "name": "zh-Hans",
                "url": "/api/v2/language/12/"
            },
            "version_group": {
                "name": "sword-shield",
                "url": "/api/v2/version-group/20/"
            }
        },
        {
            "flavor_text": "Peut empoisonner l'attaquant lorsque le Pok\u00e9mon subit une attaque directe.",
            "language": {
                "name": "fr",
                "url": "/api/v2/language/5/"
            },
            "version_group": {
                "name": "scarlet-violet",
                "url": "/api/v2/version-group/25/"
            }
        },
        {
            "flavor_text": "Contact with the Pok\u00e9mon may poison the attacker.",
            "language": {
                "name": "en",
                "url": "/api/v2/language/9/"
            },
            "version_group": {
                "name": "scarlet-violet",
                "url": "/api/v2/version-group/25/"
            }
        }
    ],
    "generation": {
        "name": "generation-iii",
        "url": "/api/v2/generation/3/"
    },
    "id": 38,
    "is_main_series": true,
    "name": "poison-point",
    "names": [
        {
            "language": {
                "name": "ja-Hrkt",
                "url": "/api/v2/language/1/"
            },
            "name": "\u3069\u304f\u306e\u30c8\u30b2"
        },
        {
            "language": {
                "name": "ko",
                "url": "/api/v2/language/3/"
            },
            "name": "\ub3c5\uac00\uc2dc"
        },
        {
            "language": {
                "name": "zh-Hant",
                "url": "/api/v2/language/4/"
            },
            "name": "\u6bd2\u523a"
        },
        {
            "language": {
                "name": "fr",
                "url": "/api/v2/language/5/"
            },
            "name": "Point Poison"
        },
        {
            "language": {
                "name": "de",
                "url": "/api/v2/language/6/"
            },
            "name": "Giftdorn"
        },
        {
            "language": {
                "name": "es",
                "url": "/api/v2/language/7/"
            },
            "name": "Punto T\u00f3xico"
        },
        {
            "language": {
                "name": "it",
                "url": "/api/v2/language/8/"
            },
            "name": "Velenopunto"
        },
        {
            "language": {
                "name": "en",
                "url": "/api/v2/language/9/"
            },
            "name": "Poison Point"
        },
        {
            "language": {
                "name": "ja",
                "url": "/api/v2/language/11/"
            },
            "name": "\u3069\u304f\u306e\u30c8\u30b2"
        },
        {
            "language": {
                "name": "zh-Hans",
                "url": "/api/v2/language/12/"
            },
            "name": "\u6bd2\u523a"
        }
    ],
    "pokemon": [
        {
            "is_hidden": false,
            "pokemon": {
                "name": "nidoran-f",
                "url": "/api/v2/pokemon/29/"
            },
            "slot": 1
        },
        {
            "is_hidden": false,
            "pokemon": {
                "name": "nidorina",
                "url": "/api/v2/pokemon/30/"
            },
            "slot": 1
        },
        {
            "is_hidden": false,
            "pokemon": {
                "name": "nidoqueen",
                "url": "/api/v2/pokemon/31/"
            },
            "slot": 1
        },
        {
            "is_hidden": false,
            "pokemon": {
                "name": "nidoran-m",
                "url": "/api/v2/pokemon/32/"
            },
            "slot": 1
        },
        {
            "is_hidden": false,
            "pokemon": {
                "name": "nidorino",
                "url": "/api/v2/pokemon/33/"
            },
            "slot": 1
        },
        {
            "is_hidden": false,
            "pokemon": {
                "name": "nidoking",
                "url": "/api/v2/pokemon/34/"
            },
            "slot": 1
        },
        {
            "is_hidden": false,
            "pokemon": {
                "name": "seadra",
                "url": "/api/v2/pokemon/117/"
            },
            "slot": 1
        },
        {
            "is_hidden": false,
            "pokemon": {
                "name": "qwilfish",
                "url": "/api/v2/pokemon/211/"
            },
            "slot": 1
        },
        {
            "is_hidden": false,
            "pokemon": {
                "name": "roselia",
                "url": "/api/v2/pokemon/315/"
            },
            "slot": 2
        },
        {
            "is_hidden": false,
            "pokemon": {
                "name": "budew",
                "url": "/api/v2/pokemon/406/"
            },
            "slot": 2
        },
        {
            "is_hidden": false,
            "pokemon": {
                "name": "roserade",
                "url": "/api/v2/pokemon/407/"
            },
            "slot": 2
        },
        {
            "is_hidden": false,
            "pokemon": {
                "name": "venipede",
                "url": "/api/v2/pokemon/543/"
            },
            "slot": 1
        },
        {
            "is_hidden": false,
            "pokemon": {
                "name": "whirlipede",
                "url": "/api/v2/pokemon/544/"
            },
            "slot": 1
        },
        {
            "is_hidden": false,
            "pokemon": {
                "name": "scolipede",
                "url": "/api/v2/pokemon/545/"
            },
            "slot": 1
        },
        {
            "is_hidden": false,
            "pokemon": {
                "name": "skrelp",
                "url": "/api/v2/pokemon/690/"
            },
            "slot": 1
        },
        {
            "is_hidden": false,
            "pokemon": {
                "name": "dragalge",
                "url": "/api/v2/pokemon/691/"
            },
            "slot": 1
        },
        {
            "is_hidden": false,
            "pokemon": {
                "name": "overqwil",
                "url": "/api/v2/pokemon/904/"
            },
            "slot": 1
        },
        {
            "is_hidden": false,
            "pokemon": {
                "name": "clodsire",
                "url": "/api/v2/pokemon/980/"
            },
            "slot": 1
        },
        {
            "is_hidden": false,
            "pokemon": {
                "name": "qwilfish-hisui",
                "url": "/api/v2/pokemon/10234/"
            },
            "slot": 1
        },
        {
            "is_hidden": false,
            "pokemon": {
                "name": "wooper-paldea",
                "url": "/api/v2/pokemon/10253/"
            },
            "slot": 1
        }
    ]
}