{
    "effect_changes": [],
    "effect_entries": [
        {
            "effect": "Transforms this Pok\u00e9mon into Ash-Greninja after fainting an opponent.  Water Shuriken's power is 20 and always hits three times.\n\nThis ability cannot be copied or replaced.  This ability only takes effect for Greninja.",
            "language": {
                "name": "en",
                "url": "/api/v2/language/9/"
            },
            "short_effect": "Transforms this Pok\u00e9mon into Ash-Greninja after fainting an opponent.  Water Shuriken's power is 20 and always hits three times."
        }
    ],
    "flavor_text_entries": [
        {
            "flavor_text": "\u3042\u3044\u3066\u3092\u3000\u305f\u304a\u3059\u3068\u3000\u30c8\u30ec\u30fc\u30ca\u30fc\u3068\u306e\n\u304d\u305a\u306a\u304c\u3000\u3075\u304b\u307e\u308a\u3000\u30b5\u30c8\u30b7\u30b2\u30c3\u30b3\u30a6\u30ac\u306b\n\u3078\u3093\u3052\u3059\u308b\u3002\u307f\u305a\u3057\u3085\u308a\u3051\u3093\u304c\u3000\u3064\u3088\u304f\u306a\u308b\u3002",
            "language": {
                "name": "ja-Hrkt",
                "url": "/api/v2/language/1/"
            },
            "version_group": {
                "name": "sun-moon",
                "url": "/api/v2/version-group/17/"
            }
        },
        {
            "flavor_text": "\uc0c1\ub300\ub97c \uc4f0\ub7ec\ub728\ub9ac\uba74 \ud2b8\ub808\uc774\ub108\uc640\uc758\n\uc720\ub300\uac10\uc774 \uae4a\uc5b4\uc838\uc11c \uc9c0\uc6b0\uac1c\uad74\ub2cc\uc790\ub85c\n\ubcc0\ud55c\ub2e4. \ubb3c\uc218\ub9ac\uac80\uc774 \uac15\ud574\uc9c4\ub2e4.",
            "language": {
                "name": "ko",
                "url": "/api/v2/language/3/"
            },
            "version_group": {
                "name": "sun-moon",
                "url": "/api/v2/version-group/17/"
            }
        },
        {
            "flavor_text": "\u6253\u5012\u5c0d\u624b\u6642\uff0c\u8207\u8a13\u7df4\u5bb6\u7684\u727d\u7d46\u6703\u52a0\u6df1\uff0c\n\u8b8a\u5316\u6210\u5c0f\u667a\u7248\u7532\u8cc0\u5fcd\u86d9\u3002\n\u98db\u6c34\u624b\u88e1\u528d\u7684\u5a01\u529b\u6703\u589e\u5f37\u3002",
            "language": {
                "name": "zh-Hant",
                "url": "/api/v2/language/4/"
            },
            "version_group": {
                "name": "sun-moon",
                "url": "/api/v2/version-group/17/"
            }
        },
        {
            "flavor_text": "En battant un ennemi, ce Pok\u00e9mon renforce ses liens\navec son Dresseur. Il prend alors sa Forme Sacha\net ses Sheauriken gagnent en puissance.",
            "language": {
                "name": "fr",
                "url": "/api/v2/language/5/"
            },
            "version_group": {
                "name": "sun-moon",
                "url": "/api/v2/version-group/17/"
            }
        },
        {
            "flavor_text": "Besiegt es ein Ziel, vertieft dies die Freundschaft zu\nseinem Trainer, wodurch es die Ash-Form annimmt\nund sein Wasser-Shuriken st\u00e4rker wird.",
            "language": {
                "name": "de",
                "url": "/api/v2/language/6/"
            },
            "version_group": {
                "name": "sun-moon",
                "url": "/api/v2/version-group/17/"
            }
        },
        {
            "flavor_text": "Al derrotar a un rival, los v\u00ednculos con su Entrenador\nse refuerzan y se convierte en Greninja Ash. Su\nShuriken de Agua tambi\u00e9n se ve potenciado.",
            "language": {
                "name": "es",
                "url": "/api/v2/language/7/"
            },
            "version_group": {
                "name": "sun-moon",
                "url": "/api/v2/version-group/17/"
            }
        },
        {
            "flavor_text": "Se il Pok\u00e9mon manda KO un nemico, il legame con\nl\u2019Allenatore si rafforza, attivando la trasformazione\nin Greninja Forma Ash. Acqualame si potenzia.",
            "language": {
                "name": "it",
                "url": "/api/v2/language/8/"
            },
            "version_group": {
                "name": "sun-moon",
                "url": "/api/v2/version-group/17/"
            }
        },
        {
            "flavor_text": "Defeating an opposing Pok\u00e9mon strengthens the\nPok\u00e9mon\u2019s bond with its Trainer, and it becomes\nAsh-Greninja. Water Shuriken gets more powerful.",
            "language": {
                "name": "en",
                "url": "/api/v2/language/9/"
            },
            "version_group": {
                "name": "sun-moon",
                "url": "/api/v2/version-group/17/"
            }
        },
        {
            "flavor_text": "\u76f8\u624b\u3092\u3000\u5012\u3059\u3068\u3000\u30c8\u30ec\u30fc\u30ca\u30fc\u3068\u306e\n\u30ad\u30ba\u30ca\u304c\u3000\u6df1\u307e\u308a\u3000\u30b5\u30c8\u30b7\u30b2\u30c3\u30b3\u30a6\u30ac\u306b\n\u5909\u5316\u3059\u308b\u3002\u307f\u305a\u3057\u3085\u308a\u3051\u3093\u304c\u3000\u5f37\u304f\u306a\u308b\u3002",
            "language": {
                "name": "ja",
                "url": "/api/v2/language/11/"
            },
            "version_group": {
                "name": "sun-moon",
                "url": "/api/v2/version-group/17/"
            }
        },
        {
            "flavor_text": "\u6253\u5012\u5bf9\u624b\u65f6\uff0c\u4e0e\u8bad\u7ec3\u5bb6\u7684\u7275\u7eca\u4f1a\u589e\u5f3a\uff0c\n\u53d8\u4e3a\u5c0f\u667a\u7248\u7532\u8d3a\u5fcd\u86d9\u3002\n\u98de\u6c34\u624b\u91cc\u5251\u7684\u62db\u5f0f\u5a01\u529b\u4f1a\u589e\u5f3a\u3002",
            "language": {
                "name": "zh-Hans",
                "url": "/api/v2/language/12/"
            },
            "version_group": {
                "name": "sun-moon",
                "url": "/api/v2/version-group/17/"
            }
        },
        {
            "flavor_text": "\u3042\u3044\u3066\u3092\u3000\u305f\u304a\u3059\u3068\u3000\u30c8\u30ec\u30fc\u30ca\u30fc\u3068\u306e\n\u304d\u305a\u306a\u304c\u3000\u3075\u304b\u307e\u308a\u3000\u30b5\u30c8\u30b7\u30b2\u30c3\u30b3\u30a6\u30ac\u306b\n\u3078\u3093\u3052\u3059\u308b\u3002\u307f\u305a\u3057\u3085\u308a\u3051\u3093\u304c\u3000\u3064\u3088\u304f\u306a\u308b\u3002",
            "language": {
                "name": "ja-Hrkt",
                "url": "/api/v2/language/1/"
            },
            "version_group": {
                "name": "ultra-sun-ultra-moon",
                "url": "/api/v2/version-group/18/"
            }
        },
        {
            "flavor_text": "\uc0c1\ub300\ub97c \uc4f0\ub7ec\ub728\ub9ac\uba74 \ud2b8\ub808\uc774\ub108\uc640\uc758\n\uc720\ub300\uac10\uc774 \uae4a\uc5b4\uc838\uc11c \uc9c0\uc6b0\uac1c\uad74\ub2cc\uc790\ub85c\n\ubcc0\ud55c\ub2e4. \ubb3c\uc218\ub9ac\uac80\uc774 \uac15\ud574\uc9c4\ub2e4.",
            "language": {
                "name": "ko",
                "url": "/api/v2/language/3/"
            },
            "version_group": {
                "name": "ultra-sun-ultra-moon",
                "url": "/api/v2/version-group/18/"
            }
        },
        {
            "flavor_text": "\u6253\u5012\u5c0d\u624b\u6642\uff0c\u8207\u8a13\u7df4\u5bb6\u7684\u727d\u7d46\u6703\u52a0\u6df1\uff0c\n\u8b8a\u5316\u6210\u5c0f\u667a\u7248\u7532\u8cc0\u5fcd\u86d9\u3002\n\u98db\u6c34\u624b\u88e1\u528d\u7684\u5a01\u529b\u6703\u589e\u5f37\u3002",
            "language": {
                "name": "zh-Hant",
                "url": "/api/v2/language/4/"
            },
            "version_group": {
                "name": "ultra-sun-ultra-moon",
                "url": "/api/v2/version-group/18/"
            }
        },
        {
            "flavor_text": "En battant un ennemi, ce Pok\u00e9mon renforce ses liens\navec son Dresseur. Il prend alors sa Forme Sacha\net ses Sheauriken gagnent en puissance.",
            "language": {
                "name": "fr",
                "url": "/api/v2/language/5/"
            },
            "version_group": {
                "name": "ultra-sun-ultra-moon",
                "url": "/api/v2/version-group/18/"
            }
        },
        {
            "flavor_text": "Besiegt es ein Ziel, vertieft dies die Freundschaft zu\nseinem Trainer, wodurch es die Ash-Form annimmt\nund sein Wasser-Shuriken st\u00e4rker wird.",
            "language": {
                "name": "de",
                "url": "/api/v2/language/6/"
            },
            "version_group": {
                "name": "ultra-sun-ultra-moon",
                "url": "/api/v2/version-group/18/"
            }
        },
        {
            "flavor_text": "Al derrotar a un rival, los v\u00ednculos con su Entrenador\nse refuerzan y se convierte en Greninja Ash. Su\nShuriken de Agua tambi\u00e9n se ve potenciado.",
            "language": {
                "name": "es",
                "url": "/api/v2/language/7/"
            },
            "version_group": {
                "name": "ultra-sun-ultra-moon",
                "url": "/api/v2/version-group/18/"
            }
        },
        {
            "flavor_text": "Se il Pok\u00e9mon manda KO un nemico, il legame con\nl\u2019Allenatore si rafforza, attivando la trasformazione\nin Greninja Forma Ash. Acqualame si potenzia.",
            "language": {
                "name": "it",
                "url": "/api/v2/language/8/"
            },
            "version_group": {
                "name": "ultra-sun-ultra-moon",
                "url": "/api/v2/version-group/18/"
            }
        },
        {
            "flavor_text": "Defeating an opposing Pok\u00e9mon strengthens the\nPok\u00e9mon\u2019s bond with its Trainer, and it becomes\nAsh-Greninja. Water Shuriken gets more powerful.",
            "language": {
                "name": "en",
                "url": "/api/v2/language/9/"
            },
            "version_group": {
                "name": "ultra-sun-ultra-moon",
                "url": "/api/v2/version-group/18/"
            }
        },
        {
            "flavor_text": "\u76f8\u624b\u3092\u3000\u5012\u3059\u3068\u3000\u30c8\u30ec\u30fc\u30ca\u30fc\u3068\u306e\n\u30ad\u30ba\u30ca\u304c\u3000\u6df1\u307e\u308a\u3000\u30b5\u30c8\u30b7\u30b2\u30c3\u30b3\u30a6\u30ac\u306b\n\u5909\u5316\u3059\u308b\u3002\u307f\u305a\u3057\u3085\u308a\u3051\u3093\u304c\u3000\u5f37\u304f\u306a\u308b\u3002",
            "language": {
                "name": "ja",
                "url": "/api/v2/language/11/"
            },
            "version_group": {
                "name": "ultra-sun-ultra-moon",
                "url": "/api/v2/version-group/18/"
            }
        },
        {
            "flavor_text": "\u6253\u5012\u5bf9\u624b\u65f6\uff0c\u4e0e\u8bad\u7ec3\u5bb6\u7684\u7275\u7eca\u4f1a\u589e\u5f3a\uff0c\n\u53d8\u4e3a\u5c0f\u667a\u7248\u7532\u8d3a\u5fcd\u86d9\u3002\n\u98de\u6c34\u624b\u91cc\u5251\u7684\u62db\u5f0f\u5a01\u529b\u4f1a\u589e\u5f3a\u3002",
            "language": {
                "name": "zh-Hans",
                "url": "/api/v2/language/12/"
            },
            "version_group": {
                "name": "ultra-sun-ultra-moon",
                "url": "/api/v2/version-group/18/"
            }
        },
        {
            "flavor_text": "\u3042\u3044\u3066\u3092\u3000\u305f\u304a\u3059\u3068\u3000\u30c8\u30ec\u30fc\u30ca\u30fc\u3068\u306e\n\u304d\u305a\u306a\u304c\u3000\u3075\u304b\u307e\u308a\u3000\u30b5\u30c8\u30b7\u30b2\u30c3\u30b3\u30a6\u30ac\u306b\n\u3078\u3093\u3052\u3059\u308b\u3002\u307f\u305a\u3057\u3085\u308a\u3051\u3093\u304c\u3000\u3064\u3088\u304f\u306a\u308b\u3002",
            "language": {
                "name": "ja-Hrkt",
                "url": "/api/v2/language/1/"
            },
            "version_group": {
                "name": "lets-go-pikachu-lets-go-eevee",
                "url": "/api/v2/version-group/19/"
            }
        },
        {
            "flavor_text": "\uc0c1\ub300\ub97c \uc4f0\ub7ec\ub728\ub9ac\uba74 \ud2b8\ub808\uc774\ub108\uc640\uc758\n\uc720\ub300\uac10\uc774 \uae4a\uc5b4\uc838\uc11c \uc9c0\uc6b0\uac1c\uad74\ub2cc\uc790\ub85c\n\ubcc0\ud55c\ub2e4. \ubb3c\uc218\ub9ac\uac80\uc774 \uac15\ud574\uc9c4\ub2e4.",
            "language": {
                "name": "ko",
                "url": "/api/v2/language/3/"
            },
            "version_group": {
                "name": "lets-go-pikachu-lets-go-eevee",
                "url": "/api/v2/version-group/19/"
            }
        },
        {
            "flavor_text": "\u6253\u5012\u5c0d\u624b\u6642\uff0c\u8207\u8a13\u7df4\u5bb6\u7684\u727d\u7d46\u6703\u52a0\u6df1\uff0c\n\u8b8a\u5316\u6210\u5c0f\u667a\u7248\u7532\u8cc0\u5fcd\u86d9\u3002\n\u98db\u6c34\u624b\u88e1\u528d\u7684\u5a01\u529b\u6703\u589e\u5f37\u3002",
            "language": {
                "name": "zh-Hant",
                "url": "/api/v2/language/4/"
            },
            "version_group": {
                "name": "lets-go-pikachu-lets-go-eevee",
                "url": "/api/v2/version-group/19/"
            }
        },
        {
            "flavor_text": "En battant un ennemi, ce Pok\u00e9mon renforce ses liens\navec son Dresseur. Il prend alors sa Forme Sacha\net ses Sheauriken gagnent en puissance.",
            "language": {
                "name": "fr",
                "url": "/api/v2/language/5/"
            },
            "version_group": {
                "name": "lets-go-pikachu-lets-go-eevee",
                "url": "/api/v2/version-group/19/"
            }
        },
        {
            "flavor_text": "Besiegt es ein Ziel, vertieft dies die Freundschaft zu\nseinem Trainer, wodurch es die Ash-Form annimmt\nund sein Wasser-Shuriken st\u00e4rker wird.",
            "language": {
                "name": "de",
                "url": "/api/v2/language/6/"
            },
            "version_group": {
                "name": "lets-go-pikachu-lets-go-eevee",
                "url": "/api/v2/version-group/19/"
            }
        },
        {
            "flavor_text": "Al derrotar a un rival, los v\u00ednculos con su Entrenador\nse refuerzan y se convierte en Greninja Ash. Su\nShuriken de Agua tambi\u00e9n se ve potenciado.",
            "language": {
                "name": "es",
                "url": "/api/v2/language/7/"
            },
            "version_group": {
                "name": "lets-go-pikachu-lets-go-eevee",
                "url": "/api/v2/version-group/19/"
            }
        },
        {
            "flavor_text": "Se il Pok\u00e9mon manda KO un nemico, il legame con\nl\u2019Allenatore si rafforza, attivando la trasformazione\nin Greninja Forma Ash. Acqualame si potenzia.",
            "language": {
                "name": "it",
                "url": "/api/v2/language/8/"
            },
            "version_group": {
                "name": "lets-go-pikachu-lets-go-eevee",
                "url": "/api/v2/version-group/19/"
            }
        },
        {
            "flavor_text": "Defeating an opposing Pok\u00e9mon strengthens the\nPok\u00e9mon\u2019s bond with its Trainer, and it becomes\nAsh-Greninja. Water Shuriken gets more powerful.",
            "language": {
                "name": "en",
                "url": "/api/v2/language/9/"
            },
            "version_group": {
                "name": "lets-go-pikachu-lets-go-eevee",
                "url": "/api/v2/version-group/19/"
            }
        },
        {
            "flavor_text": "\u76f8\u624b\u3092\u3000\u5012\u3059\u3068\u3000\u30c8\u30ec\u30fc\u30ca\u30fc\u3068\u306e\n\u30ad\u30ba\u30ca\u304c\u3000\u6df1\u307e\u308a\u3000\u30b5\u30c8\u30b7\u30b2\u30c3\u30b3\u30a6\u30ac\u306b\n\u5909\u5316\u3059\u308b\u3002\u307f\u305a\u3057\u3085\u308a\u3051\u3093\u304c\u3000\u5f37\u304f\u306a\u308b\u3002",
            "language": {
                "name": "ja",
                "url": "/api/v2/language/11/"
            },
            "version_group": {
                "name": "lets-go-pikachu-lets-go-eevee",
                "url": "/api/v2/version-group/19/"
            }
        },
        {
            "flavor_text": "\u6253\u5012\u5bf9\u624b\u65f6\uff0c\u4e0e\u8bad\u7ec3\u5bb6\u7684\u7275\u7eca\u4f1a\u589e\u5f3a\uff0c\n\u53d8\u4e3a\u5c0f\u667a\u7248\u7532\u8d3a\u5fcd\u86d9\u3002\n\u98de\u6c34\u624b\u91cc\u5251\u7684\u62db\u5f0f\u5a01\u529b\u4f1a\u589e\u5f3a\u3002",
            "language": {
                "name": "zh-Hans",
                "url": "/api/v2/language/12/"
            },
            "version_group": {
                "name": "lets-go-pikachu-lets-go-eevee",
                "url": "/api/v2/version-group/19/"
            }
        },
        {
            "flavor_text": "\u3042\u3044\u3066\u3092\u3000\u305f\u304a\u3059\u3068\u3000\u30c8\u30ec\u30fc\u30ca\u30fc\u3068\u306e\n\u304d\u305a\u306a\u304c\u3000\u3075\u304b\u307e\u308a\u3000\u30b5\u30c8\u30b7\u30b2\u30c3\u30b3\u30a6\u30ac\u306b\n\u3078\u3093\u3052\u3059\u308b\u3002\u307f\u305a\u3057\u3085\u308a\u3051\u3093\u304c\u3000\u3064\u3088\u304f\u306a\u308b\u3002",
            "language": {
                "name": "ja-Hrkt",
                "url": "/api/v2/language/1/"
            },
            "version_group": {
                "name": "sword-shield",
                "url": "/api/v2/version-group/20/"
            }
        },
        {
            "flavor_text": "\uc0c1\ub300\ub97c \uc4f0\ub7ec\ub728\ub9ac\uba74 \ud2b8\ub808\uc774\ub108\uc640\uc758\n\uc720\ub300\uac10\uc774 \uae4a\uc5b4\uc838\uc11c \uc9c0\uc6b0\uac1c\uad74\ub2cc\uc790\ub85c\n\ubcc0\ud55c\ub2e4. \ubb3c\uc218\ub9ac\uac80\uc774 \uac15\ud574\uc9c4\ub2e4.",
            "language": {
                "name": "ko",
                "url": "/api/v2/language/3/"
            },
            "version_group": {
                "name": "sword-shield",
                "url": "/api/v2/version-group/20/"
            }
        },
        {
            "flavor_text": "\u6253\u5012\u5c0d\u624b\u6642\uff0c\u8207\u8a13\u7df4\u5bb6\u7684\u727d\u7d46\u6703\u52a0\u6df1\uff0c\n\u8b8a\u5316\u6210\u5c0f\u667a\u7248\u7532\u8cc0\u5fcd\u86d9\u3002\n\u98db\u6c34\u624b\u88e1\u528d\u7684\u5a01\u529b\u6703\u589e\u5f37\u3002",
            "language": {
                "name": "zh-Hant",
                "url": "/api/v2/language/4/"
            },
            "version_group": {
                "name": "sword-shield",
                "url": "/api/v2/version-group/20/"
            }
        },
        {
            "flavor_text": "En battant un ennemi, ce Pok\u00e9mon renforce ses liens\navec son Dresseur. Il prend alors sa Forme Sacha\net ses Sheauriken gagnent en puissance.",
            "language": {
                "name": "fr",
                "url": "/api/v2/language/5/"
            },
            "version_group": {
                "name": "sword-shield",
                "url": "/api/v2/version-group/20/"
            }
        },
        {
            "flavor_text": "Besiegt es ein Ziel, vertieft dies die Freundschaft zu\nseinem Trainer, wodurch es die Ash-Form annimmt\nund sein Wasser-Shuriken st\u00e4rker wird.",
            "language": {
                "name": "de",
                "url": "/api/v2/language/6/"
            },
            "version_group": {
                "name": "sword-shield",
                "url": "/api/v2/version-group/20/"
            }
        },
        {
            "flavor_text": "Al derrotar a un rival, los v\u00ednculos con su Entrenador\nse refuerzan y se convierte en Greninja Ash. Su Shuriken\nde Agua tambi\u00e9n se ve potenciado.",
            "language": {
                "name": "es",
                "url": "/api/v2/language/7/"
            },
            "version_group": {
                "name": "sword-shield",
                "url": "/api/v2/version-group/20/"
            }
        },
        {
            "flavor_text": "Se il Pok\u00e9mon manda KO un nemico, il legame con\nl\u2019Allenatore si rafforza, attivando la trasformazione\nin Greninja Forma Ash. Acqualame si potenzia.",
            "language": {
                "name": "it",
                "url": "/api/v2/language/8/"
            },
            "version_group": {
                "name": "sword-shield",
                "url": "/api/v2/version-group/20/"
            }
        },
        {
            "flavor_text": "Defeating an opposing Pok\u00e9mon strengthens the\nPok\u00e9mon\u2019s bond with its Trainer, and it becomes\nAsh-Greninja. Water Shuriken gets more powerful.",
            "language": {
                "name": "en",
                "url": "/api/v2/language/9/"
            },
            "version_group": {
                "name": "sword-shield",
                "url": "/api/v2/version-group/20/"
            }
        },
        {
            "flavor_text": "\u76f8\u624b\u3092\u3000\u5012\u3059\u3068\u3000\u30c8\u30ec\u30fc\u30ca\u30fc\u3068\u306e\n\u30ad\u30ba\u30ca\u304c\u3000\u6df1\u307e\u308a\u3000\u30b5\u30c8\u30b7\u30b2\u30c3\u30b3\u30a6\u30ac\u306b\n\u5909\u5316\u3059\u308b\u3002\u307f\u305a\u3057\u3085\u308a\u3051\u3093\u304c\u3000\u5f37\u304f\u306a\u308b\u3002",
            "language": {
                "name": "ja",
                "url": "/api/v2/language/11/"
            },
            "version_group": {
                "name": "sword-shield",
                "url": "/api/v2/version-group/20/"
            }
        },
        {
            "flavor_text": "\u6253\u5012\u5bf9\u624b\u65f6\uff0c\u4e0e\u8bad\u7ec3\u5bb6\u7684\u7275\u7eca\u4f1a\u589e\u5f3a\uff0c\n\u53d8\u4e3a\u5c0f\u667a\u7248\u7532\u8d3a\u5fcd\u86d9\u3002\n\u98de\u6c34\u624b\u91cc\u5251\u7684\u62db\u5f0f\u5a01\u529b\u4f1a\u589e\u5f3a\u3002",
            "language": {
                "name": "zh-Hans",
                "url": "/api/v2/language/12/"
            },
            "version_group": {
                "name": "sword-shield",
                "url": "/api/v2/version-group/20/"
            }
        },
        {
            "flavor_text": "En battant un ennemi, ce Pok\u00e9mon renforce ses liens\\navec son Dresseur, ce qui augmente son Attaque,\\nson Attaque Sp\u00e9ciale et sa Vitesse.",
            "language": {
                "name": "fr",
                "url": "/api/v2/language/5/"
            },
            "version_group": {
                "name": "scarlet-violet",
                "url": "/api/v2/version-group/25/"
            }
        },
        {
            "flavor_text": "When the Pok\u00e9mon knocks out a target, its bond with its Trainer is strengthened, and its Attack, Sp. Atk, and Speed stats are boosted.",
            "language": {
                "name": "en",
                "url": "/api/v2/language/9/"
            },
            "version_group": {
                "name": "scarlet-violet",
                "url": "/api/v2/version-group/25/"
            }
        }
    ],
    "generation": {
        "name": "generation-vii",
        "url": "/api/v2/generation/7/"
    },
    "id": 210,
    "is_main_series": true,
    "name": "battle-bond",
    "names": [
        {
            "language": {
                "name": "ja-Hrkt",
                "url": "/api/v2/language/1/"
            },
            "name": "\u304d\u305a\u306a\u3078\u3093\u3052"
        },
        {
            "language": {
                "name": "ko",
                "url": "/api/v2/language/3/"
            },
            "name": "\uc720\ub300\ubcc0\ud654"
        },
        {
            "language": {
                "name": "zh-Hant",
                "url": "/api/v2/language/4/"
            },
            "name": "\u727d\u7d46\u8b8a\u8eab"
        },
        {
            "language": {
                "name": "fr",
                "url": "/api/v2/language/5/"
            },
            "name": "Synergie"
        },
        {
            "language": {
                "name": "de",
                "url": "/api/v2/language/6/"
            },
            "name": "Freundschaftsakt"
        },
        {
            "language": {
                "name": "es",
                "url": "/api/v2/language/7/"
            },
            "name": "Fuerte Afecto"
        },
        {
            "language": {
                "name": "it",
                "url": "/api/v2/language/8/"
            },
            "name": "Morfosintonia"
        },
        {
            "language": {
                "name": "en",
                "url": "/api/v2/language/9/"
            },
            "name": "Battle Bond"
        },
        {
            "language": {
                "name": "ja",
                "url": "/api/v2/language/11/"
            },
            "name": "\u304d\u305a\u306a\u3078\u3093\u3052"
        },
        {
            "language": {
                "name": "zh-Hans",
                "url": "/api/v2/language/12/"
            },
            "name": "\u7275\u7eca\u53d8\u8eab"
        }
    ],
    "pokemon": [
        {
            "is_hidden": false,
            "pokemon": {
                "name": "greninja-battle-bond",
                "url": "/api/v2/pokemon/10116/"
            },
            "slot": 1
        },
        {
            "is_hidden": false,
            "pokemon": {
                "name": "greninja-ash",
                "url": "/api/v2/pokemon/10117/"
            },
            "slot": 1
        }
    ]
}