{
    "effect_changes": [],
    "effect_entries": [
        {
            "effect": "The Pok\u00e9mon exchanges Abilities with a Pok\u00e9mon that hits it with a move that makes direct contact.",
            "language": {
                "name": "en",
                "url": "/api/v2/language/9/"
            },
            "short_effect": "Swaps abilities with opponents on contact."
        }
    ],
    "flavor_text_entries": [
        {
            "flavor_text": "\u305b\u3063\u3057\u3087\u304f\u3059\u308b\u3000\u308f\u3056\u3067\n\u3053\u3046\u3052\u304d\u3000\u3057\u3066\u304d\u305f\u3000\u30dd\u30b1\u30e2\u30f3\u3068\n\u3068\u304f\u305b\u3044\u3092\u3000\u3044\u308c\u304b\u3048\u308b\u3002",
            "language": {
                "name": "ja-Hrkt",
                "url": "/api/v2/language/1/"
            },
            "version_group": {
                "name": "sword-shield",
                "url": "/api/v2/version-group/20/"
            }
        },
        {
            "flavor_text": "\uc811\ucd09\ud558\ub294 \uae30\uc220\ub85c\n\uacf5\uaca9\ud574\uc628 \ud3ec\ucf13\ubaac\uacfc\n\ud2b9\uc131\uc744 \ubc14\uafbc\ub2e4.",
            "language": {
                "name": "ko",
                "url": "/api/v2/language/3/"
            },
            "version_group": {
                "name": "sword-shield",
                "url": "/api/v2/version-group/20/"
            }
        },
        {
            "flavor_text": "\u8207\u4f7f\u7528\u63a5\u89f8\u985e\u62db\u5f0f\n\u653b\u64ca\u81ea\u5df1\u7684\u5bf6\u53ef\u5922\u4e92\u63db\u7279\u6027\u3002",
            "language": {
                "name": "zh-Hant",
                "url": "/api/v2/language/4/"
            },
            "version_group": {
                "name": "sword-shield",
                "url": "/api/v2/version-group/20/"
            }
        },
        {
            "flavor_text": "Lorsque le Pok\u00e9mon est directement touch\u00e9\npar une attaque, il \u00e9change son talent avec celui\nde l\u2019assaillant.",
            "language": {
                "name": "fr",
                "url": "/api/v2/language/5/"
            },
            "version_group": {
                "name": "sword-shield",
                "url": "/api/v2/version-group/20/"
            }
        },
        {
            "flavor_text": "Wird das Pok\u00e9mon von einer direkten Attacke\ngetroffen, tauscht es seine F\u00e4higkeit mit der des\nAngreifers.",
            "language": {
                "name": "de",
                "url": "/api/v2/language/6/"
            },
            "version_group": {
                "name": "sword-shield",
                "url": "/api/v2/version-group/20/"
            }
        },
        {
            "flavor_text": "Si le alcanza un movimiento de contacto, intercambia\nsu habilidad con la del agresor.",
            "language": {
                "name": "es",
                "url": "/api/v2/language/7/"
            },
            "version_group": {
                "name": "sword-shield",
                "url": "/api/v2/version-group/20/"
            }
        },
        {
            "flavor_text": "Se il Pok\u00e9mon subisce un attacco diretto, scambia\nla sua abilit\u00e0 con quella di chi lo ha colpito.",
            "language": {
                "name": "it",
                "url": "/api/v2/language/8/"
            },
            "version_group": {
                "name": "sword-shield",
                "url": "/api/v2/version-group/20/"
            }
        },
        {
            "flavor_text": "The Pok\u00e9mon exchanges Abilities with a Pok\u00e9mon\nthat hits it with a move that makes direct contact.",
            "language": {
                "name": "en",
                "url": "/api/v2/language/9/"
            },
            "version_group": {
                "name": "sword-shield",
                "url": "/api/v2/version-group/20/"
            }
        },
        {
            "flavor_text": "\u63a5\u89e6\u3059\u308b\u3000\u6280\u3067\n\u653b\u6483\u3000\u3057\u3066\u304d\u305f\u3000\u30dd\u30b1\u30e2\u30f3\u3068\n\u7279\u6027\u3092\u3000\u5165\u308c\u66ff\u3048\u308b\u3002",
            "language": {
                "name": "ja",
                "url": "/api/v2/language/11/"
            },
            "version_group": {
                "name": "sword-shield",
                "url": "/api/v2/version-group/20/"
            }
        },
        {
            "flavor_text": "\u4e0e\u4f7f\u7528\u63a5\u89e6\u7c7b\u62db\u5f0f\n\u653b\u51fb\u81ea\u5df1\u7684\u5b9d\u53ef\u68a6\u4e92\u6362\u7279\u6027\u3002",
            "language": {
                "name": "zh-Hans",
                "url": "/api/v2/language/12/"
            },
            "version_group": {
                "name": "sword-shield",
                "url": "/api/v2/version-group/20/"
            }
        },
        {
            "flavor_text": "Lorsque le Pok\u00e9mon est directement touch\u00e9\\npar une capacit\u00e9, il \u00e9change son talent avec\\ncelui de l\u2019assaillant.",
            "language": {
                "name": "fr",
                "url": "/api/v2/language/5/"
            },
            "version_group": {
                "name": "scarlet-violet",
                "url": "/api/v2/version-group/25/"
            }
        }
    ],
    "generation": {
        "name": "generation-viii",
        "url": "/api/v2/generation/8/"
    },
    "id": 254,
    "is_main_series": true,
    "name": "wandering-spirit",
    "names": [
        {
            "language": {
                "name": "ja-Hrkt",
                "url": "/api/v2/language/1/"
            },
            "name": "\u3055\u307e\u3088\u3046\u305f\u307e\u3057\u3044"
        },
        {
            "language": {
                "name": "ko",
                "url": "/api/v2/language/3/"
            },
            "name": "\ub5a0\ub3c4\ub294\uc601\ud63c"
        },
        {
            "language": {
                "name": "zh-Hant",
                "url": "/api/v2/language/4/"
            },
            "name": "\u904a\u9b42"
        },
        {
            "language": {
                "name": "fr",
                "url": "/api/v2/language/5/"
            },
            "name": "\u00c2me Vagabonde"
        },
        {
            "language": {
                "name": "de",
                "url": "/api/v2/language/6/"
            },
            "name": "Rastlose Seele"
        },
        {
            "language": {
                "name": "es",
                "url": "/api/v2/language/7/"
            },
            "name": "Alma Errante"
        },
        {
            "language": {
                "name": "it",
                "url": "/api/v2/language/8/"
            },
            "name": "Anima Errante"
        },
        {
            "language": {
                "name": "en",
                "url": "/api/v2/language/9/"
            },
            "name": "Wandering Spirit"
        },
        {
            "language": {
                "name": "ja",
                "url": "/api/v2/language/11/"
            },
            "name": "\u3055\u307e\u3088\u3046\u305f\u307e\u3057\u3044"
        },
        {
            "language": {
                "name": "zh-Hans",
                "url": "/api/v2/language/12/"
            },
            "name": "\u6e38\u9b42"
        }
    ],
    "pokemon": [
        {
            "is_hidden": false,
            "pokemon": {
                "name": "runerigus",
                "url": "/api/v2/pokemon/867/"
            },
            "slot": 1
        },
        {
            "is_hidden": false,
            "pokemon": {
                "name": "yamask-galar",
                "url": "/api/v2/pokemon/10179/"
            },
            "slot": 1
        }
    ]
}