{
    "descriptions": [
        {
            "description": "\u304d\u304c\u3000\u3064\u3088\u3044",
            "language": {
                "name": "ja-Hrkt",
                "url": "/api/v2/language/1/"
            }
        },
        {
            "description": "\uae30\uac00 \uc13c \uc131\uaca9\uc784",
            "language": {
                "name": "ko",
                "url": "/api/v2/language/3/"
            }
        },
        {
            "description": "\u6027\u683c\u5f37\u52e2",
            "language": {
                "name": "zh-Hant",
                "url": "/api/v2/language/4/"
            }
        },
        {
            "description": "Il est tr\u00e8s volontaire",
            "language": {
                "name": "fr",
                "url": "/api/v2/language/5/"
            }
        },
        {
            "description": "Besitzt einen starken Willen",
            "language": {
                "name": "de",
                "url": "/api/v2/language/6/"
            }
        },
        {
            "description": "Se distingue por su gran fuerza de voluntad",
            "language": {
                "name": "es",
                "url": "/api/v2/language/7/"
            }
        },
        {
            "description": "Sa il fatto suo",
            "language": {
                "name": "it",
                "url": "/api/v2/language/8/"
            }
        },
        {
            "description": "Strong willed",
            "language": {
                "name": "en",
                "url": "/api/v2/language/9/"
            }
        },
        {
            "description": "\u6c17\u304c\u3000\u5f37\u3044",
            "language": {
                "name": "ja",
                "url": "/api/v2/language/11/"
            }
        },
        {
            "description": "\u6027\u683c\u5f3a\u52bf",
            "language": {
                "name": "zh-Hans",
                "url": "/api/v2/language/12/"
            }
        }
    ],
    "gene_modulo": 0,
    "highest_stat": {
        "name": "special-defense",
        "url": "/api/v2/stat/5/"
    },
    "id": 5,
    "possible_values": [
        0,
        5,
        10,
        15,
        20,
        25,
        30
    ]
}