{
    "effect_changes": [],
    "effect_entries": [
        {
            "effect": "Pok\u00e9mon mit dieser F\u00e4higkeit \u00fcberspringen jede zweite Runde statt eine Attacke einzusetzen (\"faulenzen\").\n\nFaulenzen unterbricht Attacken die \u00fcber mehrere Runden gehen genauso wie paralysis, Zur\u00fcckschrecken usw. Die meisten dieser Attacken, wie bide oder rollout, werden einfach abgebrochen, wenn das Pok\u00e9mon faulenzt. Attacken nach denen eine Runde aufgeladen werden muss, wie hyper beam, m\u00fcssen nicht aufgeladen werden, Attacken mit Vorbereitungsrunde, wie fly, werden nicht abgebrochen. Attacken die mehrere Runden dauern aber bei einem Fehlschlag nicht enden, wie outrage, uproar, oder jede von encore erzwungene Attacke, enden nicht, wenn das Pok\u00e9mon faulenzt.\n\nWenn das Pok\u00e9mon verwirrt ist, wird die confusion nicht beachtet beim Faulenzen, das Pok\u00e9mon verletzt sich nicht selbst und die confusion endet nicht fr\u00fcher deswegen.\n\nWenn das Pok\u00e9mon versucht sich zu bewegen aber von paralysis oder gravity daran gehindert wird, z\u00e4hlt das trotzdem als erfolgreich und es wird die n\u00e4chste Runde faulenzen. Wenn es nicht versucht sich zu bewegen, weil es beispielsweise schl\u00e4ft oder eingefroren ist, wird das was es versucht hat verschoben bis zum n\u00e4chsten Versuch, der eine Attacke oder faulenzen sein kann, abh\u00e4ngig davon, was es zuletzt tat.\n\nDiese F\u00e4higkeit kann nicht mit worry seed ausgetauscht werden, aber mit gastro acid deaktiviert, mit role play ge\u00e4ndert oder mit skill swap getauscht werden.",
            "language": {
                "name": "de",
                "url": "/api/v2/language/6/"
            },
            "short_effect": "\u00dcberspringt jede zweite Runde."
        },
        {
            "effect": "Every second turn on which this Pok\u00e9mon should attempt to use a move, it will instead do nothing (\"loaf around\").\n\nLoafing around interrupts moves that take multiple turns the same way paralysis, flinching, etc do.  Most such moves, for example bide or rollout, are simply cut off upon loafing around.  Attacks with a recharge turn, such as hyper beam, do not have to recharge; attacks with a preparation turn, such as fly, do not end up being used.  Moves that are forced over multiple turns and keep going through failure, such as outrage, uproar, or any move forced by encore, keep going as usual.\n\nIf this Pok\u00e9mon is confused, its confusion is not checked when loafing around; the Pok\u00e9mon cannot hurt itself, and its confusion does not end or come closer to ending.\n\nIf this Pok\u00e9mon attempts to move but fails, e.g. because of paralysis or gravity, it still counts as having moved and will loaf around the next turn.  If it does not attempt to move, e.g. because it is asleep or frozen, whatever it would have done will be postponed until its next attempt; that is, it will either loaf around or move as usual, depending on what it last did.\n\nThis ability cannot be changed with worry seed, but it can be disabled with gastro acid, changed with role play, or traded away with skill swap.",
            "language": {
                "name": "en",
                "url": "/api/v2/language/9/"
            },
            "short_effect": "Skips every second turn."
        }
    ],
    "flavor_text_entries": [
        {
            "flavor_text": "Lorsque le Pok\u00e9mon utilise une capacit\u00e9, il passe\nle tour suivant \u00e0 paresser.",
            "language": {
                "name": "fr",
                "url": "/api/v2/language/5/"
            },
            "version_group": {
                "name": "ultra-sun-ultra-moon",
                "url": "/api/v2/version-group/18/"
            }
        },
        {
            "flavor_text": "Frappe tous les 2 tours.",
            "language": {
                "name": "fr",
                "url": "/api/v2/language/5/"
            },
            "version_group": {
                "name": "ruby-sapphire",
                "url": "/api/v2/version-group/5/"
            }
        },
        {
            "flavor_text": "Moves only every two turns.",
            "language": {
                "name": "en",
                "url": "/api/v2/language/9/"
            },
            "version_group": {
                "name": "ruby-sapphire",
                "url": "/api/v2/version-group/5/"
            }
        },
        {
            "flavor_text": "Frappe tous les 2 tours.",
            "language": {
                "name": "fr",
                "url": "/api/v2/language/5/"
            },
            "version_group": {
                "name": "emerald",
                "url": "/api/v2/version-group/6/"
            }
        },
        {
            "flavor_text": "Moves only every two turns.",
            "language": {
                "name": "en",
                "url": "/api/v2/language/9/"
            },
            "version_group": {
                "name": "emerald",
                "url": "/api/v2/version-group/6/"
            }
        },
        {
            "flavor_text": "Frappe tous les 2 tours.",
            "language": {
                "name": "fr",
                "url": "/api/v2/language/5/"
            },
            "version_group": {
                "name": "firered-leafgreen",
                "url": "/api/v2/version-group/7/"
            }
        },
        {
            "flavor_text": "Moves only every two turns.",
            "language": {
                "name": "en",
                "url": "/api/v2/language/9/"
            },
            "version_group": {
                "name": "firered-leafgreen",
                "url": "/api/v2/version-group/7/"
            }
        },
        {
            "flavor_text": "Le Pok\u00e9mon ne frappe qu'un tour sur deux.",
            "language": {
                "name": "fr",
                "url": "/api/v2/language/5/"
            },
            "version_group": {
                "name": "diamond-pearl",
                "url": "/api/v2/version-group/8/"
            }
        },
        {
            "flavor_text": "The Pok\u00e9mon can\u2019t attack\non consecutive turns.",
            "language": {
                "name": "en",
                "url": "/api/v2/language/9/"
            },
            "version_group": {
                "name": "diamond-pearl",
                "url": "/api/v2/version-group/8/"
            }
        },
        {
            "flavor_text": "Le Pok\u00e9mon ne frappe qu'un tour sur deux.",
            "language": {
                "name": "fr",
                "url": "/api/v2/language/5/"
            },
            "version_group": {
                "name": "platinum",
                "url": "/api/v2/version-group/9/"
            }
        },
        {
            "flavor_text": "The Pok\u00e9mon can\u2019t attack\non consecutive turns.",
            "language": {
                "name": "en",
                "url": "/api/v2/language/9/"
            },
            "version_group": {
                "name": "platinum",
                "url": "/api/v2/version-group/9/"
            }
        },
        {
            "flavor_text": "Le Pok\u00e9mon ne frappe qu'un tour sur deux.",
            "language": {
                "name": "fr",
                "url": "/api/v2/language/5/"
            },
            "version_group": {
                "name": "heartgold-soulsilver",
                "url": "/api/v2/version-group/10/"
            }
        },
        {
            "flavor_text": "Pok\u00e9mon can\u2019t attack\non consecutive turns.",
            "language": {
                "name": "en",
                "url": "/api/v2/language/9/"
            },
            "version_group": {
                "name": "heartgold-soulsilver",
                "url": "/api/v2/version-group/10/"
            }
        },
        {
            "flavor_text": "Le Pok\u00e9mon ne frappe qu'un tour sur deux.",
            "language": {
                "name": "fr",
                "url": "/api/v2/language/5/"
            },
            "version_group": {
                "name": "black-white",
                "url": "/api/v2/version-group/11/"
            }
        },
        {
            "flavor_text": "Le Pok\u00e9mon ne frappe\nqu\u2019un tour sur deux.",
            "language": {
                "name": "fr",
                "url": "/api/v2/language/5/"
            },
            "version_group": {
                "name": "black-white",
                "url": "/api/v2/version-group/11/"
            }
        },
        {
            "flavor_text": "Pok\u00e9mon can\u2019t attack\non consecutive turns.",
            "language": {
                "name": "en",
                "url": "/api/v2/language/9/"
            },
            "version_group": {
                "name": "black-white",
                "url": "/api/v2/version-group/11/"
            }
        },
        {
            "flavor_text": "Le Pok\u00e9mon ne frappe qu'un tour sur deux.",
            "language": {
                "name": "fr",
                "url": "/api/v2/language/5/"
            },
            "version_group": {
                "name": "xd",
                "url": "/api/v2/version-group/13/"
            }
        },
        {
            "flavor_text": "Le Pok\u00e9mon ne frappe qu'un tour sur deux.",
            "language": {
                "name": "fr",
                "url": "/api/v2/language/5/"
            },
            "version_group": {
                "name": "black-2-white-2",
                "url": "/api/v2/version-group/14/"
            }
        },
        {
            "flavor_text": "Pok\u00e9mon can\u2019t attack\non consecutive turns.",
            "language": {
                "name": "en",
                "url": "/api/v2/language/9/"
            },
            "version_group": {
                "name": "black-2-white-2",
                "url": "/api/v2/version-group/14/"
            }
        },
        {
            "flavor_text": "\u3053\u3046\u3052\u304d\u304c\u3000\u308c\u3093\u305e\u304f\u3067\n\u3060\u305b\u306a\u3044\u3002",
            "language": {
                "name": "ja-Hrkt",
                "url": "/api/v2/language/1/"
            },
            "version_group": {
                "name": "x-y",
                "url": "/api/v2/version-group/15/"
            }
        },
        {
            "flavor_text": "\uc5f0\uc18d\uc73c\ub85c\n\uacf5\uaca9\ud560 \uc218 \uc5c6\ub2e4.",
            "language": {
                "name": "ko",
                "url": "/api/v2/language/3/"
            },
            "version_group": {
                "name": "x-y",
                "url": "/api/v2/version-group/15/"
            }
        },
        {
            "flavor_text": "Lorsque le Pok\u00e9mon utilise une capacit\u00e9, il passe le tour suivant \u00e0 paresser.",
            "language": {
                "name": "fr",
                "url": "/api/v2/language/5/"
            },
            "version_group": {
                "name": "x-y",
                "url": "/api/v2/version-group/15/"
            }
        },
        {
            "flavor_text": "Le Pok\u00e9mon n\u2019agit qu\u2019un\ntour sur deux.",
            "language": {
                "name": "fr",
                "url": "/api/v2/language/5/"
            },
            "version_group": {
                "name": "x-y",
                "url": "/api/v2/version-group/15/"
            }
        },
        {
            "flavor_text": "Greift nur alle zwei Runden an.",
            "language": {
                "name": "de",
                "url": "/api/v2/language/6/"
            },
            "version_group": {
                "name": "x-y",
                "url": "/api/v2/version-group/15/"
            }
        },
        {
            "flavor_text": "El Pok\u00e9mon no atacar\u00e1 en turnos\nconsecutivos.",
            "language": {
                "name": "es",
                "url": "/api/v2/language/7/"
            },
            "version_group": {
                "name": "x-y",
                "url": "/api/v2/version-group/15/"
            }
        },
        {
            "flavor_text": "Il Pok\u00e9mon attacca un turno s\u00ec\ne uno no.",
            "language": {
                "name": "it",
                "url": "/api/v2/language/8/"
            },
            "version_group": {
                "name": "x-y",
                "url": "/api/v2/version-group/15/"
            }
        },
        {
            "flavor_text": "The Pok\u00e9mon can\u2019t attack\non consecutive turns.",
            "language": {
                "name": "en",
                "url": "/api/v2/language/9/"
            },
            "version_group": {
                "name": "x-y",
                "url": "/api/v2/version-group/15/"
            }
        },
        {
            "flavor_text": "\u653b\u6483\u304c\u3000\u9023\u7d9a\u3067\n\u3060\u305b\u306a\u3044\u3002",
            "language": {
                "name": "ja",
                "url": "/api/v2/language/11/"
            },
            "version_group": {
                "name": "x-y",
                "url": "/api/v2/version-group/15/"
            }
        },
        {
            "flavor_text": "\u3053\u3046\u3052\u304d\u304c\u3000\u308c\u3093\u305e\u304f\u3067\n\u3060\u305b\u306a\u3044\u3002",
            "language": {
                "name": "ja-Hrkt",
                "url": "/api/v2/language/1/"
            },
            "version_group": {
                "name": "omega-ruby-alpha-sapphire",
                "url": "/api/v2/version-group/16/"
            }
        },
        {
            "flavor_text": "\uc5f0\uc18d\uc73c\ub85c\n\uacf5\uaca9\ud560 \uc218 \uc5c6\ub2e4.",
            "language": {
                "name": "ko",
                "url": "/api/v2/language/3/"
            },
            "version_group": {
                "name": "omega-ruby-alpha-sapphire",
                "url": "/api/v2/version-group/16/"
            }
        },
        {
            "flavor_text": "Lorsque le Pok\u00e9mon utilise une capacit\u00e9, il passe le tour suivant \u00e0 paresser.",
            "language": {
                "name": "fr",
                "url": "/api/v2/language/5/"
            },
            "version_group": {
                "name": "omega-ruby-alpha-sapphire",
                "url": "/api/v2/version-group/16/"
            }
        },
        {
            "flavor_text": "Le Pok\u00e9mon ne frappe qu'un tour sur deux.",
            "language": {
                "name": "fr",
                "url": "/api/v2/language/5/"
            },
            "version_group": {
                "name": "omega-ruby-alpha-sapphire",
                "url": "/api/v2/version-group/16/"
            }
        },
        {
            "flavor_text": "Le Pok\u00e9mon n\u2019agit qu\u2019un\ntour sur deux.",
            "language": {
                "name": "fr",
                "url": "/api/v2/language/5/"
            },
            "version_group": {
                "name": "omega-ruby-alpha-sapphire",
                "url": "/api/v2/version-group/16/"
            }
        },
        {
            "flavor_text": "Greift nur alle zwei Runden an.",
            "language": {
                "name": "de",
                "url": "/api/v2/language/6/"
            },
            "version_group": {
                "name": "omega-ruby-alpha-sapphire",
                "url": "/api/v2/version-group/16/"
            }
        },
        {
            "flavor_text": "El Pok\u00e9mon no atacar\u00e1 en turnos\nconsecutivos.",
            "language": {
                "name": "es",
                "url": "/api/v2/language/7/"
            },
            "version_group": {
                "name": "omega-ruby-alpha-sapphire",
                "url": "/api/v2/version-group/16/"
            }
        },
        {
            "flavor_text": "Il Pok\u00e9mon attacca un turno s\u00ec\ne uno no.",
            "language": {
                "name": "it",
                "url": "/api/v2/language/8/"
            },
            "version_group": {
                "name": "omega-ruby-alpha-sapphire",
                "url": "/api/v2/version-group/16/"
            }
        },
        {
            "flavor_text": "The Pok\u00e9mon can\u2019t attack\non consecutive turns.",
            "language": {
                "name": "en",
                "url": "/api/v2/language/9/"
            },
            "version_group": {
                "name": "omega-ruby-alpha-sapphire",
                "url": "/api/v2/version-group/16/"
            }
        },
        {
            "flavor_text": "\u653b\u6483\u304c\u3000\u9023\u7d9a\u3067\n\u3060\u305b\u306a\u3044\u3002",
            "language": {
                "name": "ja",
                "url": "/api/v2/language/11/"
            },
            "version_group": {
                "name": "omega-ruby-alpha-sapphire",
                "url": "/api/v2/version-group/16/"
            }
        },
        {
            "flavor_text": "\u308f\u3056\u3092\u3000\u3060\u3059\u3068\n\u3064\u304e\u306e\u3000\u30bf\u30fc\u30f3\u306f\u3000\u3084\u3059\u3093\u3067\u3057\u307e\u3046\u3002",
            "language": {
                "name": "ja-Hrkt",
                "url": "/api/v2/language/1/"
            },
            "version_group": {
                "name": "sun-moon",
                "url": "/api/v2/version-group/17/"
            }
        },
        {
            "flavor_text": "\uae30\uc220\uc744 \uc0ac\uc6a9\ud558\uba74\n\ub2e4\uc74c \ud134\uc740 \uc270\ub2e4.",
            "language": {
                "name": "ko",
                "url": "/api/v2/language/3/"
            },
            "version_group": {
                "name": "sun-moon",
                "url": "/api/v2/version-group/17/"
            }
        },
        {
            "flavor_text": "\u5982\u679c\u4f7f\u51fa\u62db\u5f0f\uff0c\n\u4e0b\u4e00\u56de\u5408\u5c31\u9700\u8981\u4f11\u606f\u3002",
            "language": {
                "name": "zh-Hant",
                "url": "/api/v2/language/4/"
            },
            "version_group": {
                "name": "sun-moon",
                "url": "/api/v2/version-group/17/"
            }
        },
        {
            "flavor_text": "Lorsque le Pok\u00e9mon utilise une capacit\u00e9, il passe le tour suivant \u00e0 paresser.",
            "language": {
                "name": "fr",
                "url": "/api/v2/language/5/"
            },
            "version_group": {
                "name": "sun-moon",
                "url": "/api/v2/version-group/17/"
            }
        },
        {
            "flavor_text": "Lorsque le Pok\u00e9mon utilise une capacit\u00e9, il passe\nle tour suivant \u00e0 paresser.",
            "language": {
                "name": "fr",
                "url": "/api/v2/language/5/"
            },
            "version_group": {
                "name": "sun-moon",
                "url": "/api/v2/version-group/17/"
            }
        },
        {
            "flavor_text": "Das Pok\u00e9mon muss nach Einsatz einer Attacke\neine Runde lang aussetzen.",
            "language": {
                "name": "de",
                "url": "/api/v2/language/6/"
            },
            "version_group": {
                "name": "sun-moon",
                "url": "/api/v2/version-group/17/"
            }
        },
        {
            "flavor_text": "Al ejecutar un movimiento, el Pok\u00e9mon descansar\u00e1\nen el turno siguiente.",
            "language": {
                "name": "es",
                "url": "/api/v2/language/7/"
            },
            "version_group": {
                "name": "sun-moon",
                "url": "/api/v2/version-group/17/"
            }
        },
        {
            "flavor_text": "Quando il Pok\u00e9mon usa una mossa, nel turno\nsuccessivo si riposer\u00e0.",
            "language": {
                "name": "it",
                "url": "/api/v2/language/8/"
            },
            "version_group": {
                "name": "sun-moon",
                "url": "/api/v2/version-group/17/"
            }
        },
        {
            "flavor_text": "The Pok\u00e9mon can\u2019t use a move the following turn if it\nuses one.",
            "language": {
                "name": "en",
                "url": "/api/v2/language/9/"
            },
            "version_group": {
                "name": "sun-moon",
                "url": "/api/v2/version-group/17/"
            }
        },
        {
            "flavor_text": "\u6280\u3092\u3000\u51fa\u3059\u3068\n\u3064\u304e\u306e\u3000\u30bf\u30fc\u30f3\u306f\u3000\u4f11\u3093\u3067\u3057\u307e\u3046\u3002",
            "language": {
                "name": "ja",
                "url": "/api/v2/language/11/"
            },
            "version_group": {
                "name": "sun-moon",
                "url": "/api/v2/version-group/17/"
            }
        },
        {
            "flavor_text": "\u5982\u679c\u4f7f\u51fa\u62db\u5f0f\uff0c\n\u4e0b\u4e00\u56de\u5408\u5c31\u4f1a\u4f11\u606f\u3002",
            "language": {
                "name": "zh-Hans",
                "url": "/api/v2/language/12/"
            },
            "version_group": {
                "name": "sun-moon",
                "url": "/api/v2/version-group/17/"
            }
        },
        {
            "flavor_text": "\u308f\u3056\u3092\u3000\u3060\u3059\u3068\n\u3064\u304e\u306e\u3000\u30bf\u30fc\u30f3\u306f\u3000\u3084\u3059\u3093\u3067\u3057\u307e\u3046\u3002",
            "language": {
                "name": "ja-Hrkt",
                "url": "/api/v2/language/1/"
            },
            "version_group": {
                "name": "ultra-sun-ultra-moon",
                "url": "/api/v2/version-group/18/"
            }
        },
        {
            "flavor_text": "\uae30\uc220\uc744 \uc0ac\uc6a9\ud558\uba74\n\ub2e4\uc74c \ud134\uc740 \uc270\ub2e4.",
            "language": {
                "name": "ko",
                "url": "/api/v2/language/3/"
            },
            "version_group": {
                "name": "ultra-sun-ultra-moon",
                "url": "/api/v2/version-group/18/"
            }
        },
        {
            "flavor_text": "\u5982\u679c\u4f7f\u51fa\u62db\u5f0f\uff0c\n\u4e0b\u4e00\u56de\u5408\u5c31\u9700\u8981\u4f11\u606f\u3002",
            "language": {
                "name": "zh-Hant",
                "url": "/api/v2/language/4/"
            },
            "version_group": {
                "name": "ultra-sun-ultra-moon",
                "url": "/api/v2/version-group/18/"
            }
        },
        {
            "flavor_text": "Lorsque le Pok\u00e9mon utilise une capacit\u00e9, il passe le tour suivant \u00e0 paresser.",
            "language": {
                "name": "fr",
                "url": "/api/v2/language/5/"
            },
            "version_group": {
                "name": "ultra-sun-ultra-moon",
                "url": "/api/v2/version-group/18/"
            }
        },
        {
            "flavor_text": "Das Pok\u00e9mon muss nach Einsatz einer Attacke\neine Runde lang aussetzen.",
            "language": {
                "name": "de",
                "url": "/api/v2/language/6/"
            },
            "version_group": {
                "name": "ultra-sun-ultra-moon",
                "url": "/api/v2/version-group/18/"
            }
        },
        {
            "flavor_text": "Al ejecutar un movimiento, el Pok\u00e9mon descansar\u00e1\nen el turno siguiente.",
            "language": {
                "name": "es",
                "url": "/api/v2/language/7/"
            },
            "version_group": {
                "name": "ultra-sun-ultra-moon",
                "url": "/api/v2/version-group/18/"
            }
        },
        {
            "flavor_text": "Quando il Pok\u00e9mon usa una mossa, nel turno\nsuccessivo si riposer\u00e0.",
            "language": {
                "name": "it",
                "url": "/api/v2/language/8/"
            },
            "version_group": {
                "name": "ultra-sun-ultra-moon",
                "url": "/api/v2/version-group/18/"
            }
        },
        {
            "flavor_text": "The Pok\u00e9mon can\u2019t use a move the following turn if it\nuses one.",
            "language": {
                "name": "en",
                "url": "/api/v2/language/9/"
            },
            "version_group": {
                "name": "ultra-sun-ultra-moon",
                "url": "/api/v2/version-group/18/"
            }
        },
        {
            "flavor_text": "\u6280\u3092\u3000\u51fa\u3059\u3068\n\u3064\u304e\u306e\u3000\u30bf\u30fc\u30f3\u306f\u3000\u4f11\u3093\u3067\u3057\u307e\u3046\u3002",
            "language": {
                "name": "ja",
                "url": "/api/v2/language/11/"
            },
            "version_group": {
                "name": "ultra-sun-ultra-moon",
                "url": "/api/v2/version-group/18/"
            }
        },
        {
            "flavor_text": "\u5982\u679c\u4f7f\u51fa\u62db\u5f0f\uff0c\n\u4e0b\u4e00\u56de\u5408\u5c31\u4f1a\u4f11\u606f\u3002",
            "language": {
                "name": "zh-Hans",
                "url": "/api/v2/language/12/"
            },
            "version_group": {
                "name": "ultra-sun-ultra-moon",
                "url": "/api/v2/version-group/18/"
            }
        },
        {
            "flavor_text": "\u308f\u3056\u3092\u3000\u3060\u3059\u3068\n\u3064\u304e\u306e\u3000\u30bf\u30fc\u30f3\u306f\u3000\u3084\u3059\u3093\u3067\u3057\u307e\u3046\u3002",
            "language": {
                "name": "ja-Hrkt",
                "url": "/api/v2/language/1/"
            },
            "version_group": {
                "name": "lets-go-pikachu-lets-go-eevee",
                "url": "/api/v2/version-group/19/"
            }
        },
        {
            "flavor_text": "\uae30\uc220\uc744 \uc0ac\uc6a9\ud558\uba74\n\ub2e4\uc74c \ud134\uc740 \uc270\ub2e4.",
            "language": {
                "name": "ko",
                "url": "/api/v2/language/3/"
            },
            "version_group": {
                "name": "lets-go-pikachu-lets-go-eevee",
                "url": "/api/v2/version-group/19/"
            }
        },
        {
            "flavor_text": "\u5982\u679c\u4f7f\u51fa\u62db\u5f0f\uff0c\n\u4e0b\u4e00\u56de\u5408\u5c31\u9700\u8981\u4f11\u606f\u3002",
            "language": {
                "name": "zh-Hant",
                "url": "/api/v2/language/4/"
            },
            "version_group": {
                "name": "lets-go-pikachu-lets-go-eevee",
                "url": "/api/v2/version-group/19/"
            }
        },
        {
            "flavor_text": "Lorsque le Pok\u00e9mon utilise une capacit\u00e9, il passe\nle tour suivant \u00e0 paresser.",
            "language": {
                "name": "fr",
                "url": "/api/v2/language/5/"
            },
            "version_group": {
                "name": "lets-go-pikachu-lets-go-eevee",
                "url": "/api/v2/version-group/19/"
            }
        },
        {
            "flavor_text": "Das Pok\u00e9mon muss nach Einsatz einer Attacke\neine Runde lang aussetzen.",
            "language": {
                "name": "de",
                "url": "/api/v2/language/6/"
            },
            "version_group": {
                "name": "lets-go-pikachu-lets-go-eevee",
                "url": "/api/v2/version-group/19/"
            }
        },
        {
            "flavor_text": "Al ejecutar un movimiento, el Pok\u00e9mon descansar\u00e1\nen el turno siguiente.",
            "language": {
                "name": "es",
                "url": "/api/v2/language/7/"
            },
            "version_group": {
                "name": "lets-go-pikachu-lets-go-eevee",
                "url": "/api/v2/version-group/19/"
            }
        },
        {
            "flavor_text": "Quando il Pok\u00e9mon usa una mossa, nel turno\nsuccessivo si riposer\u00e0.",
            "language": {
                "name": "it",
                "url": "/api/v2/language/8/"
            },
            "version_group": {
                "name": "lets-go-pikachu-lets-go-eevee",
                "url": "/api/v2/version-group/19/"
            }
        },
        {
            "flavor_text": "The Pok\u00e9mon can\u2019t use a move if it had used a move\non the previous turn.",
            "language": {
                "name": "en",
                "url": "/api/v2/language/9/"
            },
            "version_group": {
                "name": "lets-go-pikachu-lets-go-eevee",
                "url": "/api/v2/version-group/19/"
            }
        },
        {
            "flavor_text": "\u6280\u3092\u3000\u51fa\u3059\u3068\n\u3064\u304e\u306e\u3000\u30bf\u30fc\u30f3\u306f\u3000\u4f11\u3093\u3067\u3057\u307e\u3046\u3002",
            "language": {
                "name": "ja",
                "url": "/api/v2/language/11/"
            },
            "version_group": {
                "name": "lets-go-pikachu-lets-go-eevee",
                "url": "/api/v2/version-group/19/"
            }
        },
        {
            "flavor_text": "\u5982\u679c\u4f7f\u51fa\u62db\u5f0f\uff0c\n\u4e0b\u4e00\u56de\u5408\u5c31\u4f1a\u4f11\u606f\u3002",
            "language": {
                "name": "zh-Hans",
                "url": "/api/v2/language/12/"
            },
            "version_group": {
                "name": "lets-go-pikachu-lets-go-eevee",
                "url": "/api/v2/version-group/19/"
            }
        },
        {
            "flavor_text": "\u308f\u3056\u3092\u3000\u3060\u3059\u3068\n\u3064\u304e\u306e\u3000\u30bf\u30fc\u30f3\u306f\u3000\u3084\u3059\u3093\u3067\u3057\u307e\u3046\u3002",
            "language": {
                "name": "ja-Hrkt",
                "url": "/api/v2/language/1/"
            },
            "version_group": {
                "name": "sword-shield",
                "url": "/api/v2/version-group/20/"
            }
        },
        {
            "flavor_text": "\uae30\uc220\uc744 \uc0ac\uc6a9\ud558\uba74\n\ub2e4\uc74c \ud134\uc740 \uc270\ub2e4.",
            "language": {
                "name": "ko",
                "url": "/api/v2/language/3/"
            },
            "version_group": {
                "name": "sword-shield",
                "url": "/api/v2/version-group/20/"
            }
        },
        {
            "flavor_text": "\u5982\u679c\u4f7f\u51fa\u62db\u5f0f\uff0c\n\u4e0b\u4e00\u56de\u5408\u5c31\u9700\u8981\u4f11\u606f\u3002",
            "language": {
                "name": "zh-Hant",
                "url": "/api/v2/language/4/"
            },
            "version_group": {
                "name": "sword-shield",
                "url": "/api/v2/version-group/20/"
            }
        },
        {
            "flavor_text": "Lorsque le Pok\u00e9mon utilise une capacit\u00e9, il passe le tour suivant \u00e0 paresser.",
            "language": {
                "name": "fr",
                "url": "/api/v2/language/5/"
            },
            "version_group": {
                "name": "sword-shield",
                "url": "/api/v2/version-group/20/"
            }
        },
        {
            "flavor_text": "Lorsque le Pok\u00e9mon utilise une capacit\u00e9,\nil passe le tour suivant \u00e0 paresser.",
            "language": {
                "name": "fr",
                "url": "/api/v2/language/5/"
            },
            "version_group": {
                "name": "sword-shield",
                "url": "/api/v2/version-group/20/"
            }
        },
        {
            "flavor_text": "Das Pok\u00e9mon muss nach Einsatz einer Attacke\neine Runde lang aussetzen.",
            "language": {
                "name": "de",
                "url": "/api/v2/language/6/"
            },
            "version_group": {
                "name": "sword-shield",
                "url": "/api/v2/version-group/20/"
            }
        },
        {
            "flavor_text": "Al ejecutar un movimiento, descansar\u00e1 en el turno\nsiguiente.",
            "language": {
                "name": "es",
                "url": "/api/v2/language/7/"
            },
            "version_group": {
                "name": "sword-shield",
                "url": "/api/v2/version-group/20/"
            }
        },
        {
            "flavor_text": "Quando il Pok\u00e9mon usa una mossa, nel turno\nsuccessivo si riposer\u00e0.",
            "language": {
                "name": "it",
                "url": "/api/v2/language/8/"
            },
            "version_group": {
                "name": "sword-shield",
                "url": "/api/v2/version-group/20/"
            }
        },
        {
            "flavor_text": "The Pok\u00e9mon can\u2019t use a move if it had used a move\non the previous turn.",
            "language": {
                "name": "en",
                "url": "/api/v2/language/9/"
            },
            "version_group": {
                "name": "sword-shield",
                "url": "/api/v2/version-group/20/"
            }
        },
        {
            "flavor_text": "\u6280\u3092\u3000\u51fa\u3059\u3068\n\u6b21\u306e\u3000\u30bf\u30fc\u30f3\u306f\u3000\u4f11\u3093\u3067\u3057\u307e\u3046\u3002",
            "language": {
                "name": "ja",
                "url": "/api/v2/language/11/"
            },
            "version_group": {
                "name": "sword-shield",
                "url": "/api/v2/version-group/20/"
            }
        },
        {
            "flavor_text": "\u5982\u679c\u4f7f\u51fa\u62db\u5f0f\uff0c\n\u4e0b\u4e00\u56de\u5408\u5c31\u4f1a\u4f11\u606f\u3002",
            "language": {
                "name": "zh-Hans",
                "url": "/api/v2/language/12/"
            },
            "version_group": {
                "name": "sword-shield",
                "url": "/api/v2/version-group/20/"
            }
        },
        {
            "flavor_text": "Lorsque le Pok\u00e9mon utilise une capacit\u00e9, il passe le tour suivant \u00e0 paresser.",
            "language": {
                "name": "fr",
                "url": "/api/v2/language/5/"
            },
            "version_group": {
                "name": "scarlet-violet",
                "url": "/api/v2/version-group/25/"
            }
        },
        {
            "flavor_text": "Each time the Pok\u00e9mon uses a move, it spends the next turn loafing around.",
            "language": {
                "name": "en",
                "url": "/api/v2/language/9/"
            },
            "version_group": {
                "name": "scarlet-violet",
                "url": "/api/v2/version-group/25/"
            }
        }
    ],
    "generation": {
        "name": "generation-iii",
        "url": "/api/v2/generation/3/"
    },
    "id": 54,
    "is_main_series": true,
    "name": "truant",
    "names": [
        {
            "language": {
                "name": "ja-Hrkt",
                "url": "/api/v2/language/1/"
            },
            "name": "\u306a\u307e\u3051"
        },
        {
            "language": {
                "name": "ko",
                "url": "/api/v2/language/3/"
            },
            "name": "\uac8c\uc73c\ub984"
        },
        {
            "language": {
                "name": "zh-Hant",
                "url": "/api/v2/language/4/"
            },
            "name": "\u61f6\u60f0"
        },
        {
            "language": {
                "name": "fr",
                "url": "/api/v2/language/5/"
            },
            "name": "Absent\u00e9isme"
        },
        {
            "language": {
                "name": "de",
                "url": "/api/v2/language/6/"
            },
            "name": "Schnarchnase"
        },
        {
            "language": {
                "name": "es",
                "url": "/api/v2/language/7/"
            },
            "name": "Ausente"
        },
        {
            "language": {
                "name": "it",
                "url": "/api/v2/language/8/"
            },
            "name": "Pigrone"
        },
        {
            "language": {
                "name": "en",
                "url": "/api/v2/language/9/"
            },
            "name": "Truant"
        },
        {
            "language": {
                "name": "ja",
                "url": "/api/v2/language/11/"
            },
            "name": "\u306a\u307e\u3051"
        },
        {
            "language": {
                "name": "zh-Hans",
                "url": "/api/v2/language/12/"
            },
            "name": "\u61d2\u60f0"
        }
    ],
    "pokemon": [
        {
            "is_hidden": false,
            "pokemon": {
                "name": "slakoth",
                "url": "/api/v2/pokemon/287/"
            },
            "slot": 1
        },
        {
            "is_hidden": false,
            "pokemon": {
                "name": "slaking",
                "url": "/api/v2/pokemon/289/"
            },
            "slot": 1
        },
        {
            "is_hidden": true,
            "pokemon": {
                "name": "durant",
                "url": "/api/v2/pokemon/632/"
            },
            "slot": 3
        }
    ]
}