{
    "effect_changes": [
        {
            "effect_entries": [
                {
                    "effect": "Hat im Kampf keinen Effekt.",
                    "language": {
                        "name": "de",
                        "url": "/api/v2/language/6/"
                    }
                },
                {
                    "effect": "Has no effect in battle.",
                    "language": {
                        "name": "en",
                        "url": "/api/v2/language/9/"
                    }
                }
            ],
            "version_group": {
                "name": "black-white",
                "url": "/api/v2/version-group/11/"
            }
        }
    ],
    "effect_entries": [
        {
            "effect": "Wenn ein Pok\u00e9mon mit dieser F\u00e4higkeit nicht bereits ein Item h\u00e4lt und ein anderes Pok\u00e9mon ein getragenes Item verbraucht oder wegschleudert, hebt es das Item am Ende der Runde auf. Nach jedem Kampf besteht eine 10% Chance, dass das Pok\u00e9mon ein Item aufhebt wenn es nicht bereits eines tr\u00e4gt.\n\nair balloon und eject button k\u00f6nnen nicht aufgehoben werden.\n\nDie gefundenen Items variieren je nach Spiel und, seit Smaragd, dem Level des Pok\u00e9mons mit dieser F\u00e4higkeit. Die F\u00e4higkeit wird \u00fcberpr\u00fcft wenn der Kampf endet und tempor\u00e4r erlangte F\u00e4higkeiten wieder weg sind.",
            "language": {
                "name": "de",
                "url": "/api/v2/language/6/"
            },
            "short_effect": "Hebt benutzte oder weggeschleuderte getragene Items von anderen Pok\u00e9mon auf. Kann nach dem Kampf ein Item aufheben."
        },
        {
            "effect": "At the end of each turn, if another Pok\u00e9mon consumed or Flung a held item that turn, this Pok\u00e9mon picks up the item if it is not already holding one.  After each battle, this Pok\u00e9mon has a 10% chance of picking up an item if it is not already holding one.\n\nThe air balloon and eject button cannot be picked up.\n\nThe items that may be found vary by game, and, since Pok\u00e9mon Emerald, by the Pok\u00e9mon's level.  This ability is checked after the battle ends, at which point any temporary ability changes have worn off.",
            "language": {
                "name": "en",
                "url": "/api/v2/language/9/"
            },
            "short_effect": "Picks up other Pok\u00e9mon's used and Flung held items.  May also pick up an item after battle."
        }
    ],
    "flavor_text_entries": [
        {
            "flavor_text": "May pick up items.",
            "language": {
                "name": "en",
                "url": "/api/v2/language/9/"
            },
            "version_group": {
                "name": "ruby-sapphire",
                "url": "/api/v2/version-group/5/"
            }
        },
        {
            "flavor_text": "May pick up items.",
            "language": {
                "name": "en",
                "url": "/api/v2/language/9/"
            },
            "version_group": {
                "name": "emerald",
                "url": "/api/v2/version-group/6/"
            }
        },
        {
            "flavor_text": "May pick up items.",
            "language": {
                "name": "en",
                "url": "/api/v2/language/9/"
            },
            "version_group": {
                "name": "firered-leafgreen",
                "url": "/api/v2/version-group/7/"
            }
        },
        {
            "flavor_text": "The Pok\u00e9mon may pick up\nitems.",
            "language": {
                "name": "en",
                "url": "/api/v2/language/9/"
            },
            "version_group": {
                "name": "diamond-pearl",
                "url": "/api/v2/version-group/8/"
            }
        },
        {
            "flavor_text": "The Pok\u00e9mon may pick up\nitems.",
            "language": {
                "name": "en",
                "url": "/api/v2/language/9/"
            },
            "version_group": {
                "name": "platinum",
                "url": "/api/v2/version-group/9/"
            }
        },
        {
            "flavor_text": "The Pok\u00e9mon may\npick up items.",
            "language": {
                "name": "en",
                "url": "/api/v2/language/9/"
            },
            "version_group": {
                "name": "heartgold-soulsilver",
                "url": "/api/v2/version-group/10/"
            }
        },
        {
            "flavor_text": "Permet parfois au Pok\u00e9mon\nde ramasser des objets.",
            "language": {
                "name": "fr",
                "url": "/api/v2/language/5/"
            },
            "version_group": {
                "name": "black-white",
                "url": "/api/v2/version-group/11/"
            }
        },
        {
            "flavor_text": "The Pok\u00e9mon may\npick up items.",
            "language": {
                "name": "en",
                "url": "/api/v2/language/9/"
            },
            "version_group": {
                "name": "black-white",
                "url": "/api/v2/version-group/11/"
            }
        },
        {
            "flavor_text": "The Pok\u00e9mon may\npick up items.",
            "language": {
                "name": "en",
                "url": "/api/v2/language/9/"
            },
            "version_group": {
                "name": "black-2-white-2",
                "url": "/api/v2/version-group/14/"
            }
        },
        {
            "flavor_text": "\u3069\u3046\u3050\u3092\u3000\u3072\u308d\u3063\u3066\u304f\u308b\n\u3053\u3068\u304c\u3000\u3042\u308b\u3002",
            "language": {
                "name": "ja-Hrkt",
                "url": "/api/v2/language/1/"
            },
            "version_group": {
                "name": "x-y",
                "url": "/api/v2/version-group/15/"
            }
        },
        {
            "flavor_text": "\ub3c4\uad6c\ub97c \uc8fc\uc6cc\uc62c\n\ub54c\uac00 \uc788\ub2e4.",
            "language": {
                "name": "ko",
                "url": "/api/v2/language/3/"
            },
            "version_group": {
                "name": "x-y",
                "url": "/api/v2/version-group/15/"
            }
        },
        {
            "flavor_text": "Permet parfois au Pok\u00e9mon de\nramasser des objets.",
            "language": {
                "name": "fr",
                "url": "/api/v2/language/5/"
            },
            "version_group": {
                "name": "x-y",
                "url": "/api/v2/version-group/15/"
            }
        },
        {
            "flavor_text": "Hebt gelegentlich Items auf.",
            "language": {
                "name": "de",
                "url": "/api/v2/language/6/"
            },
            "version_group": {
                "name": "x-y",
                "url": "/api/v2/version-group/15/"
            }
        },
        {
            "flavor_text": "El Pok\u00e9mon puede encontrar\nobjetos.",
            "language": {
                "name": "es",
                "url": "/api/v2/language/7/"
            },
            "version_group": {
                "name": "x-y",
                "url": "/api/v2/version-group/15/"
            }
        },
        {
            "flavor_text": "Aumenta la probabilit\u00e0 di trovare\nstrumenti.",
            "language": {
                "name": "it",
                "url": "/api/v2/language/8/"
            },
            "version_group": {
                "name": "x-y",
                "url": "/api/v2/version-group/15/"
            }
        },
        {
            "flavor_text": "The Pok\u00e9mon may\npick up items.",
            "language": {
                "name": "en",
                "url": "/api/v2/language/9/"
            },
            "version_group": {
                "name": "x-y",
                "url": "/api/v2/version-group/15/"
            }
        },
        {
            "flavor_text": "\u9053\u5177\u3092\u3000\u62fe\u3063\u3066\u304f\u308b\n\u3053\u3068\u304c\u3000\u3042\u308b\u3002",
            "language": {
                "name": "ja",
                "url": "/api/v2/language/11/"
            },
            "version_group": {
                "name": "x-y",
                "url": "/api/v2/version-group/15/"
            }
        },
        {
            "flavor_text": "\u3069\u3046\u3050\u3092\u3000\u3072\u308d\u3063\u3066\u304f\u308b\n\u3053\u3068\u304c\u3000\u3042\u308b\u3002",
            "language": {
                "name": "ja-Hrkt",
                "url": "/api/v2/language/1/"
            },
            "version_group": {
                "name": "omega-ruby-alpha-sapphire",
                "url": "/api/v2/version-group/16/"
            }
        },
        {
            "flavor_text": "\ub3c4\uad6c\ub97c \uc8fc\uc6cc\uc62c\n\ub54c\uac00 \uc788\ub2e4.",
            "language": {
                "name": "ko",
                "url": "/api/v2/language/3/"
            },
            "version_group": {
                "name": "omega-ruby-alpha-sapphire",
                "url": "/api/v2/version-group/16/"
            }
        },
        {
            "flavor_text": "Permet parfois au Pok\u00e9mon de\nramasser des objets.",
            "language": {
                "name": "fr",
                "url": "/api/v2/language/5/"
            },
            "version_group": {
                "name": "omega-ruby-alpha-sapphire",
                "url": "/api/v2/version-group/16/"
            }
        },
        {
            "flavor_text": "Hebt gelegentlich Items auf.",
            "language": {
                "name": "de",
                "url": "/api/v2/language/6/"
            },
            "version_group": {
                "name": "omega-ruby-alpha-sapphire",
                "url": "/api/v2/version-group/16/"
            }
        },
        {
            "flavor_text": "El Pok\u00e9mon puede encontrar\nobjetos.",
            "language": {
                "name": "es",
                "url": "/api/v2/language/7/"
            },
            "version_group": {
                "name": "omega-ruby-alpha-sapphire",
                "url": "/api/v2/version-group/16/"
            }
        },
        {
            "flavor_text": "Aumenta la probabilit\u00e0 di trovare\nstrumenti.",
            "language": {
                "name": "it",
                "url": "/api/v2/language/8/"
            },
            "version_group": {
                "name": "omega-ruby-alpha-sapphire",
                "url": "/api/v2/version-group/16/"
            }
        },
        {
            "flavor_text": "The Pok\u00e9mon may\npick up items.",
            "language": {
                "name": "en",
                "url": "/api/v2/language/9/"
            },
            "version_group": {
                "name": "omega-ruby-alpha-sapphire",
                "url": "/api/v2/version-group/16/"
            }
        },
        {
            "flavor_text": "\u9053\u5177\u3092\u3000\u62fe\u3063\u3066\u304f\u308b\n\u3053\u3068\u304c\u3000\u3042\u308b\u3002",
            "language": {
                "name": "ja",
                "url": "/api/v2/language/11/"
            },
            "version_group": {
                "name": "omega-ruby-alpha-sapphire",
                "url": "/api/v2/version-group/16/"
            }
        },
        {
            "flavor_text": "\u3042\u3044\u3066\u306e\u3000\u3064\u304b\u3063\u305f\u3000\u3069\u3046\u3050\u3092\n\u3072\u308d\u3063\u3066\u304f\u308b\u3053\u3068\u304c\u3000\u3042\u308b\u3002\n\u307c\u3046\u3051\u3093\u3061\u3085\u3046\u3082\u3000\u3072\u308d\u3063\u3066\u304f\u308b\u3002",
            "language": {
                "name": "ja-Hrkt",
                "url": "/api/v2/language/1/"
            },
            "version_group": {
                "name": "sun-moon",
                "url": "/api/v2/version-group/17/"
            }
        },
        {
            "flavor_text": "\uc0c1\ub300\uac00 \uc0ac\uc6a9\ud55c \ub3c4\uad6c\ub97c\n\uc8fc\uc6cc\uc62c \ub54c\uac00 \uc788\ub2e4.\n\ubaa8\ud5d8 \uc911\uc5d0\ub3c4 \uc8fc\uc6cc\uc628\ub2e4.",
            "language": {
                "name": "ko",
                "url": "/api/v2/language/3/"
            },
            "version_group": {
                "name": "sun-moon",
                "url": "/api/v2/version-group/17/"
            }
        },
        {
            "flavor_text": "\u6709\u6642\u6703\u64bf\u4f86\u5c0d\u624b\u7528\u904e\u7684\u9053\u5177\u3002\n\u5192\u96aa\u904e\u7a0b\u4e2d\u4e5f\u6703\u64bf\u4f86\u3002",
            "language": {
                "name": "zh-Hant",
                "url": "/api/v2/language/4/"
            },
            "version_group": {
                "name": "sun-moon",
                "url": "/api/v2/version-group/17/"
            }
        },
        {
            "flavor_text": "Permet parfois au Pok\u00e9mon de ramasser les objets\nque ses ennemis ont utilis\u00e9s. Il lui arrive aussi d\u2019en\ntrouver hors des combats.",
            "language": {
                "name": "fr",
                "url": "/api/v2/language/5/"
            },
            "version_group": {
                "name": "sun-moon",
                "url": "/api/v2/version-group/17/"
            }
        },
        {
            "flavor_text": "Hebt gelegentlich von Gegnern benutzte Items auf.\nDies geschieht nicht nur w\u00e4hrend K\u00e4mpfen, sondern\nauch unterwegs.",
            "language": {
                "name": "de",
                "url": "/api/v2/language/6/"
            },
            "version_group": {
                "name": "sun-moon",
                "url": "/api/v2/version-group/17/"
            }
        },
        {
            "flavor_text": "El Pok\u00e9mon puede recoger objetos que el rival haya\nusado, o bien otros que encuentre en plena aventura.",
            "language": {
                "name": "es",
                "url": "/api/v2/language/7/"
            },
            "version_group": {
                "name": "sun-moon",
                "url": "/api/v2/version-group/17/"
            }
        },
        {
            "flavor_text": "Il Pok\u00e9mon a volte trova lo strumento usato da\nun nemico durante la lotta. Permette di trovare\ndegli strumenti anche durante l\u2019avventura.",
            "language": {
                "name": "it",
                "url": "/api/v2/language/8/"
            },
            "version_group": {
                "name": "sun-moon",
                "url": "/api/v2/version-group/17/"
            }
        },
        {
            "flavor_text": "The Pok\u00e9mon may pick up the item an opposing\nPok\u00e9mon used during a battle. It may pick up items\noutside of battle, too.",
            "language": {
                "name": "en",
                "url": "/api/v2/language/9/"
            },
            "version_group": {
                "name": "sun-moon",
                "url": "/api/v2/version-group/17/"
            }
        },
        {
            "flavor_text": "\u76f8\u624b\u306e\u3000\u4f7f\u3063\u305f\u3000\u9053\u5177\u3092\n\u62fe\u3063\u3066\u304f\u308b\u3053\u3068\u304c\u3000\u3042\u308b\u3002\n\u5192\u967a\u4e2d\u3082\u3000\u62fe\u3063\u3066\u304f\u308b\u3002",
            "language": {
                "name": "ja",
                "url": "/api/v2/language/11/"
            },
            "version_group": {
                "name": "sun-moon",
                "url": "/api/v2/version-group/17/"
            }
        },
        {
            "flavor_text": "\u6709\u65f6\u4f1a\u6361\u6765\u5bf9\u624b\u7528\u8fc7\u7684\u9053\u5177\uff0c\n\u5192\u9669\u8fc7\u7a0b\u4e2d\u4e5f\u4f1a\u6361\u5230\u3002",
            "language": {
                "name": "zh-Hans",
                "url": "/api/v2/language/12/"
            },
            "version_group": {
                "name": "sun-moon",
                "url": "/api/v2/version-group/17/"
            }
        },
        {
            "flavor_text": "\u3042\u3044\u3066\u306e\u3000\u3064\u304b\u3063\u305f\u3000\u3069\u3046\u3050\u3092\n\u3072\u308d\u3063\u3066\u304f\u308b\u3053\u3068\u304c\u3000\u3042\u308b\u3002\n\u307c\u3046\u3051\u3093\u3061\u3085\u3046\u3082\u3000\u3072\u308d\u3063\u3066\u304f\u308b\u3002",
            "language": {
                "name": "ja-Hrkt",
                "url": "/api/v2/language/1/"
            },
            "version_group": {
                "name": "ultra-sun-ultra-moon",
                "url": "/api/v2/version-group/18/"
            }
        },
        {
            "flavor_text": "\uc0c1\ub300\uac00 \uc0ac\uc6a9\ud55c \ub3c4\uad6c\ub97c\n\uc8fc\uc6cc\uc62c \ub54c\uac00 \uc788\ub2e4.\n\ubaa8\ud5d8 \uc911\uc5d0\ub3c4 \uc8fc\uc6cc\uc628\ub2e4.",
            "language": {
                "name": "ko",
                "url": "/api/v2/language/3/"
            },
            "version_group": {
                "name": "ultra-sun-ultra-moon",
                "url": "/api/v2/version-group/18/"
            }
        },
        {
            "flavor_text": "\u6709\u6642\u6703\u64bf\u4f86\u5c0d\u624b\u7528\u904e\u7684\u9053\u5177\u3002\n\u5192\u96aa\u904e\u7a0b\u4e2d\u4e5f\u6703\u64bf\u4f86\u3002",
            "language": {
                "name": "zh-Hant",
                "url": "/api/v2/language/4/"
            },
            "version_group": {
                "name": "ultra-sun-ultra-moon",
                "url": "/api/v2/version-group/18/"
            }
        },
        {
            "flavor_text": "Permet parfois au Pok\u00e9mon de ramasser les objets\nque ses ennemis ont utilis\u00e9s. Il lui arrive aussi d\u2019en\ntrouver hors des combats.",
            "language": {
                "name": "fr",
                "url": "/api/v2/language/5/"
            },
            "version_group": {
                "name": "ultra-sun-ultra-moon",
                "url": "/api/v2/version-group/18/"
            }
        },
        {
            "flavor_text": "Hebt gelegentlich von Gegnern benutzte Items auf.\nDies geschieht nicht nur w\u00e4hrend K\u00e4mpfen, sondern\nauch unterwegs.",
            "language": {
                "name": "de",
                "url": "/api/v2/language/6/"
            },
            "version_group": {
                "name": "ultra-sun-ultra-moon",
                "url": "/api/v2/version-group/18/"
            }
        },
        {
            "flavor_text": "El Pok\u00e9mon puede recoger objetos que el rival haya\nusado, o bien otros que encuentre en plena aventura.",
            "language": {
                "name": "es",
                "url": "/api/v2/language/7/"
            },
            "version_group": {
                "name": "ultra-sun-ultra-moon",
                "url": "/api/v2/version-group/18/"
            }
        },
        {
            "flavor_text": "Il Pok\u00e9mon a volte trova lo strumento usato da\nun nemico durante la lotta. Permette di trovare\ndegli strumenti anche durante l\u2019avventura.",
            "language": {
                "name": "it",
                "url": "/api/v2/language/8/"
            },
            "version_group": {
                "name": "ultra-sun-ultra-moon",
                "url": "/api/v2/version-group/18/"
            }
        },
        {
            "flavor_text": "The Pok\u00e9mon may pick up the item an opposing\nPok\u00e9mon used during a battle. It may pick up items\noutside of battle, too.",
            "language": {
                "name": "en",
                "url": "/api/v2/language/9/"
            },
            "version_group": {
                "name": "ultra-sun-ultra-moon",
                "url": "/api/v2/version-group/18/"
            }
        },
        {
            "flavor_text": "\u76f8\u624b\u306e\u3000\u4f7f\u3063\u305f\u3000\u9053\u5177\u3092\n\u62fe\u3063\u3066\u304f\u308b\u3053\u3068\u304c\u3000\u3042\u308b\u3002\n\u5192\u967a\u4e2d\u3082\u3000\u62fe\u3063\u3066\u304f\u308b\u3002",
            "language": {
                "name": "ja",
                "url": "/api/v2/language/11/"
            },
            "version_group": {
                "name": "ultra-sun-ultra-moon",
                "url": "/api/v2/version-group/18/"
            }
        },
        {
            "flavor_text": "\u6709\u65f6\u4f1a\u6361\u6765\u5bf9\u624b\u7528\u8fc7\u7684\u9053\u5177\uff0c\n\u5192\u9669\u8fc7\u7a0b\u4e2d\u4e5f\u4f1a\u6361\u5230\u3002",
            "language": {
                "name": "zh-Hans",
                "url": "/api/v2/language/12/"
            },
            "version_group": {
                "name": "ultra-sun-ultra-moon",
                "url": "/api/v2/version-group/18/"
            }
        },
        {
            "flavor_text": "\u3042\u3044\u3066\u306e\u3000\u3064\u304b\u3063\u305f\u3000\u3069\u3046\u3050\u3092\n\u3072\u308d\u3063\u3066\u304f\u308b\u3053\u3068\u304c\u3000\u3042\u308b\u3002\n\u307c\u3046\u3051\u3093\u3061\u3085\u3046\u3082\u3000\u3072\u308d\u3063\u3066\u304f\u308b\u3002",
            "language": {
                "name": "ja-Hrkt",
                "url": "/api/v2/language/1/"
            },
            "version_group": {
                "name": "lets-go-pikachu-lets-go-eevee",
                "url": "/api/v2/version-group/19/"
            }
        },
        {
            "flavor_text": "\uc0c1\ub300\uac00 \uc0ac\uc6a9\ud55c \ub3c4\uad6c\ub97c\n\uc8fc\uc6cc\uc62c \ub54c\uac00 \uc788\ub2e4.\n\ubaa8\ud5d8 \uc911\uc5d0\ub3c4 \uc8fc\uc6cc\uc628\ub2e4.",
            "language": {
                "name": "ko",
                "url": "/api/v2/language/3/"
            },
            "version_group": {
                "name": "lets-go-pikachu-lets-go-eevee",
                "url": "/api/v2/version-group/19/"
            }
        },
        {
            "flavor_text": "\u6709\u6642\u6703\u64bf\u4f86\u5c0d\u624b\u7528\u904e\u7684\u9053\u5177\u3002\n\u5192\u96aa\u904e\u7a0b\u4e2d\u4e5f\u6703\u64bf\u4f86\u3002",
            "language": {
                "name": "zh-Hant",
                "url": "/api/v2/language/4/"
            },
            "version_group": {
                "name": "lets-go-pikachu-lets-go-eevee",
                "url": "/api/v2/version-group/19/"
            }
        },
        {
            "flavor_text": "Permet parfois au Pok\u00e9mon de ramasser les objets\nque ses ennemis ont utilis\u00e9s. Il lui arrive aussi d\u2019en\ntrouver hors des combats.",
            "language": {
                "name": "fr",
                "url": "/api/v2/language/5/"
            },
            "version_group": {
                "name": "lets-go-pikachu-lets-go-eevee",
                "url": "/api/v2/version-group/19/"
            }
        },
        {
            "flavor_text": "Hebt gelegentlich von Gegnern benutzte Items auf.\nDies geschieht nicht nur w\u00e4hrend K\u00e4mpfen, sondern\nauch unterwegs.",
            "language": {
                "name": "de",
                "url": "/api/v2/language/6/"
            },
            "version_group": {
                "name": "lets-go-pikachu-lets-go-eevee",
                "url": "/api/v2/version-group/19/"
            }
        },
        {
            "flavor_text": "El Pok\u00e9mon puede recoger objetos que el rival haya\nusado, o bien otros que encuentre en plena aventura.",
            "language": {
                "name": "es",
                "url": "/api/v2/language/7/"
            },
            "version_group": {
                "name": "lets-go-pikachu-lets-go-eevee",
                "url": "/api/v2/version-group/19/"
            }
        },
        {
            "flavor_text": "Il Pok\u00e9mon a volte trova lo strumento usato da\nun nemico durante la lotta. Permette di trovare\ndegli strumenti anche durante l\u2019avventura.",
            "language": {
                "name": "it",
                "url": "/api/v2/language/8/"
            },
            "version_group": {
                "name": "lets-go-pikachu-lets-go-eevee",
                "url": "/api/v2/version-group/19/"
            }
        },
        {
            "flavor_text": "The Pok\u00e9mon may pick up the item an opposing\nPok\u00e9mon used during a battle. It may pick up items\noutside of battle, too.",
            "language": {
                "name": "en",
                "url": "/api/v2/language/9/"
            },
            "version_group": {
                "name": "lets-go-pikachu-lets-go-eevee",
                "url": "/api/v2/version-group/19/"
            }
        },
        {
            "flavor_text": "\u76f8\u624b\u306e\u3000\u4f7f\u3063\u305f\u3000\u9053\u5177\u3092\n\u62fe\u3063\u3066\u304f\u308b\u3053\u3068\u304c\u3000\u3042\u308b\u3002\n\u5192\u967a\u4e2d\u3082\u3000\u62fe\u3063\u3066\u304f\u308b\u3002",
            "language": {
                "name": "ja",
                "url": "/api/v2/language/11/"
            },
            "version_group": {
                "name": "lets-go-pikachu-lets-go-eevee",
                "url": "/api/v2/version-group/19/"
            }
        },
        {
            "flavor_text": "\u6709\u65f6\u4f1a\u6361\u6765\u5bf9\u624b\u7528\u8fc7\u7684\u9053\u5177\uff0c\n\u5192\u9669\u8fc7\u7a0b\u4e2d\u4e5f\u4f1a\u6361\u5230\u3002",
            "language": {
                "name": "zh-Hans",
                "url": "/api/v2/language/12/"
            },
            "version_group": {
                "name": "lets-go-pikachu-lets-go-eevee",
                "url": "/api/v2/version-group/19/"
            }
        },
        {
            "flavor_text": "\u3042\u3044\u3066\u306e\u3000\u3064\u304b\u3063\u305f\u3000\u3069\u3046\u3050\u3092\n\u3072\u308d\u3063\u3066\u304f\u308b\u3053\u3068\u304c\u3000\u3042\u308b\u3002\n\u307c\u3046\u3051\u3093\u3061\u3085\u3046\u3082\u3000\u3072\u308d\u3063\u3066\u304f\u308b\u3002",
            "language": {
                "name": "ja-Hrkt",
                "url": "/api/v2/language/1/"
            },
            "version_group": {
                "name": "sword-shield",
                "url": "/api/v2/version-group/20/"
            }
        },
        {
            "flavor_text": "\uc0c1\ub300\uac00 \uc0ac\uc6a9\ud55c \ub3c4\uad6c\ub97c\n\uc8fc\uc6cc\uc62c \ub54c\uac00 \uc788\ub2e4.\n\ubaa8\ud5d8 \uc911\uc5d0\ub3c4 \uc8fc\uc6cc\uc628\ub2e4.",
            "language": {
                "name": "ko",
                "url": "/api/v2/language/3/"
            },
            "version_group": {
                "name": "sword-shield",
                "url": "/api/v2/version-group/20/"
            }
        },
        {
            "flavor_text": "\u6709\u6642\u6703\u64bf\u4f86\u5c0d\u624b\u7528\u904e\u7684\u9053\u5177\u3002\n\u5192\u96aa\u904e\u7a0b\u4e2d\u4e5f\u6703\u64bf\u4f86\u3002",
            "language": {
                "name": "zh-Hant",
                "url": "/api/v2/language/4/"
            },
            "version_group": {
                "name": "sword-shield",
                "url": "/api/v2/version-group/20/"
            }
        },
        {
            "flavor_text": "Permet parfois au Pok\u00e9mon de ramasser les objets\nque ses ennemis ont utilis\u00e9s. Il lui arrive aussi\nd\u2019en trouver hors des combats.",
            "language": {
                "name": "fr",
                "url": "/api/v2/language/5/"
            },
            "version_group": {
                "name": "sword-shield",
                "url": "/api/v2/version-group/20/"
            }
        },
        {
            "flavor_text": "Hebt gelegentlich von Gegnern benutzte Items auf.\nDies geschieht nicht nur w\u00e4hrend K\u00e4mpfen, sondern\nauch unterwegs.",
            "language": {
                "name": "de",
                "url": "/api/v2/language/6/"
            },
            "version_group": {
                "name": "sword-shield",
                "url": "/api/v2/version-group/20/"
            }
        },
        {
            "flavor_text": "Puede recoger objetos que el rival haya usado, o bien\notros que encuentre en plena aventura.",
            "language": {
                "name": "es",
                "url": "/api/v2/language/7/"
            },
            "version_group": {
                "name": "sword-shield",
                "url": "/api/v2/version-group/20/"
            }
        },
        {
            "flavor_text": "Il Pok\u00e9mon pu\u00f2 raccogliere lo strumento usato da\nun nemico durante la lotta. A volte potrebbe\nraccogliere strumenti anche fuori dalla lotta.",
            "language": {
                "name": "it",
                "url": "/api/v2/language/8/"
            },
            "version_group": {
                "name": "sword-shield",
                "url": "/api/v2/version-group/20/"
            }
        },
        {
            "flavor_text": "The Pok\u00e9mon may pick up the item an opposing\nPok\u00e9mon used during a battle. It may pick up items\noutside of battle, too.",
            "language": {
                "name": "en",
                "url": "/api/v2/language/9/"
            },
            "version_group": {
                "name": "sword-shield",
                "url": "/api/v2/version-group/20/"
            }
        },
        {
            "flavor_text": "\u76f8\u624b\u306e\u3000\u4f7f\u3063\u305f\u3000\u9053\u5177\u3092\n\u62fe\u3063\u3066\u304f\u308b\u3053\u3068\u304c\u3000\u3042\u308b\u3002\n\u5192\u967a\u4e2d\u3082\u3000\u62fe\u3063\u3066\u304f\u308b\u3002",
            "language": {
                "name": "ja",
                "url": "/api/v2/language/11/"
            },
            "version_group": {
                "name": "sword-shield",
                "url": "/api/v2/version-group/20/"
            }
        },
        {
            "flavor_text": "\u6709\u65f6\u4f1a\u6361\u6765\u5bf9\u624b\u7528\u8fc7\u7684\u9053\u5177\uff0c\n\u5192\u9669\u8fc7\u7a0b\u4e2d\u4e5f\u4f1a\u6361\u5230\u3002",
            "language": {
                "name": "zh-Hans",
                "url": "/api/v2/language/12/"
            },
            "version_group": {
                "name": "sword-shield",
                "url": "/api/v2/version-group/20/"
            }
        },
        {
            "flavor_text": "Permet parfois au Pok\u00e9mon de ramasser les objets\\nque d\u2019autres Pok\u00e9mon ont utilis\u00e9s. Il lui arrive aussi\\nd\u2019en trouver hors des combats.",
            "language": {
                "name": "fr",
                "url": "/api/v2/language/5/"
            },
            "version_group": {
                "name": "scarlet-violet",
                "url": "/api/v2/version-group/25/"
            }
        },
        {
            "flavor_text": "The Pok\u00e9mon may pick up an item another Pok\u00e9mon used during a battle. It may pick up items outside of battle, too.",
            "language": {
                "name": "en",
                "url": "/api/v2/language/9/"
            },
            "version_group": {
                "name": "scarlet-violet",
                "url": "/api/v2/version-group/25/"
            }
        }
    ],
    "generation": {
        "name": "generation-iii",
        "url": "/api/v2/generation/3/"
    },
    "id": 53,
    "is_main_series": true,
    "name": "pickup",
    "names": [
        {
            "language": {
                "name": "ja-Hrkt",
                "url": "/api/v2/language/1/"
            },
            "name": "\u3082\u306e\u3072\u308d\u3044"
        },
        {
            "language": {
                "name": "ko",
                "url": "/api/v2/language/3/"
            },
            "name": "\ud53d\uc5c5"
        },
        {
            "language": {
                "name": "zh-Hant",
                "url": "/api/v2/language/4/"
            },
            "name": "\u64bf\u62fe"
        },
        {
            "language": {
                "name": "fr",
                "url": "/api/v2/language/5/"
            },
            "name": "Ramassage"
        },
        {
            "language": {
                "name": "de",
                "url": "/api/v2/language/6/"
            },
            "name": "Mitnahme"
        },
        {
            "language": {
                "name": "es",
                "url": "/api/v2/language/7/"
            },
            "name": "Recogida"
        },
        {
            "language": {
                "name": "it",
                "url": "/api/v2/language/8/"
            },
            "name": "Raccolta"
        },
        {
            "language": {
                "name": "en",
                "url": "/api/v2/language/9/"
            },
            "name": "Pickup"
        },
        {
            "language": {
                "name": "ja",
                "url": "/api/v2/language/11/"
            },
            "name": "\u3082\u306e\u3072\u308d\u3044"
        },
        {
            "language": {
                "name": "zh-Hans",
                "url": "/api/v2/language/12/"
            },
            "name": "\u6361\u62fe"
        }
    ],
    "pokemon": [
        {
            "is_hidden": false,
            "pokemon": {
                "name": "meowth",
                "url": "/api/v2/pokemon/52/"
            },
            "slot": 1
        },
        {
            "is_hidden": false,
            "pokemon": {
                "name": "aipom",
                "url": "/api/v2/pokemon/190/"
            },
            "slot": 2
        },
        {
            "is_hidden": false,
            "pokemon": {
                "name": "teddiursa",
                "url": "/api/v2/pokemon/216/"
            },
            "slot": 1
        },
        {
            "is_hidden": false,
            "pokemon": {
                "name": "phanpy",
                "url": "/api/v2/pokemon/231/"
            },
            "slot": 1
        },
        {
            "is_hidden": false,
            "pokemon": {
                "name": "zigzagoon",
                "url": "/api/v2/pokemon/263/"
            },
            "slot": 1
        },
        {
            "is_hidden": false,
            "pokemon": {
                "name": "linoone",
                "url": "/api/v2/pokemon/264/"
            },
            "slot": 1
        },
        {
            "is_hidden": false,
            "pokemon": {
                "name": "pachirisu",
                "url": "/api/v2/pokemon/417/"
            },
            "slot": 2
        },
        {
            "is_hidden": false,
            "pokemon": {
                "name": "ambipom",
                "url": "/api/v2/pokemon/424/"
            },
            "slot": 2
        },
        {
            "is_hidden": false,
            "pokemon": {
                "name": "munchlax",
                "url": "/api/v2/pokemon/446/"
            },
            "slot": 1
        },
        {
            "is_hidden": false,
            "pokemon": {
                "name": "lillipup",
                "url": "/api/v2/pokemon/506/"
            },
            "slot": 2
        },
        {
            "is_hidden": false,
            "pokemon": {
                "name": "bunnelby",
                "url": "/api/v2/pokemon/659/"
            },
            "slot": 1
        },
        {
            "is_hidden": false,
            "pokemon": {
                "name": "diggersby",
                "url": "/api/v2/pokemon/660/"
            },
            "slot": 1
        },
        {
            "is_hidden": false,
            "pokemon": {
                "name": "dedenne",
                "url": "/api/v2/pokemon/702/"
            },
            "slot": 2
        },
        {
            "is_hidden": false,
            "pokemon": {
                "name": "pumpkaboo-average",
                "url": "/api/v2/pokemon/710/"
            },
            "slot": 1
        },
        {
            "is_hidden": false,
            "pokemon": {
                "name": "gourgeist-average",
                "url": "/api/v2/pokemon/711/"
            },
            "slot": 1
        },
        {
            "is_hidden": true,
            "pokemon": {
                "name": "pikipek",
                "url": "/api/v2/pokemon/731/"
            },
            "slot": 3
        },
        {
            "is_hidden": true,
            "pokemon": {
                "name": "trumbeak",
                "url": "/api/v2/pokemon/732/"
            },
            "slot": 3
        },
        {
            "is_hidden": false,
            "pokemon": {
                "name": "tandemaus",
                "url": "/api/v2/pokemon/924/"
            },
            "slot": 2
        },
        {
            "is_hidden": false,
            "pokemon": {
                "name": "greavard",
                "url": "/api/v2/pokemon/971/"
            },
            "slot": 1
        },
        {
            "is_hidden": false,
            "pokemon": {
                "name": "pumpkaboo-small",
                "url": "/api/v2/pokemon/10027/"
            },
            "slot": 1
        },
        {
            "is_hidden": false,
            "pokemon": {
                "name": "pumpkaboo-large",
                "url": "/api/v2/pokemon/10028/"
            },
            "slot": 1
        },
        {
            "is_hidden": false,
            "pokemon": {
                "name": "pumpkaboo-super",
                "url": "/api/v2/pokemon/10029/"
            },
            "slot": 1
        },
        {
            "is_hidden": false,
            "pokemon": {
                "name": "gourgeist-small",
                "url": "/api/v2/pokemon/10030/"
            },
            "slot": 1
        },
        {
            "is_hidden": false,
            "pokemon": {
                "name": "gourgeist-large",
                "url": "/api/v2/pokemon/10031/"
            },
            "slot": 1
        },
        {
            "is_hidden": false,
            "pokemon": {
                "name": "gourgeist-super",
                "url": "/api/v2/pokemon/10032/"
            },
            "slot": 1
        },
        {
            "is_hidden": false,
            "pokemon": {
                "name": "meowth-alola",
                "url": "/api/v2/pokemon/10107/"
            },
            "slot": 1
        },
        {
            "is_hidden": false,
            "pokemon": {
                "name": "meowth-galar",
                "url": "/api/v2/pokemon/10161/"
            },
            "slot": 1
        },
        {
            "is_hidden": false,
            "pokemon": {
                "name": "zigzagoon-galar",
                "url": "/api/v2/pokemon/10174/"
            },
            "slot": 1
        },
        {
            "is_hidden": false,
            "pokemon": {
                "name": "linoone-galar",
                "url": "/api/v2/pokemon/10175/"
            },
            "slot": 1
        },
        {
            "is_hidden": false,
            "pokemon": {
                "name": "meowth-gmax",
                "url": "/api/v2/pokemon/10200/"
            },
            "slot": 1
        }
    ]
}