{
    "effect_changes": [
        {
            "effect_entries": [
                {
                    "effect": "Hat au\u00dferhalb vom Kampf keinen Effekt.",
                    "language": {
                        "name": "de",
                        "url": "/api/v2/language/6/"
                    }
                },
                {
                    "effect": "Has no overworld effect.",
                    "language": {
                        "name": "en",
                        "url": "/api/v2/language/9/"
                    }
                }
            ],
            "version_group": {
                "name": "emerald",
                "url": "/api/v2/version-group/6/"
            }
        },
        {
            "effect_entries": [
                {
                    "effect": "Hat keinen Effekt, wenn die F\u00e4higkeit nach Kampfbeginn erlangt wurde.",
                    "language": {
                        "name": "de",
                        "url": "/api/v2/language/6/"
                    }
                },
                {
                    "effect": "Does not take effect if acquired after entering battle.",
                    "language": {
                        "name": "en",
                        "url": "/api/v2/language/9/"
                    }
                }
            ],
            "version_group": {
                "name": "diamond-pearl",
                "url": "/api/v2/version-group/8/"
            }
        }
    ],
    "effect_entries": [
        {
            "effect": "Wenn ein Pok\u00e9mon mit dieser F\u00e4higkeit den Kampf betritt, wird der attack des Gegners um 1 Stufe gesenkt. Im Mehrfachk\u00e4mpfen werden alle Gegner beeinflusst.\n\nDiese F\u00e4higkeit l\u00f6st auch aus, wenn sie im Kampf erlangt wurde, aber nicht, wenn sie verloren und zur\u00fcckerlangt wurde.\n\nDie F\u00e4higkeit hat keinen Einfluss auf Gegner mit einem substitute.\n\nAu\u00dferhalb vom Kampf: Wenn das erste Pok\u00e9mon im Team diese F\u00e4higkeit hat, dann hat jede Begegnung mit einem Pok\u00e9mon das 5 oder mehr Level niedriger ist, eine Chance von 50% \u00fcbersprungen zu werden.",
            "language": {
                "name": "de",
                "url": "/api/v2/language/6/"
            },
            "short_effect": "Senkt den attack des Gegners um 1 Stufe beim Betreten des Kampfes."
        },
        {
            "effect": "When this Pok\u00e9mon enters battle, the opponent's Attack is lowered by one stage.  In a double battle, both opponents are affected.\n\nThis ability also takes effect when acquired during a battle, but will not take effect again if lost and reobtained without leaving battle.\n\nThis ability has no effect on an opponent that has a substitute.\n\nOverworld: If the first Pok\u00e9mon in the party has this ability, any random encounter with a Pok\u00e9mon five or more levels lower than it has a 50% chance of being skipped.",
            "language": {
                "name": "en",
                "url": "/api/v2/language/9/"
            },
            "short_effect": "Lowers opponents' Attack one stage upon entering battle."
        }
    ],
    "flavor_text_entries": [
        {
            "flavor_text": "Baisse l'ATTAQUE ennemie.",
            "language": {
                "name": "fr",
                "url": "/api/v2/language/5/"
            },
            "version_group": {
                "name": "ruby-sapphire",
                "url": "/api/v2/version-group/5/"
            }
        },
        {
            "flavor_text": "Lowers the foe\u2019s ATTACK.",
            "language": {
                "name": "en",
                "url": "/api/v2/language/9/"
            },
            "version_group": {
                "name": "ruby-sapphire",
                "url": "/api/v2/version-group/5/"
            }
        },
        {
            "flavor_text": "Baisse l'ATTAQUE ennemie.",
            "language": {
                "name": "fr",
                "url": "/api/v2/language/5/"
            },
            "version_group": {
                "name": "emerald",
                "url": "/api/v2/version-group/6/"
            }
        },
        {
            "flavor_text": "Lowers the foe\u2019s ATTACK.",
            "language": {
                "name": "en",
                "url": "/api/v2/language/9/"
            },
            "version_group": {
                "name": "emerald",
                "url": "/api/v2/version-group/6/"
            }
        },
        {
            "flavor_text": "Baisse l'ATTAQUE ennemie.",
            "language": {
                "name": "fr",
                "url": "/api/v2/language/5/"
            },
            "version_group": {
                "name": "firered-leafgreen",
                "url": "/api/v2/version-group/7/"
            }
        },
        {
            "flavor_text": "Lowers the foe\u2019s ATTACK.",
            "language": {
                "name": "en",
                "url": "/api/v2/language/9/"
            },
            "version_group": {
                "name": "firered-leafgreen",
                "url": "/api/v2/version-group/7/"
            }
        },
        {
            "flavor_text": "Baisse l'Attaque ennemie.",
            "language": {
                "name": "fr",
                "url": "/api/v2/language/5/"
            },
            "version_group": {
                "name": "diamond-pearl",
                "url": "/api/v2/version-group/8/"
            }
        },
        {
            "flavor_text": "Lowers the foe\u2019s Attack\nstat.",
            "language": {
                "name": "en",
                "url": "/api/v2/language/9/"
            },
            "version_group": {
                "name": "diamond-pearl",
                "url": "/api/v2/version-group/8/"
            }
        },
        {
            "flavor_text": "Baisse l'Attaque ennemie.",
            "language": {
                "name": "fr",
                "url": "/api/v2/language/5/"
            },
            "version_group": {
                "name": "platinum",
                "url": "/api/v2/version-group/9/"
            }
        },
        {
            "flavor_text": "Lowers the foe\u2019s Attack\nstat.",
            "language": {
                "name": "en",
                "url": "/api/v2/language/9/"
            },
            "version_group": {
                "name": "platinum",
                "url": "/api/v2/version-group/9/"
            }
        },
        {
            "flavor_text": "Baisse l'Attaque ennemie.",
            "language": {
                "name": "fr",
                "url": "/api/v2/language/5/"
            },
            "version_group": {
                "name": "heartgold-soulsilver",
                "url": "/api/v2/version-group/10/"
            }
        },
        {
            "flavor_text": "Lowers the foe\u2019s\nAttack stat.",
            "language": {
                "name": "en",
                "url": "/api/v2/language/9/"
            },
            "version_group": {
                "name": "heartgold-soulsilver",
                "url": "/api/v2/version-group/10/"
            }
        },
        {
            "flavor_text": "Baisse l'Attaque ennemie.",
            "language": {
                "name": "fr",
                "url": "/api/v2/language/5/"
            },
            "version_group": {
                "name": "black-white",
                "url": "/api/v2/version-group/11/"
            }
        },
        {
            "flavor_text": "Baisse l\u2019Attaque ennemie.",
            "language": {
                "name": "fr",
                "url": "/api/v2/language/5/"
            },
            "version_group": {
                "name": "black-white",
                "url": "/api/v2/version-group/11/"
            }
        },
        {
            "flavor_text": "Lowers the foe\u2019s\nAttack stat.",
            "language": {
                "name": "en",
                "url": "/api/v2/language/9/"
            },
            "version_group": {
                "name": "black-white",
                "url": "/api/v2/version-group/11/"
            }
        },
        {
            "flavor_text": "Baisse l'Attaque ennemie.",
            "language": {
                "name": "fr",
                "url": "/api/v2/language/5/"
            },
            "version_group": {
                "name": "xd",
                "url": "/api/v2/version-group/13/"
            }
        },
        {
            "flavor_text": "Baisse l'Attaque ennemie.",
            "language": {
                "name": "fr",
                "url": "/api/v2/language/5/"
            },
            "version_group": {
                "name": "black-2-white-2",
                "url": "/api/v2/version-group/14/"
            }
        },
        {
            "flavor_text": "Lowers the foe\u2019s\nAttack stat.",
            "language": {
                "name": "en",
                "url": "/api/v2/language/9/"
            },
            "version_group": {
                "name": "black-2-white-2",
                "url": "/api/v2/version-group/14/"
            }
        },
        {
            "flavor_text": "\u3042\u3044\u3066\u306e\u3000\u3053\u3046\u3052\u304d\u3092\n\u3055\u3052\u308b\u3002",
            "language": {
                "name": "ja-Hrkt",
                "url": "/api/v2/language/1/"
            },
            "version_group": {
                "name": "x-y",
                "url": "/api/v2/version-group/15/"
            }
        },
        {
            "flavor_text": "\uc0c1\ub300\uc758 \uacf5\uaca9\uc744\n\ub5a8\uc5b4\ub728\ub9b0\ub2e4.",
            "language": {
                "name": "ko",
                "url": "/api/v2/language/3/"
            },
            "version_group": {
                "name": "x-y",
                "url": "/api/v2/version-group/15/"
            }
        },
        {
            "flavor_text": "Le Pok\u00e9mon rugit lorsqu'il arrive au combat, ce qui intimide l'ennemi et baisse son Attaque.",
            "language": {
                "name": "fr",
                "url": "/api/v2/language/5/"
            },
            "version_group": {
                "name": "x-y",
                "url": "/api/v2/version-group/15/"
            }
        },
        {
            "flavor_text": "Baisse l\u2019Attaque ennemie.",
            "language": {
                "name": "fr",
                "url": "/api/v2/language/5/"
            },
            "version_group": {
                "name": "x-y",
                "url": "/api/v2/version-group/15/"
            }
        },
        {
            "flavor_text": "Senkt Angriff des Gegners.",
            "language": {
                "name": "de",
                "url": "/api/v2/language/6/"
            },
            "version_group": {
                "name": "x-y",
                "url": "/api/v2/version-group/15/"
            }
        },
        {
            "flavor_text": "Baja el Ataque del rival.",
            "language": {
                "name": "es",
                "url": "/api/v2/language/7/"
            },
            "version_group": {
                "name": "x-y",
                "url": "/api/v2/version-group/15/"
            }
        },
        {
            "flavor_text": "Riduce la statistica Attacco\ndel nemico.",
            "language": {
                "name": "it",
                "url": "/api/v2/language/8/"
            },
            "version_group": {
                "name": "x-y",
                "url": "/api/v2/version-group/15/"
            }
        },
        {
            "flavor_text": "Lowers the opposing Pok\u00e9mon\u2019s\nAttack stat.",
            "language": {
                "name": "en",
                "url": "/api/v2/language/9/"
            },
            "version_group": {
                "name": "x-y",
                "url": "/api/v2/version-group/15/"
            }
        },
        {
            "flavor_text": "\u76f8\u624b\u306e\u3000\u653b\u6483\u3092\n\u3055\u3052\u308b\u3002",
            "language": {
                "name": "ja",
                "url": "/api/v2/language/11/"
            },
            "version_group": {
                "name": "x-y",
                "url": "/api/v2/version-group/15/"
            }
        },
        {
            "flavor_text": "\u3042\u3044\u3066\u306e\u3000\u3053\u3046\u3052\u304d\u3092\n\u3055\u3052\u308b\u3002",
            "language": {
                "name": "ja-Hrkt",
                "url": "/api/v2/language/1/"
            },
            "version_group": {
                "name": "omega-ruby-alpha-sapphire",
                "url": "/api/v2/version-group/16/"
            }
        },
        {
            "flavor_text": "\uc0c1\ub300\uc758 \uacf5\uaca9\uc744\n\ub5a8\uc5b4\ub728\ub9b0\ub2e4.",
            "language": {
                "name": "ko",
                "url": "/api/v2/language/3/"
            },
            "version_group": {
                "name": "omega-ruby-alpha-sapphire",
                "url": "/api/v2/version-group/16/"
            }
        },
        {
            "flavor_text": "Le Pok\u00e9mon rugit lorsqu'il arrive au combat, ce qui intimide l'ennemi et baisse son Attaque.",
            "language": {
                "name": "fr",
                "url": "/api/v2/language/5/"
            },
            "version_group": {
                "name": "omega-ruby-alpha-sapphire",
                "url": "/api/v2/version-group/16/"
            }
        },
        {
            "flavor_text": "Baisse l'Attaque ennemie.",
            "language": {
                "name": "fr",
                "url": "/api/v2/language/5/"
            },
            "version_group": {
                "name": "omega-ruby-alpha-sapphire",
                "url": "/api/v2/version-group/16/"
            }
        },
        {
            "flavor_text": "Baisse l\u2019Attaque ennemie.",
            "language": {
                "name": "fr",
                "url": "/api/v2/language/5/"
            },
            "version_group": {
                "name": "omega-ruby-alpha-sapphire",
                "url": "/api/v2/version-group/16/"
            }
        },
        {
            "flavor_text": "Senkt Angriff des Gegners.",
            "language": {
                "name": "de",
                "url": "/api/v2/language/6/"
            },
            "version_group": {
                "name": "omega-ruby-alpha-sapphire",
                "url": "/api/v2/version-group/16/"
            }
        },
        {
            "flavor_text": "Baja el Ataque del rival.",
            "language": {
                "name": "es",
                "url": "/api/v2/language/7/"
            },
            "version_group": {
                "name": "omega-ruby-alpha-sapphire",
                "url": "/api/v2/version-group/16/"
            }
        },
        {
            "flavor_text": "Riduce la statistica Attacco\ndel nemico.",
            "language": {
                "name": "it",
                "url": "/api/v2/language/8/"
            },
            "version_group": {
                "name": "omega-ruby-alpha-sapphire",
                "url": "/api/v2/version-group/16/"
            }
        },
        {
            "flavor_text": "Lowers the opposing Pok\u00e9mon\u2019s\nAttack stat.",
            "language": {
                "name": "en",
                "url": "/api/v2/language/9/"
            },
            "version_group": {
                "name": "omega-ruby-alpha-sapphire",
                "url": "/api/v2/version-group/16/"
            }
        },
        {
            "flavor_text": "\u76f8\u624b\u306e\u3000\u653b\u6483\u3092\n\u3055\u3052\u308b\u3002",
            "language": {
                "name": "ja",
                "url": "/api/v2/language/11/"
            },
            "version_group": {
                "name": "omega-ruby-alpha-sapphire",
                "url": "/api/v2/version-group/16/"
            }
        },
        {
            "flavor_text": "\u3068\u3046\u3058\u3087\u3046\u3000\u3057\u305f\u3068\u304d\u3000\u3044\u304b\u304f\u3057\u3066\n\u3042\u3044\u3066\u3092\u3000\u3044\u3057\u3085\u304f\u3055\u305b\n\u3042\u3044\u3066\u306e\u3000\u3053\u3046\u3052\u304d\u3092\u3000\u3055\u3052\u3066\u3000\u3057\u307e\u3046\u3002",
            "language": {
                "name": "ja-Hrkt",
                "url": "/api/v2/language/1/"
            },
            "version_group": {
                "name": "sun-moon",
                "url": "/api/v2/version-group/17/"
            }
        },
        {
            "flavor_text": "\ub4f1\uc7a5\ud588\uc744 \ub54c \uc704\ud611\ud574\uc11c\n\uc0c1\ub300\ub97c \uc704\ucd95\uc2dc\ucf1c\n\uc0c1\ub300\uc758 \uacf5\uaca9\uc744 \ub5a8\uc5b4\ub728\ub9b0\ub2e4.",
            "language": {
                "name": "ko",
                "url": "/api/v2/language/3/"
            },
            "version_group": {
                "name": "sun-moon",
                "url": "/api/v2/version-group/17/"
            }
        },
        {
            "flavor_text": "\u51fa\u5834\u6642\u5a01\u5687\u5c0d\u624b\uff0c\n\u4f7f\u5176\u9000\u7e2e\uff0c\n\u5f9e\u800c\u964d\u4f4e\u5c0d\u624b\u7684\u653b\u64ca\u3002",
            "language": {
                "name": "zh-Hant",
                "url": "/api/v2/language/4/"
            },
            "version_group": {
                "name": "sun-moon",
                "url": "/api/v2/version-group/17/"
            }
        },
        {
            "flavor_text": "Le Pok\u00e9mon rugit lorsqu'il arrive au combat, ce qui intimide l'ennemi et baisse son Attaque.",
            "language": {
                "name": "fr",
                "url": "/api/v2/language/5/"
            },
            "version_group": {
                "name": "sun-moon",
                "url": "/api/v2/version-group/17/"
            }
        },
        {
            "flavor_text": "Le Pok\u00e9mon rugit lorsqu\u2019il arrive au combat,\nce qui intimide l\u2019ennemi et baisse son Attaque.",
            "language": {
                "name": "fr",
                "url": "/api/v2/language/5/"
            },
            "version_group": {
                "name": "sun-moon",
                "url": "/api/v2/version-group/17/"
            }
        },
        {
            "flavor_text": "Senkt den Angriff der Gegner, indem es sie gleich zu\nKampfantritt bedroht und einsch\u00fcchtert.",
            "language": {
                "name": "de",
                "url": "/api/v2/language/6/"
            },
            "version_group": {
                "name": "sun-moon",
                "url": "/api/v2/version-group/17/"
            }
        },
        {
            "flavor_text": "Al entrar en combate amilana al rival de tal manera\nque su Ataque disminuye.",
            "language": {
                "name": "es",
                "url": "/api/v2/language/7/"
            },
            "version_group": {
                "name": "sun-moon",
                "url": "/api/v2/version-group/17/"
            }
        },
        {
            "flavor_text": "Quando il Pok\u00e9mon entra in campo, la sua\nprepotenza intimidisce i nemici, riducendone\nl\u2019Attacco.",
            "language": {
                "name": "it",
                "url": "/api/v2/language/8/"
            },
            "version_group": {
                "name": "sun-moon",
                "url": "/api/v2/version-group/17/"
            }
        },
        {
            "flavor_text": "The Pok\u00e9mon intimidates opposing Pok\u00e9mon upon\nentering battle, lowering their Attack stat.",
            "language": {
                "name": "en",
                "url": "/api/v2/language/9/"
            },
            "version_group": {
                "name": "sun-moon",
                "url": "/api/v2/version-group/17/"
            }
        },
        {
            "flavor_text": "\u767b\u5834\u3000\u3057\u305f\u3068\u304d\u3000\u5a01\u5687\u3057\u3066\n\u76f8\u624b\u3092\u3000\u840e\u7e2e\u3055\u305b\n\u76f8\u624b\u306e\u3000\u653b\u6483\u3092\u3000\u4e0b\u3052\u3066\u3000\u3057\u307e\u3046\u3002",
            "language": {
                "name": "ja",
                "url": "/api/v2/language/11/"
            },
            "version_group": {
                "name": "sun-moon",
                "url": "/api/v2/version-group/17/"
            }
        },
        {
            "flavor_text": "\u51fa\u573a\u65f6\u5a01\u5413\u5bf9\u624b\uff0c\n\u8ba9\u5176\u9000\u7f29\uff0c\n\u964d\u4f4e\u5bf9\u624b\u7684\u653b\u51fb\u3002",
            "language": {
                "name": "zh-Hans",
                "url": "/api/v2/language/12/"
            },
            "version_group": {
                "name": "sun-moon",
                "url": "/api/v2/version-group/17/"
            }
        },
        {
            "flavor_text": "\u3068\u3046\u3058\u3087\u3046\u3000\u3057\u305f\u3068\u304d\u3000\u3044\u304b\u304f\u3057\u3066\n\u3042\u3044\u3066\u3092\u3000\u3044\u3057\u3085\u304f\u3055\u305b\n\u3042\u3044\u3066\u306e\u3000\u3053\u3046\u3052\u304d\u3092\u3000\u3055\u3052\u3066\u3000\u3057\u307e\u3046\u3002",
            "language": {
                "name": "ja-Hrkt",
                "url": "/api/v2/language/1/"
            },
            "version_group": {
                "name": "ultra-sun-ultra-moon",
                "url": "/api/v2/version-group/18/"
            }
        },
        {
            "flavor_text": "\ub4f1\uc7a5\ud588\uc744 \ub54c \uc704\ud611\ud574\uc11c\n\uc0c1\ub300\ub97c \uc704\ucd95\uc2dc\ucf1c\n\uc0c1\ub300\uc758 \uacf5\uaca9\uc744 \ub5a8\uc5b4\ub728\ub9b0\ub2e4.",
            "language": {
                "name": "ko",
                "url": "/api/v2/language/3/"
            },
            "version_group": {
                "name": "ultra-sun-ultra-moon",
                "url": "/api/v2/version-group/18/"
            }
        },
        {
            "flavor_text": "\u51fa\u5834\u6642\u5a01\u5687\u5c0d\u624b\uff0c\n\u4f7f\u5176\u9000\u7e2e\uff0c\n\u5f9e\u800c\u964d\u4f4e\u5c0d\u624b\u7684\u653b\u64ca\u3002",
            "language": {
                "name": "zh-Hant",
                "url": "/api/v2/language/4/"
            },
            "version_group": {
                "name": "ultra-sun-ultra-moon",
                "url": "/api/v2/version-group/18/"
            }
        },
        {
            "flavor_text": "Le Pok\u00e9mon rugit lorsqu'il arrive au combat, ce qui intimide l'ennemi et baisse son Attaque.",
            "language": {
                "name": "fr",
                "url": "/api/v2/language/5/"
            },
            "version_group": {
                "name": "ultra-sun-ultra-moon",
                "url": "/api/v2/version-group/18/"
            }
        },
        {
            "flavor_text": "Le Pok\u00e9mon rugit lorsqu\u2019il arrive au combat,\nce qui intimide l\u2019ennemi et baisse son Attaque.",
            "language": {
                "name": "fr",
                "url": "/api/v2/language/5/"
            },
            "version_group": {
                "name": "ultra-sun-ultra-moon",
                "url": "/api/v2/version-group/18/"
            }
        },
        {
            "flavor_text": "Senkt den Angriff der Gegner, indem es sie gleich zu\nKampfantritt bedroht und einsch\u00fcchtert.",
            "language": {
                "name": "de",
                "url": "/api/v2/language/6/"
            },
            "version_group": {
                "name": "ultra-sun-ultra-moon",
                "url": "/api/v2/version-group/18/"
            }
        },
        {
            "flavor_text": "Al entrar en combate amilana al rival de tal manera\nque su Ataque disminuye.",
            "language": {
                "name": "es",
                "url": "/api/v2/language/7/"
            },
            "version_group": {
                "name": "ultra-sun-ultra-moon",
                "url": "/api/v2/version-group/18/"
            }
        },
        {
            "flavor_text": "Quando il Pok\u00e9mon entra in campo, la sua\nprepotenza intimidisce i nemici, riducendone\nl\u2019Attacco.",
            "language": {
                "name": "it",
                "url": "/api/v2/language/8/"
            },
            "version_group": {
                "name": "ultra-sun-ultra-moon",
                "url": "/api/v2/version-group/18/"
            }
        },
        {
            "flavor_text": "The Pok\u00e9mon intimidates opposing Pok\u00e9mon upon\nentering battle, lowering their Attack stat.",
            "language": {
                "name": "en",
                "url": "/api/v2/language/9/"
            },
            "version_group": {
                "name": "ultra-sun-ultra-moon",
                "url": "/api/v2/version-group/18/"
            }
        },
        {
            "flavor_text": "\u767b\u5834\u3000\u3057\u305f\u3068\u304d\u3000\u5a01\u5687\u3057\u3066\n\u76f8\u624b\u3092\u3000\u840e\u7e2e\u3055\u305b\n\u76f8\u624b\u306e\u3000\u653b\u6483\u3092\u3000\u4e0b\u3052\u3066\u3000\u3057\u307e\u3046\u3002",
            "language": {
                "name": "ja",
                "url": "/api/v2/language/11/"
            },
            "version_group": {
                "name": "ultra-sun-ultra-moon",
                "url": "/api/v2/version-group/18/"
            }
        },
        {
            "flavor_text": "\u51fa\u573a\u65f6\u5a01\u5413\u5bf9\u624b\uff0c\n\u8ba9\u5176\u9000\u7f29\uff0c\n\u964d\u4f4e\u5bf9\u624b\u7684\u653b\u51fb\u3002",
            "language": {
                "name": "zh-Hans",
                "url": "/api/v2/language/12/"
            },
            "version_group": {
                "name": "ultra-sun-ultra-moon",
                "url": "/api/v2/version-group/18/"
            }
        },
        {
            "flavor_text": "\u3068\u3046\u3058\u3087\u3046\u3000\u3057\u305f\u3068\u304d\u3000\u3044\u304b\u304f\u3057\u3066\n\u3042\u3044\u3066\u3092\u3000\u3044\u3057\u3085\u304f\u3055\u305b\n\u3042\u3044\u3066\u306e\u3000\u3053\u3046\u3052\u304d\u3092\u3000\u3055\u3052\u3066\u3000\u3057\u307e\u3046\u3002",
            "language": {
                "name": "ja-Hrkt",
                "url": "/api/v2/language/1/"
            },
            "version_group": {
                "name": "lets-go-pikachu-lets-go-eevee",
                "url": "/api/v2/version-group/19/"
            }
        },
        {
            "flavor_text": "\ub4f1\uc7a5\ud588\uc744 \ub54c \uc704\ud611\ud574\uc11c\n\uc0c1\ub300\ub97c \uc704\ucd95\uc2dc\ucf1c\n\uc0c1\ub300\uc758 \uacf5\uaca9\uc744 \ub5a8\uc5b4\ub728\ub9b0\ub2e4.",
            "language": {
                "name": "ko",
                "url": "/api/v2/language/3/"
            },
            "version_group": {
                "name": "lets-go-pikachu-lets-go-eevee",
                "url": "/api/v2/version-group/19/"
            }
        },
        {
            "flavor_text": "\u51fa\u5834\u6642\u5a01\u5687\u5c0d\u624b\uff0c\n\u4f7f\u5176\u9000\u7e2e\uff0c\n\u5f9e\u800c\u964d\u4f4e\u5c0d\u624b\u7684\u653b\u64ca\u3002",
            "language": {
                "name": "zh-Hant",
                "url": "/api/v2/language/4/"
            },
            "version_group": {
                "name": "lets-go-pikachu-lets-go-eevee",
                "url": "/api/v2/version-group/19/"
            }
        },
        {
            "flavor_text": "Le Pok\u00e9mon rugit lorsqu\u2019il arrive au combat,\nce qui intimide l\u2019ennemi et baisse son Attaque.",
            "language": {
                "name": "fr",
                "url": "/api/v2/language/5/"
            },
            "version_group": {
                "name": "lets-go-pikachu-lets-go-eevee",
                "url": "/api/v2/version-group/19/"
            }
        },
        {
            "flavor_text": "Senkt den Angriff der Gegner, indem es sie gleich zu\nKampfantritt bedroht und einsch\u00fcchtert.",
            "language": {
                "name": "de",
                "url": "/api/v2/language/6/"
            },
            "version_group": {
                "name": "lets-go-pikachu-lets-go-eevee",
                "url": "/api/v2/version-group/19/"
            }
        },
        {
            "flavor_text": "Al entrar en combate amilana al rival de tal manera\nque su Ataque disminuye.",
            "language": {
                "name": "es",
                "url": "/api/v2/language/7/"
            },
            "version_group": {
                "name": "lets-go-pikachu-lets-go-eevee",
                "url": "/api/v2/version-group/19/"
            }
        },
        {
            "flavor_text": "Quando il Pok\u00e9mon entra in campo, la sua\nprepotenza intimidisce i nemici, riducendone\nl\u2019Attacco.",
            "language": {
                "name": "it",
                "url": "/api/v2/language/8/"
            },
            "version_group": {
                "name": "lets-go-pikachu-lets-go-eevee",
                "url": "/api/v2/version-group/19/"
            }
        },
        {
            "flavor_text": "The Pok\u00e9mon intimidates opposing Pok\u00e9mon upon\nentering battle, lowering their Attack stat.",
            "language": {
                "name": "en",
                "url": "/api/v2/language/9/"
            },
            "version_group": {
                "name": "lets-go-pikachu-lets-go-eevee",
                "url": "/api/v2/version-group/19/"
            }
        },
        {
            "flavor_text": "\u767b\u5834\u3000\u3057\u305f\u3068\u304d\u3000\u5a01\u5687\u3057\u3066\n\u76f8\u624b\u3092\u3000\u840e\u7e2e\u3055\u305b\n\u76f8\u624b\u306e\u3000\u653b\u6483\u3092\u3000\u4e0b\u3052\u3066\u3000\u3057\u307e\u3046\u3002",
            "language": {
                "name": "ja",
                "url": "/api/v2/language/11/"
            },
            "version_group": {
                "name": "lets-go-pikachu-lets-go-eevee",
                "url": "/api/v2/version-group/19/"
            }
        },
        {
            "flavor_text": "\u51fa\u573a\u65f6\u5a01\u5413\u5bf9\u624b\uff0c\n\u8ba9\u5176\u9000\u7f29\uff0c\n\u964d\u4f4e\u5bf9\u624b\u7684\u653b\u51fb\u3002",
            "language": {
                "name": "zh-Hans",
                "url": "/api/v2/language/12/"
            },
            "version_group": {
                "name": "lets-go-pikachu-lets-go-eevee",
                "url": "/api/v2/version-group/19/"
            }
        },
        {
            "flavor_text": "\u3068\u3046\u3058\u3087\u3046\u3000\u3057\u305f\u3068\u304d\u3000\u3044\u304b\u304f\u3057\u3066\n\u3042\u3044\u3066\u3092\u3000\u3044\u3057\u3085\u304f\u3055\u305b\n\u3042\u3044\u3066\u306e\u3000\u3053\u3046\u3052\u304d\u3092\u3000\u3055\u3052\u3066\u3000\u3057\u307e\u3046\u3002",
            "language": {
                "name": "ja-Hrkt",
                "url": "/api/v2/language/1/"
            },
            "version_group": {
                "name": "sword-shield",
                "url": "/api/v2/version-group/20/"
            }
        },
        {
            "flavor_text": "\ub4f1\uc7a5\ud588\uc744 \ub54c \uc704\ud611\ud574\uc11c\n\uc0c1\ub300\ub97c \uc704\ucd95\uc2dc\ucf1c\n\uc0c1\ub300\uc758 \uacf5\uaca9\uc744 \ub5a8\uc5b4\ub728\ub9b0\ub2e4.",
            "language": {
                "name": "ko",
                "url": "/api/v2/language/3/"
            },
            "version_group": {
                "name": "sword-shield",
                "url": "/api/v2/version-group/20/"
            }
        },
        {
            "flavor_text": "\u51fa\u5834\u6642\u5a01\u5687\u5c0d\u624b\uff0c\n\u4f7f\u5176\u9000\u7e2e\uff0c\n\u5f9e\u800c\u964d\u4f4e\u5c0d\u624b\u7684\u653b\u64ca\u3002",
            "language": {
                "name": "zh-Hant",
                "url": "/api/v2/language/4/"
            },
            "version_group": {
                "name": "sword-shield",
                "url": "/api/v2/version-group/20/"
            }
        },
        {
            "flavor_text": "Le Pok\u00e9mon rugit lorsqu'il arrive au combat, ce qui intimide l'ennemi et baisse son Attaque.",
            "language": {
                "name": "fr",
                "url": "/api/v2/language/5/"
            },
            "version_group": {
                "name": "sword-shield",
                "url": "/api/v2/version-group/20/"
            }
        },
        {
            "flavor_text": "Le Pok\u00e9mon rugit lorsqu\u2019il arrive au combat,\nce qui intimide l\u2019ennemi et baisse son Attaque.",
            "language": {
                "name": "fr",
                "url": "/api/v2/language/5/"
            },
            "version_group": {
                "name": "sword-shield",
                "url": "/api/v2/version-group/20/"
            }
        },
        {
            "flavor_text": "Senkt den Angriff der Gegner, indem es sie gleich zu\nKampfantritt bedroht und einsch\u00fcchtert.",
            "language": {
                "name": "de",
                "url": "/api/v2/language/6/"
            },
            "version_group": {
                "name": "sword-shield",
                "url": "/api/v2/version-group/20/"
            }
        },
        {
            "flavor_text": "Al entrar en combate amilana al rival de tal manera\nque su Ataque disminuye.",
            "language": {
                "name": "es",
                "url": "/api/v2/language/7/"
            },
            "version_group": {
                "name": "sword-shield",
                "url": "/api/v2/version-group/20/"
            }
        },
        {
            "flavor_text": "Quando il Pok\u00e9mon entra in campo, la sua\nprepotenza intimidisce i nemici, riducendone\nl\u2019Attacco.",
            "language": {
                "name": "it",
                "url": "/api/v2/language/8/"
            },
            "version_group": {
                "name": "sword-shield",
                "url": "/api/v2/version-group/20/"
            }
        },
        {
            "flavor_text": "The Pok\u00e9mon intimidates opposing Pok\u00e9mon upon\nentering battle, lowering their Attack stat.",
            "language": {
                "name": "en",
                "url": "/api/v2/language/9/"
            },
            "version_group": {
                "name": "sword-shield",
                "url": "/api/v2/version-group/20/"
            }
        },
        {
            "flavor_text": "\u767b\u5834\u3000\u3057\u305f\u3068\u304d\u3000\u5a01\u5687\u3057\u3066\n\u76f8\u624b\u3092\u3000\u840e\u7e2e\u3055\u305b\n\u76f8\u624b\u306e\u3000\u653b\u6483\u3092\u3000\u4e0b\u3052\u3066\u3000\u3057\u307e\u3046\u3002",
            "language": {
                "name": "ja",
                "url": "/api/v2/language/11/"
            },
            "version_group": {
                "name": "sword-shield",
                "url": "/api/v2/version-group/20/"
            }
        },
        {
            "flavor_text": "\u51fa\u573a\u65f6\u5a01\u5413\u5bf9\u624b\uff0c\n\u8ba9\u5176\u9000\u7f29\uff0c\n\u964d\u4f4e\u5bf9\u624b\u7684\u653b\u51fb\u3002",
            "language": {
                "name": "zh-Hans",
                "url": "/api/v2/language/12/"
            },
            "version_group": {
                "name": "sword-shield",
                "url": "/api/v2/version-group/20/"
            }
        },
        {
            "flavor_text": "Le Pok\u00e9mon rugit lorsqu'il arrive au combat, ce qui intimide l'ennemi et baisse son Attaque.",
            "language": {
                "name": "fr",
                "url": "/api/v2/language/5/"
            },
            "version_group": {
                "name": "scarlet-violet",
                "url": "/api/v2/version-group/25/"
            }
        },
        {
            "flavor_text": "When the Pok\u00e9mon enters a battle, it intimidates opposing Pok\u00e9mon and makes them cower, lowering their Attack stats.",
            "language": {
                "name": "en",
                "url": "/api/v2/language/9/"
            },
            "version_group": {
                "name": "scarlet-violet",
                "url": "/api/v2/version-group/25/"
            }
        }
    ],
    "generation": {
        "name": "generation-iii",
        "url": "/api/v2/generation/3/"
    },
    "id": 22,
    "is_main_series": true,
    "name": "intimidate",
    "names": [
        {
            "language": {
                "name": "ja-Hrkt",
                "url": "/api/v2/language/1/"
            },
            "name": "\u3044\u304b\u304f"
        },
        {
            "language": {
                "name": "ko",
                "url": "/api/v2/language/3/"
            },
            "name": "\uc704\ud611"
        },
        {
            "language": {
                "name": "zh-Hant",
                "url": "/api/v2/language/4/"
            },
            "name": "\u5a01\u5687"
        },
        {
            "language": {
                "name": "fr",
                "url": "/api/v2/language/5/"
            },
            "name": "Intimidation"
        },
        {
            "language": {
                "name": "de",
                "url": "/api/v2/language/6/"
            },
            "name": "Bedroher"
        },
        {
            "language": {
                "name": "es",
                "url": "/api/v2/language/7/"
            },
            "name": "Intimidaci\u00f3n"
        },
        {
            "language": {
                "name": "it",
                "url": "/api/v2/language/8/"
            },
            "name": "Prepotenza"
        },
        {
            "language": {
                "name": "en",
                "url": "/api/v2/language/9/"
            },
            "name": "Intimidate"
        },
        {
            "language": {
                "name": "ja",
                "url": "/api/v2/language/11/"
            },
            "name": "\u3044\u304b\u304f"
        },
        {
            "language": {
                "name": "zh-Hans",
                "url": "/api/v2/language/12/"
            },
            "name": "\u5a01\u5413"
        }
    ],
    "pokemon": [
        {
            "is_hidden": false,
            "pokemon": {
                "name": "ekans",
                "url": "/api/v2/pokemon/23/"
            },
            "slot": 1
        },
        {
            "is_hidden": false,
            "pokemon": {
                "name": "arbok",
                "url": "/api/v2/pokemon/24/"
            },
            "slot": 1
        },
        {
            "is_hidden": false,
            "pokemon": {
                "name": "growlithe",
                "url": "/api/v2/pokemon/58/"
            },
            "slot": 1
        },
        {
            "is_hidden": false,
            "pokemon": {
                "name": "arcanine",
                "url": "/api/v2/pokemon/59/"
            },
            "slot": 1
        },
        {
            "is_hidden": false,
            "pokemon": {
                "name": "tauros",
                "url": "/api/v2/pokemon/128/"
            },
            "slot": 1
        },
        {
            "is_hidden": false,
            "pokemon": {
                "name": "gyarados",
                "url": "/api/v2/pokemon/130/"
            },
            "slot": 1
        },
        {
            "is_hidden": false,
            "pokemon": {
                "name": "snubbull",
                "url": "/api/v2/pokemon/209/"
            },
            "slot": 1
        },
        {
            "is_hidden": false,
            "pokemon": {
                "name": "granbull",
                "url": "/api/v2/pokemon/210/"
            },
            "slot": 1
        },
        {
            "is_hidden": true,
            "pokemon": {
                "name": "qwilfish",
                "url": "/api/v2/pokemon/211/"
            },
            "slot": 3
        },
        {
            "is_hidden": false,
            "pokemon": {
                "name": "stantler",
                "url": "/api/v2/pokemon/234/"
            },
            "slot": 1
        },
        {
            "is_hidden": false,
            "pokemon": {
                "name": "hitmontop",
                "url": "/api/v2/pokemon/237/"
            },
            "slot": 1
        },
        {
            "is_hidden": false,
            "pokemon": {
                "name": "mightyena",
                "url": "/api/v2/pokemon/262/"
            },
            "slot": 1
        },
        {
            "is_hidden": false,
            "pokemon": {
                "name": "masquerain",
                "url": "/api/v2/pokemon/284/"
            },
            "slot": 1
        },
        {
            "is_hidden": false,
            "pokemon": {
                "name": "mawile",
                "url": "/api/v2/pokemon/303/"
            },
            "slot": 2
        },
        {
            "is_hidden": false,
            "pokemon": {
                "name": "salamence",
                "url": "/api/v2/pokemon/373/"
            },
            "slot": 1
        },
        {
            "is_hidden": false,
            "pokemon": {
                "name": "staravia",
                "url": "/api/v2/pokemon/397/"
            },
            "slot": 1
        },
        {
            "is_hidden": false,
            "pokemon": {
                "name": "staraptor",
                "url": "/api/v2/pokemon/398/"
            },
            "slot": 1
        },
        {
            "is_hidden": false,
            "pokemon": {
                "name": "shinx",
                "url": "/api/v2/pokemon/403/"
            },
            "slot": 2
        },
        {
            "is_hidden": false,
            "pokemon": {
                "name": "luxio",
                "url": "/api/v2/pokemon/404/"
            },
            "slot": 2
        },
        {
            "is_hidden": false,
            "pokemon": {
                "name": "luxray",
                "url": "/api/v2/pokemon/405/"
            },
            "slot": 2
        },
        {
            "is_hidden": false,
            "pokemon": {
                "name": "herdier",
                "url": "/api/v2/pokemon/507/"
            },
            "slot": 1
        },
        {
            "is_hidden": false,
            "pokemon": {
                "name": "stoutland",
                "url": "/api/v2/pokemon/508/"
            },
            "slot": 1
        },
        {
            "is_hidden": false,
            "pokemon": {
                "name": "sandile",
                "url": "/api/v2/pokemon/551/"
            },
            "slot": 1
        },
        {
            "is_hidden": false,
            "pokemon": {
                "name": "krokorok",
                "url": "/api/v2/pokemon/552/"
            },
            "slot": 1
        },
        {
            "is_hidden": false,
            "pokemon": {
                "name": "krookodile",
                "url": "/api/v2/pokemon/553/"
            },
            "slot": 1
        },
        {
            "is_hidden": true,
            "pokemon": {
                "name": "scraggy",
                "url": "/api/v2/pokemon/559/"
            },
            "slot": 3
        },
        {
            "is_hidden": true,
            "pokemon": {
                "name": "scrafty",
                "url": "/api/v2/pokemon/560/"
            },
            "slot": 3
        },
        {
            "is_hidden": true,
            "pokemon": {
                "name": "litten",
                "url": "/api/v2/pokemon/725/"
            },
            "slot": 3
        },
        {
            "is_hidden": true,
            "pokemon": {
                "name": "torracat",
                "url": "/api/v2/pokemon/726/"
            },
            "slot": 3
        },
        {
            "is_hidden": true,
            "pokemon": {
                "name": "incineroar",
                "url": "/api/v2/pokemon/727/"
            },
            "slot": 3
        },
        {
            "is_hidden": false,
            "pokemon": {
                "name": "wyrdeer",
                "url": "/api/v2/pokemon/899/"
            },
            "slot": 1
        },
        {
            "is_hidden": true,
            "pokemon": {
                "name": "overqwil",
                "url": "/api/v2/pokemon/904/"
            },
            "slot": 3
        },
        {
            "is_hidden": false,
            "pokemon": {
                "name": "squawkabilly-green-plumage",
                "url": "/api/v2/pokemon/931/"
            },
            "slot": 1
        },
        {
            "is_hidden": false,
            "pokemon": {
                "name": "maschiff",
                "url": "/api/v2/pokemon/942/"
            },
            "slot": 1
        },
        {
            "is_hidden": false,
            "pokemon": {
                "name": "mabosstiff",
                "url": "/api/v2/pokemon/943/"
            },
            "slot": 1
        },
        {
            "is_hidden": false,
            "pokemon": {
                "name": "landorus-therian",
                "url": "/api/v2/pokemon/10021/"
            },
            "slot": 1
        },
        {
            "is_hidden": false,
            "pokemon": {
                "name": "manectric-mega",
                "url": "/api/v2/pokemon/10055/"
            },
            "slot": 1
        },
        {
            "is_hidden": false,
            "pokemon": {
                "name": "growlithe-hisui",
                "url": "/api/v2/pokemon/10229/"
            },
            "slot": 1
        },
        {
            "is_hidden": false,
            "pokemon": {
                "name": "arcanine-hisui",
                "url": "/api/v2/pokemon/10230/"
            },
            "slot": 1
        },
        {
            "is_hidden": true,
            "pokemon": {
                "name": "qwilfish-hisui",
                "url": "/api/v2/pokemon/10234/"
            },
            "slot": 3
        },
        {
            "is_hidden": false,
            "pokemon": {
                "name": "tauros-paldea-combat-breed",
                "url": "/api/v2/pokemon/10250/"
            },
            "slot": 1
        },
        {
            "is_hidden": false,
            "pokemon": {
                "name": "tauros-paldea-blaze-breed",
                "url": "/api/v2/pokemon/10251/"
            },
            "slot": 1
        },
        {
            "is_hidden": false,
            "pokemon": {
                "name": "tauros-paldea-aqua-breed",
                "url": "/api/v2/pokemon/10252/"
            },
            "slot": 1
        },
        {
            "is_hidden": false,
            "pokemon": {
                "name": "squawkabilly-blue-plumage",
                "url": "/api/v2/pokemon/10260/"
            },
            "slot": 1
        },
        {
            "is_hidden": false,
            "pokemon": {
                "name": "squawkabilly-yellow-plumage",
                "url": "/api/v2/pokemon/10261/"
            },
            "slot": 1
        },
        {
            "is_hidden": false,
            "pokemon": {
                "name": "squawkabilly-white-plumage",
                "url": "/api/v2/pokemon/10262/"
            },
            "slot": 1
        }
    ]
}