{
    "effect_changes": [],
    "effect_entries": [
        {
            "effect": "Changes the Pok\u00e9mon\u2019s type to the type of the move it\u2019s about to use. This works only once each time the Pok\u00e9mon enters battle.",
            "language": {
                "name": "en",
                "url": "/api/v2/language/9/"
            },
            "short_effect": "Libero changes the Pok\u00e9mon's type to that of its previously used attack."
        }
    ],
    "flavor_text_entries": [
        {
            "flavor_text": "\u8b8a\u70ba\u8207\u81ea\u5df1\u4f7f\u51fa\u7684\u62db\u5f0f\n\u76f8\u540c\u7684\u5c6c\u6027\u3002",
            "language": {
                "name": "zh-Hant",
                "url": "/api/v2/language/4/"
            },
            "version_group": {
                "name": "sword-shield",
                "url": "/api/v2/version-group/20/"
            }
        },
        {
            "flavor_text": "\u3058\u3076\u3093\u304c\u3000\u3060\u3059\u3000\u308f\u3056\u3068\n\u304a\u306a\u3058\u3000\u30bf\u30a4\u30d7\u306b\u3000\u3078\u3093\u304b\u3059\u308b\u3002",
            "language": {
                "name": "ja-Hrkt",
                "url": "/api/v2/language/1/"
            },
            "version_group": {
                "name": "sword-shield",
                "url": "/api/v2/version-group/20/"
            }
        },
        {
            "flavor_text": "\uc790\uc2e0\uc774 \uc0ac\uc6a9\ud55c \uae30\uc220\uacfc\n\uac19\uc740 \ud0c0\uc785\uc73c\ub85c \ubcc0\ud654\ud55c\ub2e4.",
            "language": {
                "name": "ko",
                "url": "/api/v2/language/3/"
            },
            "version_group": {
                "name": "sword-shield",
                "url": "/api/v2/version-group/20/"
            }
        },
        {
            "flavor_text": "Le Pok\u00e9mon prend le type de la capacit\u00e9 qu\u2019il utilise.",
            "language": {
                "name": "fr",
                "url": "/api/v2/language/5/"
            },
            "version_group": {
                "name": "sword-shield",
                "url": "/api/v2/version-group/20/"
            }
        },
        {
            "flavor_text": "Das Pok\u00e9mon nimmt bei Einsatz einer Attacke deren\nTyp an.",
            "language": {
                "name": "de",
                "url": "/api/v2/language/6/"
            },
            "version_group": {
                "name": "sword-shield",
                "url": "/api/v2/version-group/20/"
            }
        },
        {
            "flavor_text": "Cambia su tipo al del movimiento que va a usar.",
            "language": {
                "name": "es",
                "url": "/api/v2/language/7/"
            },
            "version_group": {
                "name": "sword-shield",
                "url": "/api/v2/version-group/20/"
            }
        },
        {
            "flavor_text": "Cambia il tipo del Pok\u00e9mon in quello della mossa\nche usa.",
            "language": {
                "name": "it",
                "url": "/api/v2/language/8/"
            },
            "version_group": {
                "name": "sword-shield",
                "url": "/api/v2/version-group/20/"
            }
        },
        {
            "flavor_text": "Changes the Pok\u00e9mon\u2019s type to the type of the\nmove it\u2019s about to use.",
            "language": {
                "name": "en",
                "url": "/api/v2/language/9/"
            },
            "version_group": {
                "name": "sword-shield",
                "url": "/api/v2/version-group/20/"
            }
        },
        {
            "flavor_text": "\u81ea\u5206\u304c\u3000\u51fa\u3059\u3000\u6280\u3068\n\u540c\u3058\u3000\u30bf\u30a4\u30d7\u306b\u3000\u5909\u5316\u3059\u308b\u3002",
            "language": {
                "name": "ja",
                "url": "/api/v2/language/11/"
            },
            "version_group": {
                "name": "sword-shield",
                "url": "/api/v2/version-group/20/"
            }
        },
        {
            "flavor_text": "\u53d8\u4e3a\u4e0e\u81ea\u5df1\u4f7f\u51fa\u7684\u62db\u5f0f\n\u76f8\u540c\u7684\u5c5e\u6027\u3002",
            "language": {
                "name": "zh-Hans",
                "url": "/api/v2/language/12/"
            },
            "version_group": {
                "name": "sword-shield",
                "url": "/api/v2/version-group/20/"
            }
        },
        {
            "flavor_text": "Le Pok\u00e9mon prend le type de la capacit\u00e9 qu\u2019il utilise.\\nCe talent ne peut se d\u00e9clencher qu\u2019une fois par entr\u00e9e\\nau combat du Pok\u00e9mon.",
            "language": {
                "name": "fr",
                "url": "/api/v2/language/5/"
            },
            "version_group": {
                "name": "scarlet-violet",
                "url": "/api/v2/version-group/25/"
            }
        },
        {
            "flavor_text": "Changes the Pok\u00e9mon's type to the type of the move it's about to use. This works only once each time the Pok\u00e9mon enters battle.",
            "language": {
                "name": "en",
                "url": "/api/v2/language/9/"
            },
            "version_group": {
                "name": "scarlet-violet",
                "url": "/api/v2/version-group/25/"
            }
        }
    ],
    "generation": {
        "name": "generation-viii",
        "url": "/api/v2/generation/8/"
    },
    "id": 236,
    "is_main_series": true,
    "name": "libero",
    "names": [
        {
            "language": {
                "name": "ja-Hrkt",
                "url": "/api/v2/language/1/"
            },
            "name": "\u30ea\u30d9\u30ed"
        },
        {
            "language": {
                "name": "ko",
                "url": "/api/v2/language/3/"
            },
            "name": "\ub9ac\ubca0\ub85c"
        },
        {
            "language": {
                "name": "zh-Hant",
                "url": "/api/v2/language/4/"
            },
            "name": "\u81ea\u7531\u8005"
        },
        {
            "language": {
                "name": "fr",
                "url": "/api/v2/language/5/"
            },
            "name": "Lib\u00e9ro"
        },
        {
            "language": {
                "name": "de",
                "url": "/api/v2/language/6/"
            },
            "name": "Libero"
        },
        {
            "language": {
                "name": "es",
                "url": "/api/v2/language/7/"
            },
            "name": "L\u00edbero"
        },
        {
            "language": {
                "name": "it",
                "url": "/api/v2/language/8/"
            },
            "name": "Libero"
        },
        {
            "language": {
                "name": "en",
                "url": "/api/v2/language/9/"
            },
            "name": "Libero"
        },
        {
            "language": {
                "name": "ja",
                "url": "/api/v2/language/11/"
            },
            "name": "\u30ea\u30d9\u30ed"
        },
        {
            "language": {
                "name": "zh-Hans",
                "url": "/api/v2/language/12/"
            },
            "name": "\u81ea\u7531\u8005"
        }
    ],
    "pokemon": [
        {
            "is_hidden": true,
            "pokemon": {
                "name": "scorbunny",
                "url": "/api/v2/pokemon/813/"
            },
            "slot": 3
        },
        {
            "is_hidden": true,
            "pokemon": {
                "name": "raboot",
                "url": "/api/v2/pokemon/814/"
            },
            "slot": 3
        },
        {
            "is_hidden": true,
            "pokemon": {
                "name": "cinderace",
                "url": "/api/v2/pokemon/815/"
            },
            "slot": 3
        },
        {
            "is_hidden": true,
            "pokemon": {
                "name": "cinderace-gmax",
                "url": "/api/v2/pokemon/10210/"
            },
            "slot": 3
        }
    ]
}