{
    "effect_changes": [],
    "effect_entries": [
        {
            "effect": "Wenn ein Pok\u00e9mon mit dieser F\u00e4higkeit von einer physischen Attacke getroffen wird, wird seine speed um eine Stufe erh\u00f6ht und seine defense um 1 Stufe gesenkt.\n\nAttacken die mehrmals treffen l\u00f6sen bei jedem Treffer diese F\u00e4higkeit aus.",
            "language": {
                "name": "de",
                "url": "/api/v2/language/6/"
            },
            "short_effect": "Erh\u00f6ht die speed und senkt die defense um eine Stufe, wenn es von einer physischen Attacke getroffen wird."
        },
        {
            "effect": "Whenever a physical move hits this Pok\u00e9mon, its Speed rises one stage and its Defense falls one stage.\n\nThis ability triggers on every hit of a multiple-hit move.",
            "language": {
                "name": "en",
                "url": "/api/v2/language/9/"
            },
            "short_effect": "Raises Speed and lowers Defense by one stage each upon being hit by a physical move."
        }
    ],
    "flavor_text_entries": [
        {
            "flavor_text": "Un coup physique baisse la\nD\u00e9fense, monte la Vitesse.",
            "language": {
                "name": "fr",
                "url": "/api/v2/language/5/"
            },
            "version_group": {
                "name": "black-white",
                "url": "/api/v2/version-group/11/"
            }
        },
        {
            "flavor_text": "Physical attacks lower\nDefense and raise Speed.",
            "language": {
                "name": "en",
                "url": "/api/v2/language/9/"
            },
            "version_group": {
                "name": "black-white",
                "url": "/api/v2/version-group/11/"
            }
        },
        {
            "flavor_text": "Physical attacks lower\nDefense and raise Speed.",
            "language": {
                "name": "en",
                "url": "/api/v2/language/9/"
            },
            "version_group": {
                "name": "black-2-white-2",
                "url": "/api/v2/version-group/14/"
            }
        },
        {
            "flavor_text": "\u3076\u3064\u308a\u308f\u3056\u3067\u3000\u307c\u3046\u304e\u3087\u304c\n\u3055\u304c\u308a\u3000\u3059\u3070\u3084\u3055\u304c\u3042\u304c\u308b\u3002",
            "language": {
                "name": "ja-Hrkt",
                "url": "/api/v2/language/1/"
            },
            "version_group": {
                "name": "x-y",
                "url": "/api/v2/version-group/15/"
            }
        },
        {
            "flavor_text": "\ubb3c\ub9ac \uae30\uc220\uc744 \ubc1b\uc73c\uba74 \ubc29\uc5b4\uac00\n\ub5a8\uc5b4\uc9c0\uace0 \uc2a4\ud53c\ub4dc\uac00 \uc62c\ub77c\uac04\ub2e4.",
            "language": {
                "name": "ko",
                "url": "/api/v2/language/3/"
            },
            "version_group": {
                "name": "x-y",
                "url": "/api/v2/version-group/15/"
            }
        },
        {
            "flavor_text": "Un coup physique baisse la\nD\u00e9fense, monte la Vitesse.",
            "language": {
                "name": "fr",
                "url": "/api/v2/language/5/"
            },
            "version_group": {
                "name": "x-y",
                "url": "/api/v2/version-group/15/"
            }
        },
        {
            "flavor_text": "Phys. Treffer senken Verteidigung\nund steigern Initiative.",
            "language": {
                "name": "de",
                "url": "/api/v2/language/6/"
            },
            "version_group": {
                "name": "x-y",
                "url": "/api/v2/version-group/15/"
            }
        },
        {
            "flavor_text": "Un ataque f\u00edsico baja la Defensa\ny sube la Velocidad.",
            "language": {
                "name": "es",
                "url": "/api/v2/language/7/"
            },
            "version_group": {
                "name": "x-y",
                "url": "/api/v2/version-group/15/"
            }
        },
        {
            "flavor_text": "Riduce la Difesa e aumenta la\nVelocit\u00e0 se il Pok\u00e9mon \u00e8 colpito.",
            "language": {
                "name": "it",
                "url": "/api/v2/language/8/"
            },
            "version_group": {
                "name": "x-y",
                "url": "/api/v2/version-group/15/"
            }
        },
        {
            "flavor_text": "Physical attacks lower its Defense\nstat and raise its Speed stat.",
            "language": {
                "name": "en",
                "url": "/api/v2/language/9/"
            },
            "version_group": {
                "name": "x-y",
                "url": "/api/v2/version-group/15/"
            }
        },
        {
            "flavor_text": "\u7269\u7406\u6280\u3067\u3000\u9632\u5fa1\u304c\u3055\u304c\u308a\n\u7d20\u65e9\u3055\u304c\u3000\u3042\u304c\u308b\u3002",
            "language": {
                "name": "ja",
                "url": "/api/v2/language/11/"
            },
            "version_group": {
                "name": "x-y",
                "url": "/api/v2/version-group/15/"
            }
        },
        {
            "flavor_text": "\u3076\u3064\u308a\u308f\u3056\u3067\u3000\u307c\u3046\u304e\u3087\u304c\n\u3055\u304c\u308a\u3000\u3059\u3070\u3084\u3055\u304c\u3042\u304c\u308b\u3002",
            "language": {
                "name": "ja-Hrkt",
                "url": "/api/v2/language/1/"
            },
            "version_group": {
                "name": "omega-ruby-alpha-sapphire",
                "url": "/api/v2/version-group/16/"
            }
        },
        {
            "flavor_text": "\ubb3c\ub9ac \uae30\uc220\uc744 \ubc1b\uc73c\uba74 \ubc29\uc5b4\uac00\n\ub5a8\uc5b4\uc9c0\uace0 \uc2a4\ud53c\ub4dc\uac00 \uc62c\ub77c\uac04\ub2e4.",
            "language": {
                "name": "ko",
                "url": "/api/v2/language/3/"
            },
            "version_group": {
                "name": "omega-ruby-alpha-sapphire",
                "url": "/api/v2/version-group/16/"
            }
        },
        {
            "flavor_text": "Un coup physique baisse la\nD\u00e9fense, monte la Vitesse.",
            "language": {
                "name": "fr",
                "url": "/api/v2/language/5/"
            },
            "version_group": {
                "name": "omega-ruby-alpha-sapphire",
                "url": "/api/v2/version-group/16/"
            }
        },
        {
            "flavor_text": "Phys. Treffer senken Verteidigung\nund steigern Initiative.",
            "language": {
                "name": "de",
                "url": "/api/v2/language/6/"
            },
            "version_group": {
                "name": "omega-ruby-alpha-sapphire",
                "url": "/api/v2/version-group/16/"
            }
        },
        {
            "flavor_text": "Un ataque f\u00edsico baja la Defensa\ny sube la Velocidad.",
            "language": {
                "name": "es",
                "url": "/api/v2/language/7/"
            },
            "version_group": {
                "name": "omega-ruby-alpha-sapphire",
                "url": "/api/v2/version-group/16/"
            }
        },
        {
            "flavor_text": "Riduce la Difesa e aumenta la\nVelocit\u00e0 se il Pok\u00e9mon \u00e8 colpito.",
            "language": {
                "name": "it",
                "url": "/api/v2/language/8/"
            },
            "version_group": {
                "name": "omega-ruby-alpha-sapphire",
                "url": "/api/v2/version-group/16/"
            }
        },
        {
            "flavor_text": "Physical attacks lower its Defense\nstat and raise its Speed stat.",
            "language": {
                "name": "en",
                "url": "/api/v2/language/9/"
            },
            "version_group": {
                "name": "omega-ruby-alpha-sapphire",
                "url": "/api/v2/version-group/16/"
            }
        },
        {
            "flavor_text": "\u7269\u7406\u6280\u3067\u3000\u9632\u5fa1\u304c\u3055\u304c\u308a\n\u7d20\u65e9\u3055\u304c\u3000\u3042\u304c\u308b\u3002",
            "language": {
                "name": "ja",
                "url": "/api/v2/language/11/"
            },
            "version_group": {
                "name": "omega-ruby-alpha-sapphire",
                "url": "/api/v2/version-group/16/"
            }
        },
        {
            "flavor_text": "\u3076\u3064\u308a\u308f\u3056\u3067\u3000\u30c0\u30e1\u30fc\u30b8\u3092\u3000\u3046\u3051\u308b\u3068\n\u307c\u3046\u304e\u3087\u304c\u3000\u3055\u304c\u308a\n\u3059\u3070\u3084\u3055\u304c\u3000\u3050\u30fc\u3093\u3068\u3000\u3042\u304c\u308b\u3002",
            "language": {
                "name": "ja-Hrkt",
                "url": "/api/v2/language/1/"
            },
            "version_group": {
                "name": "sun-moon",
                "url": "/api/v2/version-group/17/"
            }
        },
        {
            "flavor_text": "\ubb3c\ub9ac \uae30\uc220\ub85c \ub370\ubbf8\uc9c0\ub97c \ubc1b\uc73c\uba74\n\ubc29\uc5b4\uac00 \ub5a8\uc5b4\uc9c0\uace0\n\uc2a4\ud53c\ub4dc\uac00 \ud06c\uac8c \uc62c\ub77c\uac04\ub2e4.",
            "language": {
                "name": "ko",
                "url": "/api/v2/language/3/"
            },
            "version_group": {
                "name": "sun-moon",
                "url": "/api/v2/version-group/17/"
            }
        },
        {
            "flavor_text": "\u56e0\u7269\u7406\u62db\u5f0f\u53d7\u5230\u50b7\u5bb3\u6642\uff0c\n\u9632\u79a6\u6703\u964d\u4f4e\uff0c\n\u901f\u5ea6\u6703\u5927\u5e45\u63d0\u9ad8\u3002",
            "language": {
                "name": "zh-Hant",
                "url": "/api/v2/language/4/"
            },
            "version_group": {
                "name": "sun-moon",
                "url": "/api/v2/version-group/17/"
            }
        },
        {
            "flavor_text": "Quand le Pok\u00e9mon est touch\u00e9 par une capacit\u00e9\nphysique, sa D\u00e9fense baisse mais sa Vitesse\naugmente beaucoup.",
            "language": {
                "name": "fr",
                "url": "/api/v2/language/5/"
            },
            "version_group": {
                "name": "sun-moon",
                "url": "/api/v2/version-group/17/"
            }
        },
        {
            "flavor_text": "Senkt bei erlittenem Treffer durch eine physische\nAttacke die Verteidigung des Pok\u00e9mon, aber erh\u00f6ht\ndaf\u00fcr seine Initiative stark.",
            "language": {
                "name": "de",
                "url": "/api/v2/language/6/"
            },
            "version_group": {
                "name": "sun-moon",
                "url": "/api/v2/version-group/17/"
            }
        },
        {
            "flavor_text": "Al recibir da\u00f1o por un ataque f\u00edsico, baja la Defensa,\npero sube mucho la Velocidad del Pok\u00e9mon.",
            "language": {
                "name": "es",
                "url": "/api/v2/language/7/"
            },
            "version_group": {
                "name": "sun-moon",
                "url": "/api/v2/version-group/17/"
            }
        },
        {
            "flavor_text": "Se si subiscono danni da mosse fisiche, la Difesa\ndiminuisce e la Velocit\u00e0 aumenta di molto.",
            "language": {
                "name": "it",
                "url": "/api/v2/language/8/"
            },
            "version_group": {
                "name": "sun-moon",
                "url": "/api/v2/version-group/17/"
            }
        },
        {
            "flavor_text": "Physical attacks to the Pok\u00e9mon lower its Defense\nstat but sharply raise its Speed stat.",
            "language": {
                "name": "en",
                "url": "/api/v2/language/9/"
            },
            "version_group": {
                "name": "sun-moon",
                "url": "/api/v2/version-group/17/"
            }
        },
        {
            "flavor_text": "\u7269\u7406\u6280\u3067\u3000\u30c0\u30e1\u30fc\u30b8\u3092\u3000\u53d7\u3051\u308b\u3068\n\u9632\u5fa1\u304c\u3000\u4e0b\u304c\u308a\n\u7d20\u65e9\u3055\u304c\u3000\u3050\u30fc\u3093\u3068\u3000\u4e0a\u304c\u308b\u3002",
            "language": {
                "name": "ja",
                "url": "/api/v2/language/11/"
            },
            "version_group": {
                "name": "sun-moon",
                "url": "/api/v2/version-group/17/"
            }
        },
        {
            "flavor_text": "\u5982\u679c\u56e0\u7269\u7406\u62db\u5f0f\u53d7\u5230\u4f24\u5bb3\uff0c\n\u9632\u5fa1\u4f1a\u964d\u4f4e\uff0c\n\u901f\u5ea6\u4f1a\u5927\u5e45\u63d0\u9ad8\u3002",
            "language": {
                "name": "zh-Hans",
                "url": "/api/v2/language/12/"
            },
            "version_group": {
                "name": "sun-moon",
                "url": "/api/v2/version-group/17/"
            }
        },
        {
            "flavor_text": "\u3076\u3064\u308a\u308f\u3056\u3067\u3000\u30c0\u30e1\u30fc\u30b8\u3092\u3000\u3046\u3051\u308b\u3068\n\u307c\u3046\u304e\u3087\u304c\u3000\u3055\u304c\u308a\n\u3059\u3070\u3084\u3055\u304c\u3000\u3050\u30fc\u3093\u3068\u3000\u3042\u304c\u308b\u3002",
            "language": {
                "name": "ja-Hrkt",
                "url": "/api/v2/language/1/"
            },
            "version_group": {
                "name": "ultra-sun-ultra-moon",
                "url": "/api/v2/version-group/18/"
            }
        },
        {
            "flavor_text": "\ubb3c\ub9ac \uae30\uc220\ub85c \ub370\ubbf8\uc9c0\ub97c \ubc1b\uc73c\uba74\n\ubc29\uc5b4\uac00 \ub5a8\uc5b4\uc9c0\uace0\n\uc2a4\ud53c\ub4dc\uac00 \ud06c\uac8c \uc62c\ub77c\uac04\ub2e4.",
            "language": {
                "name": "ko",
                "url": "/api/v2/language/3/"
            },
            "version_group": {
                "name": "ultra-sun-ultra-moon",
                "url": "/api/v2/version-group/18/"
            }
        },
        {
            "flavor_text": "\u56e0\u7269\u7406\u62db\u5f0f\u53d7\u5230\u50b7\u5bb3\u6642\uff0c\n\u9632\u79a6\u6703\u964d\u4f4e\uff0c\n\u901f\u5ea6\u6703\u5927\u5e45\u63d0\u9ad8\u3002",
            "language": {
                "name": "zh-Hant",
                "url": "/api/v2/language/4/"
            },
            "version_group": {
                "name": "ultra-sun-ultra-moon",
                "url": "/api/v2/version-group/18/"
            }
        },
        {
            "flavor_text": "Quand le Pok\u00e9mon est touch\u00e9 par une capacit\u00e9\nphysique, sa D\u00e9fense baisse mais sa Vitesse\naugmente beaucoup.",
            "language": {
                "name": "fr",
                "url": "/api/v2/language/5/"
            },
            "version_group": {
                "name": "ultra-sun-ultra-moon",
                "url": "/api/v2/version-group/18/"
            }
        },
        {
            "flavor_text": "Senkt bei erlittenem Treffer durch eine physische\nAttacke die Verteidigung des Pok\u00e9mon, aber erh\u00f6ht\ndaf\u00fcr seine Initiative stark.",
            "language": {
                "name": "de",
                "url": "/api/v2/language/6/"
            },
            "version_group": {
                "name": "ultra-sun-ultra-moon",
                "url": "/api/v2/version-group/18/"
            }
        },
        {
            "flavor_text": "Al recibir da\u00f1o por un ataque f\u00edsico, baja la Defensa,\npero sube mucho la Velocidad del Pok\u00e9mon.",
            "language": {
                "name": "es",
                "url": "/api/v2/language/7/"
            },
            "version_group": {
                "name": "ultra-sun-ultra-moon",
                "url": "/api/v2/version-group/18/"
            }
        },
        {
            "flavor_text": "Se si subiscono danni da mosse fisiche, la Difesa\ndiminuisce e la Velocit\u00e0 aumenta di molto.",
            "language": {
                "name": "it",
                "url": "/api/v2/language/8/"
            },
            "version_group": {
                "name": "ultra-sun-ultra-moon",
                "url": "/api/v2/version-group/18/"
            }
        },
        {
            "flavor_text": "Physical attacks to the Pok\u00e9mon lower its Defense\nstat but sharply raise its Speed stat.",
            "language": {
                "name": "en",
                "url": "/api/v2/language/9/"
            },
            "version_group": {
                "name": "ultra-sun-ultra-moon",
                "url": "/api/v2/version-group/18/"
            }
        },
        {
            "flavor_text": "\u7269\u7406\u6280\u3067\u3000\u30c0\u30e1\u30fc\u30b8\u3092\u3000\u53d7\u3051\u308b\u3068\n\u9632\u5fa1\u304c\u3000\u4e0b\u304c\u308a\n\u7d20\u65e9\u3055\u304c\u3000\u3050\u30fc\u3093\u3068\u3000\u4e0a\u304c\u308b\u3002",
            "language": {
                "name": "ja",
                "url": "/api/v2/language/11/"
            },
            "version_group": {
                "name": "ultra-sun-ultra-moon",
                "url": "/api/v2/version-group/18/"
            }
        },
        {
            "flavor_text": "\u5982\u679c\u56e0\u7269\u7406\u62db\u5f0f\u53d7\u5230\u4f24\u5bb3\uff0c\n\u9632\u5fa1\u4f1a\u964d\u4f4e\uff0c\n\u901f\u5ea6\u4f1a\u5927\u5e45\u63d0\u9ad8\u3002",
            "language": {
                "name": "zh-Hans",
                "url": "/api/v2/language/12/"
            },
            "version_group": {
                "name": "ultra-sun-ultra-moon",
                "url": "/api/v2/version-group/18/"
            }
        },
        {
            "flavor_text": "\u3076\u3064\u308a\u308f\u3056\u3067\u3000\u30c0\u30e1\u30fc\u30b8\u3092\u3000\u3046\u3051\u308b\u3068\n\u307c\u3046\u304e\u3087\u304c\u3000\u3055\u304c\u308a\n\u3059\u3070\u3084\u3055\u304c\u3000\u3050\u30fc\u3093\u3068\u3000\u3042\u304c\u308b\u3002",
            "language": {
                "name": "ja-Hrkt",
                "url": "/api/v2/language/1/"
            },
            "version_group": {
                "name": "lets-go-pikachu-lets-go-eevee",
                "url": "/api/v2/version-group/19/"
            }
        },
        {
            "flavor_text": "\ubb3c\ub9ac \uae30\uc220\ub85c \ub370\ubbf8\uc9c0\ub97c \ubc1b\uc73c\uba74\n\ubc29\uc5b4\uac00 \ub5a8\uc5b4\uc9c0\uace0\n\uc2a4\ud53c\ub4dc\uac00 \ud06c\uac8c \uc62c\ub77c\uac04\ub2e4.",
            "language": {
                "name": "ko",
                "url": "/api/v2/language/3/"
            },
            "version_group": {
                "name": "lets-go-pikachu-lets-go-eevee",
                "url": "/api/v2/version-group/19/"
            }
        },
        {
            "flavor_text": "\u56e0\u7269\u7406\u62db\u5f0f\u53d7\u5230\u50b7\u5bb3\u6642\uff0c\n\u9632\u79a6\u6703\u964d\u4f4e\uff0c\n\u901f\u5ea6\u6703\u5927\u5e45\u63d0\u9ad8\u3002",
            "language": {
                "name": "zh-Hant",
                "url": "/api/v2/language/4/"
            },
            "version_group": {
                "name": "lets-go-pikachu-lets-go-eevee",
                "url": "/api/v2/version-group/19/"
            }
        },
        {
            "flavor_text": "Quand le Pok\u00e9mon est touch\u00e9 par une capacit\u00e9\nphysique, sa D\u00e9fense baisse mais sa Vitesse\naugmente beaucoup.",
            "language": {
                "name": "fr",
                "url": "/api/v2/language/5/"
            },
            "version_group": {
                "name": "lets-go-pikachu-lets-go-eevee",
                "url": "/api/v2/version-group/19/"
            }
        },
        {
            "flavor_text": "Senkt bei erlittenem Treffer durch eine physische\nAttacke die Verteidigung des Pok\u00e9mon, aber erh\u00f6ht\ndaf\u00fcr seine Initiative stark.",
            "language": {
                "name": "de",
                "url": "/api/v2/language/6/"
            },
            "version_group": {
                "name": "lets-go-pikachu-lets-go-eevee",
                "url": "/api/v2/version-group/19/"
            }
        },
        {
            "flavor_text": "Al recibir da\u00f1o por un ataque f\u00edsico, baja la Defensa,\npero sube mucho la Velocidad del Pok\u00e9mon.",
            "language": {
                "name": "es",
                "url": "/api/v2/language/7/"
            },
            "version_group": {
                "name": "lets-go-pikachu-lets-go-eevee",
                "url": "/api/v2/version-group/19/"
            }
        },
        {
            "flavor_text": "Se si subiscono danni da mosse fisiche, la Difesa\ndiminuisce e la Velocit\u00e0 aumenta di molto.",
            "language": {
                "name": "it",
                "url": "/api/v2/language/8/"
            },
            "version_group": {
                "name": "lets-go-pikachu-lets-go-eevee",
                "url": "/api/v2/version-group/19/"
            }
        },
        {
            "flavor_text": "Physical attacks to the Pok\u00e9mon lower its Defense\nstat but sharply raise its Speed stat.",
            "language": {
                "name": "en",
                "url": "/api/v2/language/9/"
            },
            "version_group": {
                "name": "lets-go-pikachu-lets-go-eevee",
                "url": "/api/v2/version-group/19/"
            }
        },
        {
            "flavor_text": "\u7269\u7406\u6280\u3067\u3000\u30c0\u30e1\u30fc\u30b8\u3092\u3000\u53d7\u3051\u308b\u3068\n\u9632\u5fa1\u304c\u3000\u4e0b\u304c\u308a\n\u7d20\u65e9\u3055\u304c\u3000\u3050\u30fc\u3093\u3068\u3000\u4e0a\u304c\u308b\u3002",
            "language": {
                "name": "ja",
                "url": "/api/v2/language/11/"
            },
            "version_group": {
                "name": "lets-go-pikachu-lets-go-eevee",
                "url": "/api/v2/version-group/19/"
            }
        },
        {
            "flavor_text": "\u5982\u679c\u56e0\u7269\u7406\u62db\u5f0f\u53d7\u5230\u4f24\u5bb3\uff0c\n\u9632\u5fa1\u4f1a\u964d\u4f4e\uff0c\n\u901f\u5ea6\u4f1a\u5927\u5e45\u63d0\u9ad8\u3002",
            "language": {
                "name": "zh-Hans",
                "url": "/api/v2/language/12/"
            },
            "version_group": {
                "name": "lets-go-pikachu-lets-go-eevee",
                "url": "/api/v2/version-group/19/"
            }
        },
        {
            "flavor_text": "\u3076\u3064\u308a\u308f\u3056\u3067\u3000\u30c0\u30e1\u30fc\u30b8\u3092\u3000\u3046\u3051\u308b\u3068\n\u307c\u3046\u304e\u3087\u304c\u3000\u3055\u304c\u308a\n\u3059\u3070\u3084\u3055\u304c\u3000\u3050\u30fc\u3093\u3068\u3000\u3042\u304c\u308b\u3002",
            "language": {
                "name": "ja-Hrkt",
                "url": "/api/v2/language/1/"
            },
            "version_group": {
                "name": "sword-shield",
                "url": "/api/v2/version-group/20/"
            }
        },
        {
            "flavor_text": "\ubb3c\ub9ac \uae30\uc220\ub85c \ub370\ubbf8\uc9c0\ub97c \ubc1b\uc73c\uba74\n\ubc29\uc5b4\uac00 \ub5a8\uc5b4\uc9c0\uace0\n\uc2a4\ud53c\ub4dc\uac00 \ud06c\uac8c \uc62c\ub77c\uac04\ub2e4.",
            "language": {
                "name": "ko",
                "url": "/api/v2/language/3/"
            },
            "version_group": {
                "name": "sword-shield",
                "url": "/api/v2/version-group/20/"
            }
        },
        {
            "flavor_text": "\u56e0\u7269\u7406\u62db\u5f0f\u53d7\u5230\u50b7\u5bb3\u6642\uff0c\n\u9632\u79a6\u6703\u964d\u4f4e\uff0c\n\u901f\u5ea6\u6703\u5927\u5e45\u63d0\u9ad8\u3002",
            "language": {
                "name": "zh-Hant",
                "url": "/api/v2/language/4/"
            },
            "version_group": {
                "name": "sword-shield",
                "url": "/api/v2/version-group/20/"
            }
        },
        {
            "flavor_text": "Quand le Pok\u00e9mon est touch\u00e9 par une capacit\u00e9\nphysique, sa D\u00e9fense baisse mais sa Vitesse\naugmente beaucoup.",
            "language": {
                "name": "fr",
                "url": "/api/v2/language/5/"
            },
            "version_group": {
                "name": "sword-shield",
                "url": "/api/v2/version-group/20/"
            }
        },
        {
            "flavor_text": "Senkt bei erlittenem Treffer durch eine physische\nAttacke die Verteidigung des Pok\u00e9mon, aber erh\u00f6ht\ndaf\u00fcr seine Initiative stark.",
            "language": {
                "name": "de",
                "url": "/api/v2/language/6/"
            },
            "version_group": {
                "name": "sword-shield",
                "url": "/api/v2/version-group/20/"
            }
        },
        {
            "flavor_text": "Al recibir da\u00f1o de un ataque f\u00edsico, le baja la Defensa,\npero le sube mucho la Velocidad.",
            "language": {
                "name": "es",
                "url": "/api/v2/language/7/"
            },
            "version_group": {
                "name": "sword-shield",
                "url": "/api/v2/version-group/20/"
            }
        },
        {
            "flavor_text": "Se il Pok\u00e9mon subisce danni da mosse fisiche, la Difesa\ndiminuisce e la Velocit\u00e0 aumenta di molto.",
            "language": {
                "name": "it",
                "url": "/api/v2/language/8/"
            },
            "version_group": {
                "name": "sword-shield",
                "url": "/api/v2/version-group/20/"
            }
        },
        {
            "flavor_text": "Physical attacks to the Pok\u00e9mon lower its Defense\nstat but sharply raise its Speed stat.",
            "language": {
                "name": "en",
                "url": "/api/v2/language/9/"
            },
            "version_group": {
                "name": "sword-shield",
                "url": "/api/v2/version-group/20/"
            }
        },
        {
            "flavor_text": "\u7269\u7406\u6280\u3067\u3000\u30c0\u30e1\u30fc\u30b8\u3092\u3000\u53d7\u3051\u308b\u3068\n\u9632\u5fa1\u304c\u3000\u4e0b\u304c\u308a\n\u7d20\u65e9\u3055\u304c\u3000\u3050\u30fc\u3093\u3068\u3000\u4e0a\u304c\u308b\u3002",
            "language": {
                "name": "ja",
                "url": "/api/v2/language/11/"
            },
            "version_group": {
                "name": "sword-shield",
                "url": "/api/v2/version-group/20/"
            }
        },
        {
            "flavor_text": "\u5982\u679c\u56e0\u7269\u7406\u62db\u5f0f\u53d7\u5230\u4f24\u5bb3\uff0c\n\u9632\u5fa1\u4f1a\u964d\u4f4e\uff0c\n\u901f\u5ea6\u4f1a\u5927\u5e45\u63d0\u9ad8\u3002",
            "language": {
                "name": "zh-Hans",
                "url": "/api/v2/language/12/"
            },
            "version_group": {
                "name": "sword-shield",
                "url": "/api/v2/version-group/20/"
            }
        },
        {
            "flavor_text": "Quand le Pok\u00e9mon est touch\u00e9 par une capacit\u00e9\\nphysique, sa D\u00e9fense baisse mais sa Vitesse\\naugmente beaucoup.",
            "language": {
                "name": "fr",
                "url": "/api/v2/language/5/"
            },
            "version_group": {
                "name": "scarlet-violet",
                "url": "/api/v2/version-group/25/"
            }
        },
        {
            "flavor_text": "The Pok\u00e9mon's Defense stat is lowered when it takes damage from physical moves, but its Speed stat is sharply boosted.",
            "language": {
                "name": "en",
                "url": "/api/v2/language/9/"
            },
            "version_group": {
                "name": "scarlet-violet",
                "url": "/api/v2/version-group/25/"
            }
        }
    ],
    "generation": {
        "name": "generation-v",
        "url": "/api/v2/generation/5/"
    },
    "id": 133,
    "is_main_series": true,
    "name": "weak-armor",
    "names": [
        {
            "language": {
                "name": "ja-Hrkt",
                "url": "/api/v2/language/1/"
            },
            "name": "\u304f\u3060\u3051\u308b\u3088\u308d\u3044"
        },
        {
            "language": {
                "name": "ko",
                "url": "/api/v2/language/3/"
            },
            "name": "\uae68\uc5b4\uc9c4\uac11\uc637"
        },
        {
            "language": {
                "name": "zh-Hant",
                "url": "/api/v2/language/4/"
            },
            "name": "\u788e\u88c2\u93a7\u7532"
        },
        {
            "language": {
                "name": "fr",
                "url": "/api/v2/language/5/"
            },
            "name": "Armurouill\u00e9e"
        },
        {
            "language": {
                "name": "de",
                "url": "/api/v2/language/6/"
            },
            "name": "Bruchr\u00fcstung"
        },
        {
            "language": {
                "name": "es",
                "url": "/api/v2/language/7/"
            },
            "name": "Armadura Fr\u00e1gil"
        },
        {
            "language": {
                "name": "it",
                "url": "/api/v2/language/8/"
            },
            "name": "Sottilguscio"
        },
        {
            "language": {
                "name": "en",
                "url": "/api/v2/language/9/"
            },
            "name": "Weak Armor"
        },
        {
            "language": {
                "name": "ja",
                "url": "/api/v2/language/11/"
            },
            "name": "\u304f\u3060\u3051\u308b\u3088\u308d\u3044"
        },
        {
            "language": {
                "name": "zh-Hans",
                "url": "/api/v2/language/12/"
            },
            "name": "\u788e\u88c2\u94e0\u7532"
        }
    ],
    "pokemon": [
        {
            "is_hidden": true,
            "pokemon": {
                "name": "onix",
                "url": "/api/v2/pokemon/95/"
            },
            "slot": 3
        },
        {
            "is_hidden": true,
            "pokemon": {
                "name": "omanyte",
                "url": "/api/v2/pokemon/138/"
            },
            "slot": 3
        },
        {
            "is_hidden": true,
            "pokemon": {
                "name": "omastar",
                "url": "/api/v2/pokemon/139/"
            },
            "slot": 3
        },
        {
            "is_hidden": true,
            "pokemon": {
                "name": "kabuto",
                "url": "/api/v2/pokemon/140/"
            },
            "slot": 3
        },
        {
            "is_hidden": true,
            "pokemon": {
                "name": "kabutops",
                "url": "/api/v2/pokemon/141/"
            },
            "slot": 3
        },
        {
            "is_hidden": true,
            "pokemon": {
                "name": "slugma",
                "url": "/api/v2/pokemon/218/"
            },
            "slot": 3
        },
        {
            "is_hidden": true,
            "pokemon": {
                "name": "magcargo",
                "url": "/api/v2/pokemon/219/"
            },
            "slot": 3
        },
        {
            "is_hidden": true,
            "pokemon": {
                "name": "skarmory",
                "url": "/api/v2/pokemon/227/"
            },
            "slot": 3
        },
        {
            "is_hidden": false,
            "pokemon": {
                "name": "roggenrola",
                "url": "/api/v2/pokemon/524/"
            },
            "slot": 2
        },
        {
            "is_hidden": false,
            "pokemon": {
                "name": "boldore",
                "url": "/api/v2/pokemon/525/"
            },
            "slot": 2
        },
        {
            "is_hidden": true,
            "pokemon": {
                "name": "dwebble",
                "url": "/api/v2/pokemon/557/"
            },
            "slot": 3
        },
        {
            "is_hidden": true,
            "pokemon": {
                "name": "crustle",
                "url": "/api/v2/pokemon/558/"
            },
            "slot": 3
        },
        {
            "is_hidden": false,
            "pokemon": {
                "name": "garbodor",
                "url": "/api/v2/pokemon/569/"
            },
            "slot": 2
        },
        {
            "is_hidden": true,
            "pokemon": {
                "name": "vanillite",
                "url": "/api/v2/pokemon/582/"
            },
            "slot": 3
        },
        {
            "is_hidden": true,
            "pokemon": {
                "name": "vanillish",
                "url": "/api/v2/pokemon/583/"
            },
            "slot": 3
        },
        {
            "is_hidden": true,
            "pokemon": {
                "name": "vanilluxe",
                "url": "/api/v2/pokemon/584/"
            },
            "slot": 3
        },
        {
            "is_hidden": true,
            "pokemon": {
                "name": "vullaby",
                "url": "/api/v2/pokemon/629/"
            },
            "slot": 3
        },
        {
            "is_hidden": true,
            "pokemon": {
                "name": "mandibuzz",
                "url": "/api/v2/pokemon/630/"
            },
            "slot": 3
        },
        {
            "is_hidden": false,
            "pokemon": {
                "name": "sinistea",
                "url": "/api/v2/pokemon/854/"
            },
            "slot": 1
        },
        {
            "is_hidden": false,
            "pokemon": {
                "name": "polteageist",
                "url": "/api/v2/pokemon/855/"
            },
            "slot": 1
        },
        {
            "is_hidden": false,
            "pokemon": {
                "name": "cursola",
                "url": "/api/v2/pokemon/864/"
            },
            "slot": 1
        },
        {
            "is_hidden": true,
            "pokemon": {
                "name": "armarouge",
                "url": "/api/v2/pokemon/936/"
            },
            "slot": 3
        },
        {
            "is_hidden": true,
            "pokemon": {
                "name": "ceruledge",
                "url": "/api/v2/pokemon/937/"
            },
            "slot": 3
        },
        {
            "is_hidden": false,
            "pokemon": {
                "name": "corsola-galar",
                "url": "/api/v2/pokemon/10173/"
            },
            "slot": 1
        },
        {
            "is_hidden": false,
            "pokemon": {
                "name": "garbodor-gmax",
                "url": "/api/v2/pokemon/10207/"
            },
            "slot": 2
        }
    ]
}