{
    "effect_changes": [],
    "effect_entries": [
        {
            "effect": "Pok\u00e9mon mit dieser F\u00e4higkeit erh\u00e4lt von fire und ice Attacken nur halben Schaden.",
            "language": {
                "name": "de",
                "url": "/api/v2/language/6/"
            },
            "short_effect": "Halbiert den Schaden von fire und ice Attacken."
        },
        {
            "effect": "This Pok\u00e9mon takes half as much damage from fire- and ice-type moves.",
            "language": {
                "name": "en",
                "url": "/api/v2/language/9/"
            },
            "short_effect": "Halves damage from fire and ice moves."
        }
    ],
    "flavor_text_entries": [
        {
            "flavor_text": "Contre chaleur et froid.",
            "language": {
                "name": "fr",
                "url": "/api/v2/language/5/"
            },
            "version_group": {
                "name": "ruby-sapphire",
                "url": "/api/v2/version-group/5/"
            }
        },
        {
            "flavor_text": "Heat-and-cold protection.",
            "language": {
                "name": "en",
                "url": "/api/v2/language/9/"
            },
            "version_group": {
                "name": "ruby-sapphire",
                "url": "/api/v2/version-group/5/"
            }
        },
        {
            "flavor_text": "Contre chaleur et froid.",
            "language": {
                "name": "fr",
                "url": "/api/v2/language/5/"
            },
            "version_group": {
                "name": "emerald",
                "url": "/api/v2/version-group/6/"
            }
        },
        {
            "flavor_text": "Heat-and-cold protection.",
            "language": {
                "name": "en",
                "url": "/api/v2/language/9/"
            },
            "version_group": {
                "name": "emerald",
                "url": "/api/v2/version-group/6/"
            }
        },
        {
            "flavor_text": "Contre chaleur et froid.",
            "language": {
                "name": "fr",
                "url": "/api/v2/language/5/"
            },
            "version_group": {
                "name": "firered-leafgreen",
                "url": "/api/v2/version-group/7/"
            }
        },
        {
            "flavor_text": "Heat-and-cold protection.",
            "language": {
                "name": "en",
                "url": "/api/v2/language/9/"
            },
            "version_group": {
                "name": "firered-leafgreen",
                "url": "/api/v2/version-group/7/"
            }
        },
        {
            "flavor_text": "Augmente la r\u00e9sistance aux cap. Feu et Glace.",
            "language": {
                "name": "fr",
                "url": "/api/v2/language/5/"
            },
            "version_group": {
                "name": "diamond-pearl",
                "url": "/api/v2/version-group/8/"
            }
        },
        {
            "flavor_text": "Raises resistance to Fire-\u200b\nand Ice-type moves.",
            "language": {
                "name": "en",
                "url": "/api/v2/language/9/"
            },
            "version_group": {
                "name": "diamond-pearl",
                "url": "/api/v2/version-group/8/"
            }
        },
        {
            "flavor_text": "Augmente la r\u00e9sistance aux cap. Feu et Glace.",
            "language": {
                "name": "fr",
                "url": "/api/v2/language/5/"
            },
            "version_group": {
                "name": "platinum",
                "url": "/api/v2/version-group/9/"
            }
        },
        {
            "flavor_text": "Raises resistance to Fire-\u200b\nand Ice-type moves.",
            "language": {
                "name": "en",
                "url": "/api/v2/language/9/"
            },
            "version_group": {
                "name": "platinum",
                "url": "/api/v2/version-group/9/"
            }
        },
        {
            "flavor_text": "Augmente la r\u00e9sistance aux cap. Feu et Glace.",
            "language": {
                "name": "fr",
                "url": "/api/v2/language/5/"
            },
            "version_group": {
                "name": "heartgold-soulsilver",
                "url": "/api/v2/version-group/10/"
            }
        },
        {
            "flavor_text": "Ups resistance to Fire-\u200b\nand Ice-type moves.",
            "language": {
                "name": "en",
                "url": "/api/v2/language/9/"
            },
            "version_group": {
                "name": "heartgold-soulsilver",
                "url": "/api/v2/version-group/10/"
            }
        },
        {
            "flavor_text": "Augmente la r\u00e9sistance aux cap. Feu et Glace.",
            "language": {
                "name": "fr",
                "url": "/api/v2/language/5/"
            },
            "version_group": {
                "name": "black-white",
                "url": "/api/v2/version-group/11/"
            }
        },
        {
            "flavor_text": "Augmente la r\u00e9sistance\naux cap. Feu et Glace.",
            "language": {
                "name": "fr",
                "url": "/api/v2/language/5/"
            },
            "version_group": {
                "name": "black-white",
                "url": "/api/v2/version-group/11/"
            }
        },
        {
            "flavor_text": "Ups resistance to Fire-\u200b\nand Ice-type moves.",
            "language": {
                "name": "en",
                "url": "/api/v2/language/9/"
            },
            "version_group": {
                "name": "black-white",
                "url": "/api/v2/version-group/11/"
            }
        },
        {
            "flavor_text": "Augmente la r\u00e9sistance aux cap. Feu et Glace.",
            "language": {
                "name": "fr",
                "url": "/api/v2/language/5/"
            },
            "version_group": {
                "name": "black-2-white-2",
                "url": "/api/v2/version-group/14/"
            }
        },
        {
            "flavor_text": "Ups resistance to Fire-\u200b\nand Ice-type moves.",
            "language": {
                "name": "en",
                "url": "/api/v2/language/9/"
            },
            "version_group": {
                "name": "black-2-white-2",
                "url": "/api/v2/version-group/14/"
            }
        },
        {
            "flavor_text": "\u307b\u306e\u304a\u3068\u3000\u3053\u304a\u308a\u30bf\u30a4\u30d7\u306e\n\u308f\u3056\u306b\u3000\u3064\u3088\u3044\u3002",
            "language": {
                "name": "ja-Hrkt",
                "url": "/api/v2/language/1/"
            },
            "version_group": {
                "name": "x-y",
                "url": "/api/v2/version-group/15/"
            }
        },
        {
            "flavor_text": "\ubd88\uaf43\uacfc \uc5bc\uc74c\ud0c0\uc785\uc758\n\uae30\uc220\uc5d0 \uac15\ud558\ub2e4.",
            "language": {
                "name": "ko",
                "url": "/api/v2/language/3/"
            },
            "version_group": {
                "name": "x-y",
                "url": "/api/v2/version-group/15/"
            }
        },
        {
            "flavor_text": "Augmente la r\u00e9sistance aux capacit\u00e9s Feu et Glace.",
            "language": {
                "name": "fr",
                "url": "/api/v2/language/5/"
            },
            "version_group": {
                "name": "x-y",
                "url": "/api/v2/version-group/15/"
            }
        },
        {
            "flavor_text": "Le Pok\u00e9mon est prot\u00e9g\u00e9 par une \u00e9paisse couche de graisse qui diminue de moiti\u00e9 les d\u00e9g\u00e2ts qu'il subit des capacit\u00e9s de types Feu et Glace.",
            "language": {
                "name": "fr",
                "url": "/api/v2/language/5/"
            },
            "version_group": {
                "name": "x-y",
                "url": "/api/v2/version-group/15/"
            }
        },
        {
            "flavor_text": "Augmente la r\u00e9sistance aux\ncapacit\u00e9s Feu et Glace.",
            "language": {
                "name": "fr",
                "url": "/api/v2/language/5/"
            },
            "version_group": {
                "name": "x-y",
                "url": "/api/v2/version-group/15/"
            }
        },
        {
            "flavor_text": "Stark gegen Attacken der Typen\nFeuer und Eis.",
            "language": {
                "name": "de",
                "url": "/api/v2/language/6/"
            },
            "version_group": {
                "name": "x-y",
                "url": "/api/v2/version-group/15/"
            }
        },
        {
            "flavor_text": "Aten\u00faa los ataques de tipo Fuego\ny Hielo.",
            "language": {
                "name": "es",
                "url": "/api/v2/language/7/"
            },
            "version_group": {
                "name": "x-y",
                "url": "/api/v2/version-group/15/"
            }
        },
        {
            "flavor_text": "Aumenta la resistenza alle mosse\ndi tipo Fuoco e Ghiaccio.",
            "language": {
                "name": "it",
                "url": "/api/v2/language/8/"
            },
            "version_group": {
                "name": "x-y",
                "url": "/api/v2/version-group/15/"
            }
        },
        {
            "flavor_text": "Boosts resistance to Fire-\u200b\nand Ice-type moves.",
            "language": {
                "name": "en",
                "url": "/api/v2/language/9/"
            },
            "version_group": {
                "name": "x-y",
                "url": "/api/v2/version-group/15/"
            }
        },
        {
            "flavor_text": "\u307b\u306e\u304a\u3068\u3000\u3053\u304a\u308a\u30bf\u30a4\u30d7\u306e\n\u6280\u306b\u3000\u5f37\u3044\u3002",
            "language": {
                "name": "ja",
                "url": "/api/v2/language/11/"
            },
            "version_group": {
                "name": "x-y",
                "url": "/api/v2/version-group/15/"
            }
        },
        {
            "flavor_text": "\u307b\u306e\u304a\u3068\u3000\u3053\u304a\u308a\u30bf\u30a4\u30d7\u306e\n\u308f\u3056\u306b\u3000\u3064\u3088\u3044\u3002",
            "language": {
                "name": "ja-Hrkt",
                "url": "/api/v2/language/1/"
            },
            "version_group": {
                "name": "omega-ruby-alpha-sapphire",
                "url": "/api/v2/version-group/16/"
            }
        },
        {
            "flavor_text": "\ubd88\uaf43\uacfc \uc5bc\uc74c\ud0c0\uc785\uc758\n\uae30\uc220\uc5d0 \uac15\ud558\ub2e4.",
            "language": {
                "name": "ko",
                "url": "/api/v2/language/3/"
            },
            "version_group": {
                "name": "omega-ruby-alpha-sapphire",
                "url": "/api/v2/version-group/16/"
            }
        },
        {
            "flavor_text": "Augmente la r\u00e9sistance aux capacit\u00e9s Feu et Glace.",
            "language": {
                "name": "fr",
                "url": "/api/v2/language/5/"
            },
            "version_group": {
                "name": "omega-ruby-alpha-sapphire",
                "url": "/api/v2/version-group/16/"
            }
        },
        {
            "flavor_text": "Le Pok\u00e9mon est prot\u00e9g\u00e9 par une \u00e9paisse couche de graisse qui diminue de moiti\u00e9 les d\u00e9g\u00e2ts qu'il subit des capacit\u00e9s de types Feu et Glace.",
            "language": {
                "name": "fr",
                "url": "/api/v2/language/5/"
            },
            "version_group": {
                "name": "omega-ruby-alpha-sapphire",
                "url": "/api/v2/version-group/16/"
            }
        },
        {
            "flavor_text": "Augmente la r\u00e9sistance aux\ncapacit\u00e9s Feu et Glace.",
            "language": {
                "name": "fr",
                "url": "/api/v2/language/5/"
            },
            "version_group": {
                "name": "omega-ruby-alpha-sapphire",
                "url": "/api/v2/version-group/16/"
            }
        },
        {
            "flavor_text": "Stark gegen Attacken der Typen\nFeuer und Eis.",
            "language": {
                "name": "de",
                "url": "/api/v2/language/6/"
            },
            "version_group": {
                "name": "omega-ruby-alpha-sapphire",
                "url": "/api/v2/version-group/16/"
            }
        },
        {
            "flavor_text": "Aten\u00faa los ataques de tipo Fuego\ny Hielo.",
            "language": {
                "name": "es",
                "url": "/api/v2/language/7/"
            },
            "version_group": {
                "name": "omega-ruby-alpha-sapphire",
                "url": "/api/v2/version-group/16/"
            }
        },
        {
            "flavor_text": "Aumenta la resistenza alle mosse\ndi tipo Fuoco e Ghiaccio.",
            "language": {
                "name": "it",
                "url": "/api/v2/language/8/"
            },
            "version_group": {
                "name": "omega-ruby-alpha-sapphire",
                "url": "/api/v2/version-group/16/"
            }
        },
        {
            "flavor_text": "Boosts resistance to Fire-\nand Ice-type moves.",
            "language": {
                "name": "en",
                "url": "/api/v2/language/9/"
            },
            "version_group": {
                "name": "omega-ruby-alpha-sapphire",
                "url": "/api/v2/version-group/16/"
            }
        },
        {
            "flavor_text": "\u307b\u306e\u304a\u3068\u3000\u3053\u304a\u308a\u30bf\u30a4\u30d7\u306e\n\u6280\u306b\u3000\u5f37\u3044\u3002",
            "language": {
                "name": "ja",
                "url": "/api/v2/language/11/"
            },
            "version_group": {
                "name": "omega-ruby-alpha-sapphire",
                "url": "/api/v2/version-group/16/"
            }
        },
        {
            "flavor_text": "\u3042\u3064\u3044\u3000\u3057\u307c\u3046\u3067\u3000\u307e\u3082\u3089\u308c\u3066\u3044\u308b\u306e\u3067\n\u307b\u306e\u304a\u30bf\u30a4\u30d7\u3068\u3000\u3053\u304a\u308a\u30bf\u30a4\u30d7\u306e\n\u308f\u3056\u306e\u3000\u30c0\u30e1\u30fc\u30b8\u3092\u3000\u306f\u3093\u3052\u3093\u3055\u305b\u308b\u3002",
            "language": {
                "name": "ja-Hrkt",
                "url": "/api/v2/language/1/"
            },
            "version_group": {
                "name": "sun-moon",
                "url": "/api/v2/version-group/17/"
            }
        },
        {
            "flavor_text": "\ub450\uaebc\uc6b4 \uc9c0\ubc29\uc73c\ub85c \ubcf4\ud638\ub418\uace0 \uc788\uc5b4\n\ubd88\uaf43\ud0c0\uc785\uacfc \uc5bc\uc74c\ud0c0\uc785\uc758\n\uae30\uc220\uc758 \ub370\ubbf8\uc9c0\ub97c \ubc18\uac10\uc2dc\ud0a8\ub2e4.",
            "language": {
                "name": "ko",
                "url": "/api/v2/language/3/"
            },
            "version_group": {
                "name": "sun-moon",
                "url": "/api/v2/version-group/17/"
            }
        },
        {
            "flavor_text": "\u88ab\u539a\u539a\u7684\u8102\u80aa\u4fdd\u8b77\u8457\uff0c\n\u80fd\u5920\u8b93\u706b\u5c6c\u6027\u548c\u51b0\u5c6c\u6027\n\u62db\u5f0f\u7684\u50b7\u5bb3\u6e1b\u534a\u3002",
            "language": {
                "name": "zh-Hant",
                "url": "/api/v2/language/4/"
            },
            "version_group": {
                "name": "sun-moon",
                "url": "/api/v2/version-group/17/"
            }
        },
        {
            "flavor_text": "Le Pok\u00e9mon est prot\u00e9g\u00e9 par une \u00e9paisse couche de graisse qui diminue de moiti\u00e9 les d\u00e9g\u00e2ts qu'il subit des capacit\u00e9s de types Feu et Glace.",
            "language": {
                "name": "fr",
                "url": "/api/v2/language/5/"
            },
            "version_group": {
                "name": "sun-moon",
                "url": "/api/v2/version-group/17/"
            }
        },
        {
            "flavor_text": "Le Pok\u00e9mon est prot\u00e9g\u00e9 par une \u00e9paisse couche\nde graisse qui diminue de moiti\u00e9 les d\u00e9g\u00e2ts qu\u2019il\nsubit des capacit\u00e9s de types Feu et Glace.",
            "language": {
                "name": "fr",
                "url": "/api/v2/language/5/"
            },
            "version_group": {
                "name": "sun-moon",
                "url": "/api/v2/version-group/17/"
            }
        },
        {
            "flavor_text": "Das Pok\u00e9mon wird von einer dicken Fettschicht\ngesch\u00fctzt, was den durch Feuer- und Eis-Attacken\nerlittenen Schaden halbiert.",
            "language": {
                "name": "de",
                "url": "/api/v2/language/6/"
            },
            "version_group": {
                "name": "sun-moon",
                "url": "/api/v2/version-group/17/"
            }
        },
        {
            "flavor_text": "Gracias a la gruesa capa de grasa que lo protege,\nreduce a la mitad el da\u00f1o recibido por ataques de\ntipo Fuego y Hielo.",
            "language": {
                "name": "es",
                "url": "/api/v2/language/7/"
            },
            "version_group": {
                "name": "sun-moon",
                "url": "/api/v2/version-group/17/"
            }
        },
        {
            "flavor_text": "Il Pok\u00e9mon \u00e8 protetto da uno spesso strato\ndi grasso che dimezza il danno causato da\nmosse di tipo Fuoco e Ghiaccio.",
            "language": {
                "name": "it",
                "url": "/api/v2/language/8/"
            },
            "version_group": {
                "name": "sun-moon",
                "url": "/api/v2/version-group/17/"
            }
        },
        {
            "flavor_text": "The Pok\u00e9mon is protected by a layer of thick fat,\nwhich halves the damage taken from Fire- and\nIce-type moves.",
            "language": {
                "name": "en",
                "url": "/api/v2/language/9/"
            },
            "version_group": {
                "name": "sun-moon",
                "url": "/api/v2/version-group/17/"
            }
        },
        {
            "flavor_text": "\u539a\u3044\u3000\u8102\u80aa\u3067\u3000\u5b88\u3089\u308c\u3066\u3044\u308b\u306e\u3067\n\u307b\u306e\u304a\u30bf\u30a4\u30d7\u3068\u3000\u3053\u304a\u308a\u30bf\u30a4\u30d7\u306e\n\u6280\u306e\u3000\u30c0\u30e1\u30fc\u30b8\u3092\u3000\u534a\u6e1b\u3055\u305b\u308b\u3002",
            "language": {
                "name": "ja",
                "url": "/api/v2/language/11/"
            },
            "version_group": {
                "name": "sun-moon",
                "url": "/api/v2/version-group/17/"
            }
        },
        {
            "flavor_text": "\u56e0\u4e3a\u88ab\u539a\u539a\u7684\u8102\u80aa\u4fdd\u62a4\u7740\uff0c\n\u4f1a\u8ba9\u706b\u5c5e\u6027\u548c\u51b0\u5c5e\u6027\u7684\u62db\u5f0f\u4f24\u5bb3\u51cf\u534a\u3002",
            "language": {
                "name": "zh-Hans",
                "url": "/api/v2/language/12/"
            },
            "version_group": {
                "name": "sun-moon",
                "url": "/api/v2/version-group/17/"
            }
        },
        {
            "flavor_text": "\u3042\u3064\u3044\u3000\u3057\u307c\u3046\u3067\u3000\u307e\u3082\u3089\u308c\u3066\u3044\u308b\u306e\u3067\n\u307b\u306e\u304a\u30bf\u30a4\u30d7\u3068\u3000\u3053\u304a\u308a\u30bf\u30a4\u30d7\u306e\n\u308f\u3056\u306e\u3000\u30c0\u30e1\u30fc\u30b8\u3092\u3000\u306f\u3093\u3052\u3093\u3055\u305b\u308b\u3002",
            "language": {
                "name": "ja-Hrkt",
                "url": "/api/v2/language/1/"
            },
            "version_group": {
                "name": "ultra-sun-ultra-moon",
                "url": "/api/v2/version-group/18/"
            }
        },
        {
            "flavor_text": "\ub450\uaebc\uc6b4 \uc9c0\ubc29\uc73c\ub85c \ubcf4\ud638\ub418\uace0 \uc788\uc5b4\n\ubd88\uaf43\ud0c0\uc785\uacfc \uc5bc\uc74c\ud0c0\uc785\uc758\n\uae30\uc220\uc758 \ub370\ubbf8\uc9c0\ub97c \ubc18\uac10\uc2dc\ud0a8\ub2e4.",
            "language": {
                "name": "ko",
                "url": "/api/v2/language/3/"
            },
            "version_group": {
                "name": "ultra-sun-ultra-moon",
                "url": "/api/v2/version-group/18/"
            }
        },
        {
            "flavor_text": "\u88ab\u539a\u539a\u7684\u8102\u80aa\u4fdd\u8b77\u8457\uff0c\n\u80fd\u5920\u8b93\u706b\u5c6c\u6027\u548c\u51b0\u5c6c\u6027\n\u62db\u5f0f\u7684\u50b7\u5bb3\u6e1b\u534a\u3002",
            "language": {
                "name": "zh-Hant",
                "url": "/api/v2/language/4/"
            },
            "version_group": {
                "name": "ultra-sun-ultra-moon",
                "url": "/api/v2/version-group/18/"
            }
        },
        {
            "flavor_text": "Le Pok\u00e9mon est prot\u00e9g\u00e9 par une \u00e9paisse couche de graisse qui diminue de moiti\u00e9 les d\u00e9g\u00e2ts qu'il subit des capacit\u00e9s de types Feu et Glace.",
            "language": {
                "name": "fr",
                "url": "/api/v2/language/5/"
            },
            "version_group": {
                "name": "ultra-sun-ultra-moon",
                "url": "/api/v2/version-group/18/"
            }
        },
        {
            "flavor_text": "Le Pok\u00e9mon est prot\u00e9g\u00e9 par une \u00e9paisse couche\nde graisse qui diminue de moiti\u00e9 les d\u00e9g\u00e2ts qu\u2019il\nsubit des capacit\u00e9s de types Feu et Glace.",
            "language": {
                "name": "fr",
                "url": "/api/v2/language/5/"
            },
            "version_group": {
                "name": "ultra-sun-ultra-moon",
                "url": "/api/v2/version-group/18/"
            }
        },
        {
            "flavor_text": "Das Pok\u00e9mon wird von einer dicken Fettschicht\ngesch\u00fctzt, was den durch Feuer- und Eis-Attacken\nerlittenen Schaden halbiert.",
            "language": {
                "name": "de",
                "url": "/api/v2/language/6/"
            },
            "version_group": {
                "name": "ultra-sun-ultra-moon",
                "url": "/api/v2/version-group/18/"
            }
        },
        {
            "flavor_text": "Gracias a la gruesa capa de grasa que lo protege,\nreduce a la mitad el da\u00f1o recibido por ataques de\ntipo Fuego y Hielo.",
            "language": {
                "name": "es",
                "url": "/api/v2/language/7/"
            },
            "version_group": {
                "name": "ultra-sun-ultra-moon",
                "url": "/api/v2/version-group/18/"
            }
        },
        {
            "flavor_text": "Il Pok\u00e9mon \u00e8 protetto da uno spesso strato\ndi grasso che dimezza il danno causato da\nmosse di tipo Fuoco e Ghiaccio.",
            "language": {
                "name": "it",
                "url": "/api/v2/language/8/"
            },
            "version_group": {
                "name": "ultra-sun-ultra-moon",
                "url": "/api/v2/version-group/18/"
            }
        },
        {
            "flavor_text": "The Pok\u00e9mon is protected by a layer of thick fat,\nwhich halves the damage taken from Fire- and\nIce-type moves.",
            "language": {
                "name": "en",
                "url": "/api/v2/language/9/"
            },
            "version_group": {
                "name": "ultra-sun-ultra-moon",
                "url": "/api/v2/version-group/18/"
            }
        },
        {
            "flavor_text": "\u539a\u3044\u3000\u8102\u80aa\u3067\u3000\u5b88\u3089\u308c\u3066\u3044\u308b\u306e\u3067\n\u307b\u306e\u304a\u30bf\u30a4\u30d7\u3068\u3000\u3053\u304a\u308a\u30bf\u30a4\u30d7\u306e\n\u6280\u306e\u3000\u30c0\u30e1\u30fc\u30b8\u3092\u3000\u534a\u6e1b\u3055\u305b\u308b\u3002",
            "language": {
                "name": "ja",
                "url": "/api/v2/language/11/"
            },
            "version_group": {
                "name": "ultra-sun-ultra-moon",
                "url": "/api/v2/version-group/18/"
            }
        },
        {
            "flavor_text": "\u56e0\u4e3a\u88ab\u539a\u539a\u7684\u8102\u80aa\u4fdd\u62a4\u7740\uff0c\n\u4f1a\u8ba9\u706b\u5c5e\u6027\u548c\u51b0\u5c5e\u6027\u7684\u62db\u5f0f\u4f24\u5bb3\u51cf\u534a\u3002",
            "language": {
                "name": "zh-Hans",
                "url": "/api/v2/language/12/"
            },
            "version_group": {
                "name": "ultra-sun-ultra-moon",
                "url": "/api/v2/version-group/18/"
            }
        },
        {
            "flavor_text": "\u3042\u3064\u3044\u3000\u3057\u307c\u3046\u3067\u3000\u307e\u3082\u3089\u308c\u3066\u3044\u308b\u306e\u3067\n\u307b\u306e\u304a\u30bf\u30a4\u30d7\u3068\u3000\u3053\u304a\u308a\u30bf\u30a4\u30d7\u306e\n\u308f\u3056\u306e\u3000\u30c0\u30e1\u30fc\u30b8\u3092\u3000\u306f\u3093\u3052\u3093\u3055\u305b\u308b\u3002",
            "language": {
                "name": "ja-Hrkt",
                "url": "/api/v2/language/1/"
            },
            "version_group": {
                "name": "lets-go-pikachu-lets-go-eevee",
                "url": "/api/v2/version-group/19/"
            }
        },
        {
            "flavor_text": "\ub450\uaebc\uc6b4 \uc9c0\ubc29\uc73c\ub85c \ubcf4\ud638\ub418\uace0 \uc788\uc5b4\n\ubd88\uaf43\ud0c0\uc785\uacfc \uc5bc\uc74c\ud0c0\uc785\uc758\n\uae30\uc220\uc758 \ub370\ubbf8\uc9c0\ub97c \ubc18\uac10\uc2dc\ud0a8\ub2e4.",
            "language": {
                "name": "ko",
                "url": "/api/v2/language/3/"
            },
            "version_group": {
                "name": "lets-go-pikachu-lets-go-eevee",
                "url": "/api/v2/version-group/19/"
            }
        },
        {
            "flavor_text": "\u88ab\u539a\u539a\u7684\u8102\u80aa\u4fdd\u8b77\u8457\uff0c\n\u80fd\u5920\u8b93\u706b\u5c6c\u6027\u548c\u51b0\u5c6c\u6027\n\u62db\u5f0f\u7684\u50b7\u5bb3\u6e1b\u534a\u3002",
            "language": {
                "name": "zh-Hant",
                "url": "/api/v2/language/4/"
            },
            "version_group": {
                "name": "lets-go-pikachu-lets-go-eevee",
                "url": "/api/v2/version-group/19/"
            }
        },
        {
            "flavor_text": "Le Pok\u00e9mon est prot\u00e9g\u00e9 par une \u00e9paisse couche\nde graisse qui diminue de moiti\u00e9 les d\u00e9g\u00e2ts qu\u2019il\nsubit des capacit\u00e9s de types Feu et Glace.",
            "language": {
                "name": "fr",
                "url": "/api/v2/language/5/"
            },
            "version_group": {
                "name": "lets-go-pikachu-lets-go-eevee",
                "url": "/api/v2/version-group/19/"
            }
        },
        {
            "flavor_text": "Das Pok\u00e9mon wird von einer dicken Fettschicht\ngesch\u00fctzt, was den durch Feuer- und Eis-Attacken\nerlittenen Schaden halbiert.",
            "language": {
                "name": "de",
                "url": "/api/v2/language/6/"
            },
            "version_group": {
                "name": "lets-go-pikachu-lets-go-eevee",
                "url": "/api/v2/version-group/19/"
            }
        },
        {
            "flavor_text": "Gracias a la gruesa capa de grasa que lo protege,\nreduce a la mitad el da\u00f1o recibido por ataques de\ntipo Fuego y Hielo.",
            "language": {
                "name": "es",
                "url": "/api/v2/language/7/"
            },
            "version_group": {
                "name": "lets-go-pikachu-lets-go-eevee",
                "url": "/api/v2/version-group/19/"
            }
        },
        {
            "flavor_text": "Il Pok\u00e9mon \u00e8 protetto da uno spesso strato\ndi grasso che dimezza il danno causato da\nmosse di tipo Fuoco e Ghiaccio.",
            "language": {
                "name": "it",
                "url": "/api/v2/language/8/"
            },
            "version_group": {
                "name": "lets-go-pikachu-lets-go-eevee",
                "url": "/api/v2/version-group/19/"
            }
        },
        {
            "flavor_text": "The Pok\u00e9mon is protected by a layer of thick fat,\nwhich halves the damage taken from Fire- and\nIce-type moves.",
            "language": {
                "name": "en",
                "url": "/api/v2/language/9/"
            },
            "version_group": {
                "name": "lets-go-pikachu-lets-go-eevee",
                "url": "/api/v2/version-group/19/"
            }
        },
        {
            "flavor_text": "\u539a\u3044\u3000\u8102\u80aa\u3067\u3000\u5b88\u3089\u308c\u3066\u3044\u308b\u306e\u3067\n\u307b\u306e\u304a\u30bf\u30a4\u30d7\u3068\u3000\u3053\u304a\u308a\u30bf\u30a4\u30d7\u306e\n\u6280\u306e\u3000\u30c0\u30e1\u30fc\u30b8\u3092\u3000\u534a\u6e1b\u3055\u305b\u308b\u3002",
            "language": {
                "name": "ja",
                "url": "/api/v2/language/11/"
            },
            "version_group": {
                "name": "lets-go-pikachu-lets-go-eevee",
                "url": "/api/v2/version-group/19/"
            }
        },
        {
            "flavor_text": "\u56e0\u4e3a\u88ab\u539a\u539a\u7684\u8102\u80aa\u4fdd\u62a4\u7740\uff0c\n\u4f1a\u8ba9\u706b\u5c5e\u6027\u548c\u51b0\u5c5e\u6027\u7684\u62db\u5f0f\u4f24\u5bb3\u51cf\u534a\u3002",
            "language": {
                "name": "zh-Hans",
                "url": "/api/v2/language/12/"
            },
            "version_group": {
                "name": "lets-go-pikachu-lets-go-eevee",
                "url": "/api/v2/version-group/19/"
            }
        },
        {
            "flavor_text": "\u3042\u3064\u3044\u3000\u3057\u307c\u3046\u3067\u3000\u307e\u3082\u3089\u308c\u3066\u3044\u308b\u306e\u3067\n\u307b\u306e\u304a\u30bf\u30a4\u30d7\u3068\u3000\u3053\u304a\u308a\u30bf\u30a4\u30d7\u306e\n\u308f\u3056\u306e\u3000\u30c0\u30e1\u30fc\u30b8\u3092\u3000\u306f\u3093\u3052\u3093\u3055\u305b\u308b\u3002",
            "language": {
                "name": "ja-Hrkt",
                "url": "/api/v2/language/1/"
            },
            "version_group": {
                "name": "sword-shield",
                "url": "/api/v2/version-group/20/"
            }
        },
        {
            "flavor_text": "\ub450\uaebc\uc6b4 \uc9c0\ubc29\uc73c\ub85c \ubcf4\ud638\ub418\uace0 \uc788\uc5b4\n\ubd88\uaf43\ud0c0\uc785\uacfc \uc5bc\uc74c\ud0c0\uc785\uc758\n\uae30\uc220\uc758 \ub370\ubbf8\uc9c0\ub97c \ubc18\uac10\uc2dc\ud0a8\ub2e4.",
            "language": {
                "name": "ko",
                "url": "/api/v2/language/3/"
            },
            "version_group": {
                "name": "sword-shield",
                "url": "/api/v2/version-group/20/"
            }
        },
        {
            "flavor_text": "\u88ab\u539a\u539a\u7684\u8102\u80aa\u4fdd\u8b77\u8457\uff0c\n\u80fd\u5920\u8b93\u706b\u5c6c\u6027\u548c\u51b0\u5c6c\u6027\n\u62db\u5f0f\u7684\u50b7\u5bb3\u6e1b\u534a\u3002",
            "language": {
                "name": "zh-Hant",
                "url": "/api/v2/language/4/"
            },
            "version_group": {
                "name": "sword-shield",
                "url": "/api/v2/version-group/20/"
            }
        },
        {
            "flavor_text": "Le Pok\u00e9mon est prot\u00e9g\u00e9 par une \u00e9paisse couche de graisse qui diminue de moiti\u00e9 les d\u00e9g\u00e2ts qu'il subit des capacit\u00e9s de types Feu et Glace.",
            "language": {
                "name": "fr",
                "url": "/api/v2/language/5/"
            },
            "version_group": {
                "name": "sword-shield",
                "url": "/api/v2/version-group/20/"
            }
        },
        {
            "flavor_text": "Le Pok\u00e9mon est prot\u00e9g\u00e9 par une \u00e9paisse couche\nde graisse qui diminue de moiti\u00e9 les d\u00e9g\u00e2ts qu\u2019il subit\ndes capacit\u00e9s de types Feu et Glace.",
            "language": {
                "name": "fr",
                "url": "/api/v2/language/5/"
            },
            "version_group": {
                "name": "sword-shield",
                "url": "/api/v2/version-group/20/"
            }
        },
        {
            "flavor_text": "Das Pok\u00e9mon wird von einer dicken Fettschicht\ngesch\u00fctzt, was den durch Feuer- und Eis-Attacken\nerlittenen Schaden halbiert.",
            "language": {
                "name": "de",
                "url": "/api/v2/language/6/"
            },
            "version_group": {
                "name": "sword-shield",
                "url": "/api/v2/version-group/20/"
            }
        },
        {
            "flavor_text": "Gracias a la gruesa capa de grasa que lo protege,\nreduce a la mitad el da\u00f1o que recibe de ataques de\ntipo Fuego o Hielo.",
            "language": {
                "name": "es",
                "url": "/api/v2/language/7/"
            },
            "version_group": {
                "name": "sword-shield",
                "url": "/api/v2/version-group/20/"
            }
        },
        {
            "flavor_text": "Il Pok\u00e9mon \u00e8 protetto da uno spesso strato\ndi grasso che dimezza il danno causato da\nmosse di tipo Fuoco e Ghiaccio.",
            "language": {
                "name": "it",
                "url": "/api/v2/language/8/"
            },
            "version_group": {
                "name": "sword-shield",
                "url": "/api/v2/version-group/20/"
            }
        },
        {
            "flavor_text": "The Pok\u00e9mon is protected by a layer of thick fat,\nwhich halves the damage taken from Fire- and\nIce-type moves.",
            "language": {
                "name": "en",
                "url": "/api/v2/language/9/"
            },
            "version_group": {
                "name": "sword-shield",
                "url": "/api/v2/version-group/20/"
            }
        },
        {
            "flavor_text": "\u539a\u3044\u3000\u8102\u80aa\u3067\u3000\u5b88\u3089\u308c\u3066\u3044\u308b\u306e\u3067\n\u307b\u306e\u304a\u30bf\u30a4\u30d7\u3068\u3000\u3053\u304a\u308a\u30bf\u30a4\u30d7\u306e\n\u6280\u306e\u3000\u30c0\u30e1\u30fc\u30b8\u3092\u3000\u534a\u6e1b\u3055\u305b\u308b\u3002",
            "language": {
                "name": "ja",
                "url": "/api/v2/language/11/"
            },
            "version_group": {
                "name": "sword-shield",
                "url": "/api/v2/version-group/20/"
            }
        },
        {
            "flavor_text": "\u56e0\u4e3a\u88ab\u539a\u539a\u7684\u8102\u80aa\u4fdd\u62a4\u7740\uff0c\n\u4f1a\u8ba9\u706b\u5c5e\u6027\u548c\u51b0\u5c5e\u6027\u7684\u62db\u5f0f\u4f24\u5bb3\u51cf\u534a\u3002",
            "language": {
                "name": "zh-Hans",
                "url": "/api/v2/language/12/"
            },
            "version_group": {
                "name": "sword-shield",
                "url": "/api/v2/version-group/20/"
            }
        },
        {
            "flavor_text": "Le Pok\u00e9mon est prot\u00e9g\u00e9 par une \u00e9paisse couche de graisse qui diminue de moiti\u00e9 les d\u00e9g\u00e2ts qu'il subit des capacit\u00e9s de types Feu et Glace.",
            "language": {
                "name": "fr",
                "url": "/api/v2/language/5/"
            },
            "version_group": {
                "name": "scarlet-violet",
                "url": "/api/v2/version-group/25/"
            }
        },
        {
            "flavor_text": "The Pok\u00e9mon is protected by a layer of thick fat, which halves the damage taken from Fire- and Ice-type moves.",
            "language": {
                "name": "en",
                "url": "/api/v2/language/9/"
            },
            "version_group": {
                "name": "scarlet-violet",
                "url": "/api/v2/version-group/25/"
            }
        }
    ],
    "generation": {
        "name": "generation-iii",
        "url": "/api/v2/generation/3/"
    },
    "id": 47,
    "is_main_series": true,
    "name": "thick-fat",
    "names": [
        {
            "language": {
                "name": "ja-Hrkt",
                "url": "/api/v2/language/1/"
            },
            "name": "\u3042\u3064\u3044\u3057\u307c\u3046"
        },
        {
            "language": {
                "name": "ko",
                "url": "/api/v2/language/3/"
            },
            "name": "\ub450\uaebc\uc6b4\uc9c0\ubc29"
        },
        {
            "language": {
                "name": "zh-Hant",
                "url": "/api/v2/language/4/"
            },
            "name": "\u539a\u8102\u80aa"
        },
        {
            "language": {
                "name": "fr",
                "url": "/api/v2/language/5/"
            },
            "name": "Isograisse"
        },
        {
            "language": {
                "name": "de",
                "url": "/api/v2/language/6/"
            },
            "name": "Speckschicht"
        },
        {
            "language": {
                "name": "es",
                "url": "/api/v2/language/7/"
            },
            "name": "Sebo"
        },
        {
            "language": {
                "name": "it",
                "url": "/api/v2/language/8/"
            },
            "name": "Grassospesso"
        },
        {
            "language": {
                "name": "en",
                "url": "/api/v2/language/9/"
            },
            "name": "Thick Fat"
        },
        {
            "language": {
                "name": "ja",
                "url": "/api/v2/language/11/"
            },
            "name": "\u3042\u3064\u3044\u3057\u307c\u3046"
        },
        {
            "language": {
                "name": "zh-Hans",
                "url": "/api/v2/language/12/"
            },
            "name": "\u539a\u8102\u80aa"
        }
    ],
    "pokemon": [
        {
            "is_hidden": false,
            "pokemon": {
                "name": "seel",
                "url": "/api/v2/pokemon/86/"
            },
            "slot": 1
        },
        {
            "is_hidden": false,
            "pokemon": {
                "name": "dewgong",
                "url": "/api/v2/pokemon/87/"
            },
            "slot": 1
        },
        {
            "is_hidden": false,
            "pokemon": {
                "name": "snorlax",
                "url": "/api/v2/pokemon/143/"
            },
            "slot": 2
        },
        {
            "is_hidden": false,
            "pokemon": {
                "name": "marill",
                "url": "/api/v2/pokemon/183/"
            },
            "slot": 1
        },
        {
            "is_hidden": false,
            "pokemon": {
                "name": "azumarill",
                "url": "/api/v2/pokemon/184/"
            },
            "slot": 1
        },
        {
            "is_hidden": true,
            "pokemon": {
                "name": "swinub",
                "url": "/api/v2/pokemon/220/"
            },
            "slot": 3
        },
        {
            "is_hidden": true,
            "pokemon": {
                "name": "piloswine",
                "url": "/api/v2/pokemon/221/"
            },
            "slot": 3
        },
        {
            "is_hidden": false,
            "pokemon": {
                "name": "miltank",
                "url": "/api/v2/pokemon/241/"
            },
            "slot": 1
        },
        {
            "is_hidden": false,
            "pokemon": {
                "name": "makuhita",
                "url": "/api/v2/pokemon/296/"
            },
            "slot": 1
        },
        {
            "is_hidden": false,
            "pokemon": {
                "name": "hariyama",
                "url": "/api/v2/pokemon/297/"
            },
            "slot": 1
        },
        {
            "is_hidden": false,
            "pokemon": {
                "name": "azurill",
                "url": "/api/v2/pokemon/298/"
            },
            "slot": 1
        },
        {
            "is_hidden": false,
            "pokemon": {
                "name": "spoink",
                "url": "/api/v2/pokemon/325/"
            },
            "slot": 1
        },
        {
            "is_hidden": false,
            "pokemon": {
                "name": "grumpig",
                "url": "/api/v2/pokemon/326/"
            },
            "slot": 1
        },
        {
            "is_hidden": false,
            "pokemon": {
                "name": "spheal",
                "url": "/api/v2/pokemon/363/"
            },
            "slot": 1
        },
        {
            "is_hidden": false,
            "pokemon": {
                "name": "sealeo",
                "url": "/api/v2/pokemon/364/"
            },
            "slot": 1
        },
        {
            "is_hidden": false,
            "pokemon": {
                "name": "walrein",
                "url": "/api/v2/pokemon/365/"
            },
            "slot": 1
        },
        {
            "is_hidden": false,
            "pokemon": {
                "name": "purugly",
                "url": "/api/v2/pokemon/432/"
            },
            "slot": 1
        },
        {
            "is_hidden": false,
            "pokemon": {
                "name": "munchlax",
                "url": "/api/v2/pokemon/446/"
            },
            "slot": 2
        },
        {
            "is_hidden": true,
            "pokemon": {
                "name": "mamoswine",
                "url": "/api/v2/pokemon/473/"
            },
            "slot": 3
        },
        {
            "is_hidden": true,
            "pokemon": {
                "name": "tepig",
                "url": "/api/v2/pokemon/498/"
            },
            "slot": 3
        },
        {
            "is_hidden": true,
            "pokemon": {
                "name": "pignite",
                "url": "/api/v2/pokemon/499/"
            },
            "slot": 3
        },
        {
            "is_hidden": true,
            "pokemon": {
                "name": "appletun",
                "url": "/api/v2/pokemon/842/"
            },
            "slot": 3
        },
        {
            "is_hidden": true,
            "pokemon": {
                "name": "lechonk",
                "url": "/api/v2/pokemon/915/"
            },
            "slot": 3
        },
        {
            "is_hidden": true,
            "pokemon": {
                "name": "oinkologne-male",
                "url": "/api/v2/pokemon/916/"
            },
            "slot": 3
        },
        {
            "is_hidden": false,
            "pokemon": {
                "name": "cetoddle",
                "url": "/api/v2/pokemon/974/"
            },
            "slot": 1
        },
        {
            "is_hidden": false,
            "pokemon": {
                "name": "cetitan",
                "url": "/api/v2/pokemon/975/"
            },
            "slot": 1
        },
        {
            "is_hidden": false,
            "pokemon": {
                "name": "venusaur-mega",
                "url": "/api/v2/pokemon/10033/"
            },
            "slot": 1
        },
        {
            "is_hidden": true,
            "pokemon": {
                "name": "rattata-alola",
                "url": "/api/v2/pokemon/10091/"
            },
            "slot": 3
        },
        {
            "is_hidden": true,
            "pokemon": {
                "name": "raticate-alola",
                "url": "/api/v2/pokemon/10092/"
            },
            "slot": 3
        },
        {
            "is_hidden": true,
            "pokemon": {
                "name": "raticate-totem-alola",
                "url": "/api/v2/pokemon/10093/"
            },
            "slot": 3
        },
        {
            "is_hidden": false,
            "pokemon": {
                "name": "snorlax-gmax",
                "url": "/api/v2/pokemon/10206/"
            },
            "slot": 2
        },
        {
            "is_hidden": true,
            "pokemon": {
                "name": "appletun-gmax",
                "url": "/api/v2/pokemon/10217/"
            },
            "slot": 3
        },
        {
            "is_hidden": true,
            "pokemon": {
                "name": "oinkologne-female",
                "url": "/api/v2/pokemon/10254/"
            },
            "slot": 3
        }
    ]
}