{
    "descriptions": [
        {
            "description": "\u3044\u306d\u3080\u308a\u304c\u3000\u304a\u304a\u3044",
            "language": {
                "name": "ja-Hrkt",
                "url": "/api/v2/language/1/"
            }
        },
        {
            "description": "\ub9d0\ub69d\uc7a0\uc774 \ub9ce\uc74c",
            "language": {
                "name": "ko",
                "url": "/api/v2/language/3/"
            }
        },
        {
            "description": "\u5e38\u5e38\u6253\u778c\u7761",
            "language": {
                "name": "zh-Hant",
                "url": "/api/v2/language/4/"
            }
        },
        {
            "description": "Il dort beaucoup",
            "language": {
                "name": "fr",
                "url": "/api/v2/language/5/"
            }
        },
        {
            "description": "Schl\u00e4ft gern",
            "language": {
                "name": "de",
                "url": "/api/v2/language/6/"
            }
        },
        {
            "description": "Duerme mucho",
            "language": {
                "name": "es",
                "url": "/api/v2/language/7/"
            }
        },
        {
            "description": "Dorme a lungo",
            "language": {
                "name": "it",
                "url": "/api/v2/language/8/"
            }
        },
        {
            "description": "Nods off a lot",
            "language": {
                "name": "en",
                "url": "/api/v2/language/9/"
            }
        },
        {
            "description": "\u5c45\u7720\u308a\u304c\u3000\u591a\u3044",
            "language": {
                "name": "ja",
                "url": "/api/v2/language/11/"
            }
        },
        {
            "description": "\u5e38\u5e38\u6253\u778c\u7761",
            "language": {
                "name": "zh-Hans",
                "url": "/api/v2/language/12/"
            }
        }
    ],
    "gene_modulo": 2,
    "highest_stat": {
        "name": "hp",
        "url": "/api/v2/stat/1/"
    },
    "id": 13,
    "possible_values": [
        2,
        7,
        12,
        17,
        22,
        27
    ]
}