{
    "effect_changes": [
        {
            "effect_entries": [
                {
                    "effect": "Verursacht nur 1/16 der maximalen hp des Angreifers Schaden.",
                    "language": {
                        "name": "de",
                        "url": "/api/v2/language/6/"
                    }
                },
                {
                    "effect": "Inflicts only 1/16 of the attacker's maximum HP in damage.",
                    "language": {
                        "name": "en",
                        "url": "/api/v2/language/9/"
                    }
                }
            ],
            "version_group": {
                "name": "diamond-pearl",
                "url": "/api/v2/version-group/8/"
            }
        }
    ],
    "effect_entries": [
        {
            "effect": "Wenn eine gegnerische Attacke Kontakt mit einem Pok\u00e9mon mit dieser F\u00e4higkeit hat, erleidet der Angreifer 1/8 seiner maximalen hp Schaden.\n\nDiese F\u00e4higkeit ist identisch mit iron barbs.",
            "language": {
                "name": "de",
                "url": "/api/v2/language/6/"
            },
            "short_effect": "Angreifende Pok\u00e9mon erhalten 1/8 ihrer maximalen hp Schaden bei Kontakt."
        },
        {
            "effect": "Whenever a move makes contact with this Pok\u00e9mon, the move's user takes 1/8 of its maximum HP in damage.\n\nThis ability functions identically to iron barbs.",
            "language": {
                "name": "en",
                "url": "/api/v2/language/9/"
            },
            "short_effect": "Damages attacking Pok\u00e9mon for 1/8 their max HP on contact."
        }
    ],
    "flavor_text_entries": [
        {
            "flavor_text": "Blesse quand touch\u00e9.",
            "language": {
                "name": "fr",
                "url": "/api/v2/language/5/"
            },
            "version_group": {
                "name": "ruby-sapphire",
                "url": "/api/v2/version-group/5/"
            }
        },
        {
            "flavor_text": "Hurts to touch.",
            "language": {
                "name": "en",
                "url": "/api/v2/language/9/"
            },
            "version_group": {
                "name": "ruby-sapphire",
                "url": "/api/v2/version-group/5/"
            }
        },
        {
            "flavor_text": "Blesse quand touch\u00e9.",
            "language": {
                "name": "fr",
                "url": "/api/v2/language/5/"
            },
            "version_group": {
                "name": "emerald",
                "url": "/api/v2/version-group/6/"
            }
        },
        {
            "flavor_text": "Hurts to touch.",
            "language": {
                "name": "en",
                "url": "/api/v2/language/9/"
            },
            "version_group": {
                "name": "emerald",
                "url": "/api/v2/version-group/6/"
            }
        },
        {
            "flavor_text": "Blesse quand touch\u00e9.",
            "language": {
                "name": "fr",
                "url": "/api/v2/language/5/"
            },
            "version_group": {
                "name": "firered-leafgreen",
                "url": "/api/v2/version-group/7/"
            }
        },
        {
            "flavor_text": "Hurts to touch.",
            "language": {
                "name": "en",
                "url": "/api/v2/language/9/"
            },
            "version_group": {
                "name": "firered-leafgreen",
                "url": "/api/v2/version-group/7/"
            }
        },
        {
            "flavor_text": "Le Pok\u00e9mon blesse l'ennemi qui le touche.",
            "language": {
                "name": "fr",
                "url": "/api/v2/language/5/"
            },
            "version_group": {
                "name": "diamond-pearl",
                "url": "/api/v2/version-group/8/"
            }
        },
        {
            "flavor_text": "Inflicts damage to the\nfoe on contact.",
            "language": {
                "name": "en",
                "url": "/api/v2/language/9/"
            },
            "version_group": {
                "name": "diamond-pearl",
                "url": "/api/v2/version-group/8/"
            }
        },
        {
            "flavor_text": "Le Pok\u00e9mon blesse l'ennemi qui le touche.",
            "language": {
                "name": "fr",
                "url": "/api/v2/language/5/"
            },
            "version_group": {
                "name": "platinum",
                "url": "/api/v2/version-group/9/"
            }
        },
        {
            "flavor_text": "Inflicts damage to the\nfoe on contact.",
            "language": {
                "name": "en",
                "url": "/api/v2/language/9/"
            },
            "version_group": {
                "name": "platinum",
                "url": "/api/v2/version-group/9/"
            }
        },
        {
            "flavor_text": "Le Pok\u00e9mon blesse l'ennemi qui le touche.",
            "language": {
                "name": "fr",
                "url": "/api/v2/language/5/"
            },
            "version_group": {
                "name": "heartgold-soulsilver",
                "url": "/api/v2/version-group/10/"
            }
        },
        {
            "flavor_text": "Inflicts damage to the\nfoe on contact.",
            "language": {
                "name": "en",
                "url": "/api/v2/language/9/"
            },
            "version_group": {
                "name": "heartgold-soulsilver",
                "url": "/api/v2/version-group/10/"
            }
        },
        {
            "flavor_text": "Le Pok\u00e9mon blesse l'ennemi qui le touche.",
            "language": {
                "name": "fr",
                "url": "/api/v2/language/5/"
            },
            "version_group": {
                "name": "black-white",
                "url": "/api/v2/version-group/11/"
            }
        },
        {
            "flavor_text": "Le Pok\u00e9mon blesse\nl\u2019ennemi qui le touche.",
            "language": {
                "name": "fr",
                "url": "/api/v2/language/5/"
            },
            "version_group": {
                "name": "black-white",
                "url": "/api/v2/version-group/11/"
            }
        },
        {
            "flavor_text": "Inflicts damage to the\nattacker on contact.",
            "language": {
                "name": "en",
                "url": "/api/v2/language/9/"
            },
            "version_group": {
                "name": "black-white",
                "url": "/api/v2/version-group/11/"
            }
        },
        {
            "flavor_text": "Le Pok\u00e9mon blesse l'ennemi qui le touche.",
            "language": {
                "name": "fr",
                "url": "/api/v2/language/5/"
            },
            "version_group": {
                "name": "black-2-white-2",
                "url": "/api/v2/version-group/14/"
            }
        },
        {
            "flavor_text": "Inflicts damage to the\nattacker on contact.",
            "language": {
                "name": "en",
                "url": "/api/v2/language/9/"
            },
            "version_group": {
                "name": "black-2-white-2",
                "url": "/api/v2/version-group/14/"
            }
        },
        {
            "flavor_text": "\u3075\u308c\u305f\u3000\u3042\u3044\u3066\u3092\n\u30ad\u30ba\u3064\u3051\u308b\u3002",
            "language": {
                "name": "ja-Hrkt",
                "url": "/api/v2/language/1/"
            },
            "version_group": {
                "name": "x-y",
                "url": "/api/v2/version-group/15/"
            }
        },
        {
            "flavor_text": "\uc811\ucd09\ud55c \uc0c1\ub300\uc5d0\uac8c\n\uc0c1\ucc98\ub97c \uc785\ud78c\ub2e4.",
            "language": {
                "name": "ko",
                "url": "/api/v2/language/3/"
            },
            "version_group": {
                "name": "x-y",
                "url": "/api/v2/version-group/15/"
            }
        },
        {
            "flavor_text": "Blesse l'attaquant au moindre contact.",
            "language": {
                "name": "fr",
                "url": "/api/v2/language/5/"
            },
            "version_group": {
                "name": "x-y",
                "url": "/api/v2/version-group/15/"
            }
        },
        {
            "flavor_text": "Blesse l'attaquant lorsque le Pok\u00e9mon subit une attaque directe.",
            "language": {
                "name": "fr",
                "url": "/api/v2/language/5/"
            },
            "version_group": {
                "name": "x-y",
                "url": "/api/v2/version-group/15/"
            }
        },
        {
            "flavor_text": "Blesse l\u2019attaquant au\nmoindre contact.",
            "language": {
                "name": "fr",
                "url": "/api/v2/language/5/"
            },
            "version_group": {
                "name": "x-y",
                "url": "/api/v2/version-group/15/"
            }
        },
        {
            "flavor_text": "Verletzt Angreifer bei Ber\u00fchrung.",
            "language": {
                "name": "de",
                "url": "/api/v2/language/6/"
            },
            "version_group": {
                "name": "x-y",
                "url": "/api/v2/version-group/15/"
            }
        },
        {
            "flavor_text": "Hiere al tacto.",
            "language": {
                "name": "es",
                "url": "/api/v2/language/7/"
            },
            "version_group": {
                "name": "x-y",
                "url": "/api/v2/version-group/15/"
            }
        },
        {
            "flavor_text": "Il nemico che manda a segno una\nmossa fisica viene danneggiato.",
            "language": {
                "name": "it",
                "url": "/api/v2/language/8/"
            },
            "version_group": {
                "name": "x-y",
                "url": "/api/v2/version-group/15/"
            }
        },
        {
            "flavor_text": "Inflicts damage to the\nattacker on contact.",
            "language": {
                "name": "en",
                "url": "/api/v2/language/9/"
            },
            "version_group": {
                "name": "x-y",
                "url": "/api/v2/version-group/15/"
            }
        },
        {
            "flavor_text": "\u89e6\u308c\u305f\u3000\u76f8\u624b\u3092\n\u30ad\u30ba\u3064\u3051\u308b\u3002",
            "language": {
                "name": "ja",
                "url": "/api/v2/language/11/"
            },
            "version_group": {
                "name": "x-y",
                "url": "/api/v2/version-group/15/"
            }
        },
        {
            "flavor_text": "\u3075\u308c\u305f\u3000\u3042\u3044\u3066\u3092\n\u30ad\u30ba\u3064\u3051\u308b\u3002",
            "language": {
                "name": "ja-Hrkt",
                "url": "/api/v2/language/1/"
            },
            "version_group": {
                "name": "omega-ruby-alpha-sapphire",
                "url": "/api/v2/version-group/16/"
            }
        },
        {
            "flavor_text": "\uc811\ucd09\ud55c \uc0c1\ub300\uc5d0\uac8c\n\uc0c1\ucc98\ub97c \uc785\ud78c\ub2e4.",
            "language": {
                "name": "ko",
                "url": "/api/v2/language/3/"
            },
            "version_group": {
                "name": "omega-ruby-alpha-sapphire",
                "url": "/api/v2/version-group/16/"
            }
        },
        {
            "flavor_text": "Blesse l'attaquant au moindre contact.",
            "language": {
                "name": "fr",
                "url": "/api/v2/language/5/"
            },
            "version_group": {
                "name": "omega-ruby-alpha-sapphire",
                "url": "/api/v2/version-group/16/"
            }
        },
        {
            "flavor_text": "Blesse l'attaquant lorsque le Pok\u00e9mon subit une attaque directe.",
            "language": {
                "name": "fr",
                "url": "/api/v2/language/5/"
            },
            "version_group": {
                "name": "omega-ruby-alpha-sapphire",
                "url": "/api/v2/version-group/16/"
            }
        },
        {
            "flavor_text": "Blesse l\u2019attaquant au moindre\ncontact.",
            "language": {
                "name": "fr",
                "url": "/api/v2/language/5/"
            },
            "version_group": {
                "name": "omega-ruby-alpha-sapphire",
                "url": "/api/v2/version-group/16/"
            }
        },
        {
            "flavor_text": "Verletzt Angreifer bei Ber\u00fchrung.",
            "language": {
                "name": "de",
                "url": "/api/v2/language/6/"
            },
            "version_group": {
                "name": "omega-ruby-alpha-sapphire",
                "url": "/api/v2/version-group/16/"
            }
        },
        {
            "flavor_text": "Hiere al hacer contacto.",
            "language": {
                "name": "es",
                "url": "/api/v2/language/7/"
            },
            "version_group": {
                "name": "omega-ruby-alpha-sapphire",
                "url": "/api/v2/version-group/16/"
            }
        },
        {
            "flavor_text": "Se chi attacca mette a segno una    \nmossa fisica, viene danneggiato.",
            "language": {
                "name": "it",
                "url": "/api/v2/language/8/"
            },
            "version_group": {
                "name": "omega-ruby-alpha-sapphire",
                "url": "/api/v2/version-group/16/"
            }
        },
        {
            "flavor_text": "Inflicts damage to the\nattacker on contact.",
            "language": {
                "name": "en",
                "url": "/api/v2/language/9/"
            },
            "version_group": {
                "name": "omega-ruby-alpha-sapphire",
                "url": "/api/v2/version-group/16/"
            }
        },
        {
            "flavor_text": "\u89e6\u308c\u305f\u3000\u76f8\u624b\u3092\n\u30ad\u30ba\u3064\u3051\u308b\u3002",
            "language": {
                "name": "ja",
                "url": "/api/v2/language/11/"
            },
            "version_group": {
                "name": "omega-ruby-alpha-sapphire",
                "url": "/api/v2/version-group/16/"
            }
        },
        {
            "flavor_text": "\u3053\u3046\u3052\u304d\u3092\u3000\u3046\u3051\u305f\u3068\u304d\n\u3058\u3076\u3093\u306b\u3000\u3075\u308c\u305f\u3000\u3042\u3044\u3066\u3092\n\u3056\u3089\u3056\u3089\u306e\u3000\u306f\u3060\u3067\u3000\u30ad\u30ba\u3064\u3051\u308b\u3002",
            "language": {
                "name": "ja-Hrkt",
                "url": "/api/v2/language/1/"
            },
            "version_group": {
                "name": "sun-moon",
                "url": "/api/v2/version-group/17/"
            }
        },
        {
            "flavor_text": "\uacf5\uaca9\uc744 \ubc1b\uc558\uc744 \ub54c\n\uc790\uc2e0\uc5d0\uac8c \uc811\ucd09\ud55c \uc0c1\ub300\ub97c\n\uae4c\uce60\uae4c\uce60\ud55c \ud53c\ubd80\ub85c \uc0c1\ucc98\ub97c \uc785\ud78c\ub2e4.",
            "language": {
                "name": "ko",
                "url": "/api/v2/language/3/"
            },
            "version_group": {
                "name": "sun-moon",
                "url": "/api/v2/version-group/17/"
            }
        },
        {
            "flavor_text": "\u53d7\u5230\u653b\u64ca\u6642\uff0c\n\u7528\u7c97\u7cd9\u7684\u76ae\u819a\u5f04\u50b7\n\u63a5\u89f8\u5230\u81ea\u5df1\u7684\u5c0d\u624b\u3002",
            "language": {
                "name": "zh-Hant",
                "url": "/api/v2/language/4/"
            },
            "version_group": {
                "name": "sun-moon",
                "url": "/api/v2/version-group/17/"
            }
        },
        {
            "flavor_text": "Blesse l'attaquant lorsque le Pok\u00e9mon subit une attaque directe.",
            "language": {
                "name": "fr",
                "url": "/api/v2/language/5/"
            },
            "version_group": {
                "name": "sun-moon",
                "url": "/api/v2/version-group/17/"
            }
        },
        {
            "flavor_text": "Blesse l\u2019attaquant lorsque le Pok\u00e9mon subit\nune attaque directe.",
            "language": {
                "name": "fr",
                "url": "/api/v2/language/5/"
            },
            "version_group": {
                "name": "sun-moon",
                "url": "/api/v2/version-group/17/"
            }
        },
        {
            "flavor_text": "Angreifer werden durch die raue Haut des Pok\u00e9mon\nbei direkten Attacken verletzt.",
            "language": {
                "name": "de",
                "url": "/api/v2/language/6/"
            },
            "version_group": {
                "name": "sun-moon",
                "url": "/api/v2/version-group/17/"
            }
        },
        {
            "flavor_text": "Hiere con su piel \u00e1spera al rival que lo ataque con un\nmovimiento de contacto.",
            "language": {
                "name": "es",
                "url": "/api/v2/language/7/"
            },
            "version_group": {
                "name": "sun-moon",
                "url": "/api/v2/version-group/17/"
            }
        },
        {
            "flavor_text": "Se il Pok\u00e9mon \u00e8 colpito da un attacco diretto, grazie\nalla sua pelle ruvida infligge danni a sua volta.",
            "language": {
                "name": "it",
                "url": "/api/v2/language/8/"
            },
            "version_group": {
                "name": "sun-moon",
                "url": "/api/v2/version-group/17/"
            }
        },
        {
            "flavor_text": "This Pok\u00e9mon inflicts damage with its rough skin\nto the attacker on contact.",
            "language": {
                "name": "en",
                "url": "/api/v2/language/9/"
            },
            "version_group": {
                "name": "sun-moon",
                "url": "/api/v2/version-group/17/"
            }
        },
        {
            "flavor_text": "\u653b\u6483\u3092\u3000\u53d7\u3051\u305f\u3068\u304d\n\u81ea\u5206\u306b\u3000\u89e6\u308c\u305f\u3000\u76f8\u624b\u3092\n\u3056\u3089\u3056\u3089\u306e\u3000\u808c\u3067\u3000\u30ad\u30ba\u3064\u3051\u308b\u3002",
            "language": {
                "name": "ja",
                "url": "/api/v2/language/11/"
            },
            "version_group": {
                "name": "sun-moon",
                "url": "/api/v2/version-group/17/"
            }
        },
        {
            "flavor_text": "\u53d7\u5230\u653b\u51fb\u65f6\uff0c\n\u7528\u7c97\u7cd9\u7684\u76ae\u80a4\u5f04\u4f24\n\u63a5\u89e6\u5230\u81ea\u5df1\u7684\u5bf9\u624b\u3002",
            "language": {
                "name": "zh-Hans",
                "url": "/api/v2/language/12/"
            },
            "version_group": {
                "name": "sun-moon",
                "url": "/api/v2/version-group/17/"
            }
        },
        {
            "flavor_text": "\u3053\u3046\u3052\u304d\u3092\u3000\u3046\u3051\u305f\u3068\u304d\n\u3058\u3076\u3093\u306b\u3000\u3075\u308c\u305f\u3000\u3042\u3044\u3066\u3092\n\u3056\u3089\u3056\u3089\u306e\u3000\u306f\u3060\u3067\u3000\u30ad\u30ba\u3064\u3051\u308b\u3002",
            "language": {
                "name": "ja-Hrkt",
                "url": "/api/v2/language/1/"
            },
            "version_group": {
                "name": "ultra-sun-ultra-moon",
                "url": "/api/v2/version-group/18/"
            }
        },
        {
            "flavor_text": "\uacf5\uaca9\uc744 \ubc1b\uc558\uc744 \ub54c\n\uc790\uc2e0\uc5d0\uac8c \uc811\ucd09\ud55c \uc0c1\ub300\ub97c\n\uae4c\uce60\uae4c\uce60\ud55c \ud53c\ubd80\ub85c \uc0c1\ucc98\ub97c \uc785\ud78c\ub2e4.",
            "language": {
                "name": "ko",
                "url": "/api/v2/language/3/"
            },
            "version_group": {
                "name": "ultra-sun-ultra-moon",
                "url": "/api/v2/version-group/18/"
            }
        },
        {
            "flavor_text": "\u53d7\u5230\u653b\u64ca\u6642\uff0c\n\u7528\u7c97\u7cd9\u7684\u76ae\u819a\u5f04\u50b7\n\u63a5\u89f8\u5230\u81ea\u5df1\u7684\u5c0d\u624b\u3002",
            "language": {
                "name": "zh-Hant",
                "url": "/api/v2/language/4/"
            },
            "version_group": {
                "name": "ultra-sun-ultra-moon",
                "url": "/api/v2/version-group/18/"
            }
        },
        {
            "flavor_text": "Blesse l'attaquant lorsque le Pok\u00e9mon subit une attaque directe.",
            "language": {
                "name": "fr",
                "url": "/api/v2/language/5/"
            },
            "version_group": {
                "name": "ultra-sun-ultra-moon",
                "url": "/api/v2/version-group/18/"
            }
        },
        {
            "flavor_text": "Blesse l\u2019attaquant lorsque le Pok\u00e9mon subit\nune attaque directe.",
            "language": {
                "name": "fr",
                "url": "/api/v2/language/5/"
            },
            "version_group": {
                "name": "ultra-sun-ultra-moon",
                "url": "/api/v2/version-group/18/"
            }
        },
        {
            "flavor_text": "Angreifer werden durch die raue Haut des Pok\u00e9mon\nbei direkten Attacken verletzt.",
            "language": {
                "name": "de",
                "url": "/api/v2/language/6/"
            },
            "version_group": {
                "name": "ultra-sun-ultra-moon",
                "url": "/api/v2/version-group/18/"
            }
        },
        {
            "flavor_text": "Hiere con su piel \u00e1spera al rival que lo ataque con un\nmovimiento de contacto.",
            "language": {
                "name": "es",
                "url": "/api/v2/language/7/"
            },
            "version_group": {
                "name": "ultra-sun-ultra-moon",
                "url": "/api/v2/version-group/18/"
            }
        },
        {
            "flavor_text": "Se il Pok\u00e9mon \u00e8 colpito da un attacco diretto, grazie\nalla sua pelle ruvida infligge danni a sua volta.",
            "language": {
                "name": "it",
                "url": "/api/v2/language/8/"
            },
            "version_group": {
                "name": "ultra-sun-ultra-moon",
                "url": "/api/v2/version-group/18/"
            }
        },
        {
            "flavor_text": "This Pok\u00e9mon inflicts damage with its rough skin\nto the attacker on contact.",
            "language": {
                "name": "en",
                "url": "/api/v2/language/9/"
            },
            "version_group": {
                "name": "ultra-sun-ultra-moon",
                "url": "/api/v2/version-group/18/"
            }
        },
        {
            "flavor_text": "\u653b\u6483\u3092\u3000\u53d7\u3051\u305f\u3068\u304d\n\u81ea\u5206\u306b\u3000\u89e6\u308c\u305f\u3000\u76f8\u624b\u3092\n\u3056\u3089\u3056\u3089\u306e\u3000\u808c\u3067\u3000\u30ad\u30ba\u3064\u3051\u308b\u3002",
            "language": {
                "name": "ja",
                "url": "/api/v2/language/11/"
            },
            "version_group": {
                "name": "ultra-sun-ultra-moon",
                "url": "/api/v2/version-group/18/"
            }
        },
        {
            "flavor_text": "\u53d7\u5230\u653b\u51fb\u65f6\uff0c\n\u7528\u7c97\u7cd9\u7684\u76ae\u80a4\u5f04\u4f24\n\u63a5\u89e6\u5230\u81ea\u5df1\u7684\u5bf9\u624b\u3002",
            "language": {
                "name": "zh-Hans",
                "url": "/api/v2/language/12/"
            },
            "version_group": {
                "name": "ultra-sun-ultra-moon",
                "url": "/api/v2/version-group/18/"
            }
        },
        {
            "flavor_text": "\u3053\u3046\u3052\u304d\u3092\u3000\u3046\u3051\u305f\u3068\u304d\n\u3058\u3076\u3093\u306b\u3000\u3075\u308c\u305f\u3000\u3042\u3044\u3066\u3092\n\u3056\u3089\u3056\u3089\u306e\u3000\u306f\u3060\u3067\u3000\u30ad\u30ba\u3064\u3051\u308b\u3002",
            "language": {
                "name": "ja-Hrkt",
                "url": "/api/v2/language/1/"
            },
            "version_group": {
                "name": "lets-go-pikachu-lets-go-eevee",
                "url": "/api/v2/version-group/19/"
            }
        },
        {
            "flavor_text": "\uacf5\uaca9\uc744 \ubc1b\uc558\uc744 \ub54c\n\uc790\uc2e0\uc5d0\uac8c \uc811\ucd09\ud55c \uc0c1\ub300\ub97c\n\uae4c\uce60\uae4c\uce60\ud55c \ud53c\ubd80\ub85c \uc0c1\ucc98\ub97c \uc785\ud78c\ub2e4.",
            "language": {
                "name": "ko",
                "url": "/api/v2/language/3/"
            },
            "version_group": {
                "name": "lets-go-pikachu-lets-go-eevee",
                "url": "/api/v2/version-group/19/"
            }
        },
        {
            "flavor_text": "\u53d7\u5230\u653b\u64ca\u6642\uff0c\n\u7528\u7c97\u7cd9\u7684\u76ae\u819a\u5f04\u50b7\n\u63a5\u89f8\u5230\u81ea\u5df1\u7684\u5c0d\u624b\u3002",
            "language": {
                "name": "zh-Hant",
                "url": "/api/v2/language/4/"
            },
            "version_group": {
                "name": "lets-go-pikachu-lets-go-eevee",
                "url": "/api/v2/version-group/19/"
            }
        },
        {
            "flavor_text": "Blesse l\u2019attaquant lorsque le Pok\u00e9mon subit\nune attaque directe.",
            "language": {
                "name": "fr",
                "url": "/api/v2/language/5/"
            },
            "version_group": {
                "name": "lets-go-pikachu-lets-go-eevee",
                "url": "/api/v2/version-group/19/"
            }
        },
        {
            "flavor_text": "Angreifer werden durch die raue Haut des Pok\u00e9mon\nbei direkten Attacken verletzt.",
            "language": {
                "name": "de",
                "url": "/api/v2/language/6/"
            },
            "version_group": {
                "name": "lets-go-pikachu-lets-go-eevee",
                "url": "/api/v2/version-group/19/"
            }
        },
        {
            "flavor_text": "Hiere con su piel \u00e1spera al rival que lo ataque con un\nmovimiento de contacto.",
            "language": {
                "name": "es",
                "url": "/api/v2/language/7/"
            },
            "version_group": {
                "name": "lets-go-pikachu-lets-go-eevee",
                "url": "/api/v2/version-group/19/"
            }
        },
        {
            "flavor_text": "Se il Pok\u00e9mon \u00e8 colpito da un attacco diretto, grazie\nalla sua pelle ruvida infligge danni a sua volta.",
            "language": {
                "name": "it",
                "url": "/api/v2/language/8/"
            },
            "version_group": {
                "name": "lets-go-pikachu-lets-go-eevee",
                "url": "/api/v2/version-group/19/"
            }
        },
        {
            "flavor_text": "This Pok\u00e9mon inflicts damage with its rough skin\nto the attacker on contact.",
            "language": {
                "name": "en",
                "url": "/api/v2/language/9/"
            },
            "version_group": {
                "name": "lets-go-pikachu-lets-go-eevee",
                "url": "/api/v2/version-group/19/"
            }
        },
        {
            "flavor_text": "\u653b\u6483\u3092\u3000\u53d7\u3051\u305f\u3068\u304d\n\u81ea\u5206\u306b\u3000\u89e6\u308c\u305f\u3000\u76f8\u624b\u3092\n\u3056\u3089\u3056\u3089\u306e\u3000\u808c\u3067\u3000\u30ad\u30ba\u3064\u3051\u308b\u3002",
            "language": {
                "name": "ja",
                "url": "/api/v2/language/11/"
            },
            "version_group": {
                "name": "lets-go-pikachu-lets-go-eevee",
                "url": "/api/v2/version-group/19/"
            }
        },
        {
            "flavor_text": "\u53d7\u5230\u653b\u51fb\u65f6\uff0c\n\u7528\u7c97\u7cd9\u7684\u76ae\u80a4\u5f04\u4f24\n\u63a5\u89e6\u5230\u81ea\u5df1\u7684\u5bf9\u624b\u3002",
            "language": {
                "name": "zh-Hans",
                "url": "/api/v2/language/12/"
            },
            "version_group": {
                "name": "lets-go-pikachu-lets-go-eevee",
                "url": "/api/v2/version-group/19/"
            }
        },
        {
            "flavor_text": "\u3053\u3046\u3052\u304d\u3092\u3000\u3046\u3051\u305f\u3068\u304d\n\u3058\u3076\u3093\u306b\u3000\u3075\u308c\u305f\u3000\u3042\u3044\u3066\u3092\n\u3056\u3089\u3056\u3089\u306e\u3000\u306f\u3060\u3067\u3000\u30ad\u30ba\u3064\u3051\u308b\u3002",
            "language": {
                "name": "ja-Hrkt",
                "url": "/api/v2/language/1/"
            },
            "version_group": {
                "name": "sword-shield",
                "url": "/api/v2/version-group/20/"
            }
        },
        {
            "flavor_text": "\uacf5\uaca9\uc744 \ubc1b\uc558\uc744 \ub54c\n\uc790\uc2e0\uc5d0\uac8c \uc811\ucd09\ud55c \uc0c1\ub300\ub97c\n\uae4c\uce60\uae4c\uce60\ud55c \ud53c\ubd80\ub85c \uc0c1\ucc98\ub97c \uc785\ud78c\ub2e4.",
            "language": {
                "name": "ko",
                "url": "/api/v2/language/3/"
            },
            "version_group": {
                "name": "sword-shield",
                "url": "/api/v2/version-group/20/"
            }
        },
        {
            "flavor_text": "\u53d7\u5230\u653b\u64ca\u6642\uff0c\n\u7528\u7c97\u7cd9\u7684\u76ae\u819a\u5f04\u50b7\n\u63a5\u89f8\u5230\u81ea\u5df1\u7684\u5c0d\u624b\u3002",
            "language": {
                "name": "zh-Hant",
                "url": "/api/v2/language/4/"
            },
            "version_group": {
                "name": "sword-shield",
                "url": "/api/v2/version-group/20/"
            }
        },
        {
            "flavor_text": "Blesse l'attaquant lorsque le Pok\u00e9mon subit une attaque directe.",
            "language": {
                "name": "fr",
                "url": "/api/v2/language/5/"
            },
            "version_group": {
                "name": "sword-shield",
                "url": "/api/v2/version-group/20/"
            }
        },
        {
            "flavor_text": "Blesse l\u2019attaquant lorsque le Pok\u00e9mon subit\nune attaque directe.",
            "language": {
                "name": "fr",
                "url": "/api/v2/language/5/"
            },
            "version_group": {
                "name": "sword-shield",
                "url": "/api/v2/version-group/20/"
            }
        },
        {
            "flavor_text": "Angreifer werden durch die raue Haut des Pok\u00e9mon\nbei direkten Attacken verletzt.",
            "language": {
                "name": "de",
                "url": "/api/v2/language/6/"
            },
            "version_group": {
                "name": "sword-shield",
                "url": "/api/v2/version-group/20/"
            }
        },
        {
            "flavor_text": "Hiere con su piel \u00e1spera al rival que lo ataque con un\nmovimiento de contacto.",
            "language": {
                "name": "es",
                "url": "/api/v2/language/7/"
            },
            "version_group": {
                "name": "sword-shield",
                "url": "/api/v2/version-group/20/"
            }
        },
        {
            "flavor_text": "Se il Pok\u00e9mon \u00e8 colpito da un attacco diretto, grazie\nalla sua pelle ruvida infligge danni a sua volta.",
            "language": {
                "name": "it",
                "url": "/api/v2/language/8/"
            },
            "version_group": {
                "name": "sword-shield",
                "url": "/api/v2/version-group/20/"
            }
        },
        {
            "flavor_text": "This Pok\u00e9mon inflicts damage with its rough skin\nto the attacker on contact.",
            "language": {
                "name": "en",
                "url": "/api/v2/language/9/"
            },
            "version_group": {
                "name": "sword-shield",
                "url": "/api/v2/version-group/20/"
            }
        },
        {
            "flavor_text": "\u653b\u6483\u3092\u3000\u53d7\u3051\u305f\u3068\u304d\n\u81ea\u5206\u306b\u3000\u89e6\u308c\u305f\u3000\u76f8\u624b\u3092\n\u3056\u3089\u3056\u3089\u306e\u3000\u808c\u3067\u3000\u30ad\u30ba\u3064\u3051\u308b\u3002",
            "language": {
                "name": "ja",
                "url": "/api/v2/language/11/"
            },
            "version_group": {
                "name": "sword-shield",
                "url": "/api/v2/version-group/20/"
            }
        },
        {
            "flavor_text": "\u53d7\u5230\u653b\u51fb\u65f6\uff0c\n\u7528\u7c97\u7cd9\u7684\u76ae\u80a4\u5f04\u4f24\n\u63a5\u89e6\u5230\u81ea\u5df1\u7684\u5bf9\u624b\u3002",
            "language": {
                "name": "zh-Hans",
                "url": "/api/v2/language/12/"
            },
            "version_group": {
                "name": "sword-shield",
                "url": "/api/v2/version-group/20/"
            }
        },
        {
            "flavor_text": "Blesse l'attaquant lorsque le Pok\u00e9mon subit une attaque directe.",
            "language": {
                "name": "fr",
                "url": "/api/v2/language/5/"
            },
            "version_group": {
                "name": "scarlet-violet",
                "url": "/api/v2/version-group/25/"
            }
        },
        {
            "flavor_text": "The Pok\u00e9mon's rough skin damages attackers that make direct contact with it.",
            "language": {
                "name": "en",
                "url": "/api/v2/language/9/"
            },
            "version_group": {
                "name": "scarlet-violet",
                "url": "/api/v2/version-group/25/"
            }
        }
    ],
    "generation": {
        "name": "generation-iii",
        "url": "/api/v2/generation/3/"
    },
    "id": 24,
    "is_main_series": true,
    "name": "rough-skin",
    "names": [
        {
            "language": {
                "name": "ja-Hrkt",
                "url": "/api/v2/language/1/"
            },
            "name": "\u3055\u3081\u306f\u3060"
        },
        {
            "language": {
                "name": "ko",
                "url": "/api/v2/language/3/"
            },
            "name": "\uae4c\uce60\ud55c\ud53c\ubd80"
        },
        {
            "language": {
                "name": "zh-Hant",
                "url": "/api/v2/language/4/"
            },
            "name": "\u7c97\u7cd9\u76ae\u819a"
        },
        {
            "language": {
                "name": "fr",
                "url": "/api/v2/language/5/"
            },
            "name": "Peau Dure"
        },
        {
            "language": {
                "name": "de",
                "url": "/api/v2/language/6/"
            },
            "name": "Rauhaut"
        },
        {
            "language": {
                "name": "es",
                "url": "/api/v2/language/7/"
            },
            "name": "Piel Tosca"
        },
        {
            "language": {
                "name": "it",
                "url": "/api/v2/language/8/"
            },
            "name": "Cartavetro"
        },
        {
            "language": {
                "name": "en",
                "url": "/api/v2/language/9/"
            },
            "name": "Rough Skin"
        },
        {
            "language": {
                "name": "ja",
                "url": "/api/v2/language/11/"
            },
            "name": "\u3055\u3081\u306f\u3060"
        },
        {
            "language": {
                "name": "zh-Hans",
                "url": "/api/v2/language/12/"
            },
            "name": "\u7c97\u7cd9\u76ae\u80a4"
        }
    ],
    "pokemon": [
        {
            "is_hidden": false,
            "pokemon": {
                "name": "carvanha",
                "url": "/api/v2/pokemon/318/"
            },
            "slot": 1
        },
        {
            "is_hidden": false,
            "pokemon": {
                "name": "sharpedo",
                "url": "/api/v2/pokemon/319/"
            },
            "slot": 1
        },
        {
            "is_hidden": true,
            "pokemon": {
                "name": "gible",
                "url": "/api/v2/pokemon/443/"
            },
            "slot": 3
        },
        {
            "is_hidden": true,
            "pokemon": {
                "name": "gabite",
                "url": "/api/v2/pokemon/444/"
            },
            "slot": 3
        },
        {
            "is_hidden": true,
            "pokemon": {
                "name": "garchomp",
                "url": "/api/v2/pokemon/445/"
            },
            "slot": 3
        },
        {
            "is_hidden": false,
            "pokemon": {
                "name": "druddigon",
                "url": "/api/v2/pokemon/621/"
            },
            "slot": 1
        }
    ]
}