{
    "effect_changes": [
        {
            "effect_entries": [
                {
                    "effect": "Verhindert keine regul\u00e4ren K.O. bei vollen hp.",
                    "language": {
                        "name": "de",
                        "url": "/api/v2/language/6/"
                    }
                },
                {
                    "effect": "Does not prevent regular KOs from full HP.",
                    "language": {
                        "name": "en",
                        "url": "/api/v2/language/9/"
                    }
                }
            ],
            "version_group": {
                "name": "black-white",
                "url": "/api/v2/version-group/11/"
            }
        }
    ],
    "effect_entries": [
        {
            "effect": "Wenn das Pok\u00e9mon volle hp hat, l\u00e4sst jeder Treffer der das Pok\u00e9mon besiegt h\u00e4tte ein hp \u00fcbrig. Das Pok\u00e9mon ist immun gegen die K.O.-Attacken fissure, guillotine, horn drill und sheer cold.\n\nH\u00e4lt das Pok\u00e9mon ein focus sash, hat die F\u00e4higkeit Vorrang und das Item wird nicht verbraucht.",
            "language": {
                "name": "de",
                "url": "/api/v2/language/6/"
            },
            "short_effect": "Verhindert K.O.-Treffer bei vollen hp, das Pok\u00e9mon beh\u00e4lt 1 hp. Sch\u00fctzt gegen K.O.-Attacken."
        },
        {
            "effect": "When this Pok\u00e9mon is at full HP, any hit that would knock it out will instead leave it with 1 HP.  Regardless of its current HP, it is also immune to the one-hit KO moves: fissure, guillotine, horn drill, and sheer cold.\n\nIf this Pok\u00e9mon is holding a focus sash, this ability takes precedence and the item will not be consumed.",
            "language": {
                "name": "en",
                "url": "/api/v2/language/9/"
            },
            "short_effect": "Prevents being KOed from full HP, leaving 1 HP instead.  Protects against the one-hit KO moves regardless of HP."
        }
    ],
    "flavor_text_entries": [
        {
            "flavor_text": "Negates 1-hit KO attacks.",
            "language": {
                "name": "en",
                "url": "/api/v2/language/9/"
            },
            "version_group": {
                "name": "ruby-sapphire",
                "url": "/api/v2/version-group/5/"
            }
        },
        {
            "flavor_text": "Negates 1-hit KO attacks.",
            "language": {
                "name": "en",
                "url": "/api/v2/language/9/"
            },
            "version_group": {
                "name": "emerald",
                "url": "/api/v2/version-group/6/"
            }
        },
        {
            "flavor_text": "Negates 1-hit KO attacks.",
            "language": {
                "name": "en",
                "url": "/api/v2/language/9/"
            },
            "version_group": {
                "name": "firered-leafgreen",
                "url": "/api/v2/version-group/7/"
            }
        },
        {
            "flavor_text": "The Pok\u00e9mon is protected\nagainst 1-hit KO attacks.",
            "language": {
                "name": "en",
                "url": "/api/v2/language/9/"
            },
            "version_group": {
                "name": "diamond-pearl",
                "url": "/api/v2/version-group/8/"
            }
        },
        {
            "flavor_text": "The Pok\u00e9mon is protected\nagainst 1-hit KO attacks.",
            "language": {
                "name": "en",
                "url": "/api/v2/language/9/"
            },
            "version_group": {
                "name": "platinum",
                "url": "/api/v2/version-group/9/"
            }
        },
        {
            "flavor_text": "It is protected against\n1-hit KO attacks.",
            "language": {
                "name": "en",
                "url": "/api/v2/language/9/"
            },
            "version_group": {
                "name": "heartgold-soulsilver",
                "url": "/api/v2/version-group/10/"
            }
        },
        {
            "flavor_text": "Prot\u00e8ge des capacit\u00e9s\nmettant K.O. en un coup.",
            "language": {
                "name": "fr",
                "url": "/api/v2/language/5/"
            },
            "version_group": {
                "name": "black-white",
                "url": "/api/v2/version-group/11/"
            }
        },
        {
            "flavor_text": "It cannot be knocked\nout with one hit.",
            "language": {
                "name": "en",
                "url": "/api/v2/language/9/"
            },
            "version_group": {
                "name": "black-white",
                "url": "/api/v2/version-group/11/"
            }
        },
        {
            "flavor_text": "It cannot be knocked\nout with one hit.",
            "language": {
                "name": "en",
                "url": "/api/v2/language/9/"
            },
            "version_group": {
                "name": "black-2-white-2",
                "url": "/api/v2/version-group/14/"
            }
        },
        {
            "flavor_text": "\u3044\u3061\u3052\u304d\u3067\n\u305f\u304a\u3055\u308c\u306a\u3044\u3002",
            "language": {
                "name": "ja-Hrkt",
                "url": "/api/v2/language/1/"
            },
            "version_group": {
                "name": "x-y",
                "url": "/api/v2/version-group/15/"
            }
        },
        {
            "flavor_text": "\uc77c\uaca9\uc73c\ub85c\n\uc4f0\ub7ec\uc9c0\uc9c0 \uc54a\ub294\ub2e4.",
            "language": {
                "name": "ko",
                "url": "/api/v2/language/3/"
            },
            "version_group": {
                "name": "x-y",
                "url": "/api/v2/version-group/15/"
            }
        },
        {
            "flavor_text": "Prot\u00e8ge des capacit\u00e9s mettant\nK.O. en un coup.",
            "language": {
                "name": "fr",
                "url": "/api/v2/language/5/"
            },
            "version_group": {
                "name": "x-y",
                "url": "/api/v2/version-group/15/"
            }
        },
        {
            "flavor_text": "Bietet Schutz gegen K.O.-Treffer.",
            "language": {
                "name": "de",
                "url": "/api/v2/language/6/"
            },
            "version_group": {
                "name": "x-y",
                "url": "/api/v2/version-group/15/"
            }
        },
        {
            "flavor_text": "Evita que el rival pueda debilitarle\nde un solo golpe.",
            "language": {
                "name": "es",
                "url": "/api/v2/language/7/"
            },
            "version_group": {
                "name": "x-y",
                "url": "/api/v2/version-group/15/"
            }
        },
        {
            "flavor_text": "Evita che il Pok\u00e9mon vada KO\nin un sol colpo.",
            "language": {
                "name": "it",
                "url": "/api/v2/language/8/"
            },
            "version_group": {
                "name": "x-y",
                "url": "/api/v2/version-group/15/"
            }
        },
        {
            "flavor_text": "It cannot be knocked\nout with one hit.",
            "language": {
                "name": "en",
                "url": "/api/v2/language/9/"
            },
            "version_group": {
                "name": "x-y",
                "url": "/api/v2/version-group/15/"
            }
        },
        {
            "flavor_text": "\u4e00\u6483\u3067\u3000\u5012\u3055\u308c\u306a\u3044\u3002\n",
            "language": {
                "name": "ja",
                "url": "/api/v2/language/11/"
            },
            "version_group": {
                "name": "x-y",
                "url": "/api/v2/version-group/15/"
            }
        },
        {
            "flavor_text": "\u3044\u3061\u3052\u304d\u3067\n\u305f\u304a\u3055\u308c\u306a\u3044\u3002",
            "language": {
                "name": "ja-Hrkt",
                "url": "/api/v2/language/1/"
            },
            "version_group": {
                "name": "omega-ruby-alpha-sapphire",
                "url": "/api/v2/version-group/16/"
            }
        },
        {
            "flavor_text": "\uc77c\uaca9\uc73c\ub85c\n\uc4f0\ub7ec\uc9c0\uc9c0 \uc54a\ub294\ub2e4.",
            "language": {
                "name": "ko",
                "url": "/api/v2/language/3/"
            },
            "version_group": {
                "name": "omega-ruby-alpha-sapphire",
                "url": "/api/v2/version-group/16/"
            }
        },
        {
            "flavor_text": "Prot\u00e8ge des capacit\u00e9s mettant\nK.O. en un coup.",
            "language": {
                "name": "fr",
                "url": "/api/v2/language/5/"
            },
            "version_group": {
                "name": "omega-ruby-alpha-sapphire",
                "url": "/api/v2/version-group/16/"
            }
        },
        {
            "flavor_text": "Bietet Schutz gegen K.O.-Treffer.",
            "language": {
                "name": "de",
                "url": "/api/v2/language/6/"
            },
            "version_group": {
                "name": "omega-ruby-alpha-sapphire",
                "url": "/api/v2/version-group/16/"
            }
        },
        {
            "flavor_text": "Evita que el rival pueda debilitarle\nde un solo golpe.",
            "language": {
                "name": "es",
                "url": "/api/v2/language/7/"
            },
            "version_group": {
                "name": "omega-ruby-alpha-sapphire",
                "url": "/api/v2/version-group/16/"
            }
        },
        {
            "flavor_text": "Evita che il Pok\u00e9mon vada KO\nin un sol colpo.",
            "language": {
                "name": "it",
                "url": "/api/v2/language/8/"
            },
            "version_group": {
                "name": "omega-ruby-alpha-sapphire",
                "url": "/api/v2/version-group/16/"
            }
        },
        {
            "flavor_text": "It cannot be knocked\nout with one hit.",
            "language": {
                "name": "en",
                "url": "/api/v2/language/9/"
            },
            "version_group": {
                "name": "omega-ruby-alpha-sapphire",
                "url": "/api/v2/version-group/16/"
            }
        },
        {
            "flavor_text": "\u4e00\u6483\u3067\u3000\u5012\u3055\u308c\u306a\u3044\u3002\n",
            "language": {
                "name": "ja",
                "url": "/api/v2/language/11/"
            },
            "version_group": {
                "name": "omega-ruby-alpha-sapphire",
                "url": "/api/v2/version-group/16/"
            }
        },
        {
            "flavor_text": "\u3042\u3044\u3066\u306e\u3000\u308f\u3056\u3092\u3000\u3046\u3051\u3066\u3082\n\u3044\u3061\u3052\u304d\u3067\u3000\u305f\u304a\u3055\u308c\u308b\u3053\u3068\u304c\u3000\u306a\u3044\u3002\n\u3044\u3061\u3052\u304d\u3072\u3063\u3055\u3064\u308f\u3056\u3082\u3000\u304d\u304b\u306a\u3044\u3002",
            "language": {
                "name": "ja-Hrkt",
                "url": "/api/v2/language/1/"
            },
            "version_group": {
                "name": "sun-moon",
                "url": "/api/v2/version-group/17/"
            }
        },
        {
            "flavor_text": "\uc0c1\ub300 \uae30\uc220\uc744 \ubc1b\uc544\ub3c4\n\uc77c\uaca9\uc73c\ub85c \uc4f0\ub7ec\uc9c0\uc9c0 \uc54a\ub294\ub2e4.\n\uc77c\uaca9\ud544\uc0b4 \uae30\uc220\ub3c4 \ud6a8\uacfc \uc5c6\ub2e4.",
            "language": {
                "name": "ko",
                "url": "/api/v2/language/3/"
            },
            "version_group": {
                "name": "sun-moon",
                "url": "/api/v2/version-group/17/"
            }
        },
        {
            "flavor_text": "\u53d7\u5230\u5c0d\u624b\u7684\u62db\u5f0f\u653b\u64ca\u6642\n\u4e0d\u6703\u88ab\u4e00\u64ca\u6253\u5012\u3002\n\u4e00\u64ca\u5fc5\u6bba\u7684\u62db\u5f0f\u4e5f\u6c92\u6709\u6548\u679c\u3002",
            "language": {
                "name": "zh-Hant",
                "url": "/api/v2/language/4/"
            },
            "version_group": {
                "name": "sun-moon",
                "url": "/api/v2/version-group/17/"
            }
        },
        {
            "flavor_text": "Le Pok\u00e9mon encaisse toujours au moins une attaque\ns\u2019il a tous ses PV. Il est \u00e9galement immunis\u00e9 contre\nles capacit\u00e9s pouvant mettre K.O. en un coup.",
            "language": {
                "name": "fr",
                "url": "/api/v2/language/5/"
            },
            "version_group": {
                "name": "sun-moon",
                "url": "/api/v2/version-group/17/"
            }
        },
        {
            "flavor_text": "Bietet Schutz gegen K.O.-Attacken. Bei vollen KP\n\u00fcbersteht das Pok\u00e9mon auch K.O.-Treffer.",
            "language": {
                "name": "de",
                "url": "/api/v2/language/6/"
            },
            "version_group": {
                "name": "sun-moon",
                "url": "/api/v2/version-group/17/"
            }
        },
        {
            "flavor_text": "Evita que el rival pueda debilitarlo de un solo golpe\ncuando tiene los PS al m\u00e1ximo.\nTambi\u00e9n anula los movimientos fulminantes.",
            "language": {
                "name": "es",
                "url": "/api/v2/language/7/"
            },
            "version_group": {
                "name": "sun-moon",
                "url": "/api/v2/version-group/17/"
            }
        },
        {
            "flavor_text": "Se il Pok\u00e9mon ha tutti i PS, evita che vada KO\nin un sol colpo. Inoltre, \u00e8 immune alle mosse\nche causano KO immediato.",
            "language": {
                "name": "it",
                "url": "/api/v2/language/8/"
            },
            "version_group": {
                "name": "sun-moon",
                "url": "/api/v2/version-group/17/"
            }
        },
        {
            "flavor_text": "It cannot be knocked out with one hit. One-hit KO\nmoves cannot knock it out, either.",
            "language": {
                "name": "en",
                "url": "/api/v2/language/9/"
            },
            "version_group": {
                "name": "sun-moon",
                "url": "/api/v2/version-group/17/"
            }
        },
        {
            "flavor_text": "\u76f8\u624b\u306e\u3000\u6280\u3092\u3000\u53d7\u3051\u3066\u3082\n\u4e00\u6483\u3067\u3000\u5012\u3055\u308c\u308b\u3053\u3068\u304c\u3000\u306a\u3044\u3002\n\u4e00\u6483\u5fc5\u6bba\u6280\u3082\u3000\u52b9\u304b\u306a\u3044\u3002",
            "language": {
                "name": "ja",
                "url": "/api/v2/language/11/"
            },
            "version_group": {
                "name": "sun-moon",
                "url": "/api/v2/version-group/17/"
            }
        },
        {
            "flavor_text": "\u5373\u4f7f\u53d7\u5230\u5bf9\u624b\u7684\u62db\u5f0f\u653b\u51fb\uff0c\n\u4e5f\u4e0d\u4f1a\u88ab\u4e00\u51fb\u6253\u5012\u3002\n\u4e00\u51fb\u5fc5\u6740\u7684\u62db\u5f0f\u4e5f\u6ca1\u6709\u6548\u679c\u3002",
            "language": {
                "name": "zh-Hans",
                "url": "/api/v2/language/12/"
            },
            "version_group": {
                "name": "sun-moon",
                "url": "/api/v2/version-group/17/"
            }
        },
        {
            "flavor_text": "\u3042\u3044\u3066\u306e\u3000\u308f\u3056\u3092\u3000\u3046\u3051\u3066\u3082\n\u3044\u3061\u3052\u304d\u3067\u3000\u305f\u304a\u3055\u308c\u308b\u3053\u3068\u304c\u3000\u306a\u3044\u3002\n\u3044\u3061\u3052\u304d\u3072\u3063\u3055\u3064\u308f\u3056\u3082\u3000\u304d\u304b\u306a\u3044\u3002",
            "language": {
                "name": "ja-Hrkt",
                "url": "/api/v2/language/1/"
            },
            "version_group": {
                "name": "ultra-sun-ultra-moon",
                "url": "/api/v2/version-group/18/"
            }
        },
        {
            "flavor_text": "\uc0c1\ub300 \uae30\uc220\uc744 \ubc1b\uc544\ub3c4\n\uc77c\uaca9\uc73c\ub85c \uc4f0\ub7ec\uc9c0\uc9c0 \uc54a\ub294\ub2e4.\n\uc77c\uaca9\ud544\uc0b4 \uae30\uc220\ub3c4 \ud6a8\uacfc \uc5c6\ub2e4.",
            "language": {
                "name": "ko",
                "url": "/api/v2/language/3/"
            },
            "version_group": {
                "name": "ultra-sun-ultra-moon",
                "url": "/api/v2/version-group/18/"
            }
        },
        {
            "flavor_text": "\u53d7\u5230\u5c0d\u624b\u7684\u62db\u5f0f\u653b\u64ca\u6642\n\u4e0d\u6703\u88ab\u4e00\u64ca\u6253\u5012\u3002\n\u4e00\u64ca\u5fc5\u6bba\u7684\u62db\u5f0f\u4e5f\u6c92\u6709\u6548\u679c\u3002",
            "language": {
                "name": "zh-Hant",
                "url": "/api/v2/language/4/"
            },
            "version_group": {
                "name": "ultra-sun-ultra-moon",
                "url": "/api/v2/version-group/18/"
            }
        },
        {
            "flavor_text": "Le Pok\u00e9mon encaisse toujours au moins une attaque\ns\u2019il a tous ses PV. Il est \u00e9galement immunis\u00e9 contre\nles capacit\u00e9s pouvant mettre K.O. en un coup.",
            "language": {
                "name": "fr",
                "url": "/api/v2/language/5/"
            },
            "version_group": {
                "name": "ultra-sun-ultra-moon",
                "url": "/api/v2/version-group/18/"
            }
        },
        {
            "flavor_text": "Bietet Schutz gegen K.O.-Attacken. Bei vollen KP\n\u00fcbersteht das Pok\u00e9mon auch K.O.-Treffer.",
            "language": {
                "name": "de",
                "url": "/api/v2/language/6/"
            },
            "version_group": {
                "name": "ultra-sun-ultra-moon",
                "url": "/api/v2/version-group/18/"
            }
        },
        {
            "flavor_text": "Evita que el rival pueda debilitarlo de un solo golpe\ncuando tiene los PS al m\u00e1ximo.\nTambi\u00e9n anula los movimientos fulminantes.",
            "language": {
                "name": "es",
                "url": "/api/v2/language/7/"
            },
            "version_group": {
                "name": "ultra-sun-ultra-moon",
                "url": "/api/v2/version-group/18/"
            }
        },
        {
            "flavor_text": "Se il Pok\u00e9mon ha tutti i PS, evita che vada KO\nin un sol colpo. Inoltre, \u00e8 immune alle mosse\nche causano KO immediato.",
            "language": {
                "name": "it",
                "url": "/api/v2/language/8/"
            },
            "version_group": {
                "name": "ultra-sun-ultra-moon",
                "url": "/api/v2/version-group/18/"
            }
        },
        {
            "flavor_text": "It cannot be knocked out with one hit. One-hit KO\nmoves cannot knock it out, either.",
            "language": {
                "name": "en",
                "url": "/api/v2/language/9/"
            },
            "version_group": {
                "name": "ultra-sun-ultra-moon",
                "url": "/api/v2/version-group/18/"
            }
        },
        {
            "flavor_text": "\u76f8\u624b\u306e\u3000\u6280\u3092\u3000\u53d7\u3051\u3066\u3082\n\u4e00\u6483\u3067\u3000\u5012\u3055\u308c\u308b\u3053\u3068\u304c\u3000\u306a\u3044\u3002\n\u4e00\u6483\u5fc5\u6bba\u6280\u3082\u3000\u52b9\u304b\u306a\u3044\u3002",
            "language": {
                "name": "ja",
                "url": "/api/v2/language/11/"
            },
            "version_group": {
                "name": "ultra-sun-ultra-moon",
                "url": "/api/v2/version-group/18/"
            }
        },
        {
            "flavor_text": "\u5373\u4f7f\u53d7\u5230\u5bf9\u624b\u7684\u62db\u5f0f\u653b\u51fb\uff0c\n\u4e5f\u4e0d\u4f1a\u88ab\u4e00\u51fb\u6253\u5012\u3002\n\u4e00\u51fb\u5fc5\u6740\u7684\u62db\u5f0f\u4e5f\u6ca1\u6709\u6548\u679c\u3002",
            "language": {
                "name": "zh-Hans",
                "url": "/api/v2/language/12/"
            },
            "version_group": {
                "name": "ultra-sun-ultra-moon",
                "url": "/api/v2/version-group/18/"
            }
        },
        {
            "flavor_text": "\u3042\u3044\u3066\u306e\u3000\u308f\u3056\u3092\u3000\u3046\u3051\u3066\u3082\n\u3044\u3061\u3052\u304d\u3067\u3000\u305f\u304a\u3055\u308c\u308b\u3053\u3068\u304c\u3000\u306a\u3044\u3002\n\u3044\u3061\u3052\u304d\u3072\u3063\u3055\u3064\u308f\u3056\u3082\u3000\u304d\u304b\u306a\u3044\u3002",
            "language": {
                "name": "ja-Hrkt",
                "url": "/api/v2/language/1/"
            },
            "version_group": {
                "name": "lets-go-pikachu-lets-go-eevee",
                "url": "/api/v2/version-group/19/"
            }
        },
        {
            "flavor_text": "\uc0c1\ub300 \uae30\uc220\uc744 \ubc1b\uc544\ub3c4\n\uc77c\uaca9\uc73c\ub85c \uc4f0\ub7ec\uc9c0\uc9c0 \uc54a\ub294\ub2e4.\n\uc77c\uaca9\ud544\uc0b4 \uae30\uc220\ub3c4 \ud6a8\uacfc \uc5c6\ub2e4.",
            "language": {
                "name": "ko",
                "url": "/api/v2/language/3/"
            },
            "version_group": {
                "name": "lets-go-pikachu-lets-go-eevee",
                "url": "/api/v2/version-group/19/"
            }
        },
        {
            "flavor_text": "\u53d7\u5230\u5c0d\u624b\u7684\u62db\u5f0f\u653b\u64ca\u6642\n\u4e0d\u6703\u88ab\u4e00\u64ca\u6253\u5012\u3002\n\u4e00\u64ca\u5fc5\u6bba\u7684\u62db\u5f0f\u4e5f\u6c92\u6709\u6548\u679c\u3002",
            "language": {
                "name": "zh-Hant",
                "url": "/api/v2/language/4/"
            },
            "version_group": {
                "name": "lets-go-pikachu-lets-go-eevee",
                "url": "/api/v2/version-group/19/"
            }
        },
        {
            "flavor_text": "Le Pok\u00e9mon encaisse toujours au moins une attaque\ns\u2019il a tous ses PV. Il est \u00e9galement immunis\u00e9 contre\nles capacit\u00e9s pouvant mettre K.O. en un coup.",
            "language": {
                "name": "fr",
                "url": "/api/v2/language/5/"
            },
            "version_group": {
                "name": "lets-go-pikachu-lets-go-eevee",
                "url": "/api/v2/version-group/19/"
            }
        },
        {
            "flavor_text": "Bietet Schutz gegen K.O.-Attacken. Bei vollen KP\n\u00fcbersteht das Pok\u00e9mon auch K.O.-Treffer.",
            "language": {
                "name": "de",
                "url": "/api/v2/language/6/"
            },
            "version_group": {
                "name": "lets-go-pikachu-lets-go-eevee",
                "url": "/api/v2/version-group/19/"
            }
        },
        {
            "flavor_text": "Evita que el rival pueda debilitarlo de un solo golpe\ncuando tiene los PS al m\u00e1ximo.\nTambi\u00e9n anula los movimientos fulminantes.",
            "language": {
                "name": "es",
                "url": "/api/v2/language/7/"
            },
            "version_group": {
                "name": "lets-go-pikachu-lets-go-eevee",
                "url": "/api/v2/version-group/19/"
            }
        },
        {
            "flavor_text": "Se il Pok\u00e9mon ha tutti i PS, evita che vada KO\nin un sol colpo. Inoltre, \u00e8 immune alle mosse\nche causano KO immediato.",
            "language": {
                "name": "it",
                "url": "/api/v2/language/8/"
            },
            "version_group": {
                "name": "lets-go-pikachu-lets-go-eevee",
                "url": "/api/v2/version-group/19/"
            }
        },
        {
            "flavor_text": "It cannot be knocked out with one hit. One-hit KO\nmoves cannot knock it out, either.",
            "language": {
                "name": "en",
                "url": "/api/v2/language/9/"
            },
            "version_group": {
                "name": "lets-go-pikachu-lets-go-eevee",
                "url": "/api/v2/version-group/19/"
            }
        },
        {
            "flavor_text": "\u76f8\u624b\u306e\u3000\u6280\u3092\u3000\u53d7\u3051\u3066\u3082\n\u4e00\u6483\u3067\u3000\u5012\u3055\u308c\u308b\u3053\u3068\u304c\u3000\u306a\u3044\u3002\n\u4e00\u6483\u5fc5\u6bba\u6280\u3082\u3000\u52b9\u304b\u306a\u3044\u3002",
            "language": {
                "name": "ja",
                "url": "/api/v2/language/11/"
            },
            "version_group": {
                "name": "lets-go-pikachu-lets-go-eevee",
                "url": "/api/v2/version-group/19/"
            }
        },
        {
            "flavor_text": "\u5373\u4f7f\u53d7\u5230\u5bf9\u624b\u7684\u62db\u5f0f\u653b\u51fb\uff0c\n\u4e5f\u4e0d\u4f1a\u88ab\u4e00\u51fb\u6253\u5012\u3002\n\u4e00\u51fb\u5fc5\u6740\u7684\u62db\u5f0f\u4e5f\u6ca1\u6709\u6548\u679c\u3002",
            "language": {
                "name": "zh-Hans",
                "url": "/api/v2/language/12/"
            },
            "version_group": {
                "name": "lets-go-pikachu-lets-go-eevee",
                "url": "/api/v2/version-group/19/"
            }
        },
        {
            "flavor_text": "\u3042\u3044\u3066\u306e\u3000\u308f\u3056\u3092\u3000\u3046\u3051\u3066\u3082\n\u3044\u3061\u3052\u304d\u3067\u3000\u305f\u304a\u3055\u308c\u308b\u3053\u3068\u304c\u3000\u306a\u3044\u3002\n\u3044\u3061\u3052\u304d\u3072\u3063\u3055\u3064\u308f\u3056\u3082\u3000\u304d\u304b\u306a\u3044\u3002",
            "language": {
                "name": "ja-Hrkt",
                "url": "/api/v2/language/1/"
            },
            "version_group": {
                "name": "sword-shield",
                "url": "/api/v2/version-group/20/"
            }
        },
        {
            "flavor_text": "\uc0c1\ub300 \uae30\uc220\uc744 \ubc1b\uc544\ub3c4\n\uc77c\uaca9\uc73c\ub85c \uc4f0\ub7ec\uc9c0\uc9c0 \uc54a\ub294\ub2e4.\n\uc77c\uaca9\ud544\uc0b4 \uae30\uc220\ub3c4 \ud6a8\uacfc \uc5c6\ub2e4.",
            "language": {
                "name": "ko",
                "url": "/api/v2/language/3/"
            },
            "version_group": {
                "name": "sword-shield",
                "url": "/api/v2/version-group/20/"
            }
        },
        {
            "flavor_text": "\u53d7\u5230\u5c0d\u624b\u7684\u62db\u5f0f\u653b\u64ca\u6642\n\u4e0d\u6703\u88ab\u4e00\u64ca\u6253\u5012\u3002\n\u4e00\u64ca\u5fc5\u6bba\u7684\u62db\u5f0f\u4e5f\u6c92\u6709\u6548\u679c\u3002",
            "language": {
                "name": "zh-Hant",
                "url": "/api/v2/language/4/"
            },
            "version_group": {
                "name": "sword-shield",
                "url": "/api/v2/version-group/20/"
            }
        },
        {
            "flavor_text": "Le Pok\u00e9mon encaisse toujours au moins une attaque\ns\u2019il a tous ses PV. Il est \u00e9galement immunis\u00e9 contre\nles capacit\u00e9s pouvant mettre K.O. en un coup.",
            "language": {
                "name": "fr",
                "url": "/api/v2/language/5/"
            },
            "version_group": {
                "name": "sword-shield",
                "url": "/api/v2/version-group/20/"
            }
        },
        {
            "flavor_text": "Bietet Schutz gegen K.O.-Attacken. Bei vollen KP\n\u00fcbersteht das Pok\u00e9mon auch K.O.-Treffer.",
            "language": {
                "name": "de",
                "url": "/api/v2/language/6/"
            },
            "version_group": {
                "name": "sword-shield",
                "url": "/api/v2/version-group/20/"
            }
        },
        {
            "flavor_text": "Evita que el rival pueda debilitarlo de un solo golpe\ncuando tiene los PS al m\u00e1ximo.\nTambi\u00e9n evita los movimientos fulminantes.",
            "language": {
                "name": "es",
                "url": "/api/v2/language/7/"
            },
            "version_group": {
                "name": "sword-shield",
                "url": "/api/v2/version-group/20/"
            }
        },
        {
            "flavor_text": "Evita che il Pok\u00e9mon vada KO in un sol colpo se ha\ntutti i PS, e lo rende immune alle mosse che causano\nKO immediato.",
            "language": {
                "name": "it",
                "url": "/api/v2/language/8/"
            },
            "version_group": {
                "name": "sword-shield",
                "url": "/api/v2/version-group/20/"
            }
        },
        {
            "flavor_text": "It cannot be knocked out with one hit. One-hit KO\nmoves cannot knock it out, either.",
            "language": {
                "name": "en",
                "url": "/api/v2/language/9/"
            },
            "version_group": {
                "name": "sword-shield",
                "url": "/api/v2/version-group/20/"
            }
        },
        {
            "flavor_text": "\u76f8\u624b\u306e\u3000\u6280\u3092\u3000\u53d7\u3051\u3066\u3082\n\u4e00\u6483\u3067\u3000\u5012\u3055\u308c\u308b\u3053\u3068\u304c\u3000\u306a\u3044\u3002\n\u4e00\u6483\u5fc5\u6bba\u6280\u3082\u3000\u52b9\u304b\u306a\u3044\u3002",
            "language": {
                "name": "ja",
                "url": "/api/v2/language/11/"
            },
            "version_group": {
                "name": "sword-shield",
                "url": "/api/v2/version-group/20/"
            }
        },
        {
            "flavor_text": "\u5373\u4f7f\u53d7\u5230\u5bf9\u624b\u7684\u62db\u5f0f\u653b\u51fb\uff0c\n\u4e5f\u4e0d\u4f1a\u88ab\u4e00\u51fb\u6253\u5012\u3002\n\u4e00\u51fb\u5fc5\u6740\u7684\u62db\u5f0f\u4e5f\u6ca1\u6709\u6548\u679c\u3002",
            "language": {
                "name": "zh-Hans",
                "url": "/api/v2/language/12/"
            },
            "version_group": {
                "name": "sword-shield",
                "url": "/api/v2/version-group/20/"
            }
        },
        {
            "flavor_text": "Le Pok\u00e9mon encaisse toujours au moins une attaque\\ns\u2019il a tous ses PV. Il est \u00e9galement immunis\u00e9 contre\\nles capacit\u00e9s pouvant mettre K.O. en un coup.",
            "language": {
                "name": "fr",
                "url": "/api/v2/language/5/"
            },
            "version_group": {
                "name": "scarlet-violet",
                "url": "/api/v2/version-group/25/"
            }
        },
        {
            "flavor_text": "The Pok\u00e9mon cannot be knocked out by a single hit as long as its HP is full. One-hit KO moves will also fail to knock it out.",
            "language": {
                "name": "en",
                "url": "/api/v2/language/9/"
            },
            "version_group": {
                "name": "scarlet-violet",
                "url": "/api/v2/version-group/25/"
            }
        }
    ],
    "generation": {
        "name": "generation-iii",
        "url": "/api/v2/generation/3/"
    },
    "id": 5,
    "is_main_series": true,
    "name": "sturdy",
    "names": [
        {
            "language": {
                "name": "ja-Hrkt",
                "url": "/api/v2/language/1/"
            },
            "name": "\u304c\u3093\u3058\u3087\u3046"
        },
        {
            "language": {
                "name": "ko",
                "url": "/api/v2/language/3/"
            },
            "name": "\uc639\uace8\ucc38"
        },
        {
            "language": {
                "name": "zh-Hant",
                "url": "/api/v2/language/4/"
            },
            "name": "\u7d50\u5be6"
        },
        {
            "language": {
                "name": "fr",
                "url": "/api/v2/language/5/"
            },
            "name": "Fermet\u00e9"
        },
        {
            "language": {
                "name": "de",
                "url": "/api/v2/language/6/"
            },
            "name": "Robustheit"
        },
        {
            "language": {
                "name": "es",
                "url": "/api/v2/language/7/"
            },
            "name": "Robustez"
        },
        {
            "language": {
                "name": "it",
                "url": "/api/v2/language/8/"
            },
            "name": "Vigore"
        },
        {
            "language": {
                "name": "en",
                "url": "/api/v2/language/9/"
            },
            "name": "Sturdy"
        },
        {
            "language": {
                "name": "ja",
                "url": "/api/v2/language/11/"
            },
            "name": "\u304c\u3093\u3058\u3087\u3046"
        },
        {
            "language": {
                "name": "zh-Hans",
                "url": "/api/v2/language/12/"
            },
            "name": "\u7ed3\u5b9e"
        }
    ],
    "pokemon": [
        {
            "is_hidden": false,
            "pokemon": {
                "name": "geodude",
                "url": "/api/v2/pokemon/74/"
            },
            "slot": 2
        },
        {
            "is_hidden": false,
            "pokemon": {
                "name": "graveler",
                "url": "/api/v2/pokemon/75/"
            },
            "slot": 2
        },
        {
            "is_hidden": false,
            "pokemon": {
                "name": "golem",
                "url": "/api/v2/pokemon/76/"
            },
            "slot": 2
        },
        {
            "is_hidden": false,
            "pokemon": {
                "name": "magnemite",
                "url": "/api/v2/pokemon/81/"
            },
            "slot": 2
        },
        {
            "is_hidden": false,
            "pokemon": {
                "name": "magneton",
                "url": "/api/v2/pokemon/82/"
            },
            "slot": 2
        },
        {
            "is_hidden": false,
            "pokemon": {
                "name": "onix",
                "url": "/api/v2/pokemon/95/"
            },
            "slot": 2
        },
        {
            "is_hidden": false,
            "pokemon": {
                "name": "sudowoodo",
                "url": "/api/v2/pokemon/185/"
            },
            "slot": 1
        },
        {
            "is_hidden": false,
            "pokemon": {
                "name": "pineco",
                "url": "/api/v2/pokemon/204/"
            },
            "slot": 1
        },
        {
            "is_hidden": false,
            "pokemon": {
                "name": "forretress",
                "url": "/api/v2/pokemon/205/"
            },
            "slot": 1
        },
        {
            "is_hidden": false,
            "pokemon": {
                "name": "steelix",
                "url": "/api/v2/pokemon/208/"
            },
            "slot": 2
        },
        {
            "is_hidden": false,
            "pokemon": {
                "name": "shuckle",
                "url": "/api/v2/pokemon/213/"
            },
            "slot": 1
        },
        {
            "is_hidden": false,
            "pokemon": {
                "name": "skarmory",
                "url": "/api/v2/pokemon/227/"
            },
            "slot": 2
        },
        {
            "is_hidden": false,
            "pokemon": {
                "name": "donphan",
                "url": "/api/v2/pokemon/232/"
            },
            "slot": 1
        },
        {
            "is_hidden": false,
            "pokemon": {
                "name": "nosepass",
                "url": "/api/v2/pokemon/299/"
            },
            "slot": 1
        },
        {
            "is_hidden": false,
            "pokemon": {
                "name": "aron",
                "url": "/api/v2/pokemon/304/"
            },
            "slot": 1
        },
        {
            "is_hidden": false,
            "pokemon": {
                "name": "lairon",
                "url": "/api/v2/pokemon/305/"
            },
            "slot": 1
        },
        {
            "is_hidden": false,
            "pokemon": {
                "name": "aggron",
                "url": "/api/v2/pokemon/306/"
            },
            "slot": 1
        },
        {
            "is_hidden": true,
            "pokemon": {
                "name": "relicanth",
                "url": "/api/v2/pokemon/369/"
            },
            "slot": 3
        },
        {
            "is_hidden": true,
            "pokemon": {
                "name": "regirock",
                "url": "/api/v2/pokemon/377/"
            },
            "slot": 3
        },
        {
            "is_hidden": false,
            "pokemon": {
                "name": "shieldon",
                "url": "/api/v2/pokemon/410/"
            },
            "slot": 1
        },
        {
            "is_hidden": false,
            "pokemon": {
                "name": "bastiodon",
                "url": "/api/v2/pokemon/411/"
            },
            "slot": 1
        },
        {
            "is_hidden": false,
            "pokemon": {
                "name": "bonsly",
                "url": "/api/v2/pokemon/438/"
            },
            "slot": 1
        },
        {
            "is_hidden": false,
            "pokemon": {
                "name": "magnezone",
                "url": "/api/v2/pokemon/462/"
            },
            "slot": 2
        },
        {
            "is_hidden": false,
            "pokemon": {
                "name": "probopass",
                "url": "/api/v2/pokemon/476/"
            },
            "slot": 1
        },
        {
            "is_hidden": false,
            "pokemon": {
                "name": "roggenrola",
                "url": "/api/v2/pokemon/524/"
            },
            "slot": 1
        },
        {
            "is_hidden": false,
            "pokemon": {
                "name": "boldore",
                "url": "/api/v2/pokemon/525/"
            },
            "slot": 1
        },
        {
            "is_hidden": false,
            "pokemon": {
                "name": "gigalith",
                "url": "/api/v2/pokemon/526/"
            },
            "slot": 1
        },
        {
            "is_hidden": false,
            "pokemon": {
                "name": "sawk",
                "url": "/api/v2/pokemon/539/"
            },
            "slot": 1
        },
        {
            "is_hidden": false,
            "pokemon": {
                "name": "dwebble",
                "url": "/api/v2/pokemon/557/"
            },
            "slot": 1
        },
        {
            "is_hidden": false,
            "pokemon": {
                "name": "crustle",
                "url": "/api/v2/pokemon/558/"
            },
            "slot": 1
        },
        {
            "is_hidden": false,
            "pokemon": {
                "name": "tirtouga",
                "url": "/api/v2/pokemon/564/"
            },
            "slot": 2
        },
        {
            "is_hidden": false,
            "pokemon": {
                "name": "carracosta",
                "url": "/api/v2/pokemon/565/"
            },
            "slot": 2
        },
        {
            "is_hidden": true,
            "pokemon": {
                "name": "tyrunt",
                "url": "/api/v2/pokemon/696/"
            },
            "slot": 3
        },
        {
            "is_hidden": true,
            "pokemon": {
                "name": "carbink",
                "url": "/api/v2/pokemon/703/"
            },
            "slot": 3
        },
        {
            "is_hidden": true,
            "pokemon": {
                "name": "bergmite",
                "url": "/api/v2/pokemon/712/"
            },
            "slot": 3
        },
        {
            "is_hidden": true,
            "pokemon": {
                "name": "avalugg",
                "url": "/api/v2/pokemon/713/"
            },
            "slot": 3
        },
        {
            "is_hidden": true,
            "pokemon": {
                "name": "togedemaru",
                "url": "/api/v2/pokemon/777/"
            },
            "slot": 3
        },
        {
            "is_hidden": false,
            "pokemon": {
                "name": "cosmoem",
                "url": "/api/v2/pokemon/790/"
            },
            "slot": 1
        },
        {
            "is_hidden": false,
            "pokemon": {
                "name": "nacli",
                "url": "/api/v2/pokemon/932/"
            },
            "slot": 2
        },
        {
            "is_hidden": false,
            "pokemon": {
                "name": "naclstack",
                "url": "/api/v2/pokemon/933/"
            },
            "slot": 2
        },
        {
            "is_hidden": false,
            "pokemon": {
                "name": "garganacl",
                "url": "/api/v2/pokemon/934/"
            },
            "slot": 2
        },
        {
            "is_hidden": false,
            "pokemon": {
                "name": "archaludon",
                "url": "/api/v2/pokemon/1018/"
            },
            "slot": 2
        },
        {
            "is_hidden": false,
            "pokemon": {
                "name": "geodude-alola",
                "url": "/api/v2/pokemon/10109/"
            },
            "slot": 2
        },
        {
            "is_hidden": false,
            "pokemon": {
                "name": "graveler-alola",
                "url": "/api/v2/pokemon/10110/"
            },
            "slot": 2
        },
        {
            "is_hidden": false,
            "pokemon": {
                "name": "golem-alola",
                "url": "/api/v2/pokemon/10111/"
            },
            "slot": 2
        },
        {
            "is_hidden": true,
            "pokemon": {
                "name": "togedemaru-totem",
                "url": "/api/v2/pokemon/10154/"
            },
            "slot": 3
        },
        {
            "is_hidden": true,
            "pokemon": {
                "name": "avalugg-hisui",
                "url": "/api/v2/pokemon/10243/"
            },
            "slot": 3
        },
        {
            "is_hidden": false,
            "pokemon": {
                "name": "ogerpon-cornerstone-mask",
                "url": "/api/v2/pokemon/10275/"
            },
            "slot": 1
        }
    ]
}