{
    "effect_changes": [],
    "effect_entries": [
        {
            "effect": "If hit by a Ground-type move, the Pok\u00e9mon has its HP restored instead of taking damage.",
            "language": {
                "name": "en",
                "url": "/api/v2/language/9/"
            },
            "short_effect": "Restores HP when hit by a Ground-type move."
        }
    ],
    "flavor_text_entries": [
        {
            "flavor_text": "Si le Pok\u00e9mon est touch\u00e9 par une capacit\u00e9 de type Sol,\\nil regagne des PV au lieu de subir des d\u00e9g\u00e2ts.",
            "language": {
                "name": "fr",
                "url": "/api/v2/language/5/"
            },
            "version_group": {
                "name": "scarlet-violet",
                "url": "/api/v2/version-group/25/"
            }
        },
        {
            "flavor_text": "If hit by a Ground-type move, the Pok\u00e9mon has its HP restored instead of taking damage.",
            "language": {
                "name": "en",
                "url": "/api/v2/language/9/"
            },
            "version_group": {
                "name": "scarlet-violet",
                "url": "/api/v2/version-group/25/"
            }
        }
    ],
    "generation": {
        "name": "generation-ix",
        "url": "/api/v2/generation/9/"
    },
    "id": 297,
    "is_main_series": true,
    "name": "earth-eater",
    "names": [
        {
            "language": {
                "name": "ja-Hrkt",
                "url": "/api/v2/language/1/"
            },
            "name": "\u3069\u3057\u3087\u304f"
        },
        {
            "language": {
                "name": "fr",
                "url": "/api/v2/language/5/"
            },
            "name": "Absorbe-Terre"
        },
        {
            "language": {
                "name": "de",
                "url": "/api/v2/language/6/"
            },
            "name": "Bodenschmaus"
        },
        {
            "language": {
                "name": "es",
                "url": "/api/v2/language/7/"
            },
            "name": "Geofagia"
        },
        {
            "language": {
                "name": "it",
                "url": "/api/v2/language/8/"
            },
            "name": "Mangiaterra"
        },
        {
            "language": {
                "name": "en",
                "url": "/api/v2/language/9/"
            },
            "name": "Earth Eater"
        },
        {
            "language": {
                "name": "ja",
                "url": "/api/v2/language/11/"
            },
            "name": "\u3069\u3057\u3087\u304f"
        }
    ],
    "pokemon": [
        {
            "is_hidden": false,
            "pokemon": {
                "name": "orthworm",
                "url": "/api/v2/pokemon/968/"
            },
            "slot": 1
        }
    ]
}