{
    "descriptions": [
        {
            "description": "\u3061\u3087\u3063\u3074\u308a\u3000\u307f\u3048\u3063\u3071\u308a",
            "language": {
                "name": "ja-Hrkt",
                "url": "/api/v2/language/1/"
            }
        },
        {
            "description": "\uc870\uae08 \uac89\uce58\ub808\ub97c \uc88b\uc544\ud568",
            "language": {
                "name": "ko",
                "url": "/api/v2/language/3/"
            }
        },
        {
            "description": "\u6709\u4e00\u9ede\u9ede\u611b\u6155\u865b\u69ae",
            "language": {
                "name": "zh-Hant",
                "url": "/api/v2/language/4/"
            }
        },
        {
            "description": "Il est un peu vaniteux",
            "language": {
                "name": "fr",
                "url": "/api/v2/language/5/"
            }
        },
        {
            "description": "Ist etwas eitel",
            "language": {
                "name": "de",
                "url": "/api/v2/language/6/"
            }
        },
        {
            "description": "Es un poco petulante",
            "language": {
                "name": "es",
                "url": "/api/v2/language/7/"
            }
        },
        {
            "description": "\u00c8 abbastanza superficiale",
            "language": {
                "name": "it",
                "url": "/api/v2/language/8/"
            }
        },
        {
            "description": "Somewhat vain",
            "language": {
                "name": "en",
                "url": "/api/v2/language/9/"
            }
        },
        {
            "description": "\u3061\u3087\u3063\u3074\u308a\u3000\u307f\u3048\u3063\u3071\u308a",
            "language": {
                "name": "ja",
                "url": "/api/v2/language/11/"
            }
        },
        {
            "description": "\u6709\u4e00\u70b9\u70b9\u7231\u6155\u865a\u8363",
            "language": {
                "name": "zh-Hans",
                "url": "/api/v2/language/12/"
            }
        }
    ],
    "gene_modulo": 1,
    "highest_stat": {
        "name": "special-defense",
        "url": "/api/v2/stat/5/"
    },
    "id": 11,
    "possible_values": [
        1,
        6,
        11,
        16,
        21,
        26,
        31
    ]
}