{
    "effect_changes": [
        {
            "effect_entries": [
                {
                    "effect": "Betrifft andere Pok\u00e9mon mit dieser F\u00e4higkeit.",
                    "language": {
                        "name": "de",
                        "url": "/api/v2/language/6/"
                    }
                },
                {
                    "effect": "Affects other Pok\u00e9mon with this ability.",
                    "language": {
                        "name": "en",
                        "url": "/api/v2/language/9/"
                    }
                }
            ],
            "version_group": {
                "name": "diamond-pearl",
                "url": "/api/v2/version-group/8/"
            }
        }
    ],
    "effect_entries": [
        {
            "effect": "W\u00e4hrend ein Pok\u00e9mon mit dieser F\u00e4higkeit im Kampf ist, kann der Gegner nicht fliehen oder ausgetauscht werden.\n\nAndere Pok\u00e9mon mit derselben F\u00e4higkeit sind nicht betroffen. Pok\u00e9mon mit run away k\u00f6nnen trotzdem fliehen. Pok\u00e9mon k\u00f6nnen mit bestimmten Items oder Attacken ausgetauscht werden.",
            "language": {
                "name": "de",
                "url": "/api/v2/language/6/"
            },
            "short_effect": "Verhindert, dass der Gegner flieht oder ausgetauscht wird."
        },
        {
            "effect": "While this Pok\u00e9mon is in battle, opposing Pok\u00e9mon cannot flee or switch out.\n\nOther Pok\u00e9mon with this ability are unaffected.  Pok\u00e9mon with run away can still flee.  Pok\u00e9mon can still switch out with the use of a move or item.",
            "language": {
                "name": "en",
                "url": "/api/v2/language/9/"
            },
            "short_effect": "Prevents opponents from fleeing or switching out."
        }
    ],
    "flavor_text_entries": [
        {
            "flavor_text": "Emp\u00eache la fuite ennemie.",
            "language": {
                "name": "fr",
                "url": "/api/v2/language/5/"
            },
            "version_group": {
                "name": "ruby-sapphire",
                "url": "/api/v2/version-group/5/"
            }
        },
        {
            "flavor_text": "Prevents the foe\u2019s escape.",
            "language": {
                "name": "en",
                "url": "/api/v2/language/9/"
            },
            "version_group": {
                "name": "ruby-sapphire",
                "url": "/api/v2/version-group/5/"
            }
        },
        {
            "flavor_text": "Emp\u00eache la fuite ennemie.",
            "language": {
                "name": "fr",
                "url": "/api/v2/language/5/"
            },
            "version_group": {
                "name": "emerald",
                "url": "/api/v2/version-group/6/"
            }
        },
        {
            "flavor_text": "Prevents the foe\u2019s escape.",
            "language": {
                "name": "en",
                "url": "/api/v2/language/9/"
            },
            "version_group": {
                "name": "emerald",
                "url": "/api/v2/version-group/6/"
            }
        },
        {
            "flavor_text": "Emp\u00eache la fuite ennemie.",
            "language": {
                "name": "fr",
                "url": "/api/v2/language/5/"
            },
            "version_group": {
                "name": "firered-leafgreen",
                "url": "/api/v2/version-group/7/"
            }
        },
        {
            "flavor_text": "Prevents the foe\u2019s escape.",
            "language": {
                "name": "en",
                "url": "/api/v2/language/9/"
            },
            "version_group": {
                "name": "firered-leafgreen",
                "url": "/api/v2/version-group/7/"
            }
        },
        {
            "flavor_text": "Prevents the foe from\nescaping.",
            "language": {
                "name": "en",
                "url": "/api/v2/language/9/"
            },
            "version_group": {
                "name": "diamond-pearl",
                "url": "/api/v2/version-group/8/"
            }
        },
        {
            "flavor_text": "Prevents the foe from\nescaping.",
            "language": {
                "name": "en",
                "url": "/api/v2/language/9/"
            },
            "version_group": {
                "name": "platinum",
                "url": "/api/v2/version-group/9/"
            }
        },
        {
            "flavor_text": "Prevents the foe from\nescaping.",
            "language": {
                "name": "en",
                "url": "/api/v2/language/9/"
            },
            "version_group": {
                "name": "heartgold-soulsilver",
                "url": "/api/v2/version-group/10/"
            }
        },
        {
            "flavor_text": "Emp\u00eache le Pok\u00e9mon ennemi\nde quitter le combat.",
            "language": {
                "name": "fr",
                "url": "/api/v2/language/5/"
            },
            "version_group": {
                "name": "black-white",
                "url": "/api/v2/version-group/11/"
            }
        },
        {
            "flavor_text": "Prevents the foe from\nescaping.",
            "language": {
                "name": "en",
                "url": "/api/v2/language/9/"
            },
            "version_group": {
                "name": "black-white",
                "url": "/api/v2/version-group/11/"
            }
        },
        {
            "flavor_text": "Prevents the foe from\nescaping.",
            "language": {
                "name": "en",
                "url": "/api/v2/language/9/"
            },
            "version_group": {
                "name": "black-2-white-2",
                "url": "/api/v2/version-group/14/"
            }
        },
        {
            "flavor_text": "\u3042\u3044\u3066\u306e\u3000\u304b\u3052\u3092\u3075\u307f\n\u306b\u3052\u3089\u308c\u306a\u304f\u3059\u308b\u3002",
            "language": {
                "name": "ja-Hrkt",
                "url": "/api/v2/language/1/"
            },
            "version_group": {
                "name": "x-y",
                "url": "/api/v2/version-group/15/"
            }
        },
        {
            "flavor_text": "\uc0c1\ub300\uc758 \uadf8\ub9bc\uc790\ub97c \ubc1f\uc544\n\ub3c4\ub9dd\uce60 \uc218 \uc5c6\uac8c \ud55c\ub2e4.",
            "language": {
                "name": "ko",
                "url": "/api/v2/language/3/"
            },
            "version_group": {
                "name": "x-y",
                "url": "/api/v2/version-group/15/"
            }
        },
        {
            "flavor_text": "Emp\u00eache le Pok\u00e9mon ennemi de\nquitter le combat.",
            "language": {
                "name": "fr",
                "url": "/api/v2/language/5/"
            },
            "version_group": {
                "name": "x-y",
                "url": "/api/v2/version-group/15/"
            }
        },
        {
            "flavor_text": "Hindert Gegner an der Flucht.",
            "language": {
                "name": "de",
                "url": "/api/v2/language/6/"
            },
            "version_group": {
                "name": "x-y",
                "url": "/api/v2/version-group/15/"
            }
        },
        {
            "flavor_text": "Evita que el enemigo huya.",
            "language": {
                "name": "es",
                "url": "/api/v2/language/7/"
            },
            "version_group": {
                "name": "x-y",
                "url": "/api/v2/version-group/15/"
            }
        },
        {
            "flavor_text": "Impedisce la fuga al nemico.",
            "language": {
                "name": "it",
                "url": "/api/v2/language/8/"
            },
            "version_group": {
                "name": "x-y",
                "url": "/api/v2/version-group/15/"
            }
        },
        {
            "flavor_text": "Prevents opposing Pok\u00e9mon\nfrom escaping.",
            "language": {
                "name": "en",
                "url": "/api/v2/language/9/"
            },
            "version_group": {
                "name": "x-y",
                "url": "/api/v2/version-group/15/"
            }
        },
        {
            "flavor_text": "\u76f8\u624b\u306e\u3000\u5f71\u3092\u3075\u307f\n\u9003\u3052\u3089\u308c\u306a\u304f\u3059\u308b\u3002",
            "language": {
                "name": "ja",
                "url": "/api/v2/language/11/"
            },
            "version_group": {
                "name": "x-y",
                "url": "/api/v2/version-group/15/"
            }
        },
        {
            "flavor_text": "\u3042\u3044\u3066\u306e\u3000\u304b\u3052\u3092\u3075\u202f\n\u306b\u3052\u3089\u308c\u306a\u304f\u3059\u308b\u3002",
            "language": {
                "name": "ja-Hrkt",
                "url": "/api/v2/language/1/"
            },
            "version_group": {
                "name": "omega-ruby-alpha-sapphire",
                "url": "/api/v2/version-group/16/"
            }
        },
        {
            "flavor_text": "\uc0c1\ub300\uc758 \uadf8\ub9bc\uc790\ub97c \ubc1f\uc544\n\ub3c4\ub9dd\uce60 \uc218 \uc5c6\uac8c \ud55c\ub2e4.",
            "language": {
                "name": "ko",
                "url": "/api/v2/language/3/"
            },
            "version_group": {
                "name": "omega-ruby-alpha-sapphire",
                "url": "/api/v2/version-group/16/"
            }
        },
        {
            "flavor_text": "Emp\u00eache le Pok\u00e9mon ennemi de\nquitter le combat.",
            "language": {
                "name": "fr",
                "url": "/api/v2/language/5/"
            },
            "version_group": {
                "name": "omega-ruby-alpha-sapphire",
                "url": "/api/v2/version-group/16/"
            }
        },
        {
            "flavor_text": "Hindert Gegner an der Flucht.",
            "language": {
                "name": "de",
                "url": "/api/v2/language/6/"
            },
            "version_group": {
                "name": "omega-ruby-alpha-sapphire",
                "url": "/api/v2/version-group/16/"
            }
        },
        {
            "flavor_text": "Evita que el enemigo huya.",
            "language": {
                "name": "es",
                "url": "/api/v2/language/7/"
            },
            "version_group": {
                "name": "omega-ruby-alpha-sapphire",
                "url": "/api/v2/version-group/16/"
            }
        },
        {
            "flavor_text": "Impedisce la fuga al nemico.",
            "language": {
                "name": "it",
                "url": "/api/v2/language/8/"
            },
            "version_group": {
                "name": "omega-ruby-alpha-sapphire",
                "url": "/api/v2/version-group/16/"
            }
        },
        {
            "flavor_text": "Prevents opposing Pok\u00e9mon\nfrom escaping.",
            "language": {
                "name": "en",
                "url": "/api/v2/language/9/"
            },
            "version_group": {
                "name": "omega-ruby-alpha-sapphire",
                "url": "/api/v2/version-group/16/"
            }
        },
        {
            "flavor_text": "\u76f8\u624b\u306e\u3000\u5f71\u3092\u3075\u202f\n\u9003\u3052\u3089\u308c\u306a\u304f\u3059\u308b\u3002",
            "language": {
                "name": "ja",
                "url": "/api/v2/language/11/"
            },
            "version_group": {
                "name": "omega-ruby-alpha-sapphire",
                "url": "/api/v2/version-group/16/"
            }
        },
        {
            "flavor_text": "\u3042\u3044\u3066\u306e\u3000\u304b\u3052\u3092\u3000\u3075\u307f\n\u306b\u3052\u305f\u308a\u3000\u3053\u3046\u305f\u3044\u3000\u3067\u304d\u306a\u304f\u3059\u308b\u3002",
            "language": {
                "name": "ja-Hrkt",
                "url": "/api/v2/language/1/"
            },
            "version_group": {
                "name": "sun-moon",
                "url": "/api/v2/version-group/17/"
            }
        },
        {
            "flavor_text": "\uc0c1\ub300\uc758 \uadf8\ub9bc\uc790\ub97c \ubc1f\uc544\n\ub3c4\ub9dd\uce58\uac70\ub098 \uad50\uccb4\ud560 \uc218 \uc5c6\uac8c \ud55c\ub2e4.",
            "language": {
                "name": "ko",
                "url": "/api/v2/language/3/"
            },
            "version_group": {
                "name": "sun-moon",
                "url": "/api/v2/version-group/17/"
            }
        },
        {
            "flavor_text": "\u8e29\u4f4f\u5c0d\u624b\u7684\u5f71\u5b50\n\u4f7f\u5176\u7121\u6cd5\u9003\u8d70\u6216\u66ff\u63db\u3002",
            "language": {
                "name": "zh-Hant",
                "url": "/api/v2/language/4/"
            },
            "version_group": {
                "name": "sun-moon",
                "url": "/api/v2/version-group/17/"
            }
        },
        {
            "flavor_text": "Emp\u00eache le Pok\u00e9mon ennemi de quitter le combat.",
            "language": {
                "name": "fr",
                "url": "/api/v2/language/5/"
            },
            "version_group": {
                "name": "sun-moon",
                "url": "/api/v2/version-group/17/"
            }
        },
        {
            "flavor_text": "Emp\u00eache le Pok\u00e9mon ennemi de quitter le combat.",
            "language": {
                "name": "fr",
                "url": "/api/v2/language/5/"
            },
            "version_group": {
                "name": "sun-moon",
                "url": "/api/v2/version-group/17/"
            }
        },
        {
            "flavor_text": "Hindert den Gegner an der Flucht beziehungsweise\nam Auswechseln, indem es ihm den Weg versperrt.",
            "language": {
                "name": "de",
                "url": "/api/v2/language/6/"
            },
            "version_group": {
                "name": "sun-moon",
                "url": "/api/v2/version-group/17/"
            }
        },
        {
            "flavor_text": "Evita que el enemigo huya o sea cambiado por otro.",
            "language": {
                "name": "es",
                "url": "/api/v2/language/7/"
            },
            "version_group": {
                "name": "sun-moon",
                "url": "/api/v2/version-group/17/"
            }
        },
        {
            "flavor_text": "Calpesta l\u2019ombra del nemico impedendogli la fuga\no la sostituzione.",
            "language": {
                "name": "it",
                "url": "/api/v2/language/8/"
            },
            "version_group": {
                "name": "sun-moon",
                "url": "/api/v2/version-group/17/"
            }
        },
        {
            "flavor_text": "This Pok\u00e9mon steps on the opposing Pok\u00e9mon\u2019s\nshadow to prevent it from escaping.",
            "language": {
                "name": "en",
                "url": "/api/v2/language/9/"
            },
            "version_group": {
                "name": "sun-moon",
                "url": "/api/v2/version-group/17/"
            }
        },
        {
            "flavor_text": "\u76f8\u624b\u306e\u3000\u5f71\u3092\u3000\u8e0f\u307f\n\u9003\u3052\u305f\u308a\u3000\u4ea4\u4ee3\u3000\u3067\u304d\u306a\u304f\u3059\u308b\u3002",
            "language": {
                "name": "ja",
                "url": "/api/v2/language/11/"
            },
            "version_group": {
                "name": "sun-moon",
                "url": "/api/v2/version-group/17/"
            }
        },
        {
            "flavor_text": "\u8e29\u4f4f\u5bf9\u624b\u7684\u5f71\u5b50\n\u4f7f\u5176\u65e0\u6cd5\u9003\u8d70\u6216\u66ff\u6362\u3002",
            "language": {
                "name": "zh-Hans",
                "url": "/api/v2/language/12/"
            },
            "version_group": {
                "name": "sun-moon",
                "url": "/api/v2/version-group/17/"
            }
        },
        {
            "flavor_text": "\u3042\u3044\u3066\u306e\u3000\u304b\u3052\u3092\u3000\u3075\u307f\n\u306b\u3052\u305f\u308a\u3000\u3053\u3046\u305f\u3044\u3000\u3067\u304d\u306a\u304f\u3059\u308b\u3002",
            "language": {
                "name": "ja-Hrkt",
                "url": "/api/v2/language/1/"
            },
            "version_group": {
                "name": "ultra-sun-ultra-moon",
                "url": "/api/v2/version-group/18/"
            }
        },
        {
            "flavor_text": "\uc0c1\ub300\uc758 \uadf8\ub9bc\uc790\ub97c \ubc1f\uc544\n\ub3c4\ub9dd\uce58\uac70\ub098 \uad50\uccb4\ud560 \uc218 \uc5c6\uac8c \ud55c\ub2e4.",
            "language": {
                "name": "ko",
                "url": "/api/v2/language/3/"
            },
            "version_group": {
                "name": "ultra-sun-ultra-moon",
                "url": "/api/v2/version-group/18/"
            }
        },
        {
            "flavor_text": "\u8e29\u4f4f\u5c0d\u624b\u7684\u5f71\u5b50\n\u4f7f\u5176\u7121\u6cd5\u9003\u8d70\u6216\u66ff\u63db\u3002",
            "language": {
                "name": "zh-Hant",
                "url": "/api/v2/language/4/"
            },
            "version_group": {
                "name": "ultra-sun-ultra-moon",
                "url": "/api/v2/version-group/18/"
            }
        },
        {
            "flavor_text": "Emp\u00eache le Pok\u00e9mon ennemi de quitter le combat.",
            "language": {
                "name": "fr",
                "url": "/api/v2/language/5/"
            },
            "version_group": {
                "name": "ultra-sun-ultra-moon",
                "url": "/api/v2/version-group/18/"
            }
        },
        {
            "flavor_text": "Emp\u00eache le Pok\u00e9mon ennemi de quitter le combat.",
            "language": {
                "name": "fr",
                "url": "/api/v2/language/5/"
            },
            "version_group": {
                "name": "ultra-sun-ultra-moon",
                "url": "/api/v2/version-group/18/"
            }
        },
        {
            "flavor_text": "Hindert den Gegner an der Flucht beziehungsweise\nam Auswechseln, indem es ihm den Weg versperrt.",
            "language": {
                "name": "de",
                "url": "/api/v2/language/6/"
            },
            "version_group": {
                "name": "ultra-sun-ultra-moon",
                "url": "/api/v2/version-group/18/"
            }
        },
        {
            "flavor_text": "Evita que el enemigo huya o sea cambiado por otro.",
            "language": {
                "name": "es",
                "url": "/api/v2/language/7/"
            },
            "version_group": {
                "name": "ultra-sun-ultra-moon",
                "url": "/api/v2/version-group/18/"
            }
        },
        {
            "flavor_text": "Calpesta l\u2019ombra del nemico impedendogli la fuga\no la sostituzione.",
            "language": {
                "name": "it",
                "url": "/api/v2/language/8/"
            },
            "version_group": {
                "name": "ultra-sun-ultra-moon",
                "url": "/api/v2/version-group/18/"
            }
        },
        {
            "flavor_text": "This Pok\u00e9mon steps on the opposing Pok\u00e9mon\u2019s\nshadow to prevent it from escaping.",
            "language": {
                "name": "en",
                "url": "/api/v2/language/9/"
            },
            "version_group": {
                "name": "ultra-sun-ultra-moon",
                "url": "/api/v2/version-group/18/"
            }
        },
        {
            "flavor_text": "\u76f8\u624b\u306e\u3000\u5f71\u3092\u3000\u8e0f\u307f\n\u9003\u3052\u305f\u308a\u3000\u4ea4\u4ee3\u3000\u3067\u304d\u306a\u304f\u3059\u308b\u3002",
            "language": {
                "name": "ja",
                "url": "/api/v2/language/11/"
            },
            "version_group": {
                "name": "ultra-sun-ultra-moon",
                "url": "/api/v2/version-group/18/"
            }
        },
        {
            "flavor_text": "\u8e29\u4f4f\u5bf9\u624b\u7684\u5f71\u5b50\n\u4f7f\u5176\u65e0\u6cd5\u9003\u8d70\u6216\u66ff\u6362\u3002",
            "language": {
                "name": "zh-Hans",
                "url": "/api/v2/language/12/"
            },
            "version_group": {
                "name": "ultra-sun-ultra-moon",
                "url": "/api/v2/version-group/18/"
            }
        },
        {
            "flavor_text": "\u3042\u3044\u3066\u306e\u3000\u304b\u3052\u3092\u3000\u3075\u307f\n\u306b\u3052\u305f\u308a\u3000\u3053\u3046\u305f\u3044\u3000\u3067\u304d\u306a\u304f\u3059\u308b\u3002",
            "language": {
                "name": "ja-Hrkt",
                "url": "/api/v2/language/1/"
            },
            "version_group": {
                "name": "lets-go-pikachu-lets-go-eevee",
                "url": "/api/v2/version-group/19/"
            }
        },
        {
            "flavor_text": "\uc0c1\ub300\uc758 \uadf8\ub9bc\uc790\ub97c \ubc1f\uc544\n\ub3c4\ub9dd\uce58\uac70\ub098 \uad50\uccb4\ud560 \uc218 \uc5c6\uac8c \ud55c\ub2e4.",
            "language": {
                "name": "ko",
                "url": "/api/v2/language/3/"
            },
            "version_group": {
                "name": "lets-go-pikachu-lets-go-eevee",
                "url": "/api/v2/version-group/19/"
            }
        },
        {
            "flavor_text": "\u8e29\u4f4f\u5c0d\u624b\u7684\u5f71\u5b50\n\u4f7f\u5176\u7121\u6cd5\u9003\u8d70\u6216\u66ff\u63db\u3002",
            "language": {
                "name": "zh-Hant",
                "url": "/api/v2/language/4/"
            },
            "version_group": {
                "name": "lets-go-pikachu-lets-go-eevee",
                "url": "/api/v2/version-group/19/"
            }
        },
        {
            "flavor_text": "Emp\u00eache le Pok\u00e9mon ennemi de quitter le combat.",
            "language": {
                "name": "fr",
                "url": "/api/v2/language/5/"
            },
            "version_group": {
                "name": "lets-go-pikachu-lets-go-eevee",
                "url": "/api/v2/version-group/19/"
            }
        },
        {
            "flavor_text": "Hindert den Gegner an der Flucht beziehungsweise\nam Auswechseln, indem es ihm den Weg versperrt.",
            "language": {
                "name": "de",
                "url": "/api/v2/language/6/"
            },
            "version_group": {
                "name": "lets-go-pikachu-lets-go-eevee",
                "url": "/api/v2/version-group/19/"
            }
        },
        {
            "flavor_text": "Evita que el enemigo huya o sea cambiado por otro.",
            "language": {
                "name": "es",
                "url": "/api/v2/language/7/"
            },
            "version_group": {
                "name": "lets-go-pikachu-lets-go-eevee",
                "url": "/api/v2/version-group/19/"
            }
        },
        {
            "flavor_text": "Calpesta l\u2019ombra del nemico impedendogli la fuga\no la sostituzione.",
            "language": {
                "name": "it",
                "url": "/api/v2/language/8/"
            },
            "version_group": {
                "name": "lets-go-pikachu-lets-go-eevee",
                "url": "/api/v2/version-group/19/"
            }
        },
        {
            "flavor_text": "This Pok\u00e9mon steps on the opposing Pok\u00e9mon\u2019s\nshadow to prevent it from escaping.",
            "language": {
                "name": "en",
                "url": "/api/v2/language/9/"
            },
            "version_group": {
                "name": "lets-go-pikachu-lets-go-eevee",
                "url": "/api/v2/version-group/19/"
            }
        },
        {
            "flavor_text": "\u76f8\u624b\u306e\u3000\u5f71\u3092\u3000\u8e0f\u307f\n\u9003\u3052\u305f\u308a\u3000\u4ea4\u4ee3\u3000\u3067\u304d\u306a\u304f\u3059\u308b\u3002",
            "language": {
                "name": "ja",
                "url": "/api/v2/language/11/"
            },
            "version_group": {
                "name": "lets-go-pikachu-lets-go-eevee",
                "url": "/api/v2/version-group/19/"
            }
        },
        {
            "flavor_text": "\u8e29\u4f4f\u5bf9\u624b\u7684\u5f71\u5b50\n\u4f7f\u5176\u65e0\u6cd5\u9003\u8d70\u6216\u66ff\u6362\u3002",
            "language": {
                "name": "zh-Hans",
                "url": "/api/v2/language/12/"
            },
            "version_group": {
                "name": "lets-go-pikachu-lets-go-eevee",
                "url": "/api/v2/version-group/19/"
            }
        },
        {
            "flavor_text": "\u3042\u3044\u3066\u306e\u3000\u304b\u3052\u3092\u3000\u3075\u307f\n\u306b\u3052\u305f\u308a\u3000\u3053\u3046\u305f\u3044\u3000\u3067\u304d\u306a\u304f\u3059\u308b\u3002",
            "language": {
                "name": "ja-Hrkt",
                "url": "/api/v2/language/1/"
            },
            "version_group": {
                "name": "sword-shield",
                "url": "/api/v2/version-group/20/"
            }
        },
        {
            "flavor_text": "\uc0c1\ub300\uc758 \uadf8\ub9bc\uc790\ub97c \ubc1f\uc544\n\ub3c4\ub9dd\uce58\uac70\ub098 \uad50\uccb4\ud560 \uc218 \uc5c6\uac8c \ud55c\ub2e4.",
            "language": {
                "name": "ko",
                "url": "/api/v2/language/3/"
            },
            "version_group": {
                "name": "sword-shield",
                "url": "/api/v2/version-group/20/"
            }
        },
        {
            "flavor_text": "\u8e29\u4f4f\u5c0d\u624b\u7684\u5f71\u5b50\n\u4f7f\u5176\u7121\u6cd5\u9003\u8d70\u6216\u66ff\u63db\u3002",
            "language": {
                "name": "zh-Hant",
                "url": "/api/v2/language/4/"
            },
            "version_group": {
                "name": "sword-shield",
                "url": "/api/v2/version-group/20/"
            }
        },
        {
            "flavor_text": "Emp\u00eache le Pok\u00e9mon ennemi de quitter le combat.",
            "language": {
                "name": "fr",
                "url": "/api/v2/language/5/"
            },
            "version_group": {
                "name": "sword-shield",
                "url": "/api/v2/version-group/20/"
            }
        },
        {
            "flavor_text": "Emp\u00eache les Pok\u00e9mon ennemis de quitter le combat.",
            "language": {
                "name": "fr",
                "url": "/api/v2/language/5/"
            },
            "version_group": {
                "name": "sword-shield",
                "url": "/api/v2/version-group/20/"
            }
        },
        {
            "flavor_text": "Hindert Gegner an der Flucht beziehungsweise am\nAuswechseln, indem es ihnen den Weg versperrt.",
            "language": {
                "name": "de",
                "url": "/api/v2/language/6/"
            },
            "version_group": {
                "name": "sword-shield",
                "url": "/api/v2/version-group/20/"
            }
        },
        {
            "flavor_text": "Impide que el enemigo huya o sea cambiado por otro.",
            "language": {
                "name": "es",
                "url": "/api/v2/language/7/"
            },
            "version_group": {
                "name": "sword-shield",
                "url": "/api/v2/version-group/20/"
            }
        },
        {
            "flavor_text": "Il Pok\u00e9mon calpesta l\u2019ombra del nemico impedendogli\nla fuga o la sostituzione.",
            "language": {
                "name": "it",
                "url": "/api/v2/language/8/"
            },
            "version_group": {
                "name": "sword-shield",
                "url": "/api/v2/version-group/20/"
            }
        },
        {
            "flavor_text": "This Pok\u00e9mon steps on the opposing Pok\u00e9mon\u2019s\nshadow to prevent it from escaping.",
            "language": {
                "name": "en",
                "url": "/api/v2/language/9/"
            },
            "version_group": {
                "name": "sword-shield",
                "url": "/api/v2/version-group/20/"
            }
        },
        {
            "flavor_text": "\u76f8\u624b\u306e\u3000\u5f71\u3092\u3000\u8e0f\u307f\n\u9003\u3052\u305f\u308a\u3000\u4ea4\u4ee3\u3000\u3067\u304d\u306a\u304f\u3059\u308b\u3002",
            "language": {
                "name": "ja",
                "url": "/api/v2/language/11/"
            },
            "version_group": {
                "name": "sword-shield",
                "url": "/api/v2/version-group/20/"
            }
        },
        {
            "flavor_text": "\u8e29\u4f4f\u5bf9\u624b\u7684\u5f71\u5b50\n\u4f7f\u5176\u65e0\u6cd5\u9003\u8d70\u6216\u66ff\u6362\u3002",
            "language": {
                "name": "zh-Hans",
                "url": "/api/v2/language/12/"
            },
            "version_group": {
                "name": "sword-shield",
                "url": "/api/v2/version-group/20/"
            }
        },
        {
            "flavor_text": "Emp\u00eache les Pok\u00e9mon ennemis de quitter le terrain.",
            "language": {
                "name": "fr",
                "url": "/api/v2/language/5/"
            },
            "version_group": {
                "name": "scarlet-violet",
                "url": "/api/v2/version-group/25/"
            }
        },
        {
            "flavor_text": "The Pok\u00e9mon steps on the opposing Pok\u00e9mon's shadows to prevent them from fleeing or switching out.",
            "language": {
                "name": "en",
                "url": "/api/v2/language/9/"
            },
            "version_group": {
                "name": "scarlet-violet",
                "url": "/api/v2/version-group/25/"
            }
        }
    ],
    "generation": {
        "name": "generation-iii",
        "url": "/api/v2/generation/3/"
    },
    "id": 23,
    "is_main_series": true,
    "name": "shadow-tag",
    "names": [
        {
            "language": {
                "name": "ja-Hrkt",
                "url": "/api/v2/language/1/"
            },
            "name": "\u304b\u3052\u3075\u307f"
        },
        {
            "language": {
                "name": "ko",
                "url": "/api/v2/language/3/"
            },
            "name": "\uadf8\ub9bc\uc790\ubc1f\uae30"
        },
        {
            "language": {
                "name": "zh-Hant",
                "url": "/api/v2/language/4/"
            },
            "name": "\u8e29\u5f71"
        },
        {
            "language": {
                "name": "fr",
                "url": "/api/v2/language/5/"
            },
            "name": "Marque Ombre"
        },
        {
            "language": {
                "name": "de",
                "url": "/api/v2/language/6/"
            },
            "name": "Wegsperre"
        },
        {
            "language": {
                "name": "es",
                "url": "/api/v2/language/7/"
            },
            "name": "Sombra Trampa"
        },
        {
            "language": {
                "name": "it",
                "url": "/api/v2/language/8/"
            },
            "name": "Pedinombra"
        },
        {
            "language": {
                "name": "en",
                "url": "/api/v2/language/9/"
            },
            "name": "Shadow Tag"
        },
        {
            "language": {
                "name": "ja",
                "url": "/api/v2/language/11/"
            },
            "name": "\u304b\u3052\u3075\u307f"
        },
        {
            "language": {
                "name": "zh-Hans",
                "url": "/api/v2/language/12/"
            },
            "name": "\u8e29\u5f71"
        }
    ],
    "pokemon": [
        {
            "is_hidden": false,
            "pokemon": {
                "name": "wobbuffet",
                "url": "/api/v2/pokemon/202/"
            },
            "slot": 1
        },
        {
            "is_hidden": false,
            "pokemon": {
                "name": "wynaut",
                "url": "/api/v2/pokemon/360/"
            },
            "slot": 1
        },
        {
            "is_hidden": true,
            "pokemon": {
                "name": "gothita",
                "url": "/api/v2/pokemon/574/"
            },
            "slot": 3
        },
        {
            "is_hidden": true,
            "pokemon": {
                "name": "gothorita",
                "url": "/api/v2/pokemon/575/"
            },
            "slot": 3
        },
        {
            "is_hidden": true,
            "pokemon": {
                "name": "gothitelle",
                "url": "/api/v2/pokemon/576/"
            },
            "slot": 3
        },
        {
            "is_hidden": false,
            "pokemon": {
                "name": "gengar-mega",
                "url": "/api/v2/pokemon/10038/"
            },
            "slot": 1
        }
    ]
}