{
    "effect_changes": [],
    "effect_entries": [
        {
            "effect": "Pok\u00e9mon mit dieser F\u00e4higkeit erhalten nur halben Schaden von fire Attacken und Verbrennungen.",
            "language": {
                "name": "de",
                "url": "/api/v2/language/6/"
            },
            "short_effect": "Halbiert den Schaden von fire Attacken und burn."
        },
        {
            "effect": "This Pok\u00e9mon takes half as much damage from fire-type moves and burns.",
            "language": {
                "name": "en",
                "url": "/api/v2/language/9/"
            },
            "short_effect": "Halves damage from fire moves and burns."
        }
    ],
    "flavor_text_entries": [
        {
            "flavor_text": "R\u00e9duit la puissance des capacit\u00e9s de type Feu.",
            "language": {
                "name": "fr",
                "url": "/api/v2/language/5/"
            },
            "version_group": {
                "name": "diamond-pearl",
                "url": "/api/v2/version-group/8/"
            }
        },
        {
            "flavor_text": "Weakens the power of\nFire-type moves.",
            "language": {
                "name": "en",
                "url": "/api/v2/language/9/"
            },
            "version_group": {
                "name": "diamond-pearl",
                "url": "/api/v2/version-group/8/"
            }
        },
        {
            "flavor_text": "R\u00e9duit la puissance des capacit\u00e9s de type Feu.",
            "language": {
                "name": "fr",
                "url": "/api/v2/language/5/"
            },
            "version_group": {
                "name": "platinum",
                "url": "/api/v2/version-group/9/"
            }
        },
        {
            "flavor_text": "Weakens the power of\nFire-type moves.",
            "language": {
                "name": "en",
                "url": "/api/v2/language/9/"
            },
            "version_group": {
                "name": "platinum",
                "url": "/api/v2/version-group/9/"
            }
        },
        {
            "flavor_text": "R\u00e9duit la puissance des capacit\u00e9s de type Feu.",
            "language": {
                "name": "fr",
                "url": "/api/v2/language/5/"
            },
            "version_group": {
                "name": "heartgold-soulsilver",
                "url": "/api/v2/version-group/10/"
            }
        },
        {
            "flavor_text": "Weakens the power of\nFire-type moves.",
            "language": {
                "name": "en",
                "url": "/api/v2/language/9/"
            },
            "version_group": {
                "name": "heartgold-soulsilver",
                "url": "/api/v2/version-group/10/"
            }
        },
        {
            "flavor_text": "R\u00e9duit la puissance des capacit\u00e9s de type Feu.",
            "language": {
                "name": "fr",
                "url": "/api/v2/language/5/"
            },
            "version_group": {
                "name": "black-white",
                "url": "/api/v2/version-group/11/"
            }
        },
        {
            "flavor_text": "R\u00e9duit la puissance des\ncapacit\u00e9s de type Feu.",
            "language": {
                "name": "fr",
                "url": "/api/v2/language/5/"
            },
            "version_group": {
                "name": "black-white",
                "url": "/api/v2/version-group/11/"
            }
        },
        {
            "flavor_text": "Weakens the power of\nFire-type moves.",
            "language": {
                "name": "en",
                "url": "/api/v2/language/9/"
            },
            "version_group": {
                "name": "black-white",
                "url": "/api/v2/version-group/11/"
            }
        },
        {
            "flavor_text": "R\u00e9duit la puissance des capacit\u00e9s de type Feu.",
            "language": {
                "name": "fr",
                "url": "/api/v2/language/5/"
            },
            "version_group": {
                "name": "xd",
                "url": "/api/v2/version-group/13/"
            }
        },
        {
            "flavor_text": "R\u00e9duit la puissance des capacit\u00e9s de type Feu.",
            "language": {
                "name": "fr",
                "url": "/api/v2/language/5/"
            },
            "version_group": {
                "name": "black-2-white-2",
                "url": "/api/v2/version-group/14/"
            }
        },
        {
            "flavor_text": "Weakens the power of\nFire-type moves.",
            "language": {
                "name": "en",
                "url": "/api/v2/language/9/"
            },
            "version_group": {
                "name": "black-2-white-2",
                "url": "/api/v2/version-group/14/"
            }
        },
        {
            "flavor_text": "\u307b\u306e\u304a\u3000\u308f\u3056\u306e\n\u3044\u308a\u3087\u304f\u3092\u3000\u3088\u308f\u3081\u308b\u3002",
            "language": {
                "name": "ja-Hrkt",
                "url": "/api/v2/language/1/"
            },
            "version_group": {
                "name": "x-y",
                "url": "/api/v2/version-group/15/"
            }
        },
        {
            "flavor_text": "\ubd88\uaf43 \uae30\uc220\uc758\n\uc704\ub825\uc744 \uc57d\ud558\uac8c \ud55c\ub2e4.",
            "language": {
                "name": "ko",
                "url": "/api/v2/language/3/"
            },
            "version_group": {
                "name": "x-y",
                "url": "/api/v2/version-group/15/"
            }
        },
        {
            "flavor_text": "R\u00e9duit la puissance des\ncapacit\u00e9s de type Feu.",
            "language": {
                "name": "fr",
                "url": "/api/v2/language/5/"
            },
            "version_group": {
                "name": "x-y",
                "url": "/api/v2/version-group/15/"
            }
        },
        {
            "flavor_text": "Senkt die St\u00e4rke von\nFeuer-Attacken.",
            "language": {
                "name": "de",
                "url": "/api/v2/language/6/"
            },
            "version_group": {
                "name": "x-y",
                "url": "/api/v2/version-group/15/"
            }
        },
        {
            "flavor_text": "Aten\u00faa los movimientos de tipo\nFuego.",
            "language": {
                "name": "es",
                "url": "/api/v2/language/7/"
            },
            "version_group": {
                "name": "x-y",
                "url": "/api/v2/version-group/15/"
            }
        },
        {
            "flavor_text": "Indebolisce l\u2019effetto di mosse\ndi tipo Fuoco.",
            "language": {
                "name": "it",
                "url": "/api/v2/language/8/"
            },
            "version_group": {
                "name": "x-y",
                "url": "/api/v2/version-group/15/"
            }
        },
        {
            "flavor_text": "Weakens the power of\nFire-type moves.",
            "language": {
                "name": "en",
                "url": "/api/v2/language/9/"
            },
            "version_group": {
                "name": "x-y",
                "url": "/api/v2/version-group/15/"
            }
        },
        {
            "flavor_text": "\u307b\u306e\u304a\u6280\u306e\n\u5a01\u529b\u3092\u3000\u5f31\u3081\u308b\u3002",
            "language": {
                "name": "ja",
                "url": "/api/v2/language/11/"
            },
            "version_group": {
                "name": "x-y",
                "url": "/api/v2/version-group/15/"
            }
        },
        {
            "flavor_text": "\u307b\u306e\u304a\u30bf\u30a4\u30d7\u306e\u3000\u3053\u3046\u3052\u304d\u306e\n\u3044\u308a\u3087\u304f\u3092\u3000\u3088\u308f\u3081\u308b\u3002",
            "language": {
                "name": "ja-Hrkt",
                "url": "/api/v2/language/1/"
            },
            "version_group": {
                "name": "omega-ruby-alpha-sapphire",
                "url": "/api/v2/version-group/16/"
            }
        },
        {
            "flavor_text": "\ubd88\uaf43\ud0c0\uc785 \uacf5\uaca9\uc758\n\uc704\ub825\uc744 \uc57d\ud558\uac8c \ud55c\ub2e4.",
            "language": {
                "name": "ko",
                "url": "/api/v2/language/3/"
            },
            "version_group": {
                "name": "omega-ruby-alpha-sapphire",
                "url": "/api/v2/version-group/16/"
            }
        },
        {
            "flavor_text": "R\u00e9duit la puissance des capacit\u00e9s de type Feu.",
            "language": {
                "name": "fr",
                "url": "/api/v2/language/5/"
            },
            "version_group": {
                "name": "omega-ruby-alpha-sapphire",
                "url": "/api/v2/version-group/16/"
            }
        },
        {
            "flavor_text": "R\u00e9duit la puissance des attaques\nde type Feu.",
            "language": {
                "name": "fr",
                "url": "/api/v2/language/5/"
            },
            "version_group": {
                "name": "omega-ruby-alpha-sapphire",
                "url": "/api/v2/version-group/16/"
            }
        },
        {
            "flavor_text": "Senkt die St\u00e4rke von\nFeuer-Attacken.",
            "language": {
                "name": "de",
                "url": "/api/v2/language/6/"
            },
            "version_group": {
                "name": "omega-ruby-alpha-sapphire",
                "url": "/api/v2/version-group/16/"
            }
        },
        {
            "flavor_text": "Disminuye la potencia de los\nataques de tipo Fuego.",
            "language": {
                "name": "es",
                "url": "/api/v2/language/7/"
            },
            "version_group": {
                "name": "omega-ruby-alpha-sapphire",
                "url": "/api/v2/version-group/16/"
            }
        },
        {
            "flavor_text": "Indebolisce l\u2019effetto di mosse\ndi tipo Fuoco.",
            "language": {
                "name": "it",
                "url": "/api/v2/language/8/"
            },
            "version_group": {
                "name": "omega-ruby-alpha-sapphire",
                "url": "/api/v2/version-group/16/"
            }
        },
        {
            "flavor_text": "Weakens the power of\nFire-type moves.",
            "language": {
                "name": "en",
                "url": "/api/v2/language/9/"
            },
            "version_group": {
                "name": "omega-ruby-alpha-sapphire",
                "url": "/api/v2/version-group/16/"
            }
        },
        {
            "flavor_text": "\u307b\u306e\u304a\u30bf\u30a4\u30d7\u306e\u3000\u653b\u6483\u306e\n\u5a01\u529b\u3092\u3000\u5f31\u3081\u308b\u3002",
            "language": {
                "name": "ja",
                "url": "/api/v2/language/11/"
            },
            "version_group": {
                "name": "omega-ruby-alpha-sapphire",
                "url": "/api/v2/version-group/16/"
            }
        },
        {
            "flavor_text": "\u305f\u3044\u306d\u3064\u306e\u3000\u304b\u3089\u3060\u306b\u3000\u3088\u3063\u3066\n\u307b\u306e\u304a\u30bf\u30a4\u30d7\u306e\u3000\u308f\u3056\u306e\n\u30c0\u30e1\u30fc\u30b8\u3092\u3000\u306f\u3093\u3052\u3093\u3055\u305b\u308b",
            "language": {
                "name": "ja-Hrkt",
                "url": "/api/v2/language/1/"
            },
            "version_group": {
                "name": "sun-moon",
                "url": "/api/v2/version-group/17/"
            }
        },
        {
            "flavor_text": "\ub0b4\uc5f4\uc778 \ubab8\uc73c\ub85c \uc778\ud574\n\ubd88\uaf43\ud0c0\uc785 \uacf5\uaca9\uc758\n\ub370\ubbf8\uc9c0\ub97c \ubc18\uac10\ud55c\ub2e4.",
            "language": {
                "name": "ko",
                "url": "/api/v2/language/3/"
            },
            "version_group": {
                "name": "sun-moon",
                "url": "/api/v2/version-group/17/"
            }
        },
        {
            "flavor_text": "\u9760\u8457\u8010\u71b1\u7684\u9ad4\u8cea\uff0c\n\u8b93\u706b\u5c6c\u6027\u7684\u62db\u5f0f\u5a01\u529b\u6e1b\u534a\u3002",
            "language": {
                "name": "zh-Hant",
                "url": "/api/v2/language/4/"
            },
            "version_group": {
                "name": "sun-moon",
                "url": "/api/v2/version-group/17/"
            }
        },
        {
            "flavor_text": "Diminue de moiti\u00e9 les d\u00e9g\u00e2ts inflig\u00e9s au Pok\u00e9mon par les capacit\u00e9s de type Feu.",
            "language": {
                "name": "fr",
                "url": "/api/v2/language/5/"
            },
            "version_group": {
                "name": "sun-moon",
                "url": "/api/v2/version-group/17/"
            }
        },
        {
            "flavor_text": "Diminue de moiti\u00e9 les d\u00e9g\u00e2ts inflig\u00e9s au Pok\u00e9mon\npar les capacit\u00e9s de type Feu.",
            "language": {
                "name": "fr",
                "url": "/api/v2/language/5/"
            },
            "version_group": {
                "name": "sun-moon",
                "url": "/api/v2/version-group/17/"
            }
        },
        {
            "flavor_text": "Sein Hitze abweisender K\u00f6rper halbiert den durch\nFeuer-Attacken erlittenen Schaden.",
            "language": {
                "name": "de",
                "url": "/api/v2/language/6/"
            },
            "version_group": {
                "name": "sun-moon",
                "url": "/api/v2/version-group/17/"
            }
        },
        {
            "flavor_text": "Su cuerpo, resistente al calor, reduce a la mitad el\nda\u00f1o recibido por movimientos de tipo Fuego.",
            "language": {
                "name": "es",
                "url": "/api/v2/language/7/"
            },
            "version_group": {
                "name": "sun-moon",
                "url": "/api/v2/version-group/17/"
            }
        },
        {
            "flavor_text": "Il suo corpo termoresistente dimezza i danni\ninflitti dalle mosse di tipo Fuoco.",
            "language": {
                "name": "it",
                "url": "/api/v2/language/8/"
            },
            "version_group": {
                "name": "sun-moon",
                "url": "/api/v2/version-group/17/"
            }
        },
        {
            "flavor_text": "The heatproof body of the Pok\u00e9mon halves the\ndamage from Fire-type moves that hit it.",
            "language": {
                "name": "en",
                "url": "/api/v2/language/9/"
            },
            "version_group": {
                "name": "sun-moon",
                "url": "/api/v2/version-group/17/"
            }
        },
        {
            "flavor_text": "\u8010\u71b1\u306e\u3000\u4f53\u306b\u3000\u3088\u3063\u3066\n\u307b\u306e\u304a\u30bf\u30a4\u30d7\u306e\u3000\u6280\u306e\n\u5a01\u529b\u3092\u3000\u534a\u6e1b\u3055\u305b\u308b\u3002",
            "language": {
                "name": "ja",
                "url": "/api/v2/language/11/"
            },
            "version_group": {
                "name": "sun-moon",
                "url": "/api/v2/version-group/17/"
            }
        },
        {
            "flavor_text": "\u8010\u70ed\u7684\u4f53\u8d28\u4f1a\n\u8ba9\u706b\u5c5e\u6027\u7684\u62db\u5f0f\u5a01\u529b\u51cf\u534a\u3002",
            "language": {
                "name": "zh-Hans",
                "url": "/api/v2/language/12/"
            },
            "version_group": {
                "name": "sun-moon",
                "url": "/api/v2/version-group/17/"
            }
        },
        {
            "flavor_text": "\u305f\u3044\u306d\u3064\u306e\u3000\u304b\u3089\u3060\u306b\u3000\u3088\u3063\u3066\n\u307b\u306e\u304a\u30bf\u30a4\u30d7\u306e\u3000\u308f\u3056\u306e\n\u30c0\u30e1\u30fc\u30b8\u3092\u3000\u306f\u3093\u3052\u3093\u3055\u305b\u308b",
            "language": {
                "name": "ja-Hrkt",
                "url": "/api/v2/language/1/"
            },
            "version_group": {
                "name": "ultra-sun-ultra-moon",
                "url": "/api/v2/version-group/18/"
            }
        },
        {
            "flavor_text": "\ub0b4\uc5f4\uc778 \ubab8\uc73c\ub85c \uc778\ud574\n\ubd88\uaf43\ud0c0\uc785 \uacf5\uaca9\uc758\n\ub370\ubbf8\uc9c0\ub97c \ubc18\uac10\ud55c\ub2e4.",
            "language": {
                "name": "ko",
                "url": "/api/v2/language/3/"
            },
            "version_group": {
                "name": "ultra-sun-ultra-moon",
                "url": "/api/v2/version-group/18/"
            }
        },
        {
            "flavor_text": "\u9760\u8457\u8010\u71b1\u7684\u9ad4\u8cea\uff0c\n\u8b93\u706b\u5c6c\u6027\u7684\u62db\u5f0f\u5a01\u529b\u6e1b\u534a\u3002",
            "language": {
                "name": "zh-Hant",
                "url": "/api/v2/language/4/"
            },
            "version_group": {
                "name": "ultra-sun-ultra-moon",
                "url": "/api/v2/version-group/18/"
            }
        },
        {
            "flavor_text": "Diminue de moiti\u00e9 les d\u00e9g\u00e2ts inflig\u00e9s au Pok\u00e9mon par les capacit\u00e9s de type Feu.",
            "language": {
                "name": "fr",
                "url": "/api/v2/language/5/"
            },
            "version_group": {
                "name": "ultra-sun-ultra-moon",
                "url": "/api/v2/version-group/18/"
            }
        },
        {
            "flavor_text": "Diminue de moiti\u00e9 les d\u00e9g\u00e2ts inflig\u00e9s au Pok\u00e9mon\npar les capacit\u00e9s de type Feu.",
            "language": {
                "name": "fr",
                "url": "/api/v2/language/5/"
            },
            "version_group": {
                "name": "ultra-sun-ultra-moon",
                "url": "/api/v2/version-group/18/"
            }
        },
        {
            "flavor_text": "Sein Hitze abweisender K\u00f6rper halbiert den durch\nFeuer-Attacken erlittenen Schaden.",
            "language": {
                "name": "de",
                "url": "/api/v2/language/6/"
            },
            "version_group": {
                "name": "ultra-sun-ultra-moon",
                "url": "/api/v2/version-group/18/"
            }
        },
        {
            "flavor_text": "Su cuerpo, resistente al calor, reduce a la mitad el\nda\u00f1o recibido por movimientos de tipo Fuego.",
            "language": {
                "name": "es",
                "url": "/api/v2/language/7/"
            },
            "version_group": {
                "name": "ultra-sun-ultra-moon",
                "url": "/api/v2/version-group/18/"
            }
        },
        {
            "flavor_text": "Il suo corpo termoresistente dimezza i danni\ninflitti dalle mosse di tipo Fuoco.",
            "language": {
                "name": "it",
                "url": "/api/v2/language/8/"
            },
            "version_group": {
                "name": "ultra-sun-ultra-moon",
                "url": "/api/v2/version-group/18/"
            }
        },
        {
            "flavor_text": "The heatproof body of the Pok\u00e9mon halves the\ndamage from Fire-type moves that hit it.",
            "language": {
                "name": "en",
                "url": "/api/v2/language/9/"
            },
            "version_group": {
                "name": "ultra-sun-ultra-moon",
                "url": "/api/v2/version-group/18/"
            }
        },
        {
            "flavor_text": "\u8010\u71b1\u306e\u3000\u4f53\u306b\u3000\u3088\u3063\u3066\n\u307b\u306e\u304a\u30bf\u30a4\u30d7\u306e\u3000\u6280\u306e\n\u5a01\u529b\u3092\u3000\u534a\u6e1b\u3055\u305b\u308b\u3002",
            "language": {
                "name": "ja",
                "url": "/api/v2/language/11/"
            },
            "version_group": {
                "name": "ultra-sun-ultra-moon",
                "url": "/api/v2/version-group/18/"
            }
        },
        {
            "flavor_text": "\u8010\u70ed\u7684\u4f53\u8d28\u4f1a\n\u8ba9\u706b\u5c5e\u6027\u7684\u62db\u5f0f\u5a01\u529b\u51cf\u534a\u3002",
            "language": {
                "name": "zh-Hans",
                "url": "/api/v2/language/12/"
            },
            "version_group": {
                "name": "ultra-sun-ultra-moon",
                "url": "/api/v2/version-group/18/"
            }
        },
        {
            "flavor_text": "\u305f\u3044\u306d\u3064\u306e\u3000\u304b\u3089\u3060\u306b\u3000\u3088\u3063\u3066\n\u307b\u306e\u304a\u30bf\u30a4\u30d7\u306e\u3000\u308f\u3056\u306e\n\u30c0\u30e1\u30fc\u30b8\u3092\u3000\u306f\u3093\u3052\u3093\u3055\u305b\u308b",
            "language": {
                "name": "ja-Hrkt",
                "url": "/api/v2/language/1/"
            },
            "version_group": {
                "name": "lets-go-pikachu-lets-go-eevee",
                "url": "/api/v2/version-group/19/"
            }
        },
        {
            "flavor_text": "\ub0b4\uc5f4\uc778 \ubab8\uc73c\ub85c \uc778\ud574\n\ubd88\uaf43\ud0c0\uc785 \uacf5\uaca9\uc758\n\ub370\ubbf8\uc9c0\ub97c \ubc18\uac10\ud55c\ub2e4.",
            "language": {
                "name": "ko",
                "url": "/api/v2/language/3/"
            },
            "version_group": {
                "name": "lets-go-pikachu-lets-go-eevee",
                "url": "/api/v2/version-group/19/"
            }
        },
        {
            "flavor_text": "\u9760\u8457\u8010\u71b1\u7684\u9ad4\u8cea\uff0c\n\u8b93\u706b\u5c6c\u6027\u7684\u62db\u5f0f\u5a01\u529b\u6e1b\u534a\u3002",
            "language": {
                "name": "zh-Hant",
                "url": "/api/v2/language/4/"
            },
            "version_group": {
                "name": "lets-go-pikachu-lets-go-eevee",
                "url": "/api/v2/version-group/19/"
            }
        },
        {
            "flavor_text": "Diminue de moiti\u00e9 les d\u00e9g\u00e2ts inflig\u00e9s au Pok\u00e9mon\npar les capacit\u00e9s de type Feu.",
            "language": {
                "name": "fr",
                "url": "/api/v2/language/5/"
            },
            "version_group": {
                "name": "lets-go-pikachu-lets-go-eevee",
                "url": "/api/v2/version-group/19/"
            }
        },
        {
            "flavor_text": "Sein Hitze abweisender K\u00f6rper halbiert den durch\nFeuer-Attacken erlittenen Schaden.",
            "language": {
                "name": "de",
                "url": "/api/v2/language/6/"
            },
            "version_group": {
                "name": "lets-go-pikachu-lets-go-eevee",
                "url": "/api/v2/version-group/19/"
            }
        },
        {
            "flavor_text": "Su cuerpo, resistente al calor, reduce a la mitad el\nda\u00f1o recibido por movimientos de tipo Fuego.",
            "language": {
                "name": "es",
                "url": "/api/v2/language/7/"
            },
            "version_group": {
                "name": "lets-go-pikachu-lets-go-eevee",
                "url": "/api/v2/version-group/19/"
            }
        },
        {
            "flavor_text": "Il suo corpo termoresistente dimezza i danni\ninflitti dalle mosse di tipo Fuoco.",
            "language": {
                "name": "it",
                "url": "/api/v2/language/8/"
            },
            "version_group": {
                "name": "lets-go-pikachu-lets-go-eevee",
                "url": "/api/v2/version-group/19/"
            }
        },
        {
            "flavor_text": "The heatproof body of the Pok\u00e9mon halves the\ndamage from Fire-type moves that hit it.",
            "language": {
                "name": "en",
                "url": "/api/v2/language/9/"
            },
            "version_group": {
                "name": "lets-go-pikachu-lets-go-eevee",
                "url": "/api/v2/version-group/19/"
            }
        },
        {
            "flavor_text": "\u8010\u71b1\u306e\u3000\u4f53\u306b\u3000\u3088\u3063\u3066\n\u307b\u306e\u304a\u30bf\u30a4\u30d7\u306e\u3000\u6280\u306e\n\u5a01\u529b\u3092\u3000\u534a\u6e1b\u3055\u305b\u308b\u3002",
            "language": {
                "name": "ja",
                "url": "/api/v2/language/11/"
            },
            "version_group": {
                "name": "lets-go-pikachu-lets-go-eevee",
                "url": "/api/v2/version-group/19/"
            }
        },
        {
            "flavor_text": "\u8010\u70ed\u7684\u4f53\u8d28\u4f1a\n\u8ba9\u706b\u5c5e\u6027\u7684\u62db\u5f0f\u5a01\u529b\u51cf\u534a\u3002",
            "language": {
                "name": "zh-Hans",
                "url": "/api/v2/language/12/"
            },
            "version_group": {
                "name": "lets-go-pikachu-lets-go-eevee",
                "url": "/api/v2/version-group/19/"
            }
        },
        {
            "flavor_text": "\u305f\u3044\u306d\u3064\u306e\u3000\u304b\u3089\u3060\u306b\u3000\u3088\u3063\u3066\n\u307b\u306e\u304a\u30bf\u30a4\u30d7\u306e\u3000\u308f\u3056\u306e\n\u30c0\u30e1\u30fc\u30b8\u3092\u3000\u306f\u3093\u3052\u3093\u3055\u305b\u308b",
            "language": {
                "name": "ja-Hrkt",
                "url": "/api/v2/language/1/"
            },
            "version_group": {
                "name": "sword-shield",
                "url": "/api/v2/version-group/20/"
            }
        },
        {
            "flavor_text": "\ub0b4\uc5f4\uc778 \ubab8\uc73c\ub85c \uc778\ud574\n\ubd88\uaf43\ud0c0\uc785 \uacf5\uaca9\uc758\n\ub370\ubbf8\uc9c0\ub97c \ubc18\uac10\ud55c\ub2e4.",
            "language": {
                "name": "ko",
                "url": "/api/v2/language/3/"
            },
            "version_group": {
                "name": "sword-shield",
                "url": "/api/v2/version-group/20/"
            }
        },
        {
            "flavor_text": "\u9760\u8457\u8010\u71b1\u7684\u9ad4\u8cea\uff0c\n\u8b93\u706b\u5c6c\u6027\u7684\u62db\u5f0f\u5a01\u529b\u6e1b\u534a\u3002",
            "language": {
                "name": "zh-Hant",
                "url": "/api/v2/language/4/"
            },
            "version_group": {
                "name": "sword-shield",
                "url": "/api/v2/version-group/20/"
            }
        },
        {
            "flavor_text": "Diminue de moiti\u00e9 les d\u00e9g\u00e2ts inflig\u00e9s au Pok\u00e9mon par les capacit\u00e9s de type Feu.",
            "language": {
                "name": "fr",
                "url": "/api/v2/language/5/"
            },
            "version_group": {
                "name": "sword-shield",
                "url": "/api/v2/version-group/20/"
            }
        },
        {
            "flavor_text": "Diminue de moiti\u00e9 les d\u00e9g\u00e2ts inflig\u00e9s au Pok\u00e9mon\npar les capacit\u00e9s de type Feu.",
            "language": {
                "name": "fr",
                "url": "/api/v2/language/5/"
            },
            "version_group": {
                "name": "sword-shield",
                "url": "/api/v2/version-group/20/"
            }
        },
        {
            "flavor_text": "Sein Hitze abweisender K\u00f6rper halbiert den durch\nFeuer-Attacken erlittenen Schaden.",
            "language": {
                "name": "de",
                "url": "/api/v2/language/6/"
            },
            "version_group": {
                "name": "sword-shield",
                "url": "/api/v2/version-group/20/"
            }
        },
        {
            "flavor_text": "Su cuerpo, resistente al calor, reduce a la mitad el da\u00f1o\nrecibido por movimientos de tipo Fuego.",
            "language": {
                "name": "es",
                "url": "/api/v2/language/7/"
            },
            "version_group": {
                "name": "sword-shield",
                "url": "/api/v2/version-group/20/"
            }
        },
        {
            "flavor_text": "Il corpo termoresistente del Pok\u00e9mon dimezza i danni\nche subisce dalle mosse di tipo Fuoco.",
            "language": {
                "name": "it",
                "url": "/api/v2/language/8/"
            },
            "version_group": {
                "name": "sword-shield",
                "url": "/api/v2/version-group/20/"
            }
        },
        {
            "flavor_text": "The heatproof body of the Pok\u00e9mon halves the\ndamage from Fire-type moves that hit it.",
            "language": {
                "name": "en",
                "url": "/api/v2/language/9/"
            },
            "version_group": {
                "name": "sword-shield",
                "url": "/api/v2/version-group/20/"
            }
        },
        {
            "flavor_text": "\u8010\u71b1\u306e\u3000\u4f53\u306b\u3000\u3088\u3063\u3066\n\u307b\u306e\u304a\u30bf\u30a4\u30d7\u306e\u3000\u6280\u306e\n\u5a01\u529b\u3092\u3000\u534a\u6e1b\u3055\u305b\u308b\u3002",
            "language": {
                "name": "ja",
                "url": "/api/v2/language/11/"
            },
            "version_group": {
                "name": "sword-shield",
                "url": "/api/v2/version-group/20/"
            }
        },
        {
            "flavor_text": "\u8010\u70ed\u7684\u4f53\u8d28\u4f1a\n\u8ba9\u706b\u5c5e\u6027\u7684\u62db\u5f0f\u5a01\u529b\u51cf\u534a\u3002",
            "language": {
                "name": "zh-Hans",
                "url": "/api/v2/language/12/"
            },
            "version_group": {
                "name": "sword-shield",
                "url": "/api/v2/version-group/20/"
            }
        },
        {
            "flavor_text": "Diminue de moiti\u00e9 les d\u00e9g\u00e2ts inflig\u00e9s au Pok\u00e9mon\\npar les capacit\u00e9s de type Feu.",
            "language": {
                "name": "fr",
                "url": "/api/v2/language/5/"
            },
            "version_group": {
                "name": "scarlet-violet",
                "url": "/api/v2/version-group/25/"
            }
        },
        {
            "flavor_text": "The Pok\u00e9mon's heatproof body halves the damage taken from Fire-type moves.",
            "language": {
                "name": "en",
                "url": "/api/v2/language/9/"
            },
            "version_group": {
                "name": "scarlet-violet",
                "url": "/api/v2/version-group/25/"
            }
        }
    ],
    "generation": {
        "name": "generation-iv",
        "url": "/api/v2/generation/4/"
    },
    "id": 85,
    "is_main_series": true,
    "name": "heatproof",
    "names": [
        {
            "language": {
                "name": "ja-Hrkt",
                "url": "/api/v2/language/1/"
            },
            "name": "\u305f\u3044\u306d\u3064"
        },
        {
            "language": {
                "name": "ko",
                "url": "/api/v2/language/3/"
            },
            "name": "\ub0b4\uc5f4"
        },
        {
            "language": {
                "name": "zh-Hant",
                "url": "/api/v2/language/4/"
            },
            "name": "\u8010\u71b1"
        },
        {
            "language": {
                "name": "fr",
                "url": "/api/v2/language/5/"
            },
            "name": "Ignifug\u00e9"
        },
        {
            "language": {
                "name": "de",
                "url": "/api/v2/language/6/"
            },
            "name": "Hitzeschutz"
        },
        {
            "language": {
                "name": "es",
                "url": "/api/v2/language/7/"
            },
            "name": "Ign\u00edfugo"
        },
        {
            "language": {
                "name": "it",
                "url": "/api/v2/language/8/"
            },
            "name": "Antifuoco"
        },
        {
            "language": {
                "name": "en",
                "url": "/api/v2/language/9/"
            },
            "name": "Heatproof"
        },
        {
            "language": {
                "name": "ja",
                "url": "/api/v2/language/11/"
            },
            "name": "\u305f\u3044\u306d\u3064"
        },
        {
            "language": {
                "name": "zh-Hans",
                "url": "/api/v2/language/12/"
            },
            "name": "\u8010\u70ed"
        }
    ],
    "pokemon": [
        {
            "is_hidden": false,
            "pokemon": {
                "name": "bronzor",
                "url": "/api/v2/pokemon/436/"
            },
            "slot": 2
        },
        {
            "is_hidden": false,
            "pokemon": {
                "name": "bronzong",
                "url": "/api/v2/pokemon/437/"
            },
            "slot": 2
        },
        {
            "is_hidden": false,
            "pokemon": {
                "name": "rolycoly",
                "url": "/api/v2/pokemon/837/"
            },
            "slot": 2
        },
        {
            "is_hidden": true,
            "pokemon": {
                "name": "poltchageist",
                "url": "/api/v2/pokemon/1012/"
            },
            "slot": 3
        },
        {
            "is_hidden": true,
            "pokemon": {
                "name": "sinistcha",
                "url": "/api/v2/pokemon/1013/"
            },
            "slot": 3
        }
    ]
}