{
    "effect_changes": [
        {
            "effect_entries": [
                {
                    "effect": "Hat au\u00dferhalb vom Kampf keinen Effekt.",
                    "language": {
                        "name": "de",
                        "url": "/api/v2/language/6/"
                    }
                },
                {
                    "effect": "Has no overworld effect.",
                    "language": {
                        "name": "en",
                        "url": "/api/v2/language/9/"
                    }
                }
            ],
            "version_group": {
                "name": "emerald",
                "url": "/api/v2/version-group/6/"
            }
        }
    ],
    "effect_entries": [
        {
            "effect": "Pok\u00e9mon mit dieser F\u00e4higkeit kann die accuracy nicht gesenkt werden.\n\nDie F\u00e4higkeit verhindert nur direkte Statuswertver\u00e4nderungen, der Genauigkeitsverlust durch fog wird nicht verhindert, auch nicht das Erh\u00f6hen des Fluchtwerts des Gegners. Pok\u00e9mon mit dieser F\u00e4higkeit kann trotzdem negative accuracy durch heart swap \u00fcbertragen werden.\n\nAu\u00dferhalb vom Kampf: Wenn das erste Pok\u00e9mon im Team diese F\u00e4higkeit hat, dann hat jede Begegnung mit einem Pok\u00e9mon das 5 oder mehr Level niedriger ist, eine Chance von 50% \u00fcbersprungen zu werden.",
            "language": {
                "name": "de",
                "url": "/api/v2/language/6/"
            },
            "short_effect": "Verhindert das Absenken der accuracy."
        },
        {
            "effect": "This Pok\u00e9mon cannot have its accuracy lowered.\n\nThis ability does not prevent any accuracy losses other than stat modifiers, such as the accuracy cut from fog; nor does it prevent other Pok\u00e9mon's evasion from making this Pok\u00e9mon's moves less accurate.  This Pok\u00e9mon can still be passed negative accuracy modifiers through heart swap.\n\nOverworld: If the first Pok\u00e9mon in the party has this ability, any random encounter with a Pok\u00e9mon five or more levels lower than it has a 50% chance of being skipped.",
            "language": {
                "name": "en",
                "url": "/api/v2/language/9/"
            },
            "short_effect": "Prevents accuracy from being lowered."
        }
    ],
    "flavor_text_entries": [
        {
            "flavor_text": "Emp\u00eache perte de pr\u00e9cision.",
            "language": {
                "name": "fr",
                "url": "/api/v2/language/5/"
            },
            "version_group": {
                "name": "ruby-sapphire",
                "url": "/api/v2/version-group/5/"
            }
        },
        {
            "flavor_text": "Prevents loss of accuracy.",
            "language": {
                "name": "en",
                "url": "/api/v2/language/9/"
            },
            "version_group": {
                "name": "ruby-sapphire",
                "url": "/api/v2/version-group/5/"
            }
        },
        {
            "flavor_text": "Emp\u00eache perte de pr\u00e9cision.",
            "language": {
                "name": "fr",
                "url": "/api/v2/language/5/"
            },
            "version_group": {
                "name": "emerald",
                "url": "/api/v2/version-group/6/"
            }
        },
        {
            "flavor_text": "Prevents loss of accuracy.",
            "language": {
                "name": "en",
                "url": "/api/v2/language/9/"
            },
            "version_group": {
                "name": "emerald",
                "url": "/api/v2/version-group/6/"
            }
        },
        {
            "flavor_text": "Emp\u00eache perte de pr\u00e9cision.",
            "language": {
                "name": "fr",
                "url": "/api/v2/language/5/"
            },
            "version_group": {
                "name": "firered-leafgreen",
                "url": "/api/v2/version-group/7/"
            }
        },
        {
            "flavor_text": "Prevents loss of accuracy.",
            "language": {
                "name": "en",
                "url": "/api/v2/language/9/"
            },
            "version_group": {
                "name": "firered-leafgreen",
                "url": "/api/v2/version-group/7/"
            }
        },
        {
            "flavor_text": "Emp\u00eache le Pok\u00e9mon de perdre en pr\u00e9cision.",
            "language": {
                "name": "fr",
                "url": "/api/v2/language/5/"
            },
            "version_group": {
                "name": "diamond-pearl",
                "url": "/api/v2/version-group/8/"
            }
        },
        {
            "flavor_text": "Prevents the Pok\u00e9mon\nfrom losing accuracy.",
            "language": {
                "name": "en",
                "url": "/api/v2/language/9/"
            },
            "version_group": {
                "name": "diamond-pearl",
                "url": "/api/v2/version-group/8/"
            }
        },
        {
            "flavor_text": "Emp\u00eache le Pok\u00e9mon de perdre en pr\u00e9cision.",
            "language": {
                "name": "fr",
                "url": "/api/v2/language/5/"
            },
            "version_group": {
                "name": "platinum",
                "url": "/api/v2/version-group/9/"
            }
        },
        {
            "flavor_text": "Prevents the Pok\u00e9mon\nfrom losing accuracy.",
            "language": {
                "name": "en",
                "url": "/api/v2/language/9/"
            },
            "version_group": {
                "name": "platinum",
                "url": "/api/v2/version-group/9/"
            }
        },
        {
            "flavor_text": "Emp\u00eache le Pok\u00e9mon de perdre en pr\u00e9cision.",
            "language": {
                "name": "fr",
                "url": "/api/v2/language/5/"
            },
            "version_group": {
                "name": "heartgold-soulsilver",
                "url": "/api/v2/version-group/10/"
            }
        },
        {
            "flavor_text": "Prevents the Pok\u00e9mon\nfrom losing accuracy.",
            "language": {
                "name": "en",
                "url": "/api/v2/language/9/"
            },
            "version_group": {
                "name": "heartgold-soulsilver",
                "url": "/api/v2/version-group/10/"
            }
        },
        {
            "flavor_text": "Emp\u00eache le Pok\u00e9mon de perdre en pr\u00e9cision.",
            "language": {
                "name": "fr",
                "url": "/api/v2/language/5/"
            },
            "version_group": {
                "name": "black-white",
                "url": "/api/v2/version-group/11/"
            }
        },
        {
            "flavor_text": "Emp\u00eache le Pok\u00e9mon de\nperdre en Pr\u00e9cision.",
            "language": {
                "name": "fr",
                "url": "/api/v2/language/5/"
            },
            "version_group": {
                "name": "black-white",
                "url": "/api/v2/version-group/11/"
            }
        },
        {
            "flavor_text": "Prevents other Pok\u00e9mon\nfrom lowering accuracy.",
            "language": {
                "name": "en",
                "url": "/api/v2/language/9/"
            },
            "version_group": {
                "name": "black-white",
                "url": "/api/v2/version-group/11/"
            }
        },
        {
            "flavor_text": "Emp\u00eache le Pok\u00e9mon de perdre en pr\u00e9cision.",
            "language": {
                "name": "fr",
                "url": "/api/v2/language/5/"
            },
            "version_group": {
                "name": "xd",
                "url": "/api/v2/version-group/13/"
            }
        },
        {
            "flavor_text": "Emp\u00eache le Pok\u00e9mon de perdre en pr\u00e9cision.",
            "language": {
                "name": "fr",
                "url": "/api/v2/language/5/"
            },
            "version_group": {
                "name": "black-2-white-2",
                "url": "/api/v2/version-group/14/"
            }
        },
        {
            "flavor_text": "Prevents other Pok\u00e9mon\nfrom lowering accuracy.",
            "language": {
                "name": "en",
                "url": "/api/v2/language/9/"
            },
            "version_group": {
                "name": "black-2-white-2",
                "url": "/api/v2/version-group/14/"
            }
        },
        {
            "flavor_text": "\u3081\u3044\u3061\u3085\u3046\u308a\u3064\u3092\n\u3055\u3052\u3089\u308c\u306a\u3044\u3002",
            "language": {
                "name": "ja-Hrkt",
                "url": "/api/v2/language/1/"
            },
            "version_group": {
                "name": "x-y",
                "url": "/api/v2/version-group/15/"
            }
        },
        {
            "flavor_text": "\uba85\uc911\ub960\uc774\n\ub5a8\uc5b4\uc9c0\uc9c0 \uc54a\ub294\ub2e4.",
            "language": {
                "name": "ko",
                "url": "/api/v2/language/3/"
            },
            "version_group": {
                "name": "x-y",
                "url": "/api/v2/version-group/15/"
            }
        },
        {
            "flavor_text": "Les yeux per\u00e7ants du Pok\u00e9mon emp\u00eachent sa Pr\u00e9cision de baisser.",
            "language": {
                "name": "fr",
                "url": "/api/v2/language/5/"
            },
            "version_group": {
                "name": "x-y",
                "url": "/api/v2/version-group/15/"
            }
        },
        {
            "flavor_text": "Emp\u00eache le Pok\u00e9mon de perdre\nen Pr\u00e9cision.",
            "language": {
                "name": "fr",
                "url": "/api/v2/language/5/"
            },
            "version_group": {
                "name": "x-y",
                "url": "/api/v2/version-group/15/"
            }
        },
        {
            "flavor_text": "Hindert Angreifer daran,\ndie Genauigkeit zu senken.",
            "language": {
                "name": "de",
                "url": "/api/v2/language/6/"
            },
            "version_group": {
                "name": "x-y",
                "url": "/api/v2/version-group/15/"
            }
        },
        {
            "flavor_text": "Evita que disminuya la Precisi\u00f3n.",
            "language": {
                "name": "es",
                "url": "/api/v2/language/7/"
            },
            "version_group": {
                "name": "x-y",
                "url": "/api/v2/version-group/15/"
            }
        },
        {
            "flavor_text": "Evita che la precisione\ndiminuisca.",
            "language": {
                "name": "it",
                "url": "/api/v2/language/8/"
            },
            "version_group": {
                "name": "x-y",
                "url": "/api/v2/version-group/15/"
            }
        },
        {
            "flavor_text": "Prevents other Pok\u00e9mon\nfrom lowering accuracy.",
            "language": {
                "name": "en",
                "url": "/api/v2/language/9/"
            },
            "version_group": {
                "name": "x-y",
                "url": "/api/v2/version-group/15/"
            }
        },
        {
            "flavor_text": "\u547d\u4e2d\u7387\u3092\n\u3055\u3052\u3089\u308c\u306a\u3044\u3002",
            "language": {
                "name": "ja",
                "url": "/api/v2/language/11/"
            },
            "version_group": {
                "name": "x-y",
                "url": "/api/v2/version-group/15/"
            }
        },
        {
            "flavor_text": "\u3081\u3044\u3061\u3085\u3046\u308a\u3064\u3092\n\u3055\u3052\u3089\u308c\u306a\u3044\u3002",
            "language": {
                "name": "ja-Hrkt",
                "url": "/api/v2/language/1/"
            },
            "version_group": {
                "name": "omega-ruby-alpha-sapphire",
                "url": "/api/v2/version-group/16/"
            }
        },
        {
            "flavor_text": "\uba85\uc911\ub960\uc774\n\ub5a8\uc5b4\uc9c0\uc9c0 \uc54a\ub294\ub2e4.",
            "language": {
                "name": "ko",
                "url": "/api/v2/language/3/"
            },
            "version_group": {
                "name": "omega-ruby-alpha-sapphire",
                "url": "/api/v2/version-group/16/"
            }
        },
        {
            "flavor_text": "Les yeux per\u00e7ants du Pok\u00e9mon emp\u00eachent sa Pr\u00e9cision de baisser.",
            "language": {
                "name": "fr",
                "url": "/api/v2/language/5/"
            },
            "version_group": {
                "name": "omega-ruby-alpha-sapphire",
                "url": "/api/v2/version-group/16/"
            }
        },
        {
            "flavor_text": "Emp\u00eache le Pok\u00e9mon de perdre en pr\u00e9cision.",
            "language": {
                "name": "fr",
                "url": "/api/v2/language/5/"
            },
            "version_group": {
                "name": "omega-ruby-alpha-sapphire",
                "url": "/api/v2/version-group/16/"
            }
        },
        {
            "flavor_text": "Emp\u00eache le Pok\u00e9mon de perdre\nen Pr\u00e9cision.",
            "language": {
                "name": "fr",
                "url": "/api/v2/language/5/"
            },
            "version_group": {
                "name": "omega-ruby-alpha-sapphire",
                "url": "/api/v2/version-group/16/"
            }
        },
        {
            "flavor_text": "Hindert Angreifer daran,\ndie Genauigkeit zu senken.",
            "language": {
                "name": "de",
                "url": "/api/v2/language/6/"
            },
            "version_group": {
                "name": "omega-ruby-alpha-sapphire",
                "url": "/api/v2/version-group/16/"
            }
        },
        {
            "flavor_text": "Evita que disminuya la Precisi\u00f3n.",
            "language": {
                "name": "es",
                "url": "/api/v2/language/7/"
            },
            "version_group": {
                "name": "omega-ruby-alpha-sapphire",
                "url": "/api/v2/version-group/16/"
            }
        },
        {
            "flavor_text": "Evita che la precisione\ndiminuisca.",
            "language": {
                "name": "it",
                "url": "/api/v2/language/8/"
            },
            "version_group": {
                "name": "omega-ruby-alpha-sapphire",
                "url": "/api/v2/version-group/16/"
            }
        },
        {
            "flavor_text": "Prevents other Pok\u00e9mon\nfrom lowering accuracy.",
            "language": {
                "name": "en",
                "url": "/api/v2/language/9/"
            },
            "version_group": {
                "name": "omega-ruby-alpha-sapphire",
                "url": "/api/v2/version-group/16/"
            }
        },
        {
            "flavor_text": "\u547d\u4e2d\u7387\u3092\n\u3055\u3052\u3089\u308c\u306a\u3044\u3002",
            "language": {
                "name": "ja",
                "url": "/api/v2/language/11/"
            },
            "version_group": {
                "name": "omega-ruby-alpha-sapphire",
                "url": "/api/v2/version-group/16/"
            }
        },
        {
            "flavor_text": "\u3059\u308b\u3069\u3044\u3000\u3081\u306e\u3000\u304a\u304b\u3052\u3067\n\u3081\u3044\u3061\u3085\u3046\u308a\u3064\u3092\u3000\u3055\u3052\u3089\u308c\u306a\u3044\u3002",
            "language": {
                "name": "ja-Hrkt",
                "url": "/api/v2/language/1/"
            },
            "version_group": {
                "name": "sun-moon",
                "url": "/api/v2/version-group/17/"
            }
        },
        {
            "flavor_text": "\ub0a0\uce74\ub85c\uc6b4 \ub208 \ub355\ubd84\uc5d0\n\uba85\uc911\ub960\uc774 \ub5a8\uc5b4\uc9c0\uc9c0 \uc54a\ub294\ub2e4.",
            "language": {
                "name": "ko",
                "url": "/api/v2/language/3/"
            },
            "version_group": {
                "name": "sun-moon",
                "url": "/api/v2/version-group/17/"
            }
        },
        {
            "flavor_text": "\u9760\u8457\u92b3\u5229\u7684\u76ee\u5149\uff0c\n\u547d\u4e2d\u7387\u4e0d\u6703\u88ab\u964d\u4f4e\u3002",
            "language": {
                "name": "zh-Hant",
                "url": "/api/v2/language/4/"
            },
            "version_group": {
                "name": "sun-moon",
                "url": "/api/v2/version-group/17/"
            }
        },
        {
            "flavor_text": "Les yeux per\u00e7ants du Pok\u00e9mon emp\u00eachent sa Pr\u00e9cision de baisser.",
            "language": {
                "name": "fr",
                "url": "/api/v2/language/5/"
            },
            "version_group": {
                "name": "sun-moon",
                "url": "/api/v2/version-group/17/"
            }
        },
        {
            "flavor_text": "Les yeux per\u00e7ants du Pok\u00e9mon emp\u00eachent\nsa Pr\u00e9cision de baisser.",
            "language": {
                "name": "fr",
                "url": "/api/v2/language/5/"
            },
            "version_group": {
                "name": "sun-moon",
                "url": "/api/v2/version-group/17/"
            }
        },
        {
            "flavor_text": "Sein scharfer Blick hindert Angreifer daran,\nseine Genauigkeit zu senken.",
            "language": {
                "name": "de",
                "url": "/api/v2/language/6/"
            },
            "version_group": {
                "name": "sun-moon",
                "url": "/api/v2/version-group/17/"
            }
        },
        {
            "flavor_text": "La aguda vista de este Pok\u00e9mon evita que disminuya\nsu Precisi\u00f3n.",
            "language": {
                "name": "es",
                "url": "/api/v2/language/7/"
            },
            "version_group": {
                "name": "sun-moon",
                "url": "/api/v2/version-group/17/"
            }
        },
        {
            "flavor_text": "La vista acuta del Pok\u00e9mon impedisce che la sua\nprecisione diminuisca.",
            "language": {
                "name": "it",
                "url": "/api/v2/language/8/"
            },
            "version_group": {
                "name": "sun-moon",
                "url": "/api/v2/version-group/17/"
            }
        },
        {
            "flavor_text": "Keen eyes prevent other Pok\u00e9mon from lowering this\nPok\u00e9mon\u2019s accuracy.",
            "language": {
                "name": "en",
                "url": "/api/v2/language/9/"
            },
            "version_group": {
                "name": "sun-moon",
                "url": "/api/v2/version-group/17/"
            }
        },
        {
            "flavor_text": "\u92ed\u3044\u3000\u76ee\u306e\u3000\u304a\u304b\u3052\u3067\n\u547d\u4e2d\u7387\u3092\u3000\u4e0b\u3052\u3089\u308c\u306a\u3044\u3002",
            "language": {
                "name": "ja",
                "url": "/api/v2/language/11/"
            },
            "version_group": {
                "name": "sun-moon",
                "url": "/api/v2/version-group/17/"
            }
        },
        {
            "flavor_text": "\u591a\u4e8f\u4e86\u9510\u5229\u7684\u76ee\u5149\uff0c\n\u547d\u4e2d\u7387\u4e0d\u4f1a\u88ab\u964d\u4f4e\u3002",
            "language": {
                "name": "zh-Hans",
                "url": "/api/v2/language/12/"
            },
            "version_group": {
                "name": "sun-moon",
                "url": "/api/v2/version-group/17/"
            }
        },
        {
            "flavor_text": "\u3059\u308b\u3069\u3044\u3000\u3081\u306e\u3000\u304a\u304b\u3052\u3067\n\u3081\u3044\u3061\u3085\u3046\u308a\u3064\u3092\u3000\u3055\u3052\u3089\u308c\u306a\u3044\u3002",
            "language": {
                "name": "ja-Hrkt",
                "url": "/api/v2/language/1/"
            },
            "version_group": {
                "name": "ultra-sun-ultra-moon",
                "url": "/api/v2/version-group/18/"
            }
        },
        {
            "flavor_text": "\ub0a0\uce74\ub85c\uc6b4 \ub208 \ub355\ubd84\uc5d0\n\uba85\uc911\ub960\uc774 \ub5a8\uc5b4\uc9c0\uc9c0 \uc54a\ub294\ub2e4.",
            "language": {
                "name": "ko",
                "url": "/api/v2/language/3/"
            },
            "version_group": {
                "name": "ultra-sun-ultra-moon",
                "url": "/api/v2/version-group/18/"
            }
        },
        {
            "flavor_text": "\u9760\u8457\u92b3\u5229\u7684\u76ee\u5149\uff0c\n\u547d\u4e2d\u7387\u4e0d\u6703\u88ab\u964d\u4f4e\u3002",
            "language": {
                "name": "zh-Hant",
                "url": "/api/v2/language/4/"
            },
            "version_group": {
                "name": "ultra-sun-ultra-moon",
                "url": "/api/v2/version-group/18/"
            }
        },
        {
            "flavor_text": "Les yeux per\u00e7ants du Pok\u00e9mon emp\u00eachent sa Pr\u00e9cision de baisser.",
            "language": {
                "name": "fr",
                "url": "/api/v2/language/5/"
            },
            "version_group": {
                "name": "ultra-sun-ultra-moon",
                "url": "/api/v2/version-group/18/"
            }
        },
        {
            "flavor_text": "Les yeux per\u00e7ants du Pok\u00e9mon emp\u00eachent\nsa Pr\u00e9cision de baisser.",
            "language": {
                "name": "fr",
                "url": "/api/v2/language/5/"
            },
            "version_group": {
                "name": "ultra-sun-ultra-moon",
                "url": "/api/v2/version-group/18/"
            }
        },
        {
            "flavor_text": "Sein scharfer Blick hindert Angreifer daran,\nseine Genauigkeit zu senken.",
            "language": {
                "name": "de",
                "url": "/api/v2/language/6/"
            },
            "version_group": {
                "name": "ultra-sun-ultra-moon",
                "url": "/api/v2/version-group/18/"
            }
        },
        {
            "flavor_text": "La aguda vista de este Pok\u00e9mon evita que disminuya\nsu Precisi\u00f3n.",
            "language": {
                "name": "es",
                "url": "/api/v2/language/7/"
            },
            "version_group": {
                "name": "ultra-sun-ultra-moon",
                "url": "/api/v2/version-group/18/"
            }
        },
        {
            "flavor_text": "La vista acuta del Pok\u00e9mon impedisce che la sua\nprecisione diminuisca.",
            "language": {
                "name": "it",
                "url": "/api/v2/language/8/"
            },
            "version_group": {
                "name": "ultra-sun-ultra-moon",
                "url": "/api/v2/version-group/18/"
            }
        },
        {
            "flavor_text": "Keen eyes prevent other Pok\u00e9mon from lowering this\nPok\u00e9mon\u2019s accuracy.",
            "language": {
                "name": "en",
                "url": "/api/v2/language/9/"
            },
            "version_group": {
                "name": "ultra-sun-ultra-moon",
                "url": "/api/v2/version-group/18/"
            }
        },
        {
            "flavor_text": "\u92ed\u3044\u3000\u76ee\u306e\u3000\u304a\u304b\u3052\u3067\n\u547d\u4e2d\u7387\u3092\u3000\u4e0b\u3052\u3089\u308c\u306a\u3044\u3002",
            "language": {
                "name": "ja",
                "url": "/api/v2/language/11/"
            },
            "version_group": {
                "name": "ultra-sun-ultra-moon",
                "url": "/api/v2/version-group/18/"
            }
        },
        {
            "flavor_text": "\u591a\u4e8f\u4e86\u9510\u5229\u7684\u76ee\u5149\uff0c\n\u547d\u4e2d\u7387\u4e0d\u4f1a\u88ab\u964d\u4f4e\u3002",
            "language": {
                "name": "zh-Hans",
                "url": "/api/v2/language/12/"
            },
            "version_group": {
                "name": "ultra-sun-ultra-moon",
                "url": "/api/v2/version-group/18/"
            }
        },
        {
            "flavor_text": "\u3059\u308b\u3069\u3044\u3000\u3081\u306e\u3000\u304a\u304b\u3052\u3067\n\u3081\u3044\u3061\u3085\u3046\u308a\u3064\u3092\u3000\u3055\u3052\u3089\u308c\u306a\u3044\u3002",
            "language": {
                "name": "ja-Hrkt",
                "url": "/api/v2/language/1/"
            },
            "version_group": {
                "name": "lets-go-pikachu-lets-go-eevee",
                "url": "/api/v2/version-group/19/"
            }
        },
        {
            "flavor_text": "\ub0a0\uce74\ub85c\uc6b4 \ub208 \ub355\ubd84\uc5d0\n\uba85\uc911\ub960\uc774 \ub5a8\uc5b4\uc9c0\uc9c0 \uc54a\ub294\ub2e4.",
            "language": {
                "name": "ko",
                "url": "/api/v2/language/3/"
            },
            "version_group": {
                "name": "lets-go-pikachu-lets-go-eevee",
                "url": "/api/v2/version-group/19/"
            }
        },
        {
            "flavor_text": "\u9760\u8457\u92b3\u5229\u7684\u76ee\u5149\uff0c\n\u547d\u4e2d\u7387\u4e0d\u6703\u88ab\u964d\u4f4e\u3002",
            "language": {
                "name": "zh-Hant",
                "url": "/api/v2/language/4/"
            },
            "version_group": {
                "name": "lets-go-pikachu-lets-go-eevee",
                "url": "/api/v2/version-group/19/"
            }
        },
        {
            "flavor_text": "Les yeux per\u00e7ants du Pok\u00e9mon emp\u00eachent\nsa Pr\u00e9cision de baisser.",
            "language": {
                "name": "fr",
                "url": "/api/v2/language/5/"
            },
            "version_group": {
                "name": "lets-go-pikachu-lets-go-eevee",
                "url": "/api/v2/version-group/19/"
            }
        },
        {
            "flavor_text": "Sein scharfer Blick hindert Angreifer daran,\nseine Genauigkeit zu senken.",
            "language": {
                "name": "de",
                "url": "/api/v2/language/6/"
            },
            "version_group": {
                "name": "lets-go-pikachu-lets-go-eevee",
                "url": "/api/v2/version-group/19/"
            }
        },
        {
            "flavor_text": "La aguda vista de este Pok\u00e9mon evita que disminuya\nsu Precisi\u00f3n.",
            "language": {
                "name": "es",
                "url": "/api/v2/language/7/"
            },
            "version_group": {
                "name": "lets-go-pikachu-lets-go-eevee",
                "url": "/api/v2/version-group/19/"
            }
        },
        {
            "flavor_text": "La vista acuta del Pok\u00e9mon impedisce che la sua\nprecisione diminuisca.",
            "language": {
                "name": "it",
                "url": "/api/v2/language/8/"
            },
            "version_group": {
                "name": "lets-go-pikachu-lets-go-eevee",
                "url": "/api/v2/version-group/19/"
            }
        },
        {
            "flavor_text": "Keen eyes prevent other Pok\u00e9mon from lowering this\nPok\u00e9mon\u2019s accuracy.",
            "language": {
                "name": "en",
                "url": "/api/v2/language/9/"
            },
            "version_group": {
                "name": "lets-go-pikachu-lets-go-eevee",
                "url": "/api/v2/version-group/19/"
            }
        },
        {
            "flavor_text": "\u92ed\u3044\u3000\u76ee\u306e\u3000\u304a\u304b\u3052\u3067\n\u547d\u4e2d\u7387\u3092\u3000\u4e0b\u3052\u3089\u308c\u306a\u3044\u3002",
            "language": {
                "name": "ja",
                "url": "/api/v2/language/11/"
            },
            "version_group": {
                "name": "lets-go-pikachu-lets-go-eevee",
                "url": "/api/v2/version-group/19/"
            }
        },
        {
            "flavor_text": "\u591a\u4e8f\u4e86\u9510\u5229\u7684\u76ee\u5149\uff0c\n\u547d\u4e2d\u7387\u4e0d\u4f1a\u88ab\u964d\u4f4e\u3002",
            "language": {
                "name": "zh-Hans",
                "url": "/api/v2/language/12/"
            },
            "version_group": {
                "name": "lets-go-pikachu-lets-go-eevee",
                "url": "/api/v2/version-group/19/"
            }
        },
        {
            "flavor_text": "\u3059\u308b\u3069\u3044\u3000\u3081\u306e\u3000\u304a\u304b\u3052\u3067\n\u3081\u3044\u3061\u3085\u3046\u308a\u3064\u3092\u3000\u3055\u3052\u3089\u308c\u306a\u3044\u3002",
            "language": {
                "name": "ja-Hrkt",
                "url": "/api/v2/language/1/"
            },
            "version_group": {
                "name": "sword-shield",
                "url": "/api/v2/version-group/20/"
            }
        },
        {
            "flavor_text": "\ub0a0\uce74\ub85c\uc6b4 \ub208 \ub355\ubd84\uc5d0\n\uba85\uc911\ub960\uc774 \ub5a8\uc5b4\uc9c0\uc9c0 \uc54a\ub294\ub2e4.",
            "language": {
                "name": "ko",
                "url": "/api/v2/language/3/"
            },
            "version_group": {
                "name": "sword-shield",
                "url": "/api/v2/version-group/20/"
            }
        },
        {
            "flavor_text": "\u9760\u8457\u92b3\u5229\u7684\u76ee\u5149\uff0c\n\u547d\u4e2d\u7387\u4e0d\u6703\u88ab\u964d\u4f4e\u3002",
            "language": {
                "name": "zh-Hant",
                "url": "/api/v2/language/4/"
            },
            "version_group": {
                "name": "sword-shield",
                "url": "/api/v2/version-group/20/"
            }
        },
        {
            "flavor_text": "Les yeux per\u00e7ants du Pok\u00e9mon emp\u00eachent sa Pr\u00e9cision de baisser.",
            "language": {
                "name": "fr",
                "url": "/api/v2/language/5/"
            },
            "version_group": {
                "name": "sword-shield",
                "url": "/api/v2/version-group/20/"
            }
        },
        {
            "flavor_text": "Les yeux per\u00e7ants du Pok\u00e9mon emp\u00eachent\nsa Pr\u00e9cision de baisser.",
            "language": {
                "name": "fr",
                "url": "/api/v2/language/5/"
            },
            "version_group": {
                "name": "sword-shield",
                "url": "/api/v2/version-group/20/"
            }
        },
        {
            "flavor_text": "Sein scharfer Blick hindert Angreifer daran,\nseine Genauigkeit zu senken.",
            "language": {
                "name": "de",
                "url": "/api/v2/language/6/"
            },
            "version_group": {
                "name": "sword-shield",
                "url": "/api/v2/version-group/20/"
            }
        },
        {
            "flavor_text": "Su aguda vista evita que le disminuya la Precisi\u00f3n.",
            "language": {
                "name": "es",
                "url": "/api/v2/language/7/"
            },
            "version_group": {
                "name": "sword-shield",
                "url": "/api/v2/version-group/20/"
            }
        },
        {
            "flavor_text": "La vista acuta del Pok\u00e9mon impedisce che la sua\nprecisione diminuisca.",
            "language": {
                "name": "it",
                "url": "/api/v2/language/8/"
            },
            "version_group": {
                "name": "sword-shield",
                "url": "/api/v2/version-group/20/"
            }
        },
        {
            "flavor_text": "Keen eyes prevent other Pok\u00e9mon from lowering this\nPok\u00e9mon\u2019s accuracy.",
            "language": {
                "name": "en",
                "url": "/api/v2/language/9/"
            },
            "version_group": {
                "name": "sword-shield",
                "url": "/api/v2/version-group/20/"
            }
        },
        {
            "flavor_text": "\u92ed\u3044\u3000\u76ee\u306e\u3000\u304a\u304b\u3052\u3067\n\u547d\u4e2d\u7387\u3092\u3000\u4e0b\u3052\u3089\u308c\u306a\u3044\u3002",
            "language": {
                "name": "ja",
                "url": "/api/v2/language/11/"
            },
            "version_group": {
                "name": "sword-shield",
                "url": "/api/v2/version-group/20/"
            }
        },
        {
            "flavor_text": "\u591a\u4e8f\u4e86\u9510\u5229\u7684\u76ee\u5149\uff0c\n\u547d\u4e2d\u7387\u4e0d\u4f1a\u88ab\u964d\u4f4e\u3002",
            "language": {
                "name": "zh-Hans",
                "url": "/api/v2/language/12/"
            },
            "version_group": {
                "name": "sword-shield",
                "url": "/api/v2/version-group/20/"
            }
        },
        {
            "flavor_text": "Les yeux per\u00e7ants du Pok\u00e9mon emp\u00eachent sa Pr\u00e9cision de baisser.",
            "language": {
                "name": "fr",
                "url": "/api/v2/language/5/"
            },
            "version_group": {
                "name": "scarlet-violet",
                "url": "/api/v2/version-group/25/"
            }
        },
        {
            "flavor_text": "The Pok\u00e9mon's keen eyes prevent its accuracy from being lowered.",
            "language": {
                "name": "en",
                "url": "/api/v2/language/9/"
            },
            "version_group": {
                "name": "scarlet-violet",
                "url": "/api/v2/version-group/25/"
            }
        }
    ],
    "generation": {
        "name": "generation-iii",
        "url": "/api/v2/generation/3/"
    },
    "id": 51,
    "is_main_series": true,
    "name": "keen-eye",
    "names": [
        {
            "language": {
                "name": "ja-Hrkt",
                "url": "/api/v2/language/1/"
            },
            "name": "\u3059\u308b\u3069\u3044\u3081"
        },
        {
            "language": {
                "name": "ko",
                "url": "/api/v2/language/3/"
            },
            "name": "\ub0a0\uce74\ub85c\uc6b4\ub208"
        },
        {
            "language": {
                "name": "zh-Hant",
                "url": "/api/v2/language/4/"
            },
            "name": "\u92b3\u5229\u76ee\u5149"
        },
        {
            "language": {
                "name": "fr",
                "url": "/api/v2/language/5/"
            },
            "name": "Regard Vif"
        },
        {
            "language": {
                "name": "de",
                "url": "/api/v2/language/6/"
            },
            "name": "Adlerauge"
        },
        {
            "language": {
                "name": "es",
                "url": "/api/v2/language/7/"
            },
            "name": "Vista Lince"
        },
        {
            "language": {
                "name": "it",
                "url": "/api/v2/language/8/"
            },
            "name": "Sguardofermo"
        },
        {
            "language": {
                "name": "en",
                "url": "/api/v2/language/9/"
            },
            "name": "Keen Eye"
        },
        {
            "language": {
                "name": "ja",
                "url": "/api/v2/language/11/"
            },
            "name": "\u3059\u308b\u3069\u3044\u3081"
        },
        {
            "language": {
                "name": "zh-Hans",
                "url": "/api/v2/language/12/"
            },
            "name": "\u9510\u5229\u76ee\u5149"
        }
    ],
    "pokemon": [
        {
            "is_hidden": false,
            "pokemon": {
                "name": "pidgey",
                "url": "/api/v2/pokemon/16/"
            },
            "slot": 1
        },
        {
            "is_hidden": false,
            "pokemon": {
                "name": "pidgeotto",
                "url": "/api/v2/pokemon/17/"
            },
            "slot": 1
        },
        {
            "is_hidden": false,
            "pokemon": {
                "name": "pidgeot",
                "url": "/api/v2/pokemon/18/"
            },
            "slot": 1
        },
        {
            "is_hidden": false,
            "pokemon": {
                "name": "spearow",
                "url": "/api/v2/pokemon/21/"
            },
            "slot": 1
        },
        {
            "is_hidden": false,
            "pokemon": {
                "name": "fearow",
                "url": "/api/v2/pokemon/22/"
            },
            "slot": 1
        },
        {
            "is_hidden": false,
            "pokemon": {
                "name": "farfetchd",
                "url": "/api/v2/pokemon/83/"
            },
            "slot": 1
        },
        {
            "is_hidden": false,
            "pokemon": {
                "name": "hitmonchan",
                "url": "/api/v2/pokemon/107/"
            },
            "slot": 1
        },
        {
            "is_hidden": false,
            "pokemon": {
                "name": "sentret",
                "url": "/api/v2/pokemon/161/"
            },
            "slot": 2
        },
        {
            "is_hidden": false,
            "pokemon": {
                "name": "furret",
                "url": "/api/v2/pokemon/162/"
            },
            "slot": 2
        },
        {
            "is_hidden": false,
            "pokemon": {
                "name": "hoothoot",
                "url": "/api/v2/pokemon/163/"
            },
            "slot": 2
        },
        {
            "is_hidden": false,
            "pokemon": {
                "name": "noctowl",
                "url": "/api/v2/pokemon/164/"
            },
            "slot": 2
        },
        {
            "is_hidden": false,
            "pokemon": {
                "name": "sneasel",
                "url": "/api/v2/pokemon/215/"
            },
            "slot": 2
        },
        {
            "is_hidden": false,
            "pokemon": {
                "name": "skarmory",
                "url": "/api/v2/pokemon/227/"
            },
            "slot": 1
        },
        {
            "is_hidden": false,
            "pokemon": {
                "name": "wingull",
                "url": "/api/v2/pokemon/278/"
            },
            "slot": 1
        },
        {
            "is_hidden": false,
            "pokemon": {
                "name": "pelipper",
                "url": "/api/v2/pokemon/279/"
            },
            "slot": 1
        },
        {
            "is_hidden": false,
            "pokemon": {
                "name": "sableye",
                "url": "/api/v2/pokemon/302/"
            },
            "slot": 1
        },
        {
            "is_hidden": false,
            "pokemon": {
                "name": "starly",
                "url": "/api/v2/pokemon/396/"
            },
            "slot": 1
        },
        {
            "is_hidden": true,
            "pokemon": {
                "name": "glameow",
                "url": "/api/v2/pokemon/431/"
            },
            "slot": 3
        },
        {
            "is_hidden": true,
            "pokemon": {
                "name": "stunky",
                "url": "/api/v2/pokemon/434/"
            },
            "slot": 3
        },
        {
            "is_hidden": true,
            "pokemon": {
                "name": "skuntank",
                "url": "/api/v2/pokemon/435/"
            },
            "slot": 3
        },
        {
            "is_hidden": false,
            "pokemon": {
                "name": "chatot",
                "url": "/api/v2/pokemon/441/"
            },
            "slot": 1
        },
        {
            "is_hidden": true,
            "pokemon": {
                "name": "skorupi",
                "url": "/api/v2/pokemon/451/"
            },
            "slot": 3
        },
        {
            "is_hidden": true,
            "pokemon": {
                "name": "drapion",
                "url": "/api/v2/pokemon/452/"
            },
            "slot": 3
        },
        {
            "is_hidden": false,
            "pokemon": {
                "name": "patrat",
                "url": "/api/v2/pokemon/504/"
            },
            "slot": 2
        },
        {
            "is_hidden": false,
            "pokemon": {
                "name": "watchog",
                "url": "/api/v2/pokemon/505/"
            },
            "slot": 2
        },
        {
            "is_hidden": false,
            "pokemon": {
                "name": "ducklett",
                "url": "/api/v2/pokemon/580/"
            },
            "slot": 1
        },
        {
            "is_hidden": false,
            "pokemon": {
                "name": "swanna",
                "url": "/api/v2/pokemon/581/"
            },
            "slot": 1
        },
        {
            "is_hidden": false,
            "pokemon": {
                "name": "rufflet",
                "url": "/api/v2/pokemon/627/"
            },
            "slot": 1
        },
        {
            "is_hidden": false,
            "pokemon": {
                "name": "braviary",
                "url": "/api/v2/pokemon/628/"
            },
            "slot": 1
        },
        {
            "is_hidden": false,
            "pokemon": {
                "name": "espurr",
                "url": "/api/v2/pokemon/677/"
            },
            "slot": 1
        },
        {
            "is_hidden": false,
            "pokemon": {
                "name": "meowstic-male",
                "url": "/api/v2/pokemon/678/"
            },
            "slot": 1
        },
        {
            "is_hidden": false,
            "pokemon": {
                "name": "pikipek",
                "url": "/api/v2/pokemon/731/"
            },
            "slot": 1
        },
        {
            "is_hidden": false,
            "pokemon": {
                "name": "trumbeak",
                "url": "/api/v2/pokemon/732/"
            },
            "slot": 1
        },
        {
            "is_hidden": false,
            "pokemon": {
                "name": "toucannon",
                "url": "/api/v2/pokemon/733/"
            },
            "slot": 1
        },
        {
            "is_hidden": false,
            "pokemon": {
                "name": "rockruff",
                "url": "/api/v2/pokemon/744/"
            },
            "slot": 1
        },
        {
            "is_hidden": false,
            "pokemon": {
                "name": "lycanroc-midday",
                "url": "/api/v2/pokemon/745/"
            },
            "slot": 1
        },
        {
            "is_hidden": false,
            "pokemon": {
                "name": "rookidee",
                "url": "/api/v2/pokemon/821/"
            },
            "slot": 1
        },
        {
            "is_hidden": false,
            "pokemon": {
                "name": "corvisquire",
                "url": "/api/v2/pokemon/822/"
            },
            "slot": 1
        },
        {
            "is_hidden": false,
            "pokemon": {
                "name": "bombirdier",
                "url": "/api/v2/pokemon/962/"
            },
            "slot": 2
        },
        {
            "is_hidden": false,
            "pokemon": {
                "name": "meowstic-female",
                "url": "/api/v2/pokemon/10025/"
            },
            "slot": 1
        },
        {
            "is_hidden": false,
            "pokemon": {
                "name": "lycanroc-midnight",
                "url": "/api/v2/pokemon/10126/"
            },
            "slot": 1
        },
        {
            "is_hidden": false,
            "pokemon": {
                "name": "sneasel-hisui",
                "url": "/api/v2/pokemon/10235/"
            },
            "slot": 2
        },
        {
            "is_hidden": false,
            "pokemon": {
                "name": "braviary-hisui",
                "url": "/api/v2/pokemon/10240/"
            },
            "slot": 1
        }
    ]
}