{
    "effect_changes": [],
    "effect_entries": [
        {
            "effect": "If a Pok\u00e9mon with this Ability selects a damaging move, it has a 30% chance of going first in its priority bracket.",
            "language": {
                "name": "en",
                "url": "/api/v2/language/9/"
            },
            "short_effect": "Enables the Pok\u00e9mon to move first occasionally."
        }
    ],
    "flavor_text_entries": [
        {
            "flavor_text": "\u3042\u3044\u3066\u3088\u308a\u3000\u3055\u304d\u306b\n\u3053\u3046\u3069\u3046\u3000\u3067\u304d\u308b\u3053\u3068\u304c\u3000\u3042\u308b\u3002",
            "language": {
                "name": "ja-Hrkt",
                "url": "/api/v2/language/1/"
            },
            "version_group": {
                "name": "sword-shield",
                "url": "/api/v2/version-group/20/"
            }
        },
        {
            "flavor_text": "\uc0c1\ub300\ubcf4\ub2e4 \uba3c\uc800\n\ud589\ub3d9\ud560 \uc218\ub3c4 \uc788\ub2e4.",
            "language": {
                "name": "ko",
                "url": "/api/v2/language/3/"
            },
            "version_group": {
                "name": "sword-shield",
                "url": "/api/v2/version-group/20/"
            }
        },
        {
            "flavor_text": "\u6709\u6642\u80fd\u6bd4\u5c0d\u624b\u5148\u4e00\u6b65\u884c\u52d5\u3002",
            "language": {
                "name": "zh-Hant",
                "url": "/api/v2/language/4/"
            },
            "version_group": {
                "name": "sword-shield",
                "url": "/api/v2/version-group/20/"
            }
        },
        {
            "flavor_text": "Permet parfois au Pok\u00e9mon d\u2019agir en premier.",
            "language": {
                "name": "fr",
                "url": "/api/v2/language/5/"
            },
            "version_group": {
                "name": "sword-shield",
                "url": "/api/v2/version-group/20/"
            }
        },
        {
            "flavor_text": "Erm\u00f6glicht dem Pok\u00e9mon gelegentlich den Erstschlag.",
            "language": {
                "name": "de",
                "url": "/api/v2/language/6/"
            },
            "version_group": {
                "name": "sword-shield",
                "url": "/api/v2/version-group/20/"
            }
        },
        {
            "flavor_text": "A veces, puede atacar el primero.",
            "language": {
                "name": "es",
                "url": "/api/v2/language/7/"
            },
            "version_group": {
                "name": "sword-shield",
                "url": "/api/v2/version-group/20/"
            }
        },
        {
            "flavor_text": "A volte permette al Pok\u00e9mon di agire per primo.",
            "language": {
                "name": "it",
                "url": "/api/v2/language/8/"
            },
            "version_group": {
                "name": "sword-shield",
                "url": "/api/v2/version-group/20/"
            }
        },
        {
            "flavor_text": "Enables the Pok\u00e9mon to move first occasionally.",
            "language": {
                "name": "en",
                "url": "/api/v2/language/9/"
            },
            "version_group": {
                "name": "sword-shield",
                "url": "/api/v2/version-group/20/"
            }
        },
        {
            "flavor_text": "\u76f8\u624b\u3088\u308a\u3000\u5148\u306b\n\u884c\u52d5\u3067\u304d\u308b\u3053\u3068\u304c\u3000\u3042\u308b\u3002",
            "language": {
                "name": "ja",
                "url": "/api/v2/language/11/"
            },
            "version_group": {
                "name": "sword-shield",
                "url": "/api/v2/version-group/20/"
            }
        },
        {
            "flavor_text": "\u6709\u65f6\u80fd\u6bd4\u5bf9\u624b\u5148\u4e00\u6b65\u884c\u52a8\u3002",
            "language": {
                "name": "zh-Hans",
                "url": "/api/v2/language/12/"
            },
            "version_group": {
                "name": "sword-shield",
                "url": "/api/v2/version-group/20/"
            }
        },
        {
            "flavor_text": "Permet parfois au Pok\u00e9mon d\u2019agir en premier.",
            "language": {
                "name": "fr",
                "url": "/api/v2/language/5/"
            },
            "version_group": {
                "name": "scarlet-violet",
                "url": "/api/v2/version-group/25/"
            }
        },
        {
            "flavor_text": "Enables the Pok\u00e9mon to move first occasionally.",
            "language": {
                "name": "en",
                "url": "/api/v2/language/9/"
            },
            "version_group": {
                "name": "scarlet-violet",
                "url": "/api/v2/version-group/25/"
            }
        }
    ],
    "generation": {
        "name": "generation-viii",
        "url": "/api/v2/generation/8/"
    },
    "id": 259,
    "is_main_series": true,
    "name": "quick-draw",
    "names": [
        {
            "language": {
                "name": "ja-Hrkt",
                "url": "/api/v2/language/1/"
            },
            "name": "\u30af\u30a4\u30c3\u30af\u30c9\u30ed\u30a6"
        },
        {
            "language": {
                "name": "ko",
                "url": "/api/v2/language/3/"
            },
            "name": "\ud035\ub4dc\ub85c"
        },
        {
            "language": {
                "name": "zh-Hant",
                "url": "/api/v2/language/4/"
            },
            "name": "\u901f\u64ca"
        },
        {
            "language": {
                "name": "fr",
                "url": "/api/v2/language/5/"
            },
            "name": "Tir Vif"
        },
        {
            "language": {
                "name": "de",
                "url": "/api/v2/language/6/"
            },
            "name": "Schnellschuss"
        },
        {
            "language": {
                "name": "es",
                "url": "/api/v2/language/7/"
            },
            "name": "Mano R\u00e1pida"
        },
        {
            "language": {
                "name": "it",
                "url": "/api/v2/language/8/"
            },
            "name": "Colpolesto"
        },
        {
            "language": {
                "name": "en",
                "url": "/api/v2/language/9/"
            },
            "name": "Quick Draw"
        },
        {
            "language": {
                "name": "ja",
                "url": "/api/v2/language/11/"
            },
            "name": "\u30af\u30a4\u30c3\u30af\u30c9\u30ed\u30a6"
        },
        {
            "language": {
                "name": "zh-Hans",
                "url": "/api/v2/language/12/"
            },
            "name": "\u901f\u51fb"
        }
    ],
    "pokemon": [
        {
            "is_hidden": false,
            "pokemon": {
                "name": "slowbro-galar",
                "url": "/api/v2/pokemon/10165/"
            },
            "slot": 1
        }
    ]
}