{
    "effect_changes": [],
    "effect_entries": [
        {
            "effect": "Wenn ein Pok\u00e9mon mit dieser F\u00e4higkeit von einem kritischen Treffer getroffen wird, erh\u00f6ht sich sein attack auf die h\u00f6chste Stufe von 6.\n\nDie F\u00e4higkeit l\u00f6st auch aus, wenn der kritische Treffer vom substitute abgefangen wird.",
            "language": {
                "name": "de",
                "url": "/api/v2/language/6/"
            },
            "short_effect": "Erh\u00f6ht den attack auf die h\u00f6chste Stufe (6) wenn es einen kritischen Treffer erleidet."
        },
        {
            "effect": "Whenever this Pok\u00e9mon receives a critical hit, its Attack rises to the maximum of 6 stages.\n\nThis ability will still take effect if the critical hit is received by a substitute.",
            "language": {
                "name": "en",
                "url": "/api/v2/language/9/"
            },
            "short_effect": "Raises Attack to the maximum of six stages upon receiving a critical hit."
        }
    ],
    "flavor_text_entries": [
        {
            "flavor_text": "Raises Attack upon taking\na critical hit.",
            "language": {
                "name": "en",
                "url": "/api/v2/language/9/"
            },
            "version_group": {
                "name": "diamond-pearl",
                "url": "/api/v2/version-group/8/"
            }
        },
        {
            "flavor_text": "Raises Attack upon taking\na critical hit.",
            "language": {
                "name": "en",
                "url": "/api/v2/language/9/"
            },
            "version_group": {
                "name": "platinum",
                "url": "/api/v2/version-group/9/"
            }
        },
        {
            "flavor_text": "Raises Attack upon\ntaking a critical hit.",
            "language": {
                "name": "en",
                "url": "/api/v2/language/9/"
            },
            "version_group": {
                "name": "heartgold-soulsilver",
                "url": "/api/v2/version-group/10/"
            }
        },
        {
            "flavor_text": "Monte l\u2019Attaque au max\napr\u00e8s un coup critique.",
            "language": {
                "name": "fr",
                "url": "/api/v2/language/5/"
            },
            "version_group": {
                "name": "black-white",
                "url": "/api/v2/version-group/11/"
            }
        },
        {
            "flavor_text": "Maxes Attack after\ntaking a critical hit.",
            "language": {
                "name": "en",
                "url": "/api/v2/language/9/"
            },
            "version_group": {
                "name": "black-white",
                "url": "/api/v2/version-group/11/"
            }
        },
        {
            "flavor_text": "Maxes Attack after\ntaking a critical hit.",
            "language": {
                "name": "en",
                "url": "/api/v2/language/9/"
            },
            "version_group": {
                "name": "black-2-white-2",
                "url": "/api/v2/version-group/14/"
            }
        },
        {
            "flavor_text": "\u304d\u3085\u3046\u3057\u3087\u306b\u3000\u3046\u3051\u308b\u3068\n\u3053\u3046\u3052\u304d\u304c\u3000\u3042\u304c\u308b\u3002",
            "language": {
                "name": "ja-Hrkt",
                "url": "/api/v2/language/1/"
            },
            "version_group": {
                "name": "x-y",
                "url": "/api/v2/version-group/15/"
            }
        },
        {
            "flavor_text": "\uae09\uc18c\uc5d0 \ub9de\uc73c\uba74\n\uacf5\uaca9\uc774 \uc62c\ub77c\uac04\ub2e4.",
            "language": {
                "name": "ko",
                "url": "/api/v2/language/3/"
            },
            "version_group": {
                "name": "x-y",
                "url": "/api/v2/version-group/15/"
            }
        },
        {
            "flavor_text": "Monte l\u2019Attaque au max apr\u00e8s\navoir re\u00e7u un coup critique.",
            "language": {
                "name": "fr",
                "url": "/api/v2/language/5/"
            },
            "version_group": {
                "name": "x-y",
                "url": "/api/v2/version-group/15/"
            }
        },
        {
            "flavor_text": "Maximiert nach Einstecken eines\nVolltreffers den Angriffs-Wert.",
            "language": {
                "name": "de",
                "url": "/api/v2/language/6/"
            },
            "version_group": {
                "name": "x-y",
                "url": "/api/v2/version-group/15/"
            }
        },
        {
            "flavor_text": "Sube el Ataque al m\u00e1ximo tras un\ngolpe cr\u00edtico.",
            "language": {
                "name": "es",
                "url": "/api/v2/language/7/"
            },
            "version_group": {
                "name": "x-y",
                "url": "/api/v2/version-group/15/"
            }
        },
        {
            "flavor_text": "Massimizza l\u2019Attacco se si\nsubisce un brutto colpo.",
            "language": {
                "name": "it",
                "url": "/api/v2/language/8/"
            },
            "version_group": {
                "name": "x-y",
                "url": "/api/v2/version-group/15/"
            }
        },
        {
            "flavor_text": "Maxes the Attack stat after\nthe Pok\u00e9mon takes a critical hit.",
            "language": {
                "name": "en",
                "url": "/api/v2/language/9/"
            },
            "version_group": {
                "name": "x-y",
                "url": "/api/v2/version-group/15/"
            }
        },
        {
            "flavor_text": "\u6025\u6240\u306b\u3000\u53d7\u3051\u308b\u3068\n\u653b\u6483\u304c\u3000\u3042\u304c\u308b\u3002",
            "language": {
                "name": "ja",
                "url": "/api/v2/language/11/"
            },
            "version_group": {
                "name": "x-y",
                "url": "/api/v2/version-group/15/"
            }
        },
        {
            "flavor_text": "\u304d\u3085\u3046\u3057\u3087\u306b\u3000\u3046\u3051\u308b\u3068\n\u3053\u3046\u3052\u304d\u304c\u3000\u3042\u304c\u308b\u3002",
            "language": {
                "name": "ja-Hrkt",
                "url": "/api/v2/language/1/"
            },
            "version_group": {
                "name": "omega-ruby-alpha-sapphire",
                "url": "/api/v2/version-group/16/"
            }
        },
        {
            "flavor_text": "\uae09\uc18c\uc5d0 \ub9de\uc73c\uba74\n\uacf5\uaca9\uc774 \uc62c\ub77c\uac04\ub2e4.",
            "language": {
                "name": "ko",
                "url": "/api/v2/language/3/"
            },
            "version_group": {
                "name": "omega-ruby-alpha-sapphire",
                "url": "/api/v2/version-group/16/"
            }
        },
        {
            "flavor_text": "Monte l\u2019Attaque au max apr\u00e8s\navoir re\u00e7u un coup critique.",
            "language": {
                "name": "fr",
                "url": "/api/v2/language/5/"
            },
            "version_group": {
                "name": "omega-ruby-alpha-sapphire",
                "url": "/api/v2/version-group/16/"
            }
        },
        {
            "flavor_text": "Maximiert nach Einstecken eines\nVolltreffers den Angriffs-Wert.",
            "language": {
                "name": "de",
                "url": "/api/v2/language/6/"
            },
            "version_group": {
                "name": "omega-ruby-alpha-sapphire",
                "url": "/api/v2/version-group/16/"
            }
        },
        {
            "flavor_text": "Sube el Ataque al m\u00e1ximo tras un\ngolpe cr\u00edtico.",
            "language": {
                "name": "es",
                "url": "/api/v2/language/7/"
            },
            "version_group": {
                "name": "omega-ruby-alpha-sapphire",
                "url": "/api/v2/version-group/16/"
            }
        },
        {
            "flavor_text": "Massimizza l\u2019Attacco se si\nsubisce un brutto colpo.",
            "language": {
                "name": "it",
                "url": "/api/v2/language/8/"
            },
            "version_group": {
                "name": "omega-ruby-alpha-sapphire",
                "url": "/api/v2/version-group/16/"
            }
        },
        {
            "flavor_text": "Maxes the Attack stat after\nthe Pok\u00e9mon takes a critical hit.",
            "language": {
                "name": "en",
                "url": "/api/v2/language/9/"
            },
            "version_group": {
                "name": "omega-ruby-alpha-sapphire",
                "url": "/api/v2/version-group/16/"
            }
        },
        {
            "flavor_text": "\u6025\u6240\u306b\u3000\u53d7\u3051\u308b\u3068\n\u653b\u6483\u304c\u3000\u3042\u304c\u308b\u3002",
            "language": {
                "name": "ja",
                "url": "/api/v2/language/11/"
            },
            "version_group": {
                "name": "omega-ruby-alpha-sapphire",
                "url": "/api/v2/version-group/16/"
            }
        },
        {
            "flavor_text": "\u304d\u3085\u3046\u3057\u3087\u306b\u3000\u3053\u3046\u3052\u304d\u304c\u3000\u3042\u305f\u308b\u3068\n\u3044\u304b\u308a\u304f\u308b\u3063\u3066\u3000\u3053\u3046\u3052\u304d\u308a\u3087\u304f\u304c\n\u3055\u3044\u3060\u3044\u306b\u3000\u306a\u308b\u3002",
            "language": {
                "name": "ja-Hrkt",
                "url": "/api/v2/language/1/"
            },
            "version_group": {
                "name": "sun-moon",
                "url": "/api/v2/version-group/17/"
            }
        },
        {
            "flavor_text": "\uae09\uc18c\uc5d0 \uacf5\uaca9\uc774 \ub9de\uc73c\uba74\n\ud06c\uac8c \ubd84\ub178\ud574 \uacf5\uaca9\ub825\uc774\n\ucd5c\ub300\uac00 \ub41c\ub2e4.",
            "language": {
                "name": "ko",
                "url": "/api/v2/language/3/"
            },
            "version_group": {
                "name": "sun-moon",
                "url": "/api/v2/version-group/17/"
            }
        },
        {
            "flavor_text": "\u8981\u5bb3\u88ab\u64ca\u4e2d\u6642\u6703\u5927\u767c\u96f7\u9706\u3002\n\u653b\u64ca\u529b\u6703\u63d0\u9ad8\u5230\u6700\u5927\u3002",
            "language": {
                "name": "zh-Hant",
                "url": "/api/v2/language/4/"
            },
            "version_group": {
                "name": "sun-moon",
                "url": "/api/v2/version-group/17/"
            }
        },
        {
            "flavor_text": "Si le Pok\u00e9mon subit un coup critique, il entre\ndans une col\u00e8re noire qui augmente son Attaque\nau maximum.",
            "language": {
                "name": "fr",
                "url": "/api/v2/language/5/"
            },
            "version_group": {
                "name": "sun-moon",
                "url": "/api/v2/version-group/17/"
            }
        },
        {
            "flavor_text": "Wird nach Einstecken eines Volltreffers w\u00fctend und\nmaximiert dabei seinen Angriffs-Wert.",
            "language": {
                "name": "de",
                "url": "/api/v2/language/6/"
            },
            "version_group": {
                "name": "sun-moon",
                "url": "/api/v2/version-group/17/"
            }
        },
        {
            "flavor_text": "Si recibe un golpe cr\u00edtico, monta en c\u00f3lera y sube su\nAtaque hasta el m\u00e1ximo.",
            "language": {
                "name": "es",
                "url": "/api/v2/language/7/"
            },
            "version_group": {
                "name": "sun-moon",
                "url": "/api/v2/version-group/17/"
            }
        },
        {
            "flavor_text": "Se il Pok\u00e9mon subisce un brutto colpo, monta su\ntutte le furie e il suo Attacco aumenta al massimo.",
            "language": {
                "name": "it",
                "url": "/api/v2/language/8/"
            },
            "version_group": {
                "name": "sun-moon",
                "url": "/api/v2/version-group/17/"
            }
        },
        {
            "flavor_text": "The Pok\u00e9mon is angered when it takes a critical hit,\nand that maxes its Attack stat.",
            "language": {
                "name": "en",
                "url": "/api/v2/language/9/"
            },
            "version_group": {
                "name": "sun-moon",
                "url": "/api/v2/version-group/17/"
            }
        },
        {
            "flavor_text": "\u6025\u6240\u306b\u3000\u653b\u6483\u304c\u3000\u5f53\u305f\u308b\u3068\n\u6012\u308a\u304f\u308b\u3063\u3066\u3000\u653b\u6483\u529b\u304c\n\u6700\u5927\u306b\u3000\u306a\u308b\u3002",
            "language": {
                "name": "ja",
                "url": "/api/v2/language/11/"
            },
            "version_group": {
                "name": "sun-moon",
                "url": "/api/v2/version-group/17/"
            }
        },
        {
            "flavor_text": "\u8981\u5bb3\u88ab\u51fb\u4e2d\u65f6\uff0c\n\u4f1a\u5927\u53d1\u96f7\u9706\uff0c\n\u653b\u51fb\u529b\u53d8\u4e3a\u6700\u5927\u3002",
            "language": {
                "name": "zh-Hans",
                "url": "/api/v2/language/12/"
            },
            "version_group": {
                "name": "sun-moon",
                "url": "/api/v2/version-group/17/"
            }
        },
        {
            "flavor_text": "\u304d\u3085\u3046\u3057\u3087\u306b\u3000\u3053\u3046\u3052\u304d\u304c\u3000\u3042\u305f\u308b\u3068\n\u3044\u304b\u308a\u304f\u308b\u3063\u3066\u3000\u3053\u3046\u3052\u304d\u308a\u3087\u304f\u304c\n\u3055\u3044\u3060\u3044\u306b\u3000\u306a\u308b\u3002",
            "language": {
                "name": "ja-Hrkt",
                "url": "/api/v2/language/1/"
            },
            "version_group": {
                "name": "ultra-sun-ultra-moon",
                "url": "/api/v2/version-group/18/"
            }
        },
        {
            "flavor_text": "\uae09\uc18c\uc5d0 \uacf5\uaca9\uc774 \ub9de\uc73c\uba74\n\ud06c\uac8c \ubd84\ub178\ud574 \uacf5\uaca9\ub825\uc774\n\ucd5c\ub300\uac00 \ub41c\ub2e4.",
            "language": {
                "name": "ko",
                "url": "/api/v2/language/3/"
            },
            "version_group": {
                "name": "ultra-sun-ultra-moon",
                "url": "/api/v2/version-group/18/"
            }
        },
        {
            "flavor_text": "\u8981\u5bb3\u88ab\u64ca\u4e2d\u6642\u6703\u5927\u767c\u96f7\u9706\u3002\n\u653b\u64ca\u529b\u6703\u63d0\u9ad8\u5230\u6700\u5927\u3002",
            "language": {
                "name": "zh-Hant",
                "url": "/api/v2/language/4/"
            },
            "version_group": {
                "name": "ultra-sun-ultra-moon",
                "url": "/api/v2/version-group/18/"
            }
        },
        {
            "flavor_text": "Si le Pok\u00e9mon subit un coup critique, il entre\ndans une col\u00e8re noire qui augmente son Attaque\nau maximum.",
            "language": {
                "name": "fr",
                "url": "/api/v2/language/5/"
            },
            "version_group": {
                "name": "ultra-sun-ultra-moon",
                "url": "/api/v2/version-group/18/"
            }
        },
        {
            "flavor_text": "Wird nach Einstecken eines Volltreffers w\u00fctend und\nmaximiert dabei seinen Angriffs-Wert.",
            "language": {
                "name": "de",
                "url": "/api/v2/language/6/"
            },
            "version_group": {
                "name": "ultra-sun-ultra-moon",
                "url": "/api/v2/version-group/18/"
            }
        },
        {
            "flavor_text": "Si recibe un golpe cr\u00edtico, monta en c\u00f3lera y sube su\nAtaque hasta el m\u00e1ximo.",
            "language": {
                "name": "es",
                "url": "/api/v2/language/7/"
            },
            "version_group": {
                "name": "ultra-sun-ultra-moon",
                "url": "/api/v2/version-group/18/"
            }
        },
        {
            "flavor_text": "Se il Pok\u00e9mon subisce un brutto colpo, monta su\ntutte le furie e il suo Attacco aumenta al massimo.",
            "language": {
                "name": "it",
                "url": "/api/v2/language/8/"
            },
            "version_group": {
                "name": "ultra-sun-ultra-moon",
                "url": "/api/v2/version-group/18/"
            }
        },
        {
            "flavor_text": "The Pok\u00e9mon is angered when it takes a critical hit,\nand that maxes its Attack stat.",
            "language": {
                "name": "en",
                "url": "/api/v2/language/9/"
            },
            "version_group": {
                "name": "ultra-sun-ultra-moon",
                "url": "/api/v2/version-group/18/"
            }
        },
        {
            "flavor_text": "\u6025\u6240\u306b\u3000\u653b\u6483\u304c\u3000\u5f53\u305f\u308b\u3068\n\u6012\u308a\u304f\u308b\u3063\u3066\u3000\u653b\u6483\u529b\u304c\n\u6700\u5927\u306b\u3000\u306a\u308b\u3002",
            "language": {
                "name": "ja",
                "url": "/api/v2/language/11/"
            },
            "version_group": {
                "name": "ultra-sun-ultra-moon",
                "url": "/api/v2/version-group/18/"
            }
        },
        {
            "flavor_text": "\u8981\u5bb3\u88ab\u51fb\u4e2d\u65f6\uff0c\n\u4f1a\u5927\u53d1\u96f7\u9706\uff0c\n\u653b\u51fb\u529b\u53d8\u4e3a\u6700\u5927\u3002",
            "language": {
                "name": "zh-Hans",
                "url": "/api/v2/language/12/"
            },
            "version_group": {
                "name": "ultra-sun-ultra-moon",
                "url": "/api/v2/version-group/18/"
            }
        },
        {
            "flavor_text": "\u304d\u3085\u3046\u3057\u3087\u306b\u3000\u3053\u3046\u3052\u304d\u304c\u3000\u3042\u305f\u308b\u3068\n\u3044\u304b\u308a\u304f\u308b\u3063\u3066\u3000\u3053\u3046\u3052\u304d\u308a\u3087\u304f\u304c\n\u3055\u3044\u3060\u3044\u306b\u3000\u306a\u308b\u3002",
            "language": {
                "name": "ja-Hrkt",
                "url": "/api/v2/language/1/"
            },
            "version_group": {
                "name": "lets-go-pikachu-lets-go-eevee",
                "url": "/api/v2/version-group/19/"
            }
        },
        {
            "flavor_text": "\uae09\uc18c\uc5d0 \uacf5\uaca9\uc774 \ub9de\uc73c\uba74\n\ud06c\uac8c \ubd84\ub178\ud574 \uacf5\uaca9\ub825\uc774\n\ucd5c\ub300\uac00 \ub41c\ub2e4.",
            "language": {
                "name": "ko",
                "url": "/api/v2/language/3/"
            },
            "version_group": {
                "name": "lets-go-pikachu-lets-go-eevee",
                "url": "/api/v2/version-group/19/"
            }
        },
        {
            "flavor_text": "\u8981\u5bb3\u88ab\u64ca\u4e2d\u6642\u6703\u5927\u767c\u96f7\u9706\u3002\n\u653b\u64ca\u529b\u6703\u63d0\u9ad8\u5230\u6700\u5927\u3002",
            "language": {
                "name": "zh-Hant",
                "url": "/api/v2/language/4/"
            },
            "version_group": {
                "name": "lets-go-pikachu-lets-go-eevee",
                "url": "/api/v2/version-group/19/"
            }
        },
        {
            "flavor_text": "Si le Pok\u00e9mon subit un coup critique, il entre\ndans une col\u00e8re noire qui augmente son Attaque\nau maximum.",
            "language": {
                "name": "fr",
                "url": "/api/v2/language/5/"
            },
            "version_group": {
                "name": "lets-go-pikachu-lets-go-eevee",
                "url": "/api/v2/version-group/19/"
            }
        },
        {
            "flavor_text": "Wird nach Einstecken eines Volltreffers w\u00fctend und\nmaximiert dabei seinen Angriffs-Wert.",
            "language": {
                "name": "de",
                "url": "/api/v2/language/6/"
            },
            "version_group": {
                "name": "lets-go-pikachu-lets-go-eevee",
                "url": "/api/v2/version-group/19/"
            }
        },
        {
            "flavor_text": "Si recibe un golpe cr\u00edtico, monta en c\u00f3lera y sube su\nAtaque hasta el m\u00e1ximo.",
            "language": {
                "name": "es",
                "url": "/api/v2/language/7/"
            },
            "version_group": {
                "name": "lets-go-pikachu-lets-go-eevee",
                "url": "/api/v2/version-group/19/"
            }
        },
        {
            "flavor_text": "Se il Pok\u00e9mon subisce un brutto colpo, monta su\ntutte le furie e il suo Attacco aumenta al massimo.",
            "language": {
                "name": "it",
                "url": "/api/v2/language/8/"
            },
            "version_group": {
                "name": "lets-go-pikachu-lets-go-eevee",
                "url": "/api/v2/version-group/19/"
            }
        },
        {
            "flavor_text": "The Pok\u00e9mon is angered when it takes a critical hit,\nand that maxes its Attack stat.",
            "language": {
                "name": "en",
                "url": "/api/v2/language/9/"
            },
            "version_group": {
                "name": "lets-go-pikachu-lets-go-eevee",
                "url": "/api/v2/version-group/19/"
            }
        },
        {
            "flavor_text": "\u6025\u6240\u306b\u3000\u653b\u6483\u304c\u3000\u5f53\u305f\u308b\u3068\n\u6012\u308a\u304f\u308b\u3063\u3066\u3000\u653b\u6483\u529b\u304c\n\u6700\u5927\u306b\u3000\u306a\u308b\u3002",
            "language": {
                "name": "ja",
                "url": "/api/v2/language/11/"
            },
            "version_group": {
                "name": "lets-go-pikachu-lets-go-eevee",
                "url": "/api/v2/version-group/19/"
            }
        },
        {
            "flavor_text": "\u8981\u5bb3\u88ab\u51fb\u4e2d\u65f6\uff0c\n\u4f1a\u5927\u53d1\u96f7\u9706\uff0c\n\u653b\u51fb\u529b\u53d8\u4e3a\u6700\u5927\u3002",
            "language": {
                "name": "zh-Hans",
                "url": "/api/v2/language/12/"
            },
            "version_group": {
                "name": "lets-go-pikachu-lets-go-eevee",
                "url": "/api/v2/version-group/19/"
            }
        },
        {
            "flavor_text": "\u304d\u3085\u3046\u3057\u3087\u306b\u3000\u3053\u3046\u3052\u304d\u304c\u3000\u3042\u305f\u308b\u3068\n\u3044\u304b\u308a\u304f\u308b\u3063\u3066\u3000\u3053\u3046\u3052\u304d\u308a\u3087\u304f\u304c\n\u3055\u3044\u3060\u3044\u306b\u3000\u306a\u308b\u3002",
            "language": {
                "name": "ja-Hrkt",
                "url": "/api/v2/language/1/"
            },
            "version_group": {
                "name": "sword-shield",
                "url": "/api/v2/version-group/20/"
            }
        },
        {
            "flavor_text": "\uae09\uc18c\uc5d0 \uacf5\uaca9\uc774 \ub9de\uc73c\uba74\n\ud06c\uac8c \ubd84\ub178\ud574 \uacf5\uaca9\ub825\uc774\n\ucd5c\ub300\uac00 \ub41c\ub2e4.",
            "language": {
                "name": "ko",
                "url": "/api/v2/language/3/"
            },
            "version_group": {
                "name": "sword-shield",
                "url": "/api/v2/version-group/20/"
            }
        },
        {
            "flavor_text": "\u8981\u5bb3\u88ab\u64ca\u4e2d\u6642\u6703\u5927\u767c\u96f7\u9706\u3002\n\u653b\u64ca\u529b\u6703\u63d0\u9ad8\u5230\u6700\u5927\u3002",
            "language": {
                "name": "zh-Hant",
                "url": "/api/v2/language/4/"
            },
            "version_group": {
                "name": "sword-shield",
                "url": "/api/v2/version-group/20/"
            }
        },
        {
            "flavor_text": "Si le Pok\u00e9mon subit un coup critique, il entre\ndans une col\u00e8re noire qui augmente son Attaque\nau maximum.",
            "language": {
                "name": "fr",
                "url": "/api/v2/language/5/"
            },
            "version_group": {
                "name": "sword-shield",
                "url": "/api/v2/version-group/20/"
            }
        },
        {
            "flavor_text": "Wird nach Einstecken eines Volltreffers w\u00fctend und\nmaximiert dabei seinen Angriffs-Wert.",
            "language": {
                "name": "de",
                "url": "/api/v2/language/6/"
            },
            "version_group": {
                "name": "sword-shield",
                "url": "/api/v2/version-group/20/"
            }
        },
        {
            "flavor_text": "Si recibe un golpe cr\u00edtico, monta en c\u00f3lera y sube su\nAtaque hasta el m\u00e1ximo.",
            "language": {
                "name": "es",
                "url": "/api/v2/language/7/"
            },
            "version_group": {
                "name": "sword-shield",
                "url": "/api/v2/version-group/20/"
            }
        },
        {
            "flavor_text": "Se il Pok\u00e9mon subisce un brutto colpo, monta su\ntutte le furie e il suo Attacco aumenta al massimo.",
            "language": {
                "name": "it",
                "url": "/api/v2/language/8/"
            },
            "version_group": {
                "name": "sword-shield",
                "url": "/api/v2/version-group/20/"
            }
        },
        {
            "flavor_text": "The Pok\u00e9mon is angered when it takes a critical hit,\nand that maxes its Attack stat.",
            "language": {
                "name": "en",
                "url": "/api/v2/language/9/"
            },
            "version_group": {
                "name": "sword-shield",
                "url": "/api/v2/version-group/20/"
            }
        },
        {
            "flavor_text": "\u6025\u6240\u306b\u3000\u653b\u6483\u304c\u3000\u5f53\u305f\u308b\u3068\n\u6012\u308a\u304f\u308b\u3063\u3066\u3000\u653b\u6483\u529b\u304c\n\u6700\u5927\u306b\u3000\u306a\u308b\u3002",
            "language": {
                "name": "ja",
                "url": "/api/v2/language/11/"
            },
            "version_group": {
                "name": "sword-shield",
                "url": "/api/v2/version-group/20/"
            }
        },
        {
            "flavor_text": "\u8981\u5bb3\u88ab\u51fb\u4e2d\u65f6\uff0c\n\u4f1a\u5927\u53d1\u96f7\u9706\uff0c\n\u653b\u51fb\u529b\u53d8\u4e3a\u6700\u5927\u3002",
            "language": {
                "name": "zh-Hans",
                "url": "/api/v2/language/12/"
            },
            "version_group": {
                "name": "sword-shield",
                "url": "/api/v2/version-group/20/"
            }
        },
        {
            "flavor_text": "Si le Pok\u00e9mon subit un coup critique, il entre\\ndans une col\u00e8re noire qui augmente son Attaque\\nau maximum.",
            "language": {
                "name": "fr",
                "url": "/api/v2/language/5/"
            },
            "version_group": {
                "name": "scarlet-violet",
                "url": "/api/v2/version-group/25/"
            }
        },
        {
            "flavor_text": "The Pok\u00e9mon is angered when it takes a critical hit, and that maxes its Attack stat.",
            "language": {
                "name": "en",
                "url": "/api/v2/language/9/"
            },
            "version_group": {
                "name": "scarlet-violet",
                "url": "/api/v2/version-group/25/"
            }
        }
    ],
    "generation": {
        "name": "generation-iv",
        "url": "/api/v2/generation/4/"
    },
    "id": 83,
    "is_main_series": true,
    "name": "anger-point",
    "names": [
        {
            "language": {
                "name": "ja-Hrkt",
                "url": "/api/v2/language/1/"
            },
            "name": "\u3044\u304b\u308a\u306e\u3064\u307c"
        },
        {
            "language": {
                "name": "ko",
                "url": "/api/v2/language/3/"
            },
            "name": "\ubd84\ub178\uc758\uacbd\ud608"
        },
        {
            "language": {
                "name": "zh-Hant",
                "url": "/api/v2/language/4/"
            },
            "name": "\u61a4\u6012\u7a74\u4f4d"
        },
        {
            "language": {
                "name": "fr",
                "url": "/api/v2/language/5/"
            },
            "name": "Col\u00e9rique"
        },
        {
            "language": {
                "name": "de",
                "url": "/api/v2/language/6/"
            },
            "name": "Kurzschluss"
        },
        {
            "language": {
                "name": "es",
                "url": "/api/v2/language/7/"
            },
            "name": "Irascible"
        },
        {
            "language": {
                "name": "it",
                "url": "/api/v2/language/8/"
            },
            "name": "Grancollera"
        },
        {
            "language": {
                "name": "en",
                "url": "/api/v2/language/9/"
            },
            "name": "Anger Point"
        },
        {
            "language": {
                "name": "ja",
                "url": "/api/v2/language/11/"
            },
            "name": "\u3044\u304b\u308a\u306e\u3064\u307c"
        },
        {
            "language": {
                "name": "zh-Hans",
                "url": "/api/v2/language/12/"
            },
            "name": "\u6124\u6012\u7a74\u4f4d"
        }
    ],
    "pokemon": [
        {
            "is_hidden": false,
            "pokemon": {
                "name": "mankey",
                "url": "/api/v2/pokemon/56/"
            },
            "slot": 2
        },
        {
            "is_hidden": false,
            "pokemon": {
                "name": "primeape",
                "url": "/api/v2/pokemon/57/"
            },
            "slot": 2
        },
        {
            "is_hidden": false,
            "pokemon": {
                "name": "tauros",
                "url": "/api/v2/pokemon/128/"
            },
            "slot": 2
        },
        {
            "is_hidden": true,
            "pokemon": {
                "name": "camerupt",
                "url": "/api/v2/pokemon/323/"
            },
            "slot": 3
        },
        {
            "is_hidden": true,
            "pokemon": {
                "name": "sandile",
                "url": "/api/v2/pokemon/551/"
            },
            "slot": 3
        },
        {
            "is_hidden": true,
            "pokemon": {
                "name": "krokorok",
                "url": "/api/v2/pokemon/552/"
            },
            "slot": 3
        },
        {
            "is_hidden": true,
            "pokemon": {
                "name": "krookodile",
                "url": "/api/v2/pokemon/553/"
            },
            "slot": 3
        },
        {
            "is_hidden": true,
            "pokemon": {
                "name": "crabrawler",
                "url": "/api/v2/pokemon/739/"
            },
            "slot": 3
        },
        {
            "is_hidden": true,
            "pokemon": {
                "name": "crabominable",
                "url": "/api/v2/pokemon/740/"
            },
            "slot": 3
        },
        {
            "is_hidden": false,
            "pokemon": {
                "name": "tauros-paldea-combat-breed",
                "url": "/api/v2/pokemon/10250/"
            },
            "slot": 2
        },
        {
            "is_hidden": false,
            "pokemon": {
                "name": "tauros-paldea-blaze-breed",
                "url": "/api/v2/pokemon/10251/"
            },
            "slot": 2
        },
        {
            "is_hidden": false,
            "pokemon": {
                "name": "tauros-paldea-aqua-breed",
                "url": "/api/v2/pokemon/10252/"
            },
            "slot": 2
        }
    ]
}