{
    "berries": [
        {
            "name": "leppa",
            "url": "/api/v2/berry/6/"
        },
        {
            "name": "sitrus",
            "url": "/api/v2/berry/10/"
        },
        {
            "name": "razz",
            "url": "/api/v2/berry/16/"
        },
        {
            "name": "nanab",
            "url": "/api/v2/berry/18/"
        },
        {
            "name": "pomeg",
            "url": "/api/v2/berry/21/"
        },
        {
            "name": "yache",
            "url": "/api/v2/berry/40/"
        },
        {
            "name": "coba",
            "url": "/api/v2/berry/44/"
        },
        {
            "name": "liechi",
            "url": "/api/v2/berry/53/"
        },
        {
            "name": "ganlon",
            "url": "/api/v2/berry/54/"
        },
        {
            "name": "salac",
            "url": "/api/v2/berry/55/"
        },
        {
            "name": "petaya",
            "url": "/api/v2/berry/56/"
        }
    ],
    "id": 4,
    "name": "very-hard",
    "names": [
        {
            "language": {
                "name": "ja-Hrkt",
                "url": "/api/v2/language/1/"
            },
            "name": "\u3068\u3066\u3082\u304b\u305f\u3044"
        },
        {
            "language": {
                "name": "zh-Hant",
                "url": "/api/v2/language/4/"
            },
            "name": "\u5f88\u5805\u786c"
        },
        {
            "language": {
                "name": "fr",
                "url": "/api/v2/language/5/"
            },
            "name": "Tr\u00e8s ferme"
        },
        {
            "language": {
                "name": "es",
                "url": "/api/v2/language/7/"
            },
            "name": "Muy dura"
        },
        {
            "language": {
                "name": "en",
                "url": "/api/v2/language/9/"
            },
            "name": "Very Hard"
        },
        {
            "language": {
                "name": "zh-Hans",
                "url": "/api/v2/language/12/"
            },
            "name": "\u5f88\u575a\u786c"
        }
    ]
}