{
    "effect_changes": [],
    "effect_entries": [
        {
            "effect": "Embody Aspect boosts a particular stat, depending on the form of a Terastallized Ogerpon",
            "language": {
                "name": "en",
                "url": "/api/v2/language/9/"
            },
            "short_effect": "Embody Aspect boosts a particular stat, depending on the form of a Terastallized Ogerpon"
        }
    ],
    "flavor_text_entries": [
        {
            "flavor_text": "Le Pok\u00e9mon fait briller le Masque en puisant dans ses souvenirs, ce qui augmente ses stats.",
            "language": {
                "name": "fr",
                "url": "/api/v2/language/5/"
            },
            "version_group": {
                "name": "scarlet-violet",
                "url": "/api/v2/version-group/25/"
            }
        },
        {
            "flavor_text": "The Pok\u00e9mon's heart fills with memories, causing the Mask to shine and one of the Pok\u00e9mon's stats to be boosted.",
            "language": {
                "name": "en",
                "url": "/api/v2/language/9/"
            },
            "version_group": {
                "name": "the-teal-mask",
                "url": "/api/v2/version-group/26/"
            }
        }
    ],
    "generation": {
        "name": "generation-ix",
        "url": "/api/v2/generation/9/"
    },
    "id": 303,
    "is_main_series": true,
    "name": "embody-aspect",
    "names": [
        {
            "language": {
                "name": "ja-Hrkt",
                "url": "/api/v2/language/1/"
            },
            "name": "\u304a\u3082\u304b\u3052\u3084\u3069\u3057"
        },
        {
            "language": {
                "name": "ko",
                "url": "/api/v2/language/3/"
            },
            "name": "\ucd08\uc0c1\ud22c\uc601"
        },
        {
            "language": {
                "name": "zh-Hant",
                "url": "/api/v2/language/4/"
            },
            "name": "\u9762\u5f71\u8f1d\u6620"
        },
        {
            "language": {
                "name": "fr",
                "url": "/api/v2/language/5/"
            },
            "name": "Force M\u00e9morielle"
        },
        {
            "language": {
                "name": "de",
                "url": "/api/v2/language/6/"
            },
            "name": "Erinnerungskraft"
        },
        {
            "language": {
                "name": "es",
                "url": "/api/v2/language/7/"
            },
            "name": "Evocarrecuerdos"
        },
        {
            "language": {
                "name": "it",
                "url": "/api/v2/language/8/"
            },
            "name": "Albergamemorie"
        },
        {
            "language": {
                "name": "en",
                "url": "/api/v2/language/9/"
            },
            "name": "Embody Aspect"
        },
        {
            "language": {
                "name": "ja",
                "url": "/api/v2/language/11/"
            },
            "name": "\u304a\u3082\u304b\u3052\u3084\u3069\u3057"
        },
        {
            "language": {
                "name": "zh-Hans",
                "url": "/api/v2/language/12/"
            },
            "name": "\u9762\u5f71\u8f89\u6620"
        }
    ],
    "pokemon": []
}