{
    "effect_changes": [],
    "effect_entries": [
        {
            "effect": "Pok\u00e9mon mit dieser F\u00e4higkeit erleiden keinen Schaden von Attacken von Teampartnern, inklusive solchen Attacken die nur ein Ziel treffen und direkt auf das Pok\u00e9mon gerichtet sind.",
            "language": {
                "name": "de",
                "url": "/api/v2/language/6/"
            },
            "short_effect": "Sch\u00fctzt vor Attacken von Partner die Schaden anrichten."
        },
        {
            "effect": "This Pok\u00e9mon does not take damage from friendly Pok\u00e9mon's moves, including single-target moves aimed at it.",
            "language": {
                "name": "en",
                "url": "/api/v2/language/9/"
            },
            "short_effect": "Protects against friendly Pok\u00e9mon's damaging moves."
        }
    ],
    "flavor_text_entries": [
        {
            "flavor_text": "Anticipe et \u00e9vite les\nattaques de ses alli\u00e9s.",
            "language": {
                "name": "fr",
                "url": "/api/v2/language/5/"
            },
            "version_group": {
                "name": "black-white",
                "url": "/api/v2/version-group/11/"
            }
        },
        {
            "flavor_text": "Anticipates an ally\u2019s\nattack and dodges it.",
            "language": {
                "name": "en",
                "url": "/api/v2/language/9/"
            },
            "version_group": {
                "name": "black-white",
                "url": "/api/v2/version-group/11/"
            }
        },
        {
            "flavor_text": "Anticipates an ally\u2019s\nattack and dodges it.",
            "language": {
                "name": "en",
                "url": "/api/v2/language/9/"
            },
            "version_group": {
                "name": "black-2-white-2",
                "url": "/api/v2/version-group/14/"
            }
        },
        {
            "flavor_text": "\u307f\u304b\u305f\u306e\u3000\u3053\u3046\u3052\u304d\u3092\n\u3088\u307f\u3068\u3063\u3066\u3000\u3046\u3051\u306a\u3044\u3002",
            "language": {
                "name": "ja-Hrkt",
                "url": "/api/v2/language/1/"
            },
            "version_group": {
                "name": "x-y",
                "url": "/api/v2/version-group/15/"
            }
        },
        {
            "flavor_text": "\uac19\uc740 \ud3b8\uc758 \uacf5\uaca9\uc758 \ub08c\uc0c8\ub97c\n\uc77d\uace0 \uae30\uc220\uc744 \ubc1b\uc9c0 \uc54a\ub294\ub2e4.",
            "language": {
                "name": "ko",
                "url": "/api/v2/language/3/"
            },
            "version_group": {
                "name": "x-y",
                "url": "/api/v2/version-group/15/"
            }
        },
        {
            "flavor_text": "Anticipe et \u00e9vite les attaques de\nses alli\u00e9s.",
            "language": {
                "name": "fr",
                "url": "/api/v2/language/5/"
            },
            "version_group": {
                "name": "x-y",
                "url": "/api/v2/version-group/15/"
            }
        },
        {
            "flavor_text": "Erkennt und pariert Attacken\nvon Mitstreitern.",
            "language": {
                "name": "de",
                "url": "/api/v2/language/6/"
            },
            "version_group": {
                "name": "x-y",
                "url": "/api/v2/version-group/15/"
            }
        },
        {
            "flavor_text": "Elude los ataques de aliados en\nbatalla.",
            "language": {
                "name": "es",
                "url": "/api/v2/language/7/"
            },
            "version_group": {
                "name": "x-y",
                "url": "/api/v2/version-group/15/"
            }
        },
        {
            "flavor_text": "Prevede ed evita gli attacchi\ndegli alleati.",
            "language": {
                "name": "it",
                "url": "/api/v2/language/8/"
            },
            "version_group": {
                "name": "x-y",
                "url": "/api/v2/version-group/15/"
            }
        },
        {
            "flavor_text": "Anticipates an ally\u2019s\nattack and dodges it.",
            "language": {
                "name": "en",
                "url": "/api/v2/language/9/"
            },
            "version_group": {
                "name": "x-y",
                "url": "/api/v2/version-group/15/"
            }
        },
        {
            "flavor_text": "\u5473\u65b9\u306e\u3000\u653b\u6483\u3092\n\u8aad\u307f\u53d6\u3063\u3066\u3000\u53d7\u3051\u306a\u3044\u3002",
            "language": {
                "name": "ja",
                "url": "/api/v2/language/11/"
            },
            "version_group": {
                "name": "x-y",
                "url": "/api/v2/version-group/15/"
            }
        },
        {
            "flavor_text": "\u202f\u304b\u305f\u306e\u3000\u3053\u3046\u3052\u304d\u3092\n\u3088\u202f\u3068\u3063\u3066\u3000\u3046\u3051\u306a\u3044\u3002",
            "language": {
                "name": "ja-Hrkt",
                "url": "/api/v2/language/1/"
            },
            "version_group": {
                "name": "omega-ruby-alpha-sapphire",
                "url": "/api/v2/version-group/16/"
            }
        },
        {
            "flavor_text": "\uac19\uc740 \ud3b8\uc758 \uacf5\uaca9\uc758 \ub08c\uc0c8\ub97c\n\uc77d\uace0 \uae30\uc220\uc744 \ubc1b\uc9c0 \uc54a\ub294\ub2e4.",
            "language": {
                "name": "ko",
                "url": "/api/v2/language/3/"
            },
            "version_group": {
                "name": "omega-ruby-alpha-sapphire",
                "url": "/api/v2/version-group/16/"
            }
        },
        {
            "flavor_text": "Anticipe et \u00e9vite les attaques de\nses alli\u00e9s.",
            "language": {
                "name": "fr",
                "url": "/api/v2/language/5/"
            },
            "version_group": {
                "name": "omega-ruby-alpha-sapphire",
                "url": "/api/v2/version-group/16/"
            }
        },
        {
            "flavor_text": "Erkennt und pariert Attacken\nvon Mitstreitern.",
            "language": {
                "name": "de",
                "url": "/api/v2/language/6/"
            },
            "version_group": {
                "name": "omega-ruby-alpha-sapphire",
                "url": "/api/v2/version-group/16/"
            }
        },
        {
            "flavor_text": "Elude los ataques de aliados en\nbatalla.",
            "language": {
                "name": "es",
                "url": "/api/v2/language/7/"
            },
            "version_group": {
                "name": "omega-ruby-alpha-sapphire",
                "url": "/api/v2/version-group/16/"
            }
        },
        {
            "flavor_text": "Prevede ed evita gli attacchi\ndegli alleati.",
            "language": {
                "name": "it",
                "url": "/api/v2/language/8/"
            },
            "version_group": {
                "name": "omega-ruby-alpha-sapphire",
                "url": "/api/v2/version-group/16/"
            }
        },
        {
            "flavor_text": "Anticipates an ally\u2019s\nattack and dodges it.",
            "language": {
                "name": "en",
                "url": "/api/v2/language/9/"
            },
            "version_group": {
                "name": "omega-ruby-alpha-sapphire",
                "url": "/api/v2/version-group/16/"
            }
        },
        {
            "flavor_text": "\u5473\u65b9\u306e\u3000\u653b\u6483\u3092\n\u8aad\u202f\u53d6\u3063\u3066\u3000\u53d7\u3051\u306a\u3044\u3002",
            "language": {
                "name": "ja",
                "url": "/api/v2/language/11/"
            },
            "version_group": {
                "name": "omega-ruby-alpha-sapphire",
                "url": "/api/v2/version-group/16/"
            }
        },
        {
            "flavor_text": "\u307f\u304b\u305f\u306e\u3000\u3053\u3046\u3052\u304d\u3092\u3000\u3088\u307f\u3068\u3063\u3066\n\u308f\u3056\u3092\u3000\u304b\u3044\u3072\u3059\u308b\u3002",
            "language": {
                "name": "ja-Hrkt",
                "url": "/api/v2/language/1/"
            },
            "version_group": {
                "name": "sun-moon",
                "url": "/api/v2/version-group/17/"
            }
        },
        {
            "flavor_text": "\uac19\uc740 \ud3b8\uc758 \uacf5\uaca9\uc758 \ub08c\uc0c8\ub97c \uc77d\uace0\n\uae30\uc220\uc744 \ud68c\ud53c\ud55c\ub2e4.",
            "language": {
                "name": "ko",
                "url": "/api/v2/language/3/"
            },
            "version_group": {
                "name": "sun-moon",
                "url": "/api/v2/version-group/17/"
            }
        },
        {
            "flavor_text": "\u9810\u6e2c\u6211\u65b9\u7684\u653b\u64ca\uff0c\n\u4e26\u9583\u907f\u5176\u62db\u5f0f\u3002",
            "language": {
                "name": "zh-Hant",
                "url": "/api/v2/language/4/"
            },
            "version_group": {
                "name": "sun-moon",
                "url": "/api/v2/version-group/17/"
            }
        },
        {
            "flavor_text": "Le Pok\u00e9mon anticipe et \u00e9vite les attaques de\nses alli\u00e9s.",
            "language": {
                "name": "fr",
                "url": "/api/v2/language/5/"
            },
            "version_group": {
                "name": "sun-moon",
                "url": "/api/v2/version-group/17/"
            }
        },
        {
            "flavor_text": "Erkennt und pariert Attacken von Mitstreitern.",
            "language": {
                "name": "de",
                "url": "/api/v2/language/6/"
            },
            "version_group": {
                "name": "sun-moon",
                "url": "/api/v2/version-group/17/"
            }
        },
        {
            "flavor_text": "Elude los ataques de los aliados durante el combate.",
            "language": {
                "name": "es",
                "url": "/api/v2/language/7/"
            },
            "version_group": {
                "name": "sun-moon",
                "url": "/api/v2/version-group/17/"
            }
        },
        {
            "flavor_text": "Prevede ed evita gli attacchi degli alleati.",
            "language": {
                "name": "it",
                "url": "/api/v2/language/8/"
            },
            "version_group": {
                "name": "sun-moon",
                "url": "/api/v2/version-group/17/"
            }
        },
        {
            "flavor_text": "Anticipates an ally\u2019s attack and dodges it.",
            "language": {
                "name": "en",
                "url": "/api/v2/language/9/"
            },
            "version_group": {
                "name": "sun-moon",
                "url": "/api/v2/version-group/17/"
            }
        },
        {
            "flavor_text": "\u5473\u65b9\u306e\u3000\u653b\u6483\u3092\u3000\u8aad\u307f\u53d6\u3063\u3066\n\u6280\u3092\u3000\u56de\u907f\u3059\u308b\u3002",
            "language": {
                "name": "ja",
                "url": "/api/v2/language/11/"
            },
            "version_group": {
                "name": "sun-moon",
                "url": "/api/v2/version-group/17/"
            }
        },
        {
            "flavor_text": "\u8bfb\u53d6\u6211\u65b9\u7684\u653b\u51fb\uff0c\n\u5e76\u95ea\u907f\u5176\u62db\u5f0f\u4f24\u5bb3\u3002",
            "language": {
                "name": "zh-Hans",
                "url": "/api/v2/language/12/"
            },
            "version_group": {
                "name": "sun-moon",
                "url": "/api/v2/version-group/17/"
            }
        },
        {
            "flavor_text": "\u307f\u304b\u305f\u306e\u3000\u3053\u3046\u3052\u304d\u3092\u3000\u3088\u307f\u3068\u3063\u3066\n\u308f\u3056\u3092\u3000\u304b\u3044\u3072\u3059\u308b\u3002",
            "language": {
                "name": "ja-Hrkt",
                "url": "/api/v2/language/1/"
            },
            "version_group": {
                "name": "ultra-sun-ultra-moon",
                "url": "/api/v2/version-group/18/"
            }
        },
        {
            "flavor_text": "\uac19\uc740 \ud3b8\uc758 \uacf5\uaca9\uc758 \ub08c\uc0c8\ub97c \uc77d\uace0\n\uae30\uc220\uc744 \ud68c\ud53c\ud55c\ub2e4.",
            "language": {
                "name": "ko",
                "url": "/api/v2/language/3/"
            },
            "version_group": {
                "name": "ultra-sun-ultra-moon",
                "url": "/api/v2/version-group/18/"
            }
        },
        {
            "flavor_text": "\u9810\u6e2c\u6211\u65b9\u7684\u653b\u64ca\uff0c\n\u4e26\u9583\u907f\u5176\u62db\u5f0f\u3002",
            "language": {
                "name": "zh-Hant",
                "url": "/api/v2/language/4/"
            },
            "version_group": {
                "name": "ultra-sun-ultra-moon",
                "url": "/api/v2/version-group/18/"
            }
        },
        {
            "flavor_text": "Le Pok\u00e9mon anticipe et \u00e9vite les attaques de\nses alli\u00e9s.",
            "language": {
                "name": "fr",
                "url": "/api/v2/language/5/"
            },
            "version_group": {
                "name": "ultra-sun-ultra-moon",
                "url": "/api/v2/version-group/18/"
            }
        },
        {
            "flavor_text": "Erkennt und pariert Attacken von Mitstreitern.",
            "language": {
                "name": "de",
                "url": "/api/v2/language/6/"
            },
            "version_group": {
                "name": "ultra-sun-ultra-moon",
                "url": "/api/v2/version-group/18/"
            }
        },
        {
            "flavor_text": "Elude los ataques de los aliados durante el combate.",
            "language": {
                "name": "es",
                "url": "/api/v2/language/7/"
            },
            "version_group": {
                "name": "ultra-sun-ultra-moon",
                "url": "/api/v2/version-group/18/"
            }
        },
        {
            "flavor_text": "Prevede ed evita gli attacchi degli alleati.",
            "language": {
                "name": "it",
                "url": "/api/v2/language/8/"
            },
            "version_group": {
                "name": "ultra-sun-ultra-moon",
                "url": "/api/v2/version-group/18/"
            }
        },
        {
            "flavor_text": "Anticipates an ally\u2019s attack and dodges it.",
            "language": {
                "name": "en",
                "url": "/api/v2/language/9/"
            },
            "version_group": {
                "name": "ultra-sun-ultra-moon",
                "url": "/api/v2/version-group/18/"
            }
        },
        {
            "flavor_text": "\u5473\u65b9\u306e\u3000\u653b\u6483\u3092\u3000\u8aad\u307f\u53d6\u3063\u3066\n\u6280\u3092\u3000\u56de\u907f\u3059\u308b\u3002",
            "language": {
                "name": "ja",
                "url": "/api/v2/language/11/"
            },
            "version_group": {
                "name": "ultra-sun-ultra-moon",
                "url": "/api/v2/version-group/18/"
            }
        },
        {
            "flavor_text": "\u8bfb\u53d6\u6211\u65b9\u7684\u653b\u51fb\uff0c\n\u5e76\u95ea\u907f\u5176\u62db\u5f0f\u4f24\u5bb3\u3002",
            "language": {
                "name": "zh-Hans",
                "url": "/api/v2/language/12/"
            },
            "version_group": {
                "name": "ultra-sun-ultra-moon",
                "url": "/api/v2/version-group/18/"
            }
        },
        {
            "flavor_text": "\u307f\u304b\u305f\u306e\u3000\u3053\u3046\u3052\u304d\u3092\u3000\u3088\u307f\u3068\u3063\u3066\n\u308f\u3056\u3092\u3000\u304b\u3044\u3072\u3059\u308b\u3002",
            "language": {
                "name": "ja-Hrkt",
                "url": "/api/v2/language/1/"
            },
            "version_group": {
                "name": "lets-go-pikachu-lets-go-eevee",
                "url": "/api/v2/version-group/19/"
            }
        },
        {
            "flavor_text": "\uac19\uc740 \ud3b8\uc758 \uacf5\uaca9\uc758 \ub08c\uc0c8\ub97c \uc77d\uace0\n\uae30\uc220\uc744 \ud68c\ud53c\ud55c\ub2e4.",
            "language": {
                "name": "ko",
                "url": "/api/v2/language/3/"
            },
            "version_group": {
                "name": "lets-go-pikachu-lets-go-eevee",
                "url": "/api/v2/version-group/19/"
            }
        },
        {
            "flavor_text": "\u9810\u6e2c\u6211\u65b9\u7684\u653b\u64ca\uff0c\n\u4e26\u9583\u907f\u5176\u62db\u5f0f\u3002",
            "language": {
                "name": "zh-Hant",
                "url": "/api/v2/language/4/"
            },
            "version_group": {
                "name": "lets-go-pikachu-lets-go-eevee",
                "url": "/api/v2/version-group/19/"
            }
        },
        {
            "flavor_text": "Le Pok\u00e9mon anticipe et \u00e9vite les attaques de\nses alli\u00e9s.",
            "language": {
                "name": "fr",
                "url": "/api/v2/language/5/"
            },
            "version_group": {
                "name": "lets-go-pikachu-lets-go-eevee",
                "url": "/api/v2/version-group/19/"
            }
        },
        {
            "flavor_text": "Erkennt und pariert Attacken von Mitstreitern.",
            "language": {
                "name": "de",
                "url": "/api/v2/language/6/"
            },
            "version_group": {
                "name": "lets-go-pikachu-lets-go-eevee",
                "url": "/api/v2/version-group/19/"
            }
        },
        {
            "flavor_text": "Elude los ataques de los aliados durante el combate.",
            "language": {
                "name": "es",
                "url": "/api/v2/language/7/"
            },
            "version_group": {
                "name": "lets-go-pikachu-lets-go-eevee",
                "url": "/api/v2/version-group/19/"
            }
        },
        {
            "flavor_text": "Prevede ed evita gli attacchi degli alleati.",
            "language": {
                "name": "it",
                "url": "/api/v2/language/8/"
            },
            "version_group": {
                "name": "lets-go-pikachu-lets-go-eevee",
                "url": "/api/v2/version-group/19/"
            }
        },
        {
            "flavor_text": "Anticipates an ally\u2019s attack and dodges it.",
            "language": {
                "name": "en",
                "url": "/api/v2/language/9/"
            },
            "version_group": {
                "name": "lets-go-pikachu-lets-go-eevee",
                "url": "/api/v2/version-group/19/"
            }
        },
        {
            "flavor_text": "\u5473\u65b9\u306e\u3000\u653b\u6483\u3092\u3000\u8aad\u307f\u53d6\u3063\u3066\n\u6280\u3092\u3000\u56de\u907f\u3059\u308b\u3002",
            "language": {
                "name": "ja",
                "url": "/api/v2/language/11/"
            },
            "version_group": {
                "name": "lets-go-pikachu-lets-go-eevee",
                "url": "/api/v2/version-group/19/"
            }
        },
        {
            "flavor_text": "\u8bfb\u53d6\u6211\u65b9\u7684\u653b\u51fb\uff0c\n\u5e76\u95ea\u907f\u5176\u62db\u5f0f\u4f24\u5bb3\u3002",
            "language": {
                "name": "zh-Hans",
                "url": "/api/v2/language/12/"
            },
            "version_group": {
                "name": "lets-go-pikachu-lets-go-eevee",
                "url": "/api/v2/version-group/19/"
            }
        },
        {
            "flavor_text": "\u307f\u304b\u305f\u306e\u3000\u3053\u3046\u3052\u304d\u3092\u3000\u3088\u307f\u3068\u3063\u3066\n\u308f\u3056\u3092\u3000\u304b\u3044\u3072\u3059\u308b\u3002",
            "language": {
                "name": "ja-Hrkt",
                "url": "/api/v2/language/1/"
            },
            "version_group": {
                "name": "sword-shield",
                "url": "/api/v2/version-group/20/"
            }
        },
        {
            "flavor_text": "\uac19\uc740 \ud3b8\uc758 \uacf5\uaca9\uc758 \ub08c\uc0c8\ub97c \uc77d\uace0\n\uae30\uc220\uc744 \ud68c\ud53c\ud55c\ub2e4.",
            "language": {
                "name": "ko",
                "url": "/api/v2/language/3/"
            },
            "version_group": {
                "name": "sword-shield",
                "url": "/api/v2/version-group/20/"
            }
        },
        {
            "flavor_text": "\u9810\u6e2c\u6211\u65b9\u7684\u653b\u64ca\uff0c\n\u4e26\u9583\u907f\u5176\u62db\u5f0f\u3002",
            "language": {
                "name": "zh-Hant",
                "url": "/api/v2/language/4/"
            },
            "version_group": {
                "name": "sword-shield",
                "url": "/api/v2/version-group/20/"
            }
        },
        {
            "flavor_text": "Le Pok\u00e9mon anticipe et \u00e9vite les attaques de ses alli\u00e9s.",
            "language": {
                "name": "fr",
                "url": "/api/v2/language/5/"
            },
            "version_group": {
                "name": "sword-shield",
                "url": "/api/v2/version-group/20/"
            }
        },
        {
            "flavor_text": "Erkennt und pariert Attacken von Mitstreitern.",
            "language": {
                "name": "de",
                "url": "/api/v2/language/6/"
            },
            "version_group": {
                "name": "sword-shield",
                "url": "/api/v2/version-group/20/"
            }
        },
        {
            "flavor_text": "Elude los ataques de los aliados durante el combate.",
            "language": {
                "name": "es",
                "url": "/api/v2/language/7/"
            },
            "version_group": {
                "name": "sword-shield",
                "url": "/api/v2/version-group/20/"
            }
        },
        {
            "flavor_text": "Il Pok\u00e9mon prevede ed evita gli attacchi degli alleati.",
            "language": {
                "name": "it",
                "url": "/api/v2/language/8/"
            },
            "version_group": {
                "name": "sword-shield",
                "url": "/api/v2/version-group/20/"
            }
        },
        {
            "flavor_text": "Anticipates an ally\u2019s attack and dodges it.",
            "language": {
                "name": "en",
                "url": "/api/v2/language/9/"
            },
            "version_group": {
                "name": "sword-shield",
                "url": "/api/v2/version-group/20/"
            }
        },
        {
            "flavor_text": "\u5473\u65b9\u306e\u3000\u653b\u6483\u3092\u3000\u8aad\u307f\u53d6\u3063\u3066\n\u6280\u3092\u3000\u56de\u907f\u3059\u308b\u3002",
            "language": {
                "name": "ja",
                "url": "/api/v2/language/11/"
            },
            "version_group": {
                "name": "sword-shield",
                "url": "/api/v2/version-group/20/"
            }
        },
        {
            "flavor_text": "\u8bfb\u53d6\u6211\u65b9\u7684\u653b\u51fb\uff0c\n\u5e76\u95ea\u907f\u5176\u62db\u5f0f\u4f24\u5bb3\u3002",
            "language": {
                "name": "zh-Hans",
                "url": "/api/v2/language/12/"
            },
            "version_group": {
                "name": "sword-shield",
                "url": "/api/v2/version-group/20/"
            }
        },
        {
            "flavor_text": "Le Pok\u00e9mon anticipe et \u00e9vite les attaques de ses alli\u00e9s.",
            "language": {
                "name": "fr",
                "url": "/api/v2/language/5/"
            },
            "version_group": {
                "name": "scarlet-violet",
                "url": "/api/v2/version-group/25/"
            }
        },
        {
            "flavor_text": "The Pok\u00e9mon anticipates and dodges the attacks of its allies.",
            "language": {
                "name": "en",
                "url": "/api/v2/language/9/"
            },
            "version_group": {
                "name": "scarlet-violet",
                "url": "/api/v2/version-group/25/"
            }
        }
    ],
    "generation": {
        "name": "generation-v",
        "url": "/api/v2/generation/5/"
    },
    "id": 140,
    "is_main_series": true,
    "name": "telepathy",
    "names": [
        {
            "language": {
                "name": "ja-Hrkt",
                "url": "/api/v2/language/1/"
            },
            "name": "\u30c6\u30ec\u30d1\u30b7\u30fc"
        },
        {
            "language": {
                "name": "ko",
                "url": "/api/v2/language/3/"
            },
            "name": "\ud154\ub808\ud30c\uc2dc"
        },
        {
            "language": {
                "name": "zh-Hant",
                "url": "/api/v2/language/4/"
            },
            "name": "\u5fc3\u9748\u611f\u61c9"
        },
        {
            "language": {
                "name": "fr",
                "url": "/api/v2/language/5/"
            },
            "name": "T\u00e9l\u00e9pathe"
        },
        {
            "language": {
                "name": "de",
                "url": "/api/v2/language/6/"
            },
            "name": "Telepathie"
        },
        {
            "language": {
                "name": "es",
                "url": "/api/v2/language/7/"
            },
            "name": "Telepat\u00eda"
        },
        {
            "language": {
                "name": "it",
                "url": "/api/v2/language/8/"
            },
            "name": "Telepatia"
        },
        {
            "language": {
                "name": "en",
                "url": "/api/v2/language/9/"
            },
            "name": "Telepathy"
        },
        {
            "language": {
                "name": "ja",
                "url": "/api/v2/language/11/"
            },
            "name": "\u30c6\u30ec\u30d1\u30b7\u30fc"
        },
        {
            "language": {
                "name": "zh-Hans",
                "url": "/api/v2/language/12/"
            },
            "name": "\u5fc3\u7075\u611f\u5e94"
        }
    ],
    "pokemon": [
        {
            "is_hidden": true,
            "pokemon": {
                "name": "wobbuffet",
                "url": "/api/v2/pokemon/202/"
            },
            "slot": 3
        },
        {
            "is_hidden": true,
            "pokemon": {
                "name": "ralts",
                "url": "/api/v2/pokemon/280/"
            },
            "slot": 3
        },
        {
            "is_hidden": true,
            "pokemon": {
                "name": "kirlia",
                "url": "/api/v2/pokemon/281/"
            },
            "slot": 3
        },
        {
            "is_hidden": true,
            "pokemon": {
                "name": "gardevoir",
                "url": "/api/v2/pokemon/282/"
            },
            "slot": 3
        },
        {
            "is_hidden": true,
            "pokemon": {
                "name": "meditite",
                "url": "/api/v2/pokemon/307/"
            },
            "slot": 3
        },
        {
            "is_hidden": true,
            "pokemon": {
                "name": "medicham",
                "url": "/api/v2/pokemon/308/"
            },
            "slot": 3
        },
        {
            "is_hidden": true,
            "pokemon": {
                "name": "wynaut",
                "url": "/api/v2/pokemon/360/"
            },
            "slot": 3
        },
        {
            "is_hidden": true,
            "pokemon": {
                "name": "dialga",
                "url": "/api/v2/pokemon/483/"
            },
            "slot": 3
        },
        {
            "is_hidden": true,
            "pokemon": {
                "name": "palkia",
                "url": "/api/v2/pokemon/484/"
            },
            "slot": 3
        },
        {
            "is_hidden": true,
            "pokemon": {
                "name": "giratina-altered",
                "url": "/api/v2/pokemon/487/"
            },
            "slot": 3
        },
        {
            "is_hidden": true,
            "pokemon": {
                "name": "munna",
                "url": "/api/v2/pokemon/517/"
            },
            "slot": 3
        },
        {
            "is_hidden": true,
            "pokemon": {
                "name": "musharna",
                "url": "/api/v2/pokemon/518/"
            },
            "slot": 3
        },
        {
            "is_hidden": false,
            "pokemon": {
                "name": "elgyem",
                "url": "/api/v2/pokemon/605/"
            },
            "slot": 1
        },
        {
            "is_hidden": false,
            "pokemon": {
                "name": "beheeyem",
                "url": "/api/v2/pokemon/606/"
            },
            "slot": 1
        },
        {
            "is_hidden": true,
            "pokemon": {
                "name": "noibat",
                "url": "/api/v2/pokemon/714/"
            },
            "slot": 3
        },
        {
            "is_hidden": true,
            "pokemon": {
                "name": "noivern",
                "url": "/api/v2/pokemon/715/"
            },
            "slot": 3
        },
        {
            "is_hidden": false,
            "pokemon": {
                "name": "oranguru",
                "url": "/api/v2/pokemon/765/"
            },
            "slot": 2
        },
        {
            "is_hidden": true,
            "pokemon": {
                "name": "tapu-koko",
                "url": "/api/v2/pokemon/785/"
            },
            "slot": 3
        },
        {
            "is_hidden": true,
            "pokemon": {
                "name": "tapu-lele",
                "url": "/api/v2/pokemon/786/"
            },
            "slot": 3
        },
        {
            "is_hidden": true,
            "pokemon": {
                "name": "tapu-bulu",
                "url": "/api/v2/pokemon/787/"
            },
            "slot": 3
        },
        {
            "is_hidden": true,
            "pokemon": {
                "name": "tapu-fini",
                "url": "/api/v2/pokemon/788/"
            },
            "slot": 3
        },
        {
            "is_hidden": true,
            "pokemon": {
                "name": "blipbug",
                "url": "/api/v2/pokemon/824/"
            },
            "slot": 3
        },
        {
            "is_hidden": true,
            "pokemon": {
                "name": "dottler",
                "url": "/api/v2/pokemon/825/"
            },
            "slot": 3
        },
        {
            "is_hidden": true,
            "pokemon": {
                "name": "orbeetle",
                "url": "/api/v2/pokemon/826/"
            },
            "slot": 3
        },
        {
            "is_hidden": true,
            "pokemon": {
                "name": "rabsca",
                "url": "/api/v2/pokemon/954/"
            },
            "slot": 3
        },
        {
            "is_hidden": true,
            "pokemon": {
                "name": "orbeetle-gmax",
                "url": "/api/v2/pokemon/10213/"
            },
            "slot": 3
        },
        {
            "is_hidden": true,
            "pokemon": {
                "name": "dialga-origin",
                "url": "/api/v2/pokemon/10245/"
            },
            "slot": 3
        },
        {
            "is_hidden": true,
            "pokemon": {
                "name": "palkia-origin",
                "url": "/api/v2/pokemon/10246/"
            },
            "slot": 3
        }
    ]
}