{
    "effect_changes": [],
    "effect_entries": [
        {
            "effect": "A sickly sweet scent spreads across the field the first time the Pok\u00e9mon enters a battle, lowering the evasiveness of opposing Pok\u00e9mon.",
            "language": {
                "name": "en",
                "url": "/api/v2/language/9/"
            },
            "short_effect": "Once per battle, when a Pok\u00e9mon with Supersweet Syrup enters the battle, it lowers the evasion stat of all adjacent opponents by one stage. "
        }
    ],
    "flavor_text_entries": [
        {
            "flavor_text": "La premi\u00e8re fois que le Pok\u00e9mon entre au combat,\\nune odeur de nectar sucr\u00e9 se r\u00e9pand sur le terrain,\\nce qui baisse l\u2019Esquive de l\u2019adversaire.",
            "language": {
                "name": "fr",
                "url": "/api/v2/language/5/"
            },
            "version_group": {
                "name": "the-teal-mask",
                "url": "/api/v2/version-group/26/"
            }
        },
        {
            "flavor_text": "Lowers the evasion of opposing Pok\u00e9mon by 1 stage when first sent into battle",
            "language": {
                "name": "en",
                "url": "/api/v2/language/9/"
            },
            "version_group": {
                "name": "the-teal-mask",
                "url": "/api/v2/version-group/26/"
            }
        }
    ],
    "generation": {
        "name": "generation-ix",
        "url": "/api/v2/generation/9/"
    },
    "id": 300,
    "is_main_series": true,
    "name": "supersweet-syrup",
    "names": [
        {
            "language": {
                "name": "ja-Hrkt",
                "url": "/api/v2/language/1/"
            },
            "name": "\u304b\u3093\u308d\u306a\u30df\u30c4"
        },
        {
            "language": {
                "name": "ko",
                "url": "/api/v2/language/3/"
            },
            "name": "\uac10\ubbf8\ub85c\uc6b4\uafc0"
        },
        {
            "language": {
                "name": "zh-Hant",
                "url": "/api/v2/language/4/"
            },
            "name": "\u7518\u9732\u4e4b\u871c"
        },
        {
            "language": {
                "name": "fr",
                "url": "/api/v2/language/5/"
            },
            "name": "Nectar Mielleux"
        },
        {
            "language": {
                "name": "ja-Hrkt",
                "url": "/api/v2/language/1/"
            },
            "name": "\u304b\u3093\u308d\u306a\u30df\u30c4"
        },
        {
            "language": {
                "name": "ko",
                "url": "/api/v2/language/3/"
            },
            "name": "\uac10\ubbf8\ub85c\uc6b4\uafc0"
        },
        {
            "language": {
                "name": "zh-Hant",
                "url": "/api/v2/language/4/"
            },
            "name": "\u7518\u9732\u4e4b\u871c"
        },
        {
            "language": {
                "name": "fr",
                "url": "/api/v2/language/5/"
            },
            "name": "Nectar Mielleux"
        },
        {
            "language": {
                "name": "de",
                "url": "/api/v2/language/6/"
            },
            "name": "S\u00fc\u00dfer Nektar"
        },
        {
            "language": {
                "name": "es",
                "url": "/api/v2/language/7/"
            },
            "name": "N\u00e9ctar Dulce"
        },
        {
            "language": {
                "name": "it",
                "url": "/api/v2/language/8/"
            },
            "name": "Sciroppo Sublime"
        },
        {
            "language": {
                "name": "en",
                "url": "/api/v2/language/9/"
            },
            "name": "Supersweet Syrup"
        },
        {
            "language": {
                "name": "zh-Hans",
                "url": "/api/v2/language/12/"
            },
            "name": "\u7518\u9732\u4e4b\u871c"
        }
    ],
    "pokemon": [
        {
            "is_hidden": false,
            "pokemon": {
                "name": "dipplin",
                "url": "/api/v2/pokemon/1011/"
            },
            "slot": 1
        },
        {
            "is_hidden": false,
            "pokemon": {
                "name": "hydrapple",
                "url": "/api/v2/pokemon/1019/"
            },
            "slot": 1
        }
    ]
}