{
    "effect_changes": [],
    "effect_entries": [
        {
            "effect": "If the Pok\u00e9mon uses moves that make direct contact, it can attack the target even if the target protects itself.",
            "language": {
                "name": "en",
                "url": "/api/v2/language/9/"
            },
            "short_effect": "Contact moves can strike through Protect/Detect."
        }
    ],
    "flavor_text_entries": [
        {
            "flavor_text": "\u3042\u3044\u3066\u306b\u3000\u305b\u3063\u3057\u3087\u304f\u3059\u308b\u3000\u308f\u3056\u306a\u3089\n\u307e\u3082\u308a\u306e\u3000\u3053\u3046\u304b\u3092\n\u3080\u3057\u3057\u3066\u3000\u3053\u3046\u3052\u304d\u3000\u3059\u308b\u3053\u3068\u304c\u3000\u3067\u304d\u308b\u3002",
            "language": {
                "name": "ja-Hrkt",
                "url": "/api/v2/language/1/"
            },
            "version_group": {
                "name": "sword-shield",
                "url": "/api/v2/version-group/20/"
            }
        },
        {
            "flavor_text": "\uc0c1\ub300\uc5d0\uac8c \uc811\ucd09\ud558\ub294 \uae30\uc220\uc744 \uc0ac\uc6a9\ud558\uba74\n\ubc29\uc5b4\uc758 \ud6a8\uacfc\ub97c \ubb34\uc2dc\ud558\uace0 \uacf5\uaca9\ud560 \uc218 \uc788\ub2e4.",
            "language": {
                "name": "ko",
                "url": "/api/v2/language/3/"
            },
            "version_group": {
                "name": "sword-shield",
                "url": "/api/v2/version-group/20/"
            }
        },
        {
            "flavor_text": "\u53ea\u8981\u662f\u63a5\u89f8\u5230\u5c0d\u624b\u7684\u62db\u5f0f\uff0c\n\u5c31\u53ef\u4ee5\u7121\u8996\u5c0d\u624b\u7684\u9632\u5b88\u6548\u679c\u9032\u884c\u653b\u64ca\u3002",
            "language": {
                "name": "zh-Hant",
                "url": "/api/v2/language/4/"
            },
            "version_group": {
                "name": "sword-shield",
                "url": "/api/v2/version-group/20/"
            }
        },
        {
            "flavor_text": "Si le Pok\u00e9mon utilise une attaque directe, celle-ci\npourra passer outre les protections de la cible.",
            "language": {
                "name": "fr",
                "url": "/api/v2/language/5/"
            },
            "version_group": {
                "name": "sword-shield",
                "url": "/api/v2/version-group/20/"
            }
        },
        {
            "flavor_text": "Wenn das Pok\u00e9mon eine direkte Attacke einsetzt,\ntrifft diese auch dann, wenn sich das Ziel selbst\nsch\u00fctzt.",
            "language": {
                "name": "de",
                "url": "/api/v2/language/6/"
            },
            "version_group": {
                "name": "sword-shield",
                "url": "/api/v2/version-group/20/"
            }
        },
        {
            "flavor_text": "Si usa un movimiento de contacto, puede infligir da\u00f1o\nal objetivo aunque este se proteja.",
            "language": {
                "name": "es",
                "url": "/api/v2/language/7/"
            },
            "version_group": {
                "name": "sword-shield",
                "url": "/api/v2/version-group/20/"
            }
        },
        {
            "flavor_text": "Quando il Pok\u00e9mon utilizza un attacco diretto,\ngli effetti di mosse protettive vengono ignorati.",
            "language": {
                "name": "it",
                "url": "/api/v2/language/8/"
            },
            "version_group": {
                "name": "sword-shield",
                "url": "/api/v2/version-group/20/"
            }
        },
        {
            "flavor_text": "If the Pok\u00e9mon uses moves that make direct contact,\nit can attack the target even if the target protects itself.",
            "language": {
                "name": "en",
                "url": "/api/v2/language/9/"
            },
            "version_group": {
                "name": "sword-shield",
                "url": "/api/v2/version-group/20/"
            }
        },
        {
            "flavor_text": "\u76f8\u624b\u306b\u3000\u63a5\u89e6\u3059\u308b\u3000\u6280\u306a\u3089\n\u5b88\u308a\u306e\u3000\u52b9\u679c\u3092\n\u7121\u8996\u3057\u3066\u3000\u653b\u6483\u3059\u308b\u3053\u3068\u304c\u3000\u3067\u304d\u308b\u3002",
            "language": {
                "name": "ja",
                "url": "/api/v2/language/11/"
            },
            "version_group": {
                "name": "sword-shield",
                "url": "/api/v2/version-group/20/"
            }
        },
        {
            "flavor_text": "\u5982\u679c\u4f7f\u51fa\u7684\u662f\u63a5\u89e6\u5230\u5bf9\u624b\u7684\u62db\u5f0f\uff0c\n\u5c31\u53ef\u4ee5\u65e0\u89c6\u5b88\u62a4\u6548\u679c\u8fdb\u884c\u653b\u51fb\u3002",
            "language": {
                "name": "zh-Hans",
                "url": "/api/v2/language/12/"
            },
            "version_group": {
                "name": "sword-shield",
                "url": "/api/v2/version-group/20/"
            }
        },
        {
            "flavor_text": "Si le Pok\u00e9mon utilise une attaque directe, celle-ci\\npourra toucher la cible m\u00eame si elle se prot\u00e8ge.",
            "language": {
                "name": "fr",
                "url": "/api/v2/language/5/"
            },
            "version_group": {
                "name": "the-indigo-disk",
                "url": "/api/v2/version-group/27/"
            }
        },
        {
            "flavor_text": "If the Pok\u00e9mon uses moves that make direct contact, it can attack the target even if the target protects itself.",
            "language": {
                "name": "en",
                "url": "/api/v2/language/9/"
            },
            "version_group": {
                "name": "the-indigo-disk",
                "url": "/api/v2/version-group/27/"
            }
        }
    ],
    "generation": {
        "name": "generation-viii",
        "url": "/api/v2/generation/8/"
    },
    "id": 260,
    "is_main_series": true,
    "name": "unseen-fist",
    "names": [
        {
            "language": {
                "name": "ja-Hrkt",
                "url": "/api/v2/language/1/"
            },
            "name": "\u3075\u304b\u3057\u306e\u3053\u3076\u3057"
        },
        {
            "language": {
                "name": "ko",
                "url": "/api/v2/language/3/"
            },
            "name": "\ubcf4\uc774\uc9c0\uc54a\ub294\uc8fc\uba39"
        },
        {
            "language": {
                "name": "zh-Hant",
                "url": "/api/v2/language/4/"
            },
            "name": "\u7121\u5f62\u62f3"
        },
        {
            "language": {
                "name": "fr",
                "url": "/api/v2/language/5/"
            },
            "name": "Poing Invisible"
        },
        {
            "language": {
                "name": "de",
                "url": "/api/v2/language/6/"
            },
            "name": "Verborgene Faust"
        },
        {
            "language": {
                "name": "es",
                "url": "/api/v2/language/7/"
            },
            "name": "Pu\u00f1o Invisible"
        },
        {
            "language": {
                "name": "it",
                "url": "/api/v2/language/8/"
            },
            "name": "Pugni Invisibili"
        },
        {
            "language": {
                "name": "en",
                "url": "/api/v2/language/9/"
            },
            "name": "Unseen Fist"
        },
        {
            "language": {
                "name": "ja",
                "url": "/api/v2/language/11/"
            },
            "name": "\u3075\u304b\u3057\u306e\u3053\u3076\u3057"
        },
        {
            "language": {
                "name": "zh-Hans",
                "url": "/api/v2/language/12/"
            },
            "name": "\u65e0\u5f62\u62f3"
        }
    ],
    "pokemon": [
        {
            "is_hidden": false,
            "pokemon": {
                "name": "urshifu-single-strike",
                "url": "/api/v2/pokemon/892/"
            },
            "slot": 1
        },
        {
            "is_hidden": false,
            "pokemon": {
                "name": "urshifu-rapid-strike",
                "url": "/api/v2/pokemon/10191/"
            },
            "slot": 1
        },
        {
            "is_hidden": false,
            "pokemon": {
                "name": "urshifu-single-strike-gmax",
                "url": "/api/v2/pokemon/10226/"
            },
            "slot": 1
        },
        {
            "is_hidden": false,
            "pokemon": {
                "name": "urshifu-rapid-strike-gmax",
                "url": "/api/v2/pokemon/10227/"
            },
            "slot": 1
        }
    ]
}