{
    "effect_changes": [
        {
            "effect_entries": [
                {
                    "effect": "Hat au\u00dferhalb vom Kampf keinen Effekt.",
                    "language": {
                        "name": "de",
                        "url": "/api/v2/language/6/"
                    }
                },
                {
                    "effect": "Has no overworld effect.",
                    "language": {
                        "name": "en",
                        "url": "/api/v2/language/9/"
                    }
                }
            ],
            "version_group": {
                "name": "emerald",
                "url": "/api/v2/version-group/6/"
            }
        }
    ],
    "effect_entries": [
        {
            "effect": "Einem Pok\u00e9mon mit dieser F\u00e4higkeit kann ein getragenes Item nicht gestohlen werden.\n\nAttacken die Schaden verursachen und Items entfernen verursachen immer noch Schaden, z.B. knock off oder pluck. Das Pok\u00e9mon kann trotzdem Attacken einsetzen die eigene Items entfernen, wie z.B. fling oder trick.\n\nAu\u00dferhalb vom Kampf: Wenn ein Pok\u00e9mon mit dieser F\u00e4higkeit an erster Stelle im Team steht, erh\u00f6ht sich die Erfolgsrate beim Angeln.",
            "language": {
                "name": "de",
                "url": "/api/v2/language/6/"
            },
            "short_effect": "Verhindert, dass ein getragenes Item von einem anderen Pok\u00e9mon gestohlen werden kann."
        },
        {
            "effect": "This Pok\u00e9mon's hold item cannot be removed by other Pok\u00e9mon.\n\nDamaging moves that would remove this Pok\u00e9mon's item can still inflict damage against this Pok\u00e9mon, e.g. knock off or pluck.  This Pok\u00e9mon can still use moves that involve the loss of its own item, e.g. fling or trick.\n\nOverworld: If the lead Pok\u00e9mon has this ability, the encounter rate while fishing is increased.",
            "language": {
                "name": "en",
                "url": "/api/v2/language/9/"
            },
            "short_effect": "Prevents a held item from being removed by other Pok\u00e9mon."
        }
    ],
    "flavor_text_entries": [
        {
            "flavor_text": "Emp\u00eache le vol d'objets.",
            "language": {
                "name": "fr",
                "url": "/api/v2/language/5/"
            },
            "version_group": {
                "name": "ruby-sapphire",
                "url": "/api/v2/version-group/5/"
            }
        },
        {
            "flavor_text": "Prevents item theft.",
            "language": {
                "name": "en",
                "url": "/api/v2/language/9/"
            },
            "version_group": {
                "name": "ruby-sapphire",
                "url": "/api/v2/version-group/5/"
            }
        },
        {
            "flavor_text": "Emp\u00eache le vol d'objets.",
            "language": {
                "name": "fr",
                "url": "/api/v2/language/5/"
            },
            "version_group": {
                "name": "emerald",
                "url": "/api/v2/version-group/6/"
            }
        },
        {
            "flavor_text": "Prevents item theft.",
            "language": {
                "name": "en",
                "url": "/api/v2/language/9/"
            },
            "version_group": {
                "name": "emerald",
                "url": "/api/v2/version-group/6/"
            }
        },
        {
            "flavor_text": "Emp\u00eache le vol d'objets.",
            "language": {
                "name": "fr",
                "url": "/api/v2/language/5/"
            },
            "version_group": {
                "name": "firered-leafgreen",
                "url": "/api/v2/version-group/7/"
            }
        },
        {
            "flavor_text": "Prevents item theft.",
            "language": {
                "name": "en",
                "url": "/api/v2/language/9/"
            },
            "version_group": {
                "name": "firered-leafgreen",
                "url": "/api/v2/version-group/7/"
            }
        },
        {
            "flavor_text": "Prot\u00e8ge le Pok\u00e9mon contre le vol d'objets.",
            "language": {
                "name": "fr",
                "url": "/api/v2/language/5/"
            },
            "version_group": {
                "name": "diamond-pearl",
                "url": "/api/v2/version-group/8/"
            }
        },
        {
            "flavor_text": "Protects the Pok\u00e9mon\nfrom item theft.",
            "language": {
                "name": "en",
                "url": "/api/v2/language/9/"
            },
            "version_group": {
                "name": "diamond-pearl",
                "url": "/api/v2/version-group/8/"
            }
        },
        {
            "flavor_text": "Prot\u00e8ge le Pok\u00e9mon contre le vol d'objets.",
            "language": {
                "name": "fr",
                "url": "/api/v2/language/5/"
            },
            "version_group": {
                "name": "platinum",
                "url": "/api/v2/version-group/9/"
            }
        },
        {
            "flavor_text": "Protects the Pok\u00e9mon\nfrom item theft.",
            "language": {
                "name": "en",
                "url": "/api/v2/language/9/"
            },
            "version_group": {
                "name": "platinum",
                "url": "/api/v2/version-group/9/"
            }
        },
        {
            "flavor_text": "Prot\u00e8ge le Pok\u00e9mon contre le vol d'objets.",
            "language": {
                "name": "fr",
                "url": "/api/v2/language/5/"
            },
            "version_group": {
                "name": "heartgold-soulsilver",
                "url": "/api/v2/version-group/10/"
            }
        },
        {
            "flavor_text": "Protects the Pok\u00e9mon\nfrom item theft.",
            "language": {
                "name": "en",
                "url": "/api/v2/language/9/"
            },
            "version_group": {
                "name": "heartgold-soulsilver",
                "url": "/api/v2/version-group/10/"
            }
        },
        {
            "flavor_text": "Fait s'agripper \u00e0 l'objet pour en emp\u00eacher le vol.",
            "language": {
                "name": "fr",
                "url": "/api/v2/language/5/"
            },
            "version_group": {
                "name": "black-white",
                "url": "/api/v2/version-group/11/"
            }
        },
        {
            "flavor_text": "Fait s\u2019agripper \u00e0 l\u2019objet\npour en emp\u00eacher le vol.",
            "language": {
                "name": "fr",
                "url": "/api/v2/language/5/"
            },
            "version_group": {
                "name": "black-white",
                "url": "/api/v2/version-group/11/"
            }
        },
        {
            "flavor_text": "Protects the Pok\u00e9mon\nfrom item theft.",
            "language": {
                "name": "en",
                "url": "/api/v2/language/9/"
            },
            "version_group": {
                "name": "black-white",
                "url": "/api/v2/version-group/11/"
            }
        },
        {
            "flavor_text": "Fait s'agripper \u00e0 l'objet pour en emp\u00eacher le vol.",
            "language": {
                "name": "fr",
                "url": "/api/v2/language/5/"
            },
            "version_group": {
                "name": "xd",
                "url": "/api/v2/version-group/13/"
            }
        },
        {
            "flavor_text": "Fait s'agripper \u00e0 l'objet pour en emp\u00eacher le vol.",
            "language": {
                "name": "fr",
                "url": "/api/v2/language/5/"
            },
            "version_group": {
                "name": "black-2-white-2",
                "url": "/api/v2/version-group/14/"
            }
        },
        {
            "flavor_text": "Protects the Pok\u00e9mon\nfrom item theft.",
            "language": {
                "name": "en",
                "url": "/api/v2/language/9/"
            },
            "version_group": {
                "name": "black-2-white-2",
                "url": "/api/v2/version-group/14/"
            }
        },
        {
            "flavor_text": "\u306d\u3093\u3061\u3083\u304f\u3057\u3066\n\u3069\u3046\u3050\u3092\u3000\u307e\u3082\u308b\u3002",
            "language": {
                "name": "ja-Hrkt",
                "url": "/api/v2/language/1/"
            },
            "version_group": {
                "name": "x-y",
                "url": "/api/v2/version-group/15/"
            }
        },
        {
            "flavor_text": "\ub2ec\ub77c\ubd99\uc5b4\uc11c\n\ub3c4\uad6c\ub97c \uc9c0\ud0a8\ub2e4.",
            "language": {
                "name": "ko",
                "url": "/api/v2/language/3/"
            },
            "version_group": {
                "name": "x-y",
                "url": "/api/v2/version-group/15/"
            }
        },
        {
            "flavor_text": "Fait s\u2019agripper \u00e0 l\u2019objet pour\nen emp\u00eacher le vol.",
            "language": {
                "name": "fr",
                "url": "/api/v2/language/5/"
            },
            "version_group": {
                "name": "x-y",
                "url": "/api/v2/version-group/15/"
            }
        },
        {
            "flavor_text": "Verhindert durch Klebe-Effekt\nItem-Diebst\u00e4hle.",
            "language": {
                "name": "de",
                "url": "/api/v2/language/6/"
            },
            "version_group": {
                "name": "x-y",
                "url": "/api/v2/version-group/15/"
            }
        },
        {
            "flavor_text": "Protege al Pok\u00e9mon del robo\nde objetos.",
            "language": {
                "name": "es",
                "url": "/api/v2/language/7/"
            },
            "version_group": {
                "name": "x-y",
                "url": "/api/v2/version-group/15/"
            }
        },
        {
            "flavor_text": "Protegge il Pok\u00e9mon dal furto\ndi strumenti.",
            "language": {
                "name": "it",
                "url": "/api/v2/language/8/"
            },
            "version_group": {
                "name": "x-y",
                "url": "/api/v2/version-group/15/"
            }
        },
        {
            "flavor_text": "Protects the Pok\u00e9mon\nfrom item theft.",
            "language": {
                "name": "en",
                "url": "/api/v2/language/9/"
            },
            "version_group": {
                "name": "x-y",
                "url": "/api/v2/version-group/15/"
            }
        },
        {
            "flavor_text": "\u306d\u3093\u3061\u3083\u304f\u3057\u3066\n\u9053\u5177\u3092\u3000\u5b88\u308b\u3002",
            "language": {
                "name": "ja",
                "url": "/api/v2/language/11/"
            },
            "version_group": {
                "name": "x-y",
                "url": "/api/v2/version-group/15/"
            }
        },
        {
            "flavor_text": "\u306d\u3093\u3061\u3083\u304f\u3057\u3066\n\u3069\u3046\u3050\u3092\u3000\u307e\u3082\u308b\u3002",
            "language": {
                "name": "ja-Hrkt",
                "url": "/api/v2/language/1/"
            },
            "version_group": {
                "name": "omega-ruby-alpha-sapphire",
                "url": "/api/v2/version-group/16/"
            }
        },
        {
            "flavor_text": "\ub2ec\ub77c\ubd99\uc5b4\uc11c\n\ub3c4\uad6c\ub97c \uc9c0\ud0a8\ub2e4.",
            "language": {
                "name": "ko",
                "url": "/api/v2/language/3/"
            },
            "version_group": {
                "name": "omega-ruby-alpha-sapphire",
                "url": "/api/v2/version-group/16/"
            }
        },
        {
            "flavor_text": "Fait s'agripper \u00e0 l'objet pour en emp\u00eacher le vol.",
            "language": {
                "name": "fr",
                "url": "/api/v2/language/5/"
            },
            "version_group": {
                "name": "omega-ruby-alpha-sapphire",
                "url": "/api/v2/version-group/16/"
            }
        },
        {
            "flavor_text": "Fait s\u2019agripper \u00e0 l\u2019objet pour\nen emp\u00eacher le vol.",
            "language": {
                "name": "fr",
                "url": "/api/v2/language/5/"
            },
            "version_group": {
                "name": "omega-ruby-alpha-sapphire",
                "url": "/api/v2/version-group/16/"
            }
        },
        {
            "flavor_text": "Verhindert durch Klebe-Effekt\nItem-Diebst\u00e4hle.",
            "language": {
                "name": "de",
                "url": "/api/v2/language/6/"
            },
            "version_group": {
                "name": "omega-ruby-alpha-sapphire",
                "url": "/api/v2/version-group/16/"
            }
        },
        {
            "flavor_text": "Protege al Pok\u00e9mon del robo\nde objetos.",
            "language": {
                "name": "es",
                "url": "/api/v2/language/7/"
            },
            "version_group": {
                "name": "omega-ruby-alpha-sapphire",
                "url": "/api/v2/version-group/16/"
            }
        },
        {
            "flavor_text": "Protegge il Pok\u00e9mon dal furto\ndi strumenti.",
            "language": {
                "name": "it",
                "url": "/api/v2/language/8/"
            },
            "version_group": {
                "name": "omega-ruby-alpha-sapphire",
                "url": "/api/v2/version-group/16/"
            }
        },
        {
            "flavor_text": "Protects the Pok\u00e9mon\nfrom item theft.",
            "language": {
                "name": "en",
                "url": "/api/v2/language/9/"
            },
            "version_group": {
                "name": "omega-ruby-alpha-sapphire",
                "url": "/api/v2/version-group/16/"
            }
        },
        {
            "flavor_text": "\u306d\u3093\u3061\u3083\u304f\u3057\u3066\n\u9053\u5177\u3092\u3000\u5b88\u308b\u3002",
            "language": {
                "name": "ja",
                "url": "/api/v2/language/11/"
            },
            "version_group": {
                "name": "omega-ruby-alpha-sapphire",
                "url": "/api/v2/version-group/16/"
            }
        },
        {
            "flavor_text": "\u306d\u3093\u3061\u3083\u304f\u3057\u3064\u306e\u3000\u304b\u3089\u3060\u306b\n\u3069\u3046\u3050\u304c\u3000\u304f\u3063\u3064\u3044\u3066\u3044\u308b\u305f\u3081\n\u3042\u3044\u3066\u306b\u3000\u3069\u3046\u3050\u3092\u3000\u3046\u3070\u308f\u308c\u306a\u3044\u3002",
            "language": {
                "name": "ja-Hrkt",
                "url": "/api/v2/language/1/"
            },
            "version_group": {
                "name": "sun-moon",
                "url": "/api/v2/version-group/17/"
            }
        },
        {
            "flavor_text": "\uc810\ucc29\uc9c8\uc758 \ubab8\uc5d0\n\ub3c4\uad6c\uac00 \ub2ec\ub77c\ubd99\uc5b4 \uc788\uc5b4\n\uc0c1\ub300\uc5d0\uac8c \ub3c4\uad6c\ub97c \ube8f\uae30\uc9c0 \uc54a\ub294\ub2e4.",
            "language": {
                "name": "ko",
                "url": "/api/v2/language/3/"
            },
            "version_group": {
                "name": "sun-moon",
                "url": "/api/v2/version-group/17/"
            }
        },
        {
            "flavor_text": "\u9053\u5177\u6703\u9ecf\u5728\n\u5177\u6709\u9ecf\u6027\u7684\u8eab\u9ad4\u4e0a\uff0c\n\u4e0d\u6703\u88ab\u5c0d\u624b\u596a\u8d70\u3002",
            "language": {
                "name": "zh-Hant",
                "url": "/api/v2/language/4/"
            },
            "version_group": {
                "name": "sun-moon",
                "url": "/api/v2/version-group/17/"
            }
        },
        {
            "flavor_text": "Les objets sont coll\u00e9s au corps gluant du Pok\u00e9mon, ce qui emp\u00eache ses adversaires de les d\u00e9rober.",
            "language": {
                "name": "fr",
                "url": "/api/v2/language/5/"
            },
            "version_group": {
                "name": "sun-moon",
                "url": "/api/v2/version-group/17/"
            }
        },
        {
            "flavor_text": "Les objets sont coll\u00e9s au corps gluant du Pok\u00e9mon,\nce qui emp\u00eache ses adversaires de les d\u00e9rober.",
            "language": {
                "name": "fr",
                "url": "/api/v2/language/5/"
            },
            "version_group": {
                "name": "sun-moon",
                "url": "/api/v2/version-group/17/"
            }
        },
        {
            "flavor_text": "Tr\u00e4gt es ein Item, bleibt dieses an seinem klebrigen\nK\u00f6rper haften, wodurch Item-Diebstahl verhindert\nwird.",
            "language": {
                "name": "de",
                "url": "/api/v2/language/6/"
            },
            "version_group": {
                "name": "sun-moon",
                "url": "/api/v2/version-group/17/"
            }
        },
        {
            "flavor_text": "Protege al Pok\u00e9mon del robo de objetos al quedarse\npegados a su cuerpo.",
            "language": {
                "name": "es",
                "url": "/api/v2/language/7/"
            },
            "version_group": {
                "name": "sun-moon",
                "url": "/api/v2/version-group/17/"
            }
        },
        {
            "flavor_text": "Gli strumenti restano appiccicati al corpo adesivo\ndel Pok\u00e9mon e non possono essere rubati.",
            "language": {
                "name": "it",
                "url": "/api/v2/language/8/"
            },
            "version_group": {
                "name": "sun-moon",
                "url": "/api/v2/version-group/17/"
            }
        },
        {
            "flavor_text": "Items held by the Pok\u00e9mon are stuck fast and\ncannot be removed by other Pok\u00e9mon.",
            "language": {
                "name": "en",
                "url": "/api/v2/language/9/"
            },
            "version_group": {
                "name": "sun-moon",
                "url": "/api/v2/version-group/17/"
            }
        },
        {
            "flavor_text": "\u7c98\u7740\u8cea\u306e\u3000\u4f53\u306b\n\u9053\u5177\u304c\u3000\u304f\u3063\u3064\u3044\u3066\u3044\u308b\u305f\u3081\n\u76f8\u624b\u306b\u3000\u9053\u5177\u3092\u3000\u596a\u308f\u308c\u306a\u3044\u3002",
            "language": {
                "name": "ja",
                "url": "/api/v2/language/11/"
            },
            "version_group": {
                "name": "sun-moon",
                "url": "/api/v2/version-group/17/"
            }
        },
        {
            "flavor_text": "\u56e0\u4e3a\u9053\u5177\u662f\u7c98\u5728\u9ecf\u6027\u8eab\u4f53\u4e0a\u7684\uff0c\n\u6240\u4ee5\u4e0d\u4f1a\u88ab\u5bf9\u624b\u593a\u8d70\u3002",
            "language": {
                "name": "zh-Hans",
                "url": "/api/v2/language/12/"
            },
            "version_group": {
                "name": "sun-moon",
                "url": "/api/v2/version-group/17/"
            }
        },
        {
            "flavor_text": "\u306d\u3093\u3061\u3083\u304f\u3057\u3064\u306e\u3000\u304b\u3089\u3060\u306b\n\u3069\u3046\u3050\u304c\u3000\u304f\u3063\u3064\u3044\u3066\u3044\u308b\u305f\u3081\n\u3042\u3044\u3066\u306b\u3000\u3069\u3046\u3050\u3092\u3000\u3046\u3070\u308f\u308c\u306a\u3044\u3002",
            "language": {
                "name": "ja-Hrkt",
                "url": "/api/v2/language/1/"
            },
            "version_group": {
                "name": "ultra-sun-ultra-moon",
                "url": "/api/v2/version-group/18/"
            }
        },
        {
            "flavor_text": "\uc810\ucc29\uc9c8\uc758 \ubab8\uc5d0\n\ub3c4\uad6c\uac00 \ub2ec\ub77c\ubd99\uc5b4 \uc788\uc5b4\n\uc0c1\ub300\uc5d0\uac8c \ub3c4\uad6c\ub97c \ube8f\uae30\uc9c0 \uc54a\ub294\ub2e4.",
            "language": {
                "name": "ko",
                "url": "/api/v2/language/3/"
            },
            "version_group": {
                "name": "ultra-sun-ultra-moon",
                "url": "/api/v2/version-group/18/"
            }
        },
        {
            "flavor_text": "\u9053\u5177\u6703\u9ecf\u5728\n\u5177\u6709\u9ecf\u6027\u7684\u8eab\u9ad4\u4e0a\uff0c\n\u4e0d\u6703\u88ab\u5c0d\u624b\u596a\u8d70\u3002",
            "language": {
                "name": "zh-Hant",
                "url": "/api/v2/language/4/"
            },
            "version_group": {
                "name": "ultra-sun-ultra-moon",
                "url": "/api/v2/version-group/18/"
            }
        },
        {
            "flavor_text": "Les objets sont coll\u00e9s au corps gluant du Pok\u00e9mon, ce qui emp\u00eache ses adversaires de les d\u00e9rober.",
            "language": {
                "name": "fr",
                "url": "/api/v2/language/5/"
            },
            "version_group": {
                "name": "ultra-sun-ultra-moon",
                "url": "/api/v2/version-group/18/"
            }
        },
        {
            "flavor_text": "Les objets sont coll\u00e9s au corps gluant du Pok\u00e9mon,\nce qui emp\u00eache ses adversaires de les d\u00e9rober.",
            "language": {
                "name": "fr",
                "url": "/api/v2/language/5/"
            },
            "version_group": {
                "name": "ultra-sun-ultra-moon",
                "url": "/api/v2/version-group/18/"
            }
        },
        {
            "flavor_text": "Tr\u00e4gt es ein Item, bleibt dieses an seinem klebrigen\nK\u00f6rper haften, wodurch Item-Diebstahl verhindert\nwird.",
            "language": {
                "name": "de",
                "url": "/api/v2/language/6/"
            },
            "version_group": {
                "name": "ultra-sun-ultra-moon",
                "url": "/api/v2/version-group/18/"
            }
        },
        {
            "flavor_text": "Protege al Pok\u00e9mon del robo de objetos al quedarse\npegados a su cuerpo.",
            "language": {
                "name": "es",
                "url": "/api/v2/language/7/"
            },
            "version_group": {
                "name": "ultra-sun-ultra-moon",
                "url": "/api/v2/version-group/18/"
            }
        },
        {
            "flavor_text": "Gli strumenti restano appiccicati al corpo adesivo\ndel Pok\u00e9mon e non possono essere rubati.",
            "language": {
                "name": "it",
                "url": "/api/v2/language/8/"
            },
            "version_group": {
                "name": "ultra-sun-ultra-moon",
                "url": "/api/v2/version-group/18/"
            }
        },
        {
            "flavor_text": "Items held by the Pok\u00e9mon are stuck fast and\ncannot be removed by other Pok\u00e9mon.",
            "language": {
                "name": "en",
                "url": "/api/v2/language/9/"
            },
            "version_group": {
                "name": "ultra-sun-ultra-moon",
                "url": "/api/v2/version-group/18/"
            }
        },
        {
            "flavor_text": "\u7c98\u7740\u8cea\u306e\u3000\u4f53\u306b\n\u9053\u5177\u304c\u3000\u304f\u3063\u3064\u3044\u3066\u3044\u308b\u305f\u3081\n\u76f8\u624b\u306b\u3000\u9053\u5177\u3092\u3000\u596a\u308f\u308c\u306a\u3044\u3002",
            "language": {
                "name": "ja",
                "url": "/api/v2/language/11/"
            },
            "version_group": {
                "name": "ultra-sun-ultra-moon",
                "url": "/api/v2/version-group/18/"
            }
        },
        {
            "flavor_text": "\u56e0\u4e3a\u9053\u5177\u662f\u7c98\u5728\u9ecf\u6027\u8eab\u4f53\u4e0a\u7684\uff0c\n\u6240\u4ee5\u4e0d\u4f1a\u88ab\u5bf9\u624b\u593a\u8d70\u3002",
            "language": {
                "name": "zh-Hans",
                "url": "/api/v2/language/12/"
            },
            "version_group": {
                "name": "ultra-sun-ultra-moon",
                "url": "/api/v2/version-group/18/"
            }
        },
        {
            "flavor_text": "\u306d\u3093\u3061\u3083\u304f\u3057\u3064\u306e\u3000\u304b\u3089\u3060\u306b\n\u3069\u3046\u3050\u304c\u3000\u304f\u3063\u3064\u3044\u3066\u3044\u308b\u305f\u3081\n\u3042\u3044\u3066\u306b\u3000\u3069\u3046\u3050\u3092\u3000\u3046\u3070\u308f\u308c\u306a\u3044\u3002",
            "language": {
                "name": "ja-Hrkt",
                "url": "/api/v2/language/1/"
            },
            "version_group": {
                "name": "lets-go-pikachu-lets-go-eevee",
                "url": "/api/v2/version-group/19/"
            }
        },
        {
            "flavor_text": "\uc810\ucc29\uc9c8\uc758 \ubab8\uc5d0\n\ub3c4\uad6c\uac00 \ub2ec\ub77c\ubd99\uc5b4 \uc788\uc5b4\n\uc0c1\ub300\uc5d0\uac8c \ub3c4\uad6c\ub97c \ube8f\uae30\uc9c0 \uc54a\ub294\ub2e4.",
            "language": {
                "name": "ko",
                "url": "/api/v2/language/3/"
            },
            "version_group": {
                "name": "lets-go-pikachu-lets-go-eevee",
                "url": "/api/v2/version-group/19/"
            }
        },
        {
            "flavor_text": "\u9053\u5177\u6703\u9ecf\u5728\n\u5177\u6709\u9ecf\u6027\u7684\u8eab\u9ad4\u4e0a\uff0c\n\u4e0d\u6703\u88ab\u5c0d\u624b\u596a\u8d70\u3002",
            "language": {
                "name": "zh-Hant",
                "url": "/api/v2/language/4/"
            },
            "version_group": {
                "name": "lets-go-pikachu-lets-go-eevee",
                "url": "/api/v2/version-group/19/"
            }
        },
        {
            "flavor_text": "Les objets sont coll\u00e9s au corps gluant du Pok\u00e9mon,\nce qui emp\u00eache ses adversaires de les d\u00e9rober.",
            "language": {
                "name": "fr",
                "url": "/api/v2/language/5/"
            },
            "version_group": {
                "name": "lets-go-pikachu-lets-go-eevee",
                "url": "/api/v2/version-group/19/"
            }
        },
        {
            "flavor_text": "Tr\u00e4gt es ein Item, bleibt dieses an seinem klebrigen\nK\u00f6rper haften, wodurch Item-Diebstahl verhindert\nwird.",
            "language": {
                "name": "de",
                "url": "/api/v2/language/6/"
            },
            "version_group": {
                "name": "lets-go-pikachu-lets-go-eevee",
                "url": "/api/v2/version-group/19/"
            }
        },
        {
            "flavor_text": "Protege al Pok\u00e9mon del robo de objetos al quedarse\npegados a su cuerpo.",
            "language": {
                "name": "es",
                "url": "/api/v2/language/7/"
            },
            "version_group": {
                "name": "lets-go-pikachu-lets-go-eevee",
                "url": "/api/v2/version-group/19/"
            }
        },
        {
            "flavor_text": "Gli strumenti restano appiccicati al corpo adesivo\ndel Pok\u00e9mon e non possono essere rubati.",
            "language": {
                "name": "it",
                "url": "/api/v2/language/8/"
            },
            "version_group": {
                "name": "lets-go-pikachu-lets-go-eevee",
                "url": "/api/v2/version-group/19/"
            }
        },
        {
            "flavor_text": "Items held by the Pok\u00e9mon are stuck fast and\ncannot be removed by other Pok\u00e9mon.",
            "language": {
                "name": "en",
                "url": "/api/v2/language/9/"
            },
            "version_group": {
                "name": "lets-go-pikachu-lets-go-eevee",
                "url": "/api/v2/version-group/19/"
            }
        },
        {
            "flavor_text": "\u7c98\u7740\u8cea\u306e\u3000\u4f53\u306b\n\u9053\u5177\u304c\u3000\u304f\u3063\u3064\u3044\u3066\u3044\u308b\u305f\u3081\n\u76f8\u624b\u306b\u3000\u9053\u5177\u3092\u3000\u596a\u308f\u308c\u306a\u3044\u3002",
            "language": {
                "name": "ja",
                "url": "/api/v2/language/11/"
            },
            "version_group": {
                "name": "lets-go-pikachu-lets-go-eevee",
                "url": "/api/v2/version-group/19/"
            }
        },
        {
            "flavor_text": "\u56e0\u4e3a\u9053\u5177\u662f\u7c98\u5728\u9ecf\u6027\u8eab\u4f53\u4e0a\u7684\uff0c\n\u6240\u4ee5\u4e0d\u4f1a\u88ab\u5bf9\u624b\u593a\u8d70\u3002",
            "language": {
                "name": "zh-Hans",
                "url": "/api/v2/language/12/"
            },
            "version_group": {
                "name": "lets-go-pikachu-lets-go-eevee",
                "url": "/api/v2/version-group/19/"
            }
        },
        {
            "flavor_text": "\u306d\u3093\u3061\u3083\u304f\u3057\u3064\u306e\u3000\u304b\u3089\u3060\u306b\n\u3069\u3046\u3050\u304c\u3000\u304f\u3063\u3064\u3044\u3066\u3044\u308b\u305f\u3081\n\u3042\u3044\u3066\u306b\u3000\u3069\u3046\u3050\u3092\u3000\u3046\u3070\u308f\u308c\u306a\u3044\u3002",
            "language": {
                "name": "ja-Hrkt",
                "url": "/api/v2/language/1/"
            },
            "version_group": {
                "name": "sword-shield",
                "url": "/api/v2/version-group/20/"
            }
        },
        {
            "flavor_text": "\uc810\ucc29\uc9c8\uc758 \ubab8\uc5d0\n\ub3c4\uad6c\uac00 \ub2ec\ub77c\ubd99\uc5b4 \uc788\uc5b4\n\uc0c1\ub300\uc5d0\uac8c \ub3c4\uad6c\ub97c \ube8f\uae30\uc9c0 \uc54a\ub294\ub2e4.",
            "language": {
                "name": "ko",
                "url": "/api/v2/language/3/"
            },
            "version_group": {
                "name": "sword-shield",
                "url": "/api/v2/version-group/20/"
            }
        },
        {
            "flavor_text": "\u9053\u5177\u6703\u9ecf\u5728\n\u5177\u6709\u9ecf\u6027\u7684\u8eab\u9ad4\u4e0a\uff0c\n\u4e0d\u6703\u88ab\u5c0d\u624b\u596a\u8d70\u3002",
            "language": {
                "name": "zh-Hant",
                "url": "/api/v2/language/4/"
            },
            "version_group": {
                "name": "sword-shield",
                "url": "/api/v2/version-group/20/"
            }
        },
        {
            "flavor_text": "Les objets sont coll\u00e9s au corps gluant du Pok\u00e9mon, ce qui emp\u00eache ses adversaires de les d\u00e9rober.",
            "language": {
                "name": "fr",
                "url": "/api/v2/language/5/"
            },
            "version_group": {
                "name": "sword-shield",
                "url": "/api/v2/version-group/20/"
            }
        },
        {
            "flavor_text": "Les objets sont coll\u00e9s au corps gluant du Pok\u00e9mon,\nce qui emp\u00eache ses adversaires de les d\u00e9rober.",
            "language": {
                "name": "fr",
                "url": "/api/v2/language/5/"
            },
            "version_group": {
                "name": "sword-shield",
                "url": "/api/v2/version-group/20/"
            }
        },
        {
            "flavor_text": "Tr\u00e4gt es ein Item, bleibt dieses an seinem klebrigen\nK\u00f6rper haften, wodurch Item-Diebstahl verhindert wird.",
            "language": {
                "name": "de",
                "url": "/api/v2/language/6/"
            },
            "version_group": {
                "name": "sword-shield",
                "url": "/api/v2/version-group/20/"
            }
        },
        {
            "flavor_text": "Los objetos se quedan pegados a su cuerpo, por lo que\nno pueden rob\u00e1rselos.",
            "language": {
                "name": "es",
                "url": "/api/v2/language/7/"
            },
            "version_group": {
                "name": "sword-shield",
                "url": "/api/v2/version-group/20/"
            }
        },
        {
            "flavor_text": "Gli strumenti restano appiccicati al corpo adesivo\ndel Pok\u00e9mon e non possono essere rubati.",
            "language": {
                "name": "it",
                "url": "/api/v2/language/8/"
            },
            "version_group": {
                "name": "sword-shield",
                "url": "/api/v2/version-group/20/"
            }
        },
        {
            "flavor_text": "Items held by the Pok\u00e9mon are stuck fast and\ncannot be removed by other Pok\u00e9mon.",
            "language": {
                "name": "en",
                "url": "/api/v2/language/9/"
            },
            "version_group": {
                "name": "sword-shield",
                "url": "/api/v2/version-group/20/"
            }
        },
        {
            "flavor_text": "\u7c98\u7740\u8cea\u306e\u3000\u4f53\u306b\n\u9053\u5177\u304c\u3000\u304f\u3063\u3064\u3044\u3066\u3044\u308b\u305f\u3081\n\u76f8\u624b\u306b\u3000\u9053\u5177\u3092\u3000\u596a\u308f\u308c\u306a\u3044\u3002",
            "language": {
                "name": "ja",
                "url": "/api/v2/language/11/"
            },
            "version_group": {
                "name": "sword-shield",
                "url": "/api/v2/version-group/20/"
            }
        },
        {
            "flavor_text": "\u56e0\u4e3a\u9053\u5177\u662f\u7c98\u5728\u9ecf\u6027\u8eab\u4f53\u4e0a\u7684\uff0c\n\u6240\u4ee5\u4e0d\u4f1a\u88ab\u5bf9\u624b\u593a\u8d70\u3002",
            "language": {
                "name": "zh-Hans",
                "url": "/api/v2/language/12/"
            },
            "version_group": {
                "name": "sword-shield",
                "url": "/api/v2/version-group/20/"
            }
        },
        {
            "flavor_text": "Les objets sont coll\u00e9s au corps gluant du Pok\u00e9mon,\\nce qui emp\u00eache ses adversaires de les d\u00e9rober.",
            "language": {
                "name": "fr",
                "url": "/api/v2/language/5/"
            },
            "version_group": {
                "name": "scarlet-violet",
                "url": "/api/v2/version-group/25/"
            }
        },
        {
            "flavor_text": "The Pok\u00e9mon's held items cling to its sticky body and cannot be removed by other Pok\u00e9mon.",
            "language": {
                "name": "en",
                "url": "/api/v2/language/9/"
            },
            "version_group": {
                "name": "scarlet-violet",
                "url": "/api/v2/version-group/25/"
            }
        }
    ],
    "generation": {
        "name": "generation-iii",
        "url": "/api/v2/generation/3/"
    },
    "id": 60,
    "is_main_series": true,
    "name": "sticky-hold",
    "names": [
        {
            "language": {
                "name": "ja-Hrkt",
                "url": "/api/v2/language/1/"
            },
            "name": "\u306d\u3093\u3061\u3083\u304f"
        },
        {
            "language": {
                "name": "ko",
                "url": "/api/v2/language/3/"
            },
            "name": "\uc810\ucc29"
        },
        {
            "language": {
                "name": "zh-Hant",
                "url": "/api/v2/language/4/"
            },
            "name": "\u9ecf\u8457"
        },
        {
            "language": {
                "name": "fr",
                "url": "/api/v2/language/5/"
            },
            "name": "Glu"
        },
        {
            "language": {
                "name": "de",
                "url": "/api/v2/language/6/"
            },
            "name": "Klebek\u00f6rper"
        },
        {
            "language": {
                "name": "es",
                "url": "/api/v2/language/7/"
            },
            "name": "Viscosidad"
        },
        {
            "language": {
                "name": "it",
                "url": "/api/v2/language/8/"
            },
            "name": "Antifurto"
        },
        {
            "language": {
                "name": "en",
                "url": "/api/v2/language/9/"
            },
            "name": "Sticky Hold"
        },
        {
            "language": {
                "name": "ja",
                "url": "/api/v2/language/11/"
            },
            "name": "\u306d\u3093\u3061\u3083\u304f"
        },
        {
            "language": {
                "name": "zh-Hans",
                "url": "/api/v2/language/12/"
            },
            "name": "\u9ecf\u7740"
        }
    ],
    "pokemon": [
        {
            "is_hidden": false,
            "pokemon": {
                "name": "grimer",
                "url": "/api/v2/pokemon/88/"
            },
            "slot": 2
        },
        {
            "is_hidden": false,
            "pokemon": {
                "name": "muk",
                "url": "/api/v2/pokemon/89/"
            },
            "slot": 2
        },
        {
            "is_hidden": false,
            "pokemon": {
                "name": "gulpin",
                "url": "/api/v2/pokemon/316/"
            },
            "slot": 2
        },
        {
            "is_hidden": false,
            "pokemon": {
                "name": "swalot",
                "url": "/api/v2/pokemon/317/"
            },
            "slot": 2
        },
        {
            "is_hidden": false,
            "pokemon": {
                "name": "shellos",
                "url": "/api/v2/pokemon/422/"
            },
            "slot": 1
        },
        {
            "is_hidden": false,
            "pokemon": {
                "name": "gastrodon",
                "url": "/api/v2/pokemon/423/"
            },
            "slot": 1
        },
        {
            "is_hidden": false,
            "pokemon": {
                "name": "trubbish",
                "url": "/api/v2/pokemon/568/"
            },
            "slot": 2
        },
        {
            "is_hidden": false,
            "pokemon": {
                "name": "accelgor",
                "url": "/api/v2/pokemon/617/"
            },
            "slot": 2
        },
        {
            "is_hidden": true,
            "pokemon": {
                "name": "dipplin",
                "url": "/api/v2/pokemon/1011/"
            },
            "slot": 3
        },
        {
            "is_hidden": true,
            "pokemon": {
                "name": "hydrapple",
                "url": "/api/v2/pokemon/1019/"
            },
            "slot": 3
        }
    ]
}