{
    "effect_changes": [],
    "effect_entries": [
        {
            "effect": "Wenn ein Pok\u00e9mon mit dieser F\u00e4higkeit von einer Attacke getroffen wird, die Kontakt herstellt, besteht eine 30% Chance, dass der Angreifer paralysiert oder vergiftet wird oder einschl\u00e4ft.\n\nDabei wird nicht ber\u00fccksichtigt ob der Angreifer immun gegen eine der Status\u00e4nderungen ist, es besteht nur eine geringere Chance.",
            "language": {
                "name": "de",
                "url": "/api/v2/language/6/"
            },
            "short_effect": "Hat eine 30% Chance bei Kontakt entweder paralysis, poison oder sleep auszul\u00f6sen."
        },
        {
            "effect": "Whenever a move makes contact with this Pok\u00e9mon, the move's user has a 30% chance of being paralyzed, poisoned, or put to sleep, chosen at random.\n\nNothing is done to compensate if the move's user is immune to one of these ailments; there is simply a lower chance that the move's user will be affected.",
            "language": {
                "name": "en",
                "url": "/api/v2/language/9/"
            },
            "short_effect": "Has a 30% chance of inflcting either paralysis, poison, or sleep on attacking Pok\u00e9mon on contact."
        }
    ],
    "flavor_text_entries": [
        {
            "flavor_text": "Laisse spores si touch\u00e9.",
            "language": {
                "name": "fr",
                "url": "/api/v2/language/5/"
            },
            "version_group": {
                "name": "ruby-sapphire",
                "url": "/api/v2/version-group/5/"
            }
        },
        {
            "flavor_text": "Leaves spores on contact.",
            "language": {
                "name": "en",
                "url": "/api/v2/language/9/"
            },
            "version_group": {
                "name": "ruby-sapphire",
                "url": "/api/v2/version-group/5/"
            }
        },
        {
            "flavor_text": "Laisse spores si touch\u00e9.",
            "language": {
                "name": "fr",
                "url": "/api/v2/language/5/"
            },
            "version_group": {
                "name": "emerald",
                "url": "/api/v2/version-group/6/"
            }
        },
        {
            "flavor_text": "Leaves spores on contact.",
            "language": {
                "name": "en",
                "url": "/api/v2/language/9/"
            },
            "version_group": {
                "name": "emerald",
                "url": "/api/v2/version-group/6/"
            }
        },
        {
            "flavor_text": "Laisse spores si touch\u00e9.",
            "language": {
                "name": "fr",
                "url": "/api/v2/language/5/"
            },
            "version_group": {
                "name": "firered-leafgreen",
                "url": "/api/v2/version-group/7/"
            }
        },
        {
            "flavor_text": "Leaves spores on contact.",
            "language": {
                "name": "en",
                "url": "/api/v2/language/9/"
            },
            "version_group": {
                "name": "firered-leafgreen",
                "url": "/api/v2/version-group/7/"
            }
        },
        {
            "flavor_text": "Peut paralyser, empoisonner, endormir au contact.",
            "language": {
                "name": "fr",
                "url": "/api/v2/language/5/"
            },
            "version_group": {
                "name": "diamond-pearl",
                "url": "/api/v2/version-group/8/"
            }
        },
        {
            "flavor_text": "Contact may paralyze,\npoison, or cause sleep.",
            "language": {
                "name": "en",
                "url": "/api/v2/language/9/"
            },
            "version_group": {
                "name": "diamond-pearl",
                "url": "/api/v2/version-group/8/"
            }
        },
        {
            "flavor_text": "Peut paralyser, empoisonner, endormir au contact.",
            "language": {
                "name": "fr",
                "url": "/api/v2/language/5/"
            },
            "version_group": {
                "name": "platinum",
                "url": "/api/v2/version-group/9/"
            }
        },
        {
            "flavor_text": "Contact may paralyze,\npoison, or cause sleep.",
            "language": {
                "name": "en",
                "url": "/api/v2/language/9/"
            },
            "version_group": {
                "name": "platinum",
                "url": "/api/v2/version-group/9/"
            }
        },
        {
            "flavor_text": "Peut paralyser, empoisonner, endormir au contact.",
            "language": {
                "name": "fr",
                "url": "/api/v2/language/5/"
            },
            "version_group": {
                "name": "heartgold-soulsilver",
                "url": "/api/v2/version-group/10/"
            }
        },
        {
            "flavor_text": "Contact may paralyze,\npoison, or cause sleep.",
            "language": {
                "name": "en",
                "url": "/api/v2/language/9/"
            },
            "version_group": {
                "name": "heartgold-soulsilver",
                "url": "/api/v2/version-group/10/"
            }
        },
        {
            "flavor_text": "Peut paralyser, empoisonner, endormir au contact.",
            "language": {
                "name": "fr",
                "url": "/api/v2/language/5/"
            },
            "version_group": {
                "name": "black-white",
                "url": "/api/v2/version-group/11/"
            }
        },
        {
            "flavor_text": "Peut paralyser, empoison-\nner, endormir au contact.",
            "language": {
                "name": "fr",
                "url": "/api/v2/language/5/"
            },
            "version_group": {
                "name": "black-white",
                "url": "/api/v2/version-group/11/"
            }
        },
        {
            "flavor_text": "Contact may poison or\ncause paralysis or sleep.",
            "language": {
                "name": "en",
                "url": "/api/v2/language/9/"
            },
            "version_group": {
                "name": "black-white",
                "url": "/api/v2/version-group/11/"
            }
        },
        {
            "flavor_text": "Peut paralyser, empoisonner, endormir au contact.",
            "language": {
                "name": "fr",
                "url": "/api/v2/language/5/"
            },
            "version_group": {
                "name": "xd",
                "url": "/api/v2/version-group/13/"
            }
        },
        {
            "flavor_text": "Peut paralyser, empoisonner, endormir au contact.",
            "language": {
                "name": "fr",
                "url": "/api/v2/language/5/"
            },
            "version_group": {
                "name": "black-2-white-2",
                "url": "/api/v2/version-group/14/"
            }
        },
        {
            "flavor_text": "Contact may poison or\ncause paralysis or sleep.",
            "language": {
                "name": "en",
                "url": "/api/v2/language/9/"
            },
            "version_group": {
                "name": "black-2-white-2",
                "url": "/api/v2/version-group/14/"
            }
        },
        {
            "flavor_text": "\u3075\u308c\u308b\u3068\u3000\u3069\u304f\u3000\u307e\u3072\n\u306d\u3080\u308a\u306b\u3000\u3059\u308b\u3053\u3068\u304c\u3042\u308b\u3002",
            "language": {
                "name": "ja-Hrkt",
                "url": "/api/v2/language/1/"
            },
            "version_group": {
                "name": "x-y",
                "url": "/api/v2/version-group/15/"
            }
        },
        {
            "flavor_text": "\uc2a4\uce58\uba74 \ub3c5, \ub9c8\ube44, \uc7a0\ub4e6\n\uc0c1\ud0dc\uac00 \ub420 \ub54c\uac00 \uc788\ub2e4.",
            "language": {
                "name": "ko",
                "url": "/api/v2/language/3/"
            },
            "version_group": {
                "name": "x-y",
                "url": "/api/v2/version-group/15/"
            }
        },
        {
            "flavor_text": "Peut paralyser, empoisonner ou endormir l'attaquant lorsque le Pok\u00e9mon subit une attaque directe.",
            "language": {
                "name": "fr",
                "url": "/api/v2/language/5/"
            },
            "version_group": {
                "name": "x-y",
                "url": "/api/v2/version-group/15/"
            }
        },
        {
            "flavor_text": "Peut paralyser, empoisonner,\nendormir au contact.",
            "language": {
                "name": "fr",
                "url": "/api/v2/language/5/"
            },
            "version_group": {
                "name": "x-y",
                "url": "/api/v2/version-group/15/"
            }
        },
        {
            "flavor_text": "Kann bei Kontakt Paralyse,\nVergiftung oder Schlaf ausl\u00f6sen.",
            "language": {
                "name": "de",
                "url": "/api/v2/language/6/"
            },
            "version_group": {
                "name": "x-y",
                "url": "/api/v2/version-group/15/"
            }
        },
        {
            "flavor_text": "Puede dormir, envenenar o\nparalizar al contacto.",
            "language": {
                "name": "es",
                "url": "/api/v2/language/7/"
            },
            "version_group": {
                "name": "x-y",
                "url": "/api/v2/version-group/15/"
            }
        },
        {
            "flavor_text": "Al contatto pu\u00f2 causare\navvelenamento, paralisi o sonno.",
            "language": {
                "name": "it",
                "url": "/api/v2/language/8/"
            },
            "version_group": {
                "name": "x-y",
                "url": "/api/v2/version-group/15/"
            }
        },
        {
            "flavor_text": "Contact may poison or\ncause paralysis or sleep.",
            "language": {
                "name": "en",
                "url": "/api/v2/language/9/"
            },
            "version_group": {
                "name": "x-y",
                "url": "/api/v2/version-group/15/"
            }
        },
        {
            "flavor_text": "\u89e6\u308c\u308b\u3068\u3000\u3069\u304f\u3000\u307e\u3072\n\u306d\u3080\u308a\u306b\u3000\u3059\u308b\u3053\u3068\u304c\u3042\u308b\u3002",
            "language": {
                "name": "ja",
                "url": "/api/v2/language/11/"
            },
            "version_group": {
                "name": "x-y",
                "url": "/api/v2/version-group/15/"
            }
        },
        {
            "flavor_text": "\u3075\u308c\u308b\u3068\u3000\u3069\u304f\u3000\u307e\u3072\n\u306d\u3080\u308a\u306b\u3000\u3059\u308b\u3053\u3068\u304c\u3042\u308b\u3002",
            "language": {
                "name": "ja-Hrkt",
                "url": "/api/v2/language/1/"
            },
            "version_group": {
                "name": "omega-ruby-alpha-sapphire",
                "url": "/api/v2/version-group/16/"
            }
        },
        {
            "flavor_text": "\uc2a4\uce58\uba74 \ub3c5, \ub9c8\ube44, \uc7a0\ub4e6\n\uc0c1\ud0dc\uac00 \ub420 \ub54c\uac00 \uc788\ub2e4.",
            "language": {
                "name": "ko",
                "url": "/api/v2/language/3/"
            },
            "version_group": {
                "name": "omega-ruby-alpha-sapphire",
                "url": "/api/v2/version-group/16/"
            }
        },
        {
            "flavor_text": "Peut paralyser, empoisonner ou endormir l'attaquant lorsque le Pok\u00e9mon subit une attaque directe.",
            "language": {
                "name": "fr",
                "url": "/api/v2/language/5/"
            },
            "version_group": {
                "name": "omega-ruby-alpha-sapphire",
                "url": "/api/v2/version-group/16/"
            }
        },
        {
            "flavor_text": "Peut paralyser, empoisonner, endormir au contact.",
            "language": {
                "name": "fr",
                "url": "/api/v2/language/5/"
            },
            "version_group": {
                "name": "omega-ruby-alpha-sapphire",
                "url": "/api/v2/version-group/16/"
            }
        },
        {
            "flavor_text": "Peut paralyser, empoisonner,\nendormir au contact.",
            "language": {
                "name": "fr",
                "url": "/api/v2/language/5/"
            },
            "version_group": {
                "name": "omega-ruby-alpha-sapphire",
                "url": "/api/v2/version-group/16/"
            }
        },
        {
            "flavor_text": "Kann bei Kontakt Paralyse,\nVergiftung oder Schlaf ausl\u00f6sen.",
            "language": {
                "name": "de",
                "url": "/api/v2/language/6/"
            },
            "version_group": {
                "name": "omega-ruby-alpha-sapphire",
                "url": "/api/v2/version-group/16/"
            }
        },
        {
            "flavor_text": "Puede dormir, envenenar o\nparalizar al contacto.",
            "language": {
                "name": "es",
                "url": "/api/v2/language/7/"
            },
            "version_group": {
                "name": "omega-ruby-alpha-sapphire",
                "url": "/api/v2/version-group/16/"
            }
        },
        {
            "flavor_text": "Al contatto pu\u00f2 causare\navvelenamento, paralisi o sonno.",
            "language": {
                "name": "it",
                "url": "/api/v2/language/8/"
            },
            "version_group": {
                "name": "omega-ruby-alpha-sapphire",
                "url": "/api/v2/version-group/16/"
            }
        },
        {
            "flavor_text": "Contact may poison or\ncause paralysis or sleep.",
            "language": {
                "name": "en",
                "url": "/api/v2/language/9/"
            },
            "version_group": {
                "name": "omega-ruby-alpha-sapphire",
                "url": "/api/v2/version-group/16/"
            }
        },
        {
            "flavor_text": "\u89e6\u308c\u308b\u3068\u3000\u3069\u304f\u3000\u307e\u3072\n\u306d\u3080\u308a\u306b\u3000\u3059\u308b\u3053\u3068\u304c\u3042\u308b\u3002",
            "language": {
                "name": "ja",
                "url": "/api/v2/language/11/"
            },
            "version_group": {
                "name": "omega-ruby-alpha-sapphire",
                "url": "/api/v2/version-group/16/"
            }
        },
        {
            "flavor_text": "\u3053\u3046\u3052\u304d\u3067\u3000\u3058\u3076\u3093\u306b\u3000\u3075\u308c\u305f\u3000\u3042\u3044\u3066\u3092\n\u3069\u304f\u3084\u3000\u307e\u3072\u3084\u3000\u306d\u3080\u308a\u3000\u3058\u3087\u3046\u305f\u3044\u306b\n\u3059\u308b\u3000\u3053\u3068\u304c\u3042\u308b\u3002\u3000",
            "language": {
                "name": "ja-Hrkt",
                "url": "/api/v2/language/1/"
            },
            "version_group": {
                "name": "sun-moon",
                "url": "/api/v2/version-group/17/"
            }
        },
        {
            "flavor_text": "\uacf5\uaca9\uc73c\ub85c \uc790\uc2e0\uc5d0\uac8c \uc811\ucd09\ud55c \uc0c1\ub300\ub97c\n\ub3c5\uc774\ub098 \ub9c8\ube44, \uc7a0\ub4e6 \uc0c1\ud0dc\ub85c\n\ub9cc\ub4e4 \ub54c\uac00 \uc788\ub2e4.",
            "language": {
                "name": "ko",
                "url": "/api/v2/language/3/"
            },
            "version_group": {
                "name": "sun-moon",
                "url": "/api/v2/version-group/17/"
            }
        },
        {
            "flavor_text": "\u900f\u904e\u653b\u64ca\u6709\u6642\u6703\u4f7f\u63a5\u89f8\u5230\u81ea\u5df1\u7684\u5c0d\u624b\uff0c\n\u9677\u5165\u4e2d\u6bd2\u3001\u9ebb\u75fa\u6216\u7761\u7720\u72c0\u614b\u3002",
            "language": {
                "name": "zh-Hant",
                "url": "/api/v2/language/4/"
            },
            "version_group": {
                "name": "sun-moon",
                "url": "/api/v2/version-group/17/"
            }
        },
        {
            "flavor_text": "Peut paralyser, empoisonner ou endormir l'attaquant lorsque le Pok\u00e9mon subit une attaque directe.",
            "language": {
                "name": "fr",
                "url": "/api/v2/language/5/"
            },
            "version_group": {
                "name": "sun-moon",
                "url": "/api/v2/version-group/17/"
            }
        },
        {
            "flavor_text": "Peut paralyser, empoisonner ou endormir l\u2019attaquant\nlorsque le Pok\u00e9mon subit une attaque directe.",
            "language": {
                "name": "fr",
                "url": "/api/v2/language/5/"
            },
            "version_group": {
                "name": "sun-moon",
                "url": "/api/v2/version-group/17/"
            }
        },
        {
            "flavor_text": "Wird dieses Pok\u00e9mon durch eine direkte Attacke\nangegriffen, kann das beim Gegner Paralyse,\nVergiftung oder Schlaf ausl\u00f6sen.",
            "language": {
                "name": "de",
                "url": "/api/v2/language/6/"
            },
            "version_group": {
                "name": "sun-moon",
                "url": "/api/v2/version-group/17/"
            }
        },
        {
            "flavor_text": "Puede dormir, envenenar o paralizar al Pok\u00e9mon con\nel que entre en contacto al recibir un ataque.",
            "language": {
                "name": "es",
                "url": "/api/v2/language/7/"
            },
            "version_group": {
                "name": "sun-moon",
                "url": "/api/v2/version-group/17/"
            }
        },
        {
            "flavor_text": "Pu\u00f2 causare avvelenamento, paralisi o sonno\na chi manda a segno un attacco diretto.",
            "language": {
                "name": "it",
                "url": "/api/v2/language/8/"
            },
            "version_group": {
                "name": "sun-moon",
                "url": "/api/v2/version-group/17/"
            }
        },
        {
            "flavor_text": "Contact with the Pok\u00e9mon may inflict poison, sleep,\nor paralysis on its attacker.",
            "language": {
                "name": "en",
                "url": "/api/v2/language/9/"
            },
            "version_group": {
                "name": "sun-moon",
                "url": "/api/v2/version-group/17/"
            }
        },
        {
            "flavor_text": "\u653b\u6483\u3067\u3000\u81ea\u5206\u306b\u3000\u89e6\u308c\u305f\u3000\u76f8\u624b\u3092\n\u3069\u304f\u3084\u3000\u307e\u3072\u3084\u3000\u306d\u3080\u308a\u72b6\u614b\u306b\n\u3059\u308b\u3000\u3053\u3068\u304c\u3042\u308b\u3002",
            "language": {
                "name": "ja",
                "url": "/api/v2/language/11/"
            },
            "version_group": {
                "name": "sun-moon",
                "url": "/api/v2/version-group/17/"
            }
        },
        {
            "flavor_text": "\u53d7\u5230\u653b\u51fb\u65f6\uff0c\n\u6709\u65f6\u4f1a\u628a\u63a5\u89e6\u5230\u81ea\u5df1\u7684\u5bf9\u624b\n\u53d8\u4e3a\u4e2d\u6bd2\u3001\u9ebb\u75f9\u6216\u7761\u7720\u72b6\u6001\u3002",
            "language": {
                "name": "zh-Hans",
                "url": "/api/v2/language/12/"
            },
            "version_group": {
                "name": "sun-moon",
                "url": "/api/v2/version-group/17/"
            }
        },
        {
            "flavor_text": "\u3053\u3046\u3052\u304d\u3067\u3000\u3058\u3076\u3093\u306b\u3000\u3075\u308c\u305f\u3000\u3042\u3044\u3066\u3092\n\u3069\u304f\u3084\u3000\u307e\u3072\u3084\u3000\u306d\u3080\u308a\u3000\u3058\u3087\u3046\u305f\u3044\u306b\n\u3059\u308b\u3000\u3053\u3068\u304c\u3042\u308b\u3002\u3000",
            "language": {
                "name": "ja-Hrkt",
                "url": "/api/v2/language/1/"
            },
            "version_group": {
                "name": "ultra-sun-ultra-moon",
                "url": "/api/v2/version-group/18/"
            }
        },
        {
            "flavor_text": "\uacf5\uaca9\uc73c\ub85c \uc790\uc2e0\uc5d0\uac8c \uc811\ucd09\ud55c \uc0c1\ub300\ub97c\n\ub3c5\uc774\ub098 \ub9c8\ube44, \uc7a0\ub4e6 \uc0c1\ud0dc\ub85c\n\ub9cc\ub4e4 \ub54c\uac00 \uc788\ub2e4.",
            "language": {
                "name": "ko",
                "url": "/api/v2/language/3/"
            },
            "version_group": {
                "name": "ultra-sun-ultra-moon",
                "url": "/api/v2/version-group/18/"
            }
        },
        {
            "flavor_text": "\u900f\u904e\u653b\u64ca\u6709\u6642\u6703\u4f7f\u63a5\u89f8\u5230\u81ea\u5df1\u7684\u5c0d\u624b\uff0c\n\u9677\u5165\u4e2d\u6bd2\u3001\u9ebb\u75fa\u6216\u7761\u7720\u72c0\u614b\u3002",
            "language": {
                "name": "zh-Hant",
                "url": "/api/v2/language/4/"
            },
            "version_group": {
                "name": "ultra-sun-ultra-moon",
                "url": "/api/v2/version-group/18/"
            }
        },
        {
            "flavor_text": "Peut paralyser, empoisonner ou endormir l'attaquant lorsque le Pok\u00e9mon subit une attaque directe.",
            "language": {
                "name": "fr",
                "url": "/api/v2/language/5/"
            },
            "version_group": {
                "name": "ultra-sun-ultra-moon",
                "url": "/api/v2/version-group/18/"
            }
        },
        {
            "flavor_text": "Peut paralyser, empoisonner ou endormir l\u2019attaquant\nlorsque le Pok\u00e9mon subit une attaque directe.",
            "language": {
                "name": "fr",
                "url": "/api/v2/language/5/"
            },
            "version_group": {
                "name": "ultra-sun-ultra-moon",
                "url": "/api/v2/version-group/18/"
            }
        },
        {
            "flavor_text": "Wird dieses Pok\u00e9mon durch eine direkte Attacke\nangegriffen, kann das beim Gegner Paralyse,\nVergiftung oder Schlaf ausl\u00f6sen.",
            "language": {
                "name": "de",
                "url": "/api/v2/language/6/"
            },
            "version_group": {
                "name": "ultra-sun-ultra-moon",
                "url": "/api/v2/version-group/18/"
            }
        },
        {
            "flavor_text": "Puede dormir, envenenar o paralizar al Pok\u00e9mon con\nel que entre en contacto al recibir un ataque.",
            "language": {
                "name": "es",
                "url": "/api/v2/language/7/"
            },
            "version_group": {
                "name": "ultra-sun-ultra-moon",
                "url": "/api/v2/version-group/18/"
            }
        },
        {
            "flavor_text": "Pu\u00f2 causare avvelenamento, paralisi o sonno\na chi manda a segno un attacco diretto.",
            "language": {
                "name": "it",
                "url": "/api/v2/language/8/"
            },
            "version_group": {
                "name": "ultra-sun-ultra-moon",
                "url": "/api/v2/version-group/18/"
            }
        },
        {
            "flavor_text": "Contact with the Pok\u00e9mon may inflict poison, sleep,\nor paralysis on its attacker.",
            "language": {
                "name": "en",
                "url": "/api/v2/language/9/"
            },
            "version_group": {
                "name": "ultra-sun-ultra-moon",
                "url": "/api/v2/version-group/18/"
            }
        },
        {
            "flavor_text": "\u653b\u6483\u3067\u3000\u81ea\u5206\u306b\u3000\u89e6\u308c\u305f\u3000\u76f8\u624b\u3092\n\u3069\u304f\u3084\u3000\u307e\u3072\u3084\u3000\u306d\u3080\u308a\u72b6\u614b\u306b\n\u3059\u308b\u3000\u3053\u3068\u304c\u3042\u308b\u3002",
            "language": {
                "name": "ja",
                "url": "/api/v2/language/11/"
            },
            "version_group": {
                "name": "ultra-sun-ultra-moon",
                "url": "/api/v2/version-group/18/"
            }
        },
        {
            "flavor_text": "\u53d7\u5230\u653b\u51fb\u65f6\uff0c\n\u6709\u65f6\u4f1a\u628a\u63a5\u89e6\u5230\u81ea\u5df1\u7684\u5bf9\u624b\n\u53d8\u4e3a\u4e2d\u6bd2\u3001\u9ebb\u75f9\u6216\u7761\u7720\u72b6\u6001\u3002",
            "language": {
                "name": "zh-Hans",
                "url": "/api/v2/language/12/"
            },
            "version_group": {
                "name": "ultra-sun-ultra-moon",
                "url": "/api/v2/version-group/18/"
            }
        },
        {
            "flavor_text": "\u3053\u3046\u3052\u304d\u3067\u3000\u3058\u3076\u3093\u306b\u3000\u3075\u308c\u305f\u3000\u3042\u3044\u3066\u3092\n\u3069\u304f\u3084\u3000\u307e\u3072\u3084\u3000\u306d\u3080\u308a\u3000\u3058\u3087\u3046\u305f\u3044\u306b\n\u3059\u308b\u3000\u3053\u3068\u304c\u3042\u308b\u3002\u3000",
            "language": {
                "name": "ja-Hrkt",
                "url": "/api/v2/language/1/"
            },
            "version_group": {
                "name": "lets-go-pikachu-lets-go-eevee",
                "url": "/api/v2/version-group/19/"
            }
        },
        {
            "flavor_text": "\uacf5\uaca9\uc73c\ub85c \uc790\uc2e0\uc5d0\uac8c \uc811\ucd09\ud55c \uc0c1\ub300\ub97c\n\ub3c5\uc774\ub098 \ub9c8\ube44, \uc7a0\ub4e6 \uc0c1\ud0dc\ub85c\n\ub9cc\ub4e4 \ub54c\uac00 \uc788\ub2e4.",
            "language": {
                "name": "ko",
                "url": "/api/v2/language/3/"
            },
            "version_group": {
                "name": "lets-go-pikachu-lets-go-eevee",
                "url": "/api/v2/version-group/19/"
            }
        },
        {
            "flavor_text": "\u900f\u904e\u653b\u64ca\u6709\u6642\u6703\u4f7f\u63a5\u89f8\u5230\u81ea\u5df1\u7684\u5c0d\u624b\uff0c\n\u9677\u5165\u4e2d\u6bd2\u3001\u9ebb\u75fa\u6216\u7761\u7720\u72c0\u614b\u3002",
            "language": {
                "name": "zh-Hant",
                "url": "/api/v2/language/4/"
            },
            "version_group": {
                "name": "lets-go-pikachu-lets-go-eevee",
                "url": "/api/v2/version-group/19/"
            }
        },
        {
            "flavor_text": "Peut paralyser, empoisonner ou endormir l\u2019attaquant\nlorsque le Pok\u00e9mon subit une attaque directe.",
            "language": {
                "name": "fr",
                "url": "/api/v2/language/5/"
            },
            "version_group": {
                "name": "lets-go-pikachu-lets-go-eevee",
                "url": "/api/v2/version-group/19/"
            }
        },
        {
            "flavor_text": "Wird dieses Pok\u00e9mon durch eine direkte Attacke\nangegriffen, kann das beim Gegner Paralyse,\nVergiftung oder Schlaf ausl\u00f6sen.",
            "language": {
                "name": "de",
                "url": "/api/v2/language/6/"
            },
            "version_group": {
                "name": "lets-go-pikachu-lets-go-eevee",
                "url": "/api/v2/version-group/19/"
            }
        },
        {
            "flavor_text": "Puede dormir, envenenar o paralizar al Pok\u00e9mon con\nel que entre en contacto al recibir un ataque.",
            "language": {
                "name": "es",
                "url": "/api/v2/language/7/"
            },
            "version_group": {
                "name": "lets-go-pikachu-lets-go-eevee",
                "url": "/api/v2/version-group/19/"
            }
        },
        {
            "flavor_text": "Pu\u00f2 causare avvelenamento, paralisi o sonno\na chi manda a segno un attacco diretto.",
            "language": {
                "name": "it",
                "url": "/api/v2/language/8/"
            },
            "version_group": {
                "name": "lets-go-pikachu-lets-go-eevee",
                "url": "/api/v2/version-group/19/"
            }
        },
        {
            "flavor_text": "Contact with the Pok\u00e9mon may inflict poison, sleep,\nor paralysis on its attacker.",
            "language": {
                "name": "en",
                "url": "/api/v2/language/9/"
            },
            "version_group": {
                "name": "lets-go-pikachu-lets-go-eevee",
                "url": "/api/v2/version-group/19/"
            }
        },
        {
            "flavor_text": "\u653b\u6483\u3067\u3000\u81ea\u5206\u306b\u3000\u89e6\u308c\u305f\u3000\u76f8\u624b\u3092\n\u3069\u304f\u3084\u3000\u307e\u3072\u3084\u3000\u306d\u3080\u308a\u72b6\u614b\u306b\n\u3059\u308b\u3000\u3053\u3068\u304c\u3042\u308b\u3002",
            "language": {
                "name": "ja",
                "url": "/api/v2/language/11/"
            },
            "version_group": {
                "name": "lets-go-pikachu-lets-go-eevee",
                "url": "/api/v2/version-group/19/"
            }
        },
        {
            "flavor_text": "\u53d7\u5230\u653b\u51fb\u65f6\uff0c\n\u6709\u65f6\u4f1a\u628a\u63a5\u89e6\u5230\u81ea\u5df1\u7684\u5bf9\u624b\n\u53d8\u4e3a\u4e2d\u6bd2\u3001\u9ebb\u75f9\u6216\u7761\u7720\u72b6\u6001\u3002",
            "language": {
                "name": "zh-Hans",
                "url": "/api/v2/language/12/"
            },
            "version_group": {
                "name": "lets-go-pikachu-lets-go-eevee",
                "url": "/api/v2/version-group/19/"
            }
        },
        {
            "flavor_text": "\u3053\u3046\u3052\u304d\u3067\u3000\u3058\u3076\u3093\u306b\u3000\u3075\u308c\u305f\u3000\u3042\u3044\u3066\u3092\n\u3069\u304f\u3084\u3000\u307e\u3072\u3084\u3000\u306d\u3080\u308a\u3000\u3058\u3087\u3046\u305f\u3044\u306b\n\u3059\u308b\u3000\u3053\u3068\u304c\u3042\u308b\u3002",
            "language": {
                "name": "ja-Hrkt",
                "url": "/api/v2/language/1/"
            },
            "version_group": {
                "name": "sword-shield",
                "url": "/api/v2/version-group/20/"
            }
        },
        {
            "flavor_text": "\uacf5\uaca9\uc73c\ub85c \uc790\uc2e0\uc5d0\uac8c \uc811\ucd09\ud55c \uc0c1\ub300\ub97c\n\ub3c5\uc774\ub098 \ub9c8\ube44, \uc7a0\ub4e6 \uc0c1\ud0dc\ub85c\n\ub9cc\ub4e4 \ub54c\uac00 \uc788\ub2e4.",
            "language": {
                "name": "ko",
                "url": "/api/v2/language/3/"
            },
            "version_group": {
                "name": "sword-shield",
                "url": "/api/v2/version-group/20/"
            }
        },
        {
            "flavor_text": "\u53d7\u5230\u653b\u64ca\u6642\uff0c\n\u6709\u6642\u6703\u8b93\u63a5\u89f8\u5230\u81ea\u5df1\u7684\u5c0d\u624b\n\u9677\u5165\u4e2d\u6bd2\u3001\u9ebb\u75fa\u6216\u7761\u7720\u72c0\u614b\u3002",
            "language": {
                "name": "zh-Hant",
                "url": "/api/v2/language/4/"
            },
            "version_group": {
                "name": "sword-shield",
                "url": "/api/v2/version-group/20/"
            }
        },
        {
            "flavor_text": "Peut paralyser, empoisonner ou endormir l'attaquant lorsque le Pok\u00e9mon subit une attaque directe.",
            "language": {
                "name": "fr",
                "url": "/api/v2/language/5/"
            },
            "version_group": {
                "name": "sword-shield",
                "url": "/api/v2/version-group/20/"
            }
        },
        {
            "flavor_text": "Peut paralyser, empoisonner ou endormir l\u2019attaquant\nlorsque le Pok\u00e9mon subit une attaque directe.",
            "language": {
                "name": "fr",
                "url": "/api/v2/language/5/"
            },
            "version_group": {
                "name": "sword-shield",
                "url": "/api/v2/version-group/20/"
            }
        },
        {
            "flavor_text": "Wird dieses Pok\u00e9mon durch eine direkte Attacke\nangegriffen, kann das beim Gegner Paralyse,\nVergiftung oder Schlaf ausl\u00f6sen.",
            "language": {
                "name": "de",
                "url": "/api/v2/language/6/"
            },
            "version_group": {
                "name": "sword-shield",
                "url": "/api/v2/version-group/20/"
            }
        },
        {
            "flavor_text": "Puede dormir, envenenar o paralizar al Pok\u00e9mon con\nel que entre en contacto al recibir un ataque.",
            "language": {
                "name": "es",
                "url": "/api/v2/language/7/"
            },
            "version_group": {
                "name": "sword-shield",
                "url": "/api/v2/version-group/20/"
            }
        },
        {
            "flavor_text": "Pu\u00f2 causare avvelenamento, paralisi o sonno\na chi manda a segno un attacco diretto.",
            "language": {
                "name": "it",
                "url": "/api/v2/language/8/"
            },
            "version_group": {
                "name": "sword-shield",
                "url": "/api/v2/version-group/20/"
            }
        },
        {
            "flavor_text": "Contact with the Pok\u00e9mon may inflict poison, sleep,\nor paralysis on its attacker.",
            "language": {
                "name": "en",
                "url": "/api/v2/language/9/"
            },
            "version_group": {
                "name": "sword-shield",
                "url": "/api/v2/version-group/20/"
            }
        },
        {
            "flavor_text": "\u653b\u6483\u3067\u3000\u81ea\u5206\u306b\u3000\u89e6\u308c\u305f\u3000\u76f8\u624b\u3092\n\u3069\u304f\u3084\u3000\u307e\u3072\u3084\u3000\u306d\u3080\u308a\u72b6\u614b\u306b\n\u3059\u308b\u3000\u3053\u3068\u304c\u3042\u308b\u3002",
            "language": {
                "name": "ja",
                "url": "/api/v2/language/11/"
            },
            "version_group": {
                "name": "sword-shield",
                "url": "/api/v2/version-group/20/"
            }
        },
        {
            "flavor_text": "\u53d7\u5230\u653b\u51fb\u65f6\uff0c\n\u6709\u65f6\u4f1a\u628a\u63a5\u89e6\u5230\u81ea\u5df1\u7684\u5bf9\u624b\n\u53d8\u4e3a\u4e2d\u6bd2\u3001\u9ebb\u75f9\u6216\u7761\u7720\u72b6\u6001\u3002",
            "language": {
                "name": "zh-Hans",
                "url": "/api/v2/language/12/"
            },
            "version_group": {
                "name": "sword-shield",
                "url": "/api/v2/version-group/20/"
            }
        },
        {
            "flavor_text": "Peut paralyser, empoisonner ou endormir l'attaquant lorsque le Pok\u00e9mon subit une attaque directe.",
            "language": {
                "name": "fr",
                "url": "/api/v2/language/5/"
            },
            "version_group": {
                "name": "scarlet-violet",
                "url": "/api/v2/version-group/25/"
            }
        },
        {
            "flavor_text": "Contact with the Pok\u00e9mon may inflict poison, sleep, or paralysis on the attacker.",
            "language": {
                "name": "en",
                "url": "/api/v2/language/9/"
            },
            "version_group": {
                "name": "scarlet-violet",
                "url": "/api/v2/version-group/25/"
            }
        }
    ],
    "generation": {
        "name": "generation-iii",
        "url": "/api/v2/generation/3/"
    },
    "id": 27,
    "is_main_series": true,
    "name": "effect-spore",
    "names": [
        {
            "language": {
                "name": "ja-Hrkt",
                "url": "/api/v2/language/1/"
            },
            "name": "\u307b\u3046\u3057"
        },
        {
            "language": {
                "name": "ko",
                "url": "/api/v2/language/3/"
            },
            "name": "\ud3ec\uc790"
        },
        {
            "language": {
                "name": "zh-Hant",
                "url": "/api/v2/language/4/"
            },
            "name": "\u5b62\u5b50"
        },
        {
            "language": {
                "name": "fr",
                "url": "/api/v2/language/5/"
            },
            "name": "Pose Spore"
        },
        {
            "language": {
                "name": "de",
                "url": "/api/v2/language/6/"
            },
            "name": "Sporenwirt"
        },
        {
            "language": {
                "name": "es",
                "url": "/api/v2/language/7/"
            },
            "name": "Efecto Espora"
        },
        {
            "language": {
                "name": "it",
                "url": "/api/v2/language/8/"
            },
            "name": "Spargispora"
        },
        {
            "language": {
                "name": "en",
                "url": "/api/v2/language/9/"
            },
            "name": "Effect Spore"
        },
        {
            "language": {
                "name": "ja",
                "url": "/api/v2/language/11/"
            },
            "name": "\u307b\u3046\u3057"
        },
        {
            "language": {
                "name": "zh-Hans",
                "url": "/api/v2/language/12/"
            },
            "name": "\u5b62\u5b50"
        }
    ],
    "pokemon": [
        {
            "is_hidden": true,
            "pokemon": {
                "name": "vileplume",
                "url": "/api/v2/pokemon/45/"
            },
            "slot": 3
        },
        {
            "is_hidden": false,
            "pokemon": {
                "name": "paras",
                "url": "/api/v2/pokemon/46/"
            },
            "slot": 1
        },
        {
            "is_hidden": false,
            "pokemon": {
                "name": "parasect",
                "url": "/api/v2/pokemon/47/"
            },
            "slot": 1
        },
        {
            "is_hidden": false,
            "pokemon": {
                "name": "shroomish",
                "url": "/api/v2/pokemon/285/"
            },
            "slot": 1
        },
        {
            "is_hidden": false,
            "pokemon": {
                "name": "breloom",
                "url": "/api/v2/pokemon/286/"
            },
            "slot": 1
        },
        {
            "is_hidden": false,
            "pokemon": {
                "name": "foongus",
                "url": "/api/v2/pokemon/590/"
            },
            "slot": 1
        },
        {
            "is_hidden": false,
            "pokemon": {
                "name": "amoonguss",
                "url": "/api/v2/pokemon/591/"
            },
            "slot": 1
        },
        {
            "is_hidden": false,
            "pokemon": {
                "name": "morelull",
                "url": "/api/v2/pokemon/755/"
            },
            "slot": 2
        },
        {
            "is_hidden": false,
            "pokemon": {
                "name": "shiinotic",
                "url": "/api/v2/pokemon/756/"
            },
            "slot": 2
        },
        {
            "is_hidden": true,
            "pokemon": {
                "name": "gossifleur",
                "url": "/api/v2/pokemon/829/"
            },
            "slot": 3
        },
        {
            "is_hidden": true,
            "pokemon": {
                "name": "eldegoss",
                "url": "/api/v2/pokemon/830/"
            },
            "slot": 3
        }
    ]
}