{
    "effect_changes": [],
    "effect_entries": [
        {
            "effect": "When Terapagos changes into its Stellar Form, it uses its hidden powers to eliminate all effects of weather and terrain, reducing them to zero.",
            "language": {
                "name": "en",
                "url": "/api/v2/language/9/"
            },
            "short_effect": "As soon as Terapagos assumes its Stellar Form, it will immediately neutralize weather and terrain effects. "
        }
    ],
    "flavor_text_entries": [
        {
            "flavor_text": "Lorsque Terapagos prend sa Forme Stellaire, il utilise\\nson pouvoir enfoui pour annuler les effets de la m\u00e9t\u00e9o\\net des champs actifs.",
            "language": {
                "name": "fr",
                "url": "/api/v2/language/5/"
            },
            "version_group": {
                "name": "the-indigo-disk",
                "url": "/api/v2/version-group/27/"
            }
        },
        {
            "flavor_text": "When Terapagos changes into its Stellar Form, it uses its hidden powers to eliminate all effects of weather and terrain, reducing them to zero.",
            "language": {
                "name": "en",
                "url": "/api/v2/language/9/"
            },
            "version_group": {
                "name": "the-indigo-disk",
                "url": "/api/v2/version-group/27/"
            }
        }
    ],
    "generation": {
        "name": "generation-ix",
        "url": "/api/v2/generation/9/"
    },
    "id": 306,
    "is_main_series": true,
    "name": "teraform-zero",
    "names": [
        {
            "language": {
                "name": "ja-Hrkt",
                "url": "/api/v2/language/1/"
            },
            "name": "\u30bc\u30ed\u30d5\u30a9\u30fc\u30df\u30f3\u30b0"
        },
        {
            "language": {
                "name": "ko",
                "url": "/api/v2/language/3/"
            },
            "name": "\uc81c\ub85c\ud3ec\ubc0d"
        },
        {
            "language": {
                "name": "zh-Hant",
                "url": "/api/v2/language/4/"
            },
            "name": "\u6b78\u96f6\u5316\u5883"
        },
        {
            "language": {
                "name": "fr",
                "url": "/api/v2/language/5/"
            },
            "name": "T\u00e9raformation 0"
        },
        {
            "language": {
                "name": "de",
                "url": "/api/v2/language/6/"
            },
            "name": "Teraforming Null"
        },
        {
            "language": {
                "name": "es",
                "url": "/api/v2/language/7/"
            },
            "name": "Teraformaci\u00f3n 0"
        },
        {
            "language": {
                "name": "it",
                "url": "/api/v2/language/8/"
            },
            "name": "Zeroformazione"
        },
        {
            "language": {
                "name": "en",
                "url": "/api/v2/language/9/"
            },
            "name": "Teraform Zero"
        },
        {
            "language": {
                "name": "ja",
                "url": "/api/v2/language/11/"
            },
            "name": "\u30bc\u30ed\u30d5\u30a9\u30fc\u30df\u30f3\u30b0"
        },
        {
            "language": {
                "name": "zh-Hans",
                "url": "/api/v2/language/12/"
            },
            "name": "\u5f52\u96f6\u5316\u5883"
        }
    ],
    "pokemon": [
        {
            "is_hidden": false,
            "pokemon": {
                "name": "terapagos-stellar",
                "url": "/api/v2/pokemon/10277/"
            },
            "slot": 1
        }
    ]
}