{
    "effect_changes": [],
    "effect_entries": [
        {
            "effect": "Wenn ein Pok\u00e9mon mit dieser F\u00e4higkeit von einer electric Attacke getroffen wird, erh\u00f6ht sich seine speed um 1 Stufe, wobei andere Effekte der Attacke ignoriert werden.\n\nDie F\u00e4higkeit wirkt nicht, wenn das Pok\u00e9mon immun gegen electric Attacken ist. electric Attacken ignorieren den substitute des Pok\u00e9mons.\n\nDer Effekt wird auch bei Attacken ausgel\u00f6st die keinen Schaden verursachen, wie z.B. thunder wave.",
            "language": {
                "name": "de",
                "url": "/api/v2/language/6/"
            },
            "short_effect": "Absorbiert electric Attacken und erh\u00f6ht dabei die speed um 1 Stufe."
        },
        {
            "effect": "Whenever an electric-type move hits this Pok\u00e9mon, its Speed rises one stage, negating any other effect on it.\n\nThis ability will not take effect if this Pok\u00e9mon is immune to Electric moves.  Electric moves will ignore this Pok\u00e9mon's substitute.\n\nThis effect includes non-damaging moves, i.e. thunder wave.",
            "language": {
                "name": "en",
                "url": "/api/v2/language/9/"
            },
            "short_effect": "Absorbs electric moves, raising Speed one stage."
        }
    ],
    "flavor_text_entries": [
        {
            "flavor_text": "Raises Speed if hit by an\nElectric-type move.",
            "language": {
                "name": "en",
                "url": "/api/v2/language/9/"
            },
            "version_group": {
                "name": "diamond-pearl",
                "url": "/api/v2/version-group/8/"
            }
        },
        {
            "flavor_text": "Raises Speed if hit by an\nElectric-type move.",
            "language": {
                "name": "en",
                "url": "/api/v2/language/9/"
            },
            "version_group": {
                "name": "platinum",
                "url": "/api/v2/version-group/9/"
            }
        },
        {
            "flavor_text": "Raises Speed if hit by an\nElectric-type move.",
            "language": {
                "name": "en",
                "url": "/api/v2/language/9/"
            },
            "version_group": {
                "name": "heartgold-soulsilver",
                "url": "/api/v2/version-group/10/"
            }
        },
        {
            "flavor_text": "Augmente la Vit. si touch\u00e9 par une cap. \u00c9lectrik.",
            "language": {
                "name": "fr",
                "url": "/api/v2/language/5/"
            },
            "version_group": {
                "name": "black-white",
                "url": "/api/v2/version-group/11/"
            }
        },
        {
            "flavor_text": "Augmente la Vit. si touch\u00e9\npar une cap. \u00c9lectrik.",
            "language": {
                "name": "fr",
                "url": "/api/v2/language/5/"
            },
            "version_group": {
                "name": "black-white",
                "url": "/api/v2/version-group/11/"
            }
        },
        {
            "flavor_text": "Raises Speed if hit by an\nElectric-type move.",
            "language": {
                "name": "en",
                "url": "/api/v2/language/9/"
            },
            "version_group": {
                "name": "black-white",
                "url": "/api/v2/version-group/11/"
            }
        },
        {
            "flavor_text": "Augmente la Vit. si touch\u00e9 par une cap. \u00c9lectrik.",
            "language": {
                "name": "fr",
                "url": "/api/v2/language/5/"
            },
            "version_group": {
                "name": "black-2-white-2",
                "url": "/api/v2/version-group/14/"
            }
        },
        {
            "flavor_text": "Raises Speed if hit by an\nElectric-type move.",
            "language": {
                "name": "en",
                "url": "/api/v2/language/9/"
            },
            "version_group": {
                "name": "black-2-white-2",
                "url": "/api/v2/version-group/14/"
            }
        },
        {
            "flavor_text": "\u3067\u3093\u304d\u3092\u3000\u3046\u3051\u308b\u3068\n\u3059\u3070\u3084\u3055\u304c\u3000\u3042\u304c\u308b\u3002",
            "language": {
                "name": "ja-Hrkt",
                "url": "/api/v2/language/1/"
            },
            "version_group": {
                "name": "x-y",
                "url": "/api/v2/version-group/15/"
            }
        },
        {
            "flavor_text": "\uc804\uae30\ub97c \ubc1b\uc73c\uba74\n\uc2a4\ud53c\ub4dc\uac00 \uc62c\ub77c\uac04\ub2e4.",
            "language": {
                "name": "ko",
                "url": "/api/v2/language/3/"
            },
            "version_group": {
                "name": "x-y",
                "url": "/api/v2/version-group/15/"
            }
        },
        {
            "flavor_text": "Augmente la Vitesse si touch\u00e9 par une capacit\u00e9 \u00c9lectrik.",
            "language": {
                "name": "fr",
                "url": "/api/v2/language/5/"
            },
            "version_group": {
                "name": "x-y",
                "url": "/api/v2/version-group/15/"
            }
        },
        {
            "flavor_text": "Augmente la Vitesse si touch\u00e9\npar une capacit\u00e9 \u00c9lectrik.",
            "language": {
                "name": "fr",
                "url": "/api/v2/language/5/"
            },
            "version_group": {
                "name": "x-y",
                "url": "/api/v2/version-group/15/"
            }
        },
        {
            "flavor_text": "Erh\u00f6ht nach einem Treffer durch\neine Elektro-Attacke die Initiative.",
            "language": {
                "name": "de",
                "url": "/api/v2/language/6/"
            },
            "version_group": {
                "name": "x-y",
                "url": "/api/v2/version-group/15/"
            }
        },
        {
            "flavor_text": "Sube la Velocidad si le alcanza\nun ataque el\u00e9ctrico.",
            "language": {
                "name": "es",
                "url": "/api/v2/language/7/"
            },
            "version_group": {
                "name": "x-y",
                "url": "/api/v2/version-group/15/"
            }
        },
        {
            "flavor_text": "Le mosse di tipo Elettro subite\nfanno aumentare la Velocit\u00e0.",
            "language": {
                "name": "it",
                "url": "/api/v2/language/8/"
            },
            "version_group": {
                "name": "x-y",
                "url": "/api/v2/version-group/15/"
            }
        },
        {
            "flavor_text": "Boosts the Speed stat when it\u2019s\nhit by an Electric-type move.",
            "language": {
                "name": "en",
                "url": "/api/v2/language/9/"
            },
            "version_group": {
                "name": "x-y",
                "url": "/api/v2/version-group/15/"
            }
        },
        {
            "flavor_text": "\u3067\u3093\u304d\u3092\u3000\u53d7\u3051\u308b\u3068\n\u7d20\u65e9\u3055\u304c\u3000\u3042\u304c\u308b\u3002",
            "language": {
                "name": "ja",
                "url": "/api/v2/language/11/"
            },
            "version_group": {
                "name": "x-y",
                "url": "/api/v2/version-group/15/"
            }
        },
        {
            "flavor_text": "\u3067\u3093\u304d\u3092\u3000\u3046\u3051\u308b\u3068\n\u3059\u3070\u3084\u3055\u304c\u3000\u3042\u304c\u308b\u3002",
            "language": {
                "name": "ja-Hrkt",
                "url": "/api/v2/language/1/"
            },
            "version_group": {
                "name": "omega-ruby-alpha-sapphire",
                "url": "/api/v2/version-group/16/"
            }
        },
        {
            "flavor_text": "\uc804\uae30\ub97c \ubc1b\uc73c\uba74\n\uc2a4\ud53c\ub4dc\uac00 \uc62c\ub77c\uac04\ub2e4.",
            "language": {
                "name": "ko",
                "url": "/api/v2/language/3/"
            },
            "version_group": {
                "name": "omega-ruby-alpha-sapphire",
                "url": "/api/v2/version-group/16/"
            }
        },
        {
            "flavor_text": "Augmente la Vitesse si touch\u00e9 par une capacit\u00e9 \u00c9lectrik.",
            "language": {
                "name": "fr",
                "url": "/api/v2/language/5/"
            },
            "version_group": {
                "name": "omega-ruby-alpha-sapphire",
                "url": "/api/v2/version-group/16/"
            }
        },
        {
            "flavor_text": "Augmente la Vitesse si touch\u00e9\npar une capacit\u00e9 \u00c9lectrik.",
            "language": {
                "name": "fr",
                "url": "/api/v2/language/5/"
            },
            "version_group": {
                "name": "omega-ruby-alpha-sapphire",
                "url": "/api/v2/version-group/16/"
            }
        },
        {
            "flavor_text": "Erh\u00f6ht nach einem Treffer durch\neine Elektro-Attacke die Initiative.",
            "language": {
                "name": "de",
                "url": "/api/v2/language/6/"
            },
            "version_group": {
                "name": "omega-ruby-alpha-sapphire",
                "url": "/api/v2/version-group/16/"
            }
        },
        {
            "flavor_text": "Sube la Velocidad si le alcanza\nun ataque el\u00e9ctrico.",
            "language": {
                "name": "es",
                "url": "/api/v2/language/7/"
            },
            "version_group": {
                "name": "omega-ruby-alpha-sapphire",
                "url": "/api/v2/version-group/16/"
            }
        },
        {
            "flavor_text": "Le mosse di tipo Elettro subite\nfanno aumentare la Velocit\u00e0.",
            "language": {
                "name": "it",
                "url": "/api/v2/language/8/"
            },
            "version_group": {
                "name": "omega-ruby-alpha-sapphire",
                "url": "/api/v2/version-group/16/"
            }
        },
        {
            "flavor_text": "Boosts the Speed stat when it\u2019s\nhit by an Electric-type move.",
            "language": {
                "name": "en",
                "url": "/api/v2/language/9/"
            },
            "version_group": {
                "name": "omega-ruby-alpha-sapphire",
                "url": "/api/v2/version-group/16/"
            }
        },
        {
            "flavor_text": "\u3067\u3093\u304d\u3092\u3000\u53d7\u3051\u308b\u3068\n\u7d20\u65e9\u3055\u304c\u3000\u3042\u304c\u308b\u3002",
            "language": {
                "name": "ja",
                "url": "/api/v2/language/11/"
            },
            "version_group": {
                "name": "omega-ruby-alpha-sapphire",
                "url": "/api/v2/version-group/16/"
            }
        },
        {
            "flavor_text": "\u3067\u3093\u304d\u30bf\u30a4\u30d7\u306e\u3000\u308f\u3056\u3092\u3000\u3046\u3051\u308b\u3068\n\u30c0\u30e1\u30fc\u30b8\u3092\u3000\u3046\u3051\u305a\u306b\u3000\n\u3059\u3070\u3084\u3055\u304c\u3000\u3042\u304c\u308b\u3002",
            "language": {
                "name": "ja-Hrkt",
                "url": "/api/v2/language/1/"
            },
            "version_group": {
                "name": "sun-moon",
                "url": "/api/v2/version-group/17/"
            }
        },
        {
            "flavor_text": "\uc804\uae30\ud0c0\uc785\uc758 \uae30\uc220\uc744 \ubc1b\uc73c\uba74\n\ub370\ubbf8\uc9c0\ub97c \ubc1b\uc9c0 \uc54a\uace0\n\uc2a4\ud53c\ub4dc\uac00 \uc62c\ub77c\uac04\ub2e4.",
            "language": {
                "name": "ko",
                "url": "/api/v2/language/3/"
            },
            "version_group": {
                "name": "sun-moon",
                "url": "/api/v2/version-group/17/"
            }
        },
        {
            "flavor_text": "\u53d7\u5230\u96fb\u5c6c\u6027\u7684\u62db\u5f0f\u653b\u64ca\u6642\uff0c\n\u4e0d\u4f46\u4e0d\u6703\u53d7\u5230\u50b7\u5bb3\uff0c\u53cd\u800c\u901f\u5ea6\u6703\u63d0\u9ad8\u3002",
            "language": {
                "name": "zh-Hant",
                "url": "/api/v2/language/4/"
            },
            "version_group": {
                "name": "sun-moon",
                "url": "/api/v2/version-group/17/"
            }
        },
        {
            "flavor_text": "Si le Pok\u00e9mon est touch\u00e9 par une capacit\u00e9 \u00c9lectrik, il ne subit aucun d\u00e9g\u00e2t et sa Vitesse augmente.",
            "language": {
                "name": "fr",
                "url": "/api/v2/language/5/"
            },
            "version_group": {
                "name": "sun-moon",
                "url": "/api/v2/version-group/17/"
            }
        },
        {
            "flavor_text": "Si le Pok\u00e9mon est touch\u00e9 par une capacit\u00e9 \u00c9lectrik,\nil ne subit aucun d\u00e9g\u00e2t et sa Vitesse augmente.",
            "language": {
                "name": "fr",
                "url": "/api/v2/language/5/"
            },
            "version_group": {
                "name": "sun-moon",
                "url": "/api/v2/version-group/17/"
            }
        },
        {
            "flavor_text": "Treffer durch Elektro-Attacken verursachen keinen\nSchaden, sondern geben dem Pok\u00e9mon eine\nStarthilfe und erh\u00f6hen so seine Initiative.",
            "language": {
                "name": "de",
                "url": "/api/v2/language/6/"
            },
            "version_group": {
                "name": "sun-moon",
                "url": "/api/v2/version-group/17/"
            }
        },
        {
            "flavor_text": "Si le alcanza un movimiento de tipo El\u00e9ctrico, le sube\nla Velocidad en vez de sufrir da\u00f1o.",
            "language": {
                "name": "es",
                "url": "/api/v2/language/7/"
            },
            "version_group": {
                "name": "sun-moon",
                "url": "/api/v2/version-group/17/"
            }
        },
        {
            "flavor_text": "Se il Pok\u00e9mon viene colpito da una mossa di\ntipo Elettro, la neutralizza e sfrutta la carica\nelettrica per aumentare la propria Velocit\u00e0.",
            "language": {
                "name": "it",
                "url": "/api/v2/language/8/"
            },
            "version_group": {
                "name": "sun-moon",
                "url": "/api/v2/version-group/17/"
            }
        },
        {
            "flavor_text": "Boosts its Speed stat if hit by an Electric-type move,\ninstead of taking damage.",
            "language": {
                "name": "en",
                "url": "/api/v2/language/9/"
            },
            "version_group": {
                "name": "sun-moon",
                "url": "/api/v2/version-group/17/"
            }
        },
        {
            "flavor_text": "\u3067\u3093\u304d\u30bf\u30a4\u30d7\u306e\u3000\u6280\u3092\u3000\u53d7\u3051\u308b\u3068\n\u30c0\u30e1\u30fc\u30b8\u3092\u3000\u53d7\u3051\u305a\u306b\u3000\n\u7d20\u65e9\u3055\u304c\u3000\u4e0a\u304c\u308b\u3002",
            "language": {
                "name": "ja",
                "url": "/api/v2/language/11/"
            },
            "version_group": {
                "name": "sun-moon",
                "url": "/api/v2/version-group/17/"
            }
        },
        {
            "flavor_text": "\u53d7\u5230\u7535\u5c5e\u6027\u7684\u62db\u5f0f\u653b\u51fb\u65f6\uff0c\n\u4e0d\u4f1a\u53d7\u5230\u4f24\u5bb3\uff0c\u800c\u662f\u901f\u5ea6\u4f1a\u63d0\u9ad8\u3002",
            "language": {
                "name": "zh-Hans",
                "url": "/api/v2/language/12/"
            },
            "version_group": {
                "name": "sun-moon",
                "url": "/api/v2/version-group/17/"
            }
        },
        {
            "flavor_text": "\u3067\u3093\u304d\u30bf\u30a4\u30d7\u306e\u3000\u308f\u3056\u3092\u3000\u3046\u3051\u308b\u3068\n\u30c0\u30e1\u30fc\u30b8\u3092\u3000\u3046\u3051\u305a\u306b\u3000\n\u3059\u3070\u3084\u3055\u304c\u3000\u3042\u304c\u308b\u3002",
            "language": {
                "name": "ja-Hrkt",
                "url": "/api/v2/language/1/"
            },
            "version_group": {
                "name": "ultra-sun-ultra-moon",
                "url": "/api/v2/version-group/18/"
            }
        },
        {
            "flavor_text": "\uc804\uae30\ud0c0\uc785\uc758 \uae30\uc220\uc744 \ubc1b\uc73c\uba74\n\ub370\ubbf8\uc9c0\ub97c \ubc1b\uc9c0 \uc54a\uace0\n\uc2a4\ud53c\ub4dc\uac00 \uc62c\ub77c\uac04\ub2e4.",
            "language": {
                "name": "ko",
                "url": "/api/v2/language/3/"
            },
            "version_group": {
                "name": "ultra-sun-ultra-moon",
                "url": "/api/v2/version-group/18/"
            }
        },
        {
            "flavor_text": "\u53d7\u5230\u96fb\u5c6c\u6027\u7684\u62db\u5f0f\u653b\u64ca\u6642\uff0c\n\u4e0d\u4f46\u4e0d\u6703\u53d7\u5230\u50b7\u5bb3\uff0c\u53cd\u800c\u901f\u5ea6\u6703\u63d0\u9ad8\u3002",
            "language": {
                "name": "zh-Hant",
                "url": "/api/v2/language/4/"
            },
            "version_group": {
                "name": "ultra-sun-ultra-moon",
                "url": "/api/v2/version-group/18/"
            }
        },
        {
            "flavor_text": "Si le Pok\u00e9mon est touch\u00e9 par une capacit\u00e9 \u00c9lectrik, il ne subit aucun d\u00e9g\u00e2t et sa Vitesse augmente.",
            "language": {
                "name": "fr",
                "url": "/api/v2/language/5/"
            },
            "version_group": {
                "name": "ultra-sun-ultra-moon",
                "url": "/api/v2/version-group/18/"
            }
        },
        {
            "flavor_text": "Si le Pok\u00e9mon est touch\u00e9 par une capacit\u00e9 \u00c9lectrik,\nil ne subit aucun d\u00e9g\u00e2t et sa Vitesse augmente.",
            "language": {
                "name": "fr",
                "url": "/api/v2/language/5/"
            },
            "version_group": {
                "name": "ultra-sun-ultra-moon",
                "url": "/api/v2/version-group/18/"
            }
        },
        {
            "flavor_text": "Treffer durch Elektro-Attacken verursachen keinen\nSchaden, sondern geben dem Pok\u00e9mon eine\nStarthilfe und erh\u00f6hen so seine Initiative.",
            "language": {
                "name": "de",
                "url": "/api/v2/language/6/"
            },
            "version_group": {
                "name": "ultra-sun-ultra-moon",
                "url": "/api/v2/version-group/18/"
            }
        },
        {
            "flavor_text": "Si le alcanza un movimiento de tipo El\u00e9ctrico, le sube\nla Velocidad en vez de sufrir da\u00f1o.",
            "language": {
                "name": "es",
                "url": "/api/v2/language/7/"
            },
            "version_group": {
                "name": "ultra-sun-ultra-moon",
                "url": "/api/v2/version-group/18/"
            }
        },
        {
            "flavor_text": "Se il Pok\u00e9mon viene colpito da una mossa di\ntipo Elettro, la neutralizza e sfrutta la carica\nelettrica per aumentare la propria Velocit\u00e0.",
            "language": {
                "name": "it",
                "url": "/api/v2/language/8/"
            },
            "version_group": {
                "name": "ultra-sun-ultra-moon",
                "url": "/api/v2/version-group/18/"
            }
        },
        {
            "flavor_text": "Boosts its Speed stat if hit by an Electric-type move,\ninstead of taking damage.",
            "language": {
                "name": "en",
                "url": "/api/v2/language/9/"
            },
            "version_group": {
                "name": "ultra-sun-ultra-moon",
                "url": "/api/v2/version-group/18/"
            }
        },
        {
            "flavor_text": "\u3067\u3093\u304d\u30bf\u30a4\u30d7\u306e\u3000\u6280\u3092\u3000\u53d7\u3051\u308b\u3068\n\u30c0\u30e1\u30fc\u30b8\u3092\u3000\u53d7\u3051\u305a\u306b\u3000\n\u7d20\u65e9\u3055\u304c\u3000\u4e0a\u304c\u308b\u3002",
            "language": {
                "name": "ja",
                "url": "/api/v2/language/11/"
            },
            "version_group": {
                "name": "ultra-sun-ultra-moon",
                "url": "/api/v2/version-group/18/"
            }
        },
        {
            "flavor_text": "\u53d7\u5230\u7535\u5c5e\u6027\u7684\u62db\u5f0f\u653b\u51fb\u65f6\uff0c\n\u4e0d\u4f1a\u53d7\u5230\u4f24\u5bb3\uff0c\u800c\u662f\u901f\u5ea6\u4f1a\u63d0\u9ad8\u3002",
            "language": {
                "name": "zh-Hans",
                "url": "/api/v2/language/12/"
            },
            "version_group": {
                "name": "ultra-sun-ultra-moon",
                "url": "/api/v2/version-group/18/"
            }
        },
        {
            "flavor_text": "\u3067\u3093\u304d\u30bf\u30a4\u30d7\u306e\u3000\u308f\u3056\u3092\u3000\u3046\u3051\u308b\u3068\n\u30c0\u30e1\u30fc\u30b8\u3092\u3000\u3046\u3051\u305a\u306b\u3000\n\u3059\u3070\u3084\u3055\u304c\u3000\u3042\u304c\u308b\u3002",
            "language": {
                "name": "ja-Hrkt",
                "url": "/api/v2/language/1/"
            },
            "version_group": {
                "name": "lets-go-pikachu-lets-go-eevee",
                "url": "/api/v2/version-group/19/"
            }
        },
        {
            "flavor_text": "\uc804\uae30\ud0c0\uc785\uc758 \uae30\uc220\uc744 \ubc1b\uc73c\uba74\n\ub370\ubbf8\uc9c0\ub97c \ubc1b\uc9c0 \uc54a\uace0\n\uc2a4\ud53c\ub4dc\uac00 \uc62c\ub77c\uac04\ub2e4.",
            "language": {
                "name": "ko",
                "url": "/api/v2/language/3/"
            },
            "version_group": {
                "name": "lets-go-pikachu-lets-go-eevee",
                "url": "/api/v2/version-group/19/"
            }
        },
        {
            "flavor_text": "\u53d7\u5230\u96fb\u5c6c\u6027\u7684\u62db\u5f0f\u653b\u64ca\u6642\uff0c\n\u4e0d\u4f46\u4e0d\u6703\u53d7\u5230\u50b7\u5bb3\uff0c\u53cd\u800c\u901f\u5ea6\u6703\u63d0\u9ad8\u3002",
            "language": {
                "name": "zh-Hant",
                "url": "/api/v2/language/4/"
            },
            "version_group": {
                "name": "lets-go-pikachu-lets-go-eevee",
                "url": "/api/v2/version-group/19/"
            }
        },
        {
            "flavor_text": "Si le Pok\u00e9mon est touch\u00e9 par une capacit\u00e9 \u00c9lectrik,\nil ne subit aucun d\u00e9g\u00e2t et sa Vitesse augmente.",
            "language": {
                "name": "fr",
                "url": "/api/v2/language/5/"
            },
            "version_group": {
                "name": "lets-go-pikachu-lets-go-eevee",
                "url": "/api/v2/version-group/19/"
            }
        },
        {
            "flavor_text": "Treffer durch Elektro-Attacken verursachen keinen\nSchaden, sondern geben dem Pok\u00e9mon eine\nStarthilfe und erh\u00f6hen so seine Initiative.",
            "language": {
                "name": "de",
                "url": "/api/v2/language/6/"
            },
            "version_group": {
                "name": "lets-go-pikachu-lets-go-eevee",
                "url": "/api/v2/version-group/19/"
            }
        },
        {
            "flavor_text": "Si le alcanza un movimiento de tipo El\u00e9ctrico, le sube\nla Velocidad en vez de sufrir da\u00f1o.",
            "language": {
                "name": "es",
                "url": "/api/v2/language/7/"
            },
            "version_group": {
                "name": "lets-go-pikachu-lets-go-eevee",
                "url": "/api/v2/version-group/19/"
            }
        },
        {
            "flavor_text": "Se il Pok\u00e9mon viene colpito da una mossa di\ntipo Elettro, la neutralizza e sfrutta la carica\nelettrica per aumentare la propria Velocit\u00e0.",
            "language": {
                "name": "it",
                "url": "/api/v2/language/8/"
            },
            "version_group": {
                "name": "lets-go-pikachu-lets-go-eevee",
                "url": "/api/v2/version-group/19/"
            }
        },
        {
            "flavor_text": "Boosts its Speed stat if hit by an Electric-type move\ninstead of taking damage.",
            "language": {
                "name": "en",
                "url": "/api/v2/language/9/"
            },
            "version_group": {
                "name": "lets-go-pikachu-lets-go-eevee",
                "url": "/api/v2/version-group/19/"
            }
        },
        {
            "flavor_text": "\u3067\u3093\u304d\u30bf\u30a4\u30d7\u306e\u3000\u6280\u3092\u3000\u53d7\u3051\u308b\u3068\n\u30c0\u30e1\u30fc\u30b8\u3092\u3000\u53d7\u3051\u305a\u306b\u3000\n\u7d20\u65e9\u3055\u304c\u3000\u4e0a\u304c\u308b\u3002",
            "language": {
                "name": "ja",
                "url": "/api/v2/language/11/"
            },
            "version_group": {
                "name": "lets-go-pikachu-lets-go-eevee",
                "url": "/api/v2/version-group/19/"
            }
        },
        {
            "flavor_text": "\u53d7\u5230\u7535\u5c5e\u6027\u7684\u62db\u5f0f\u653b\u51fb\u65f6\uff0c\n\u4e0d\u4f1a\u53d7\u5230\u4f24\u5bb3\uff0c\u800c\u662f\u901f\u5ea6\u4f1a\u63d0\u9ad8\u3002",
            "language": {
                "name": "zh-Hans",
                "url": "/api/v2/language/12/"
            },
            "version_group": {
                "name": "lets-go-pikachu-lets-go-eevee",
                "url": "/api/v2/version-group/19/"
            }
        },
        {
            "flavor_text": "\u3067\u3093\u304d\u30bf\u30a4\u30d7\u306e\u3000\u308f\u3056\u3092\u3000\u3046\u3051\u308b\u3068\n\u30c0\u30e1\u30fc\u30b8\u3092\u3000\u3046\u3051\u305a\u306b\n\u3059\u3070\u3084\u3055\u304c\u3000\u3042\u304c\u308b\u3002",
            "language": {
                "name": "ja-Hrkt",
                "url": "/api/v2/language/1/"
            },
            "version_group": {
                "name": "sword-shield",
                "url": "/api/v2/version-group/20/"
            }
        },
        {
            "flavor_text": "\uc804\uae30\ud0c0\uc785\uc758 \uae30\uc220\uc744 \ubc1b\uc73c\uba74\n\ub370\ubbf8\uc9c0\ub97c \ubc1b\uc9c0 \uc54a\uace0\n\uc2a4\ud53c\ub4dc\uac00 \uc62c\ub77c\uac04\ub2e4.",
            "language": {
                "name": "ko",
                "url": "/api/v2/language/3/"
            },
            "version_group": {
                "name": "sword-shield",
                "url": "/api/v2/version-group/20/"
            }
        },
        {
            "flavor_text": "\u53d7\u5230\u96fb\u5c6c\u6027\u7684\u62db\u5f0f\u653b\u64ca\u6642\uff0c\n\u4e0d\u4f46\u4e0d\u6703\u53d7\u5230\u50b7\u5bb3\uff0c\u53cd\u800c\u901f\u5ea6\u6703\u63d0\u9ad8\u3002",
            "language": {
                "name": "zh-Hant",
                "url": "/api/v2/language/4/"
            },
            "version_group": {
                "name": "sword-shield",
                "url": "/api/v2/version-group/20/"
            }
        },
        {
            "flavor_text": "Si le Pok\u00e9mon est touch\u00e9 par une capacit\u00e9 \u00c9lectrik, il ne subit aucun d\u00e9g\u00e2t et sa Vitesse augmente.",
            "language": {
                "name": "fr",
                "url": "/api/v2/language/5/"
            },
            "version_group": {
                "name": "sword-shield",
                "url": "/api/v2/version-group/20/"
            }
        },
        {
            "flavor_text": "Si le Pok\u00e9mon est touch\u00e9 par une capacit\u00e9 \u00c9lectrik,\nil ne subit aucun d\u00e9g\u00e2t et sa Vitesse augmente.",
            "language": {
                "name": "fr",
                "url": "/api/v2/language/5/"
            },
            "version_group": {
                "name": "sword-shield",
                "url": "/api/v2/version-group/20/"
            }
        },
        {
            "flavor_text": "Treffer durch Elektro-Attacken verursachen keinen\nSchaden, sondern geben dem Pok\u00e9mon eine\nStarthilfe und erh\u00f6hen so seine Initiative.",
            "language": {
                "name": "de",
                "url": "/api/v2/language/6/"
            },
            "version_group": {
                "name": "sword-shield",
                "url": "/api/v2/version-group/20/"
            }
        },
        {
            "flavor_text": "Si le alcanza un movimiento de tipo El\u00e9ctrico, le sube\nla Velocidad en vez de sufrir da\u00f1o.",
            "language": {
                "name": "es",
                "url": "/api/v2/language/7/"
            },
            "version_group": {
                "name": "sword-shield",
                "url": "/api/v2/version-group/20/"
            }
        },
        {
            "flavor_text": "Se il Pok\u00e9mon viene colpito da una mossa di\ntipo Elettro, la neutralizza e sfrutta la carica\nelettrica per aumentare la propria Velocit\u00e0.",
            "language": {
                "name": "it",
                "url": "/api/v2/language/8/"
            },
            "version_group": {
                "name": "sword-shield",
                "url": "/api/v2/version-group/20/"
            }
        },
        {
            "flavor_text": "Boosts its Speed stat if hit by an Electric-type move\ninstead of taking damage.",
            "language": {
                "name": "en",
                "url": "/api/v2/language/9/"
            },
            "version_group": {
                "name": "sword-shield",
                "url": "/api/v2/version-group/20/"
            }
        },
        {
            "flavor_text": "\u3067\u3093\u304d\u30bf\u30a4\u30d7\u306e\u3000\u6280\u3092\u3000\u53d7\u3051\u308b\u3068\n\u30c0\u30e1\u30fc\u30b8\u3092\u3000\u53d7\u3051\u305a\u306b\n\u7d20\u65e9\u3055\u304c\u3000\u4e0a\u304c\u308b\u3002",
            "language": {
                "name": "ja",
                "url": "/api/v2/language/11/"
            },
            "version_group": {
                "name": "sword-shield",
                "url": "/api/v2/version-group/20/"
            }
        },
        {
            "flavor_text": "\u53d7\u5230\u7535\u5c5e\u6027\u7684\u62db\u5f0f\u653b\u51fb\u65f6\uff0c\n\u4e0d\u4f1a\u53d7\u5230\u4f24\u5bb3\uff0c\u800c\u662f\u901f\u5ea6\u4f1a\u63d0\u9ad8\u3002",
            "language": {
                "name": "zh-Hans",
                "url": "/api/v2/language/12/"
            },
            "version_group": {
                "name": "sword-shield",
                "url": "/api/v2/version-group/20/"
            }
        },
        {
            "flavor_text": "Si le Pok\u00e9mon est touch\u00e9 par une capacit\u00e9 de type\\n\u00c9lectrik, il ne subit aucun d\u00e9g\u00e2t et sa Vitesse augmente.",
            "language": {
                "name": "fr",
                "url": "/api/v2/language/5/"
            },
            "version_group": {
                "name": "the-indigo-disk",
                "url": "/api/v2/version-group/27/"
            }
        },
        {
            "flavor_text": "The Pok\u00e9mon takes no damage when hit by Electric-type moves. Instead, its Speed stat is boosted.",
            "language": {
                "name": "en",
                "url": "/api/v2/language/9/"
            },
            "version_group": {
                "name": "the-indigo-disk",
                "url": "/api/v2/version-group/27/"
            }
        }
    ],
    "generation": {
        "name": "generation-iv",
        "url": "/api/v2/generation/4/"
    },
    "id": 78,
    "is_main_series": true,
    "name": "motor-drive",
    "names": [
        {
            "language": {
                "name": "ja-Hrkt",
                "url": "/api/v2/language/1/"
            },
            "name": "\u3067\u3093\u304d\u30a8\u30f3\u30b8\u30f3"
        },
        {
            "language": {
                "name": "ko",
                "url": "/api/v2/language/3/"
            },
            "name": "\uc804\uae30\uc5d4\uc9c4"
        },
        {
            "language": {
                "name": "zh-Hant",
                "url": "/api/v2/language/4/"
            },
            "name": "\u96fb\u6c23\u5f15\u64ce"
        },
        {
            "language": {
                "name": "fr",
                "url": "/api/v2/language/5/"
            },
            "name": "Motoris\u00e9"
        },
        {
            "language": {
                "name": "de",
                "url": "/api/v2/language/6/"
            },
            "name": "Starthilfe"
        },
        {
            "language": {
                "name": "es",
                "url": "/api/v2/language/7/"
            },
            "name": "Electromotor"
        },
        {
            "language": {
                "name": "it",
                "url": "/api/v2/language/8/"
            },
            "name": "Elettrorapid"
        },
        {
            "language": {
                "name": "en",
                "url": "/api/v2/language/9/"
            },
            "name": "Motor Drive"
        },
        {
            "language": {
                "name": "ja",
                "url": "/api/v2/language/11/"
            },
            "name": "\u3067\u3093\u304d\u30a8\u30f3\u30b8\u30f3"
        },
        {
            "language": {
                "name": "zh-Hans",
                "url": "/api/v2/language/12/"
            },
            "name": "\u7535\u6c14\u5f15\u64ce"
        }
    ],
    "pokemon": [
        {
            "is_hidden": false,
            "pokemon": {
                "name": "electivire",
                "url": "/api/v2/pokemon/466/"
            },
            "slot": 1
        },
        {
            "is_hidden": false,
            "pokemon": {
                "name": "blitzle",
                "url": "/api/v2/pokemon/522/"
            },
            "slot": 2
        },
        {
            "is_hidden": false,
            "pokemon": {
                "name": "zebstrika",
                "url": "/api/v2/pokemon/523/"
            },
            "slot": 2
        },
        {
            "is_hidden": true,
            "pokemon": {
                "name": "emolga",
                "url": "/api/v2/pokemon/587/"
            },
            "slot": 3
        }
    ]
}