{
    "effect_changes": [],
    "effect_entries": [
        {
            "effect": "When an opposing Pok\u00e9mon attempts to use a move that targets this Pok\u00e9mon or an ally, and that move has priority, it will fail.",
            "language": {
                "name": "en",
                "url": "/api/v2/language/9/"
            },
            "short_effect": "Opposing Pok\u00e9mon cannot use priority attacks."
        }
    ],
    "flavor_text_entries": [
        {
            "flavor_text": "\u3042\u3044\u3066\u3092\u3000\u3073\u3063\u304f\u308a\u3000\u3055\u305b\u3066\n\u3053\u3061\u3089\u306b\u3000\u3080\u304b\u3063\u3066\u3000\u305b\u3093\u305b\u3044\u308f\u3056\u3092\n\u3060\u305b\u306a\u3044\u3000\u3088\u3046\u306b\u3059\u308b\u3002",
            "language": {
                "name": "ja-Hrkt",
                "url": "/api/v2/language/1/"
            },
            "version_group": {
                "name": "sun-moon",
                "url": "/api/v2/version-group/17/"
            }
        },
        {
            "flavor_text": "\uc0c1\ub300\ub97c \ub180\ub77c\uac8c \ud574\uc11c\n\uc774\ucabd\uc744 \ud5a5\ud55c \uc120\uc81c \uae30\uc220\uc744\n\uc0ac\uc6a9\ud560 \uc218 \uc5c6\uac8c \ud55c\ub2e4.",
            "language": {
                "name": "ko",
                "url": "/api/v2/language/3/"
            },
            "version_group": {
                "name": "sun-moon",
                "url": "/api/v2/version-group/17/"
            }
        },
        {
            "flavor_text": "\u8b93\u5c0d\u624b\u5687\u4e00\u8df3\uff0c\n\u4f7f\u5176\u7121\u6cd5\u5c0d\u6211\u65b9\u4f7f\u51fa\u5148\u5236\u62db\u5f0f\u3002",
            "language": {
                "name": "zh-Hant",
                "url": "/api/v2/language/4/"
            },
            "version_group": {
                "name": "sun-moon",
                "url": "/api/v2/version-group/17/"
            }
        },
        {
            "flavor_text": "L\u2019adversaire est abasourdi par le Pok\u00e9mon et\nne peut pas le viser avec une capacit\u00e9 prioritaire.",
            "language": {
                "name": "fr",
                "url": "/api/v2/language/5/"
            },
            "version_group": {
                "name": "sun-moon",
                "url": "/api/v2/version-group/17/"
            }
        },
        {
            "flavor_text": "\u00dcberrascht den Gegner und hindert ihn so daran,\nAttacken mit hoher Erstschlagquote einzusetzen.",
            "language": {
                "name": "de",
                "url": "/api/v2/language/6/"
            },
            "version_group": {
                "name": "sun-moon",
                "url": "/api/v2/version-group/17/"
            }
        },
        {
            "flavor_text": "Desconcierta al rival y le impide utilizar movimientos\ncon prioridad contra el usuario.",
            "language": {
                "name": "es",
                "url": "/api/v2/language/7/"
            },
            "version_group": {
                "name": "sun-moon",
                "url": "/api/v2/version-group/17/"
            }
        },
        {
            "flavor_text": "Il Pok\u00e9mon sbalordisce il nemico e non gli permette\ndi attaccarlo con mosse che hanno priorit\u00e0 alta.",
            "language": {
                "name": "it",
                "url": "/api/v2/language/8/"
            },
            "version_group": {
                "name": "sun-moon",
                "url": "/api/v2/version-group/17/"
            }
        },
        {
            "flavor_text": "Surprises the opposing Pok\u00e9mon, making it unable\nto attack using priority moves.",
            "language": {
                "name": "en",
                "url": "/api/v2/language/9/"
            },
            "version_group": {
                "name": "sun-moon",
                "url": "/api/v2/version-group/17/"
            }
        },
        {
            "flavor_text": "\u76f8\u624b\u3092\u3000\u3073\u3063\u304f\u308a\u3000\u3055\u305b\u3066\n\u3053\u3061\u3089\u306b\u3000\u3080\u304b\u3063\u3066\u3000\u5148\u5236\u6280\u3092\n\u51fa\u305b\u306a\u3044\u3000\u3088\u3046\u306b\u3059\u308b\u3002",
            "language": {
                "name": "ja",
                "url": "/api/v2/language/11/"
            },
            "version_group": {
                "name": "sun-moon",
                "url": "/api/v2/version-group/17/"
            }
        },
        {
            "flavor_text": "\u8ba9\u5bf9\u624b\u5413\u4e00\u8df3\uff0c\n\u4f7f\u5176\u65e0\u6cd5\u5bf9\u6211\u65b9\u4f7f\u51fa\u5148\u5236\u62db\u5f0f\u3002",
            "language": {
                "name": "zh-Hans",
                "url": "/api/v2/language/12/"
            },
            "version_group": {
                "name": "sun-moon",
                "url": "/api/v2/version-group/17/"
            }
        },
        {
            "flavor_text": "\u3042\u3044\u3066\u3092\u3000\u3073\u3063\u304f\u308a\u3000\u3055\u305b\u3066\n\u3053\u3061\u3089\u306b\u3000\u3080\u304b\u3063\u3066\u3000\u305b\u3093\u305b\u3044\u308f\u3056\u3092\n\u3060\u305b\u306a\u3044\u3000\u3088\u3046\u306b\u3059\u308b\u3002",
            "language": {
                "name": "ja-Hrkt",
                "url": "/api/v2/language/1/"
            },
            "version_group": {
                "name": "ultra-sun-ultra-moon",
                "url": "/api/v2/version-group/18/"
            }
        },
        {
            "flavor_text": "\uc0c1\ub300\ub97c \ub180\ub77c\uac8c \ud574\uc11c\n\uc774\ucabd\uc744 \ud5a5\ud55c \uc120\uc81c \uae30\uc220\uc744\n\uc0ac\uc6a9\ud560 \uc218 \uc5c6\uac8c \ud55c\ub2e4.",
            "language": {
                "name": "ko",
                "url": "/api/v2/language/3/"
            },
            "version_group": {
                "name": "ultra-sun-ultra-moon",
                "url": "/api/v2/version-group/18/"
            }
        },
        {
            "flavor_text": "\u8b93\u5c0d\u624b\u5687\u4e00\u8df3\uff0c\n\u4f7f\u5176\u7121\u6cd5\u5c0d\u6211\u65b9\u4f7f\u51fa\u5148\u5236\u62db\u5f0f\u3002",
            "language": {
                "name": "zh-Hant",
                "url": "/api/v2/language/4/"
            },
            "version_group": {
                "name": "ultra-sun-ultra-moon",
                "url": "/api/v2/version-group/18/"
            }
        },
        {
            "flavor_text": "L\u2019adversaire est abasourdi par le Pok\u00e9mon et\nne peut pas le viser avec une capacit\u00e9 prioritaire.",
            "language": {
                "name": "fr",
                "url": "/api/v2/language/5/"
            },
            "version_group": {
                "name": "ultra-sun-ultra-moon",
                "url": "/api/v2/version-group/18/"
            }
        },
        {
            "flavor_text": "\u00dcberrascht den Gegner und hindert ihn so daran,\nAttacken mit hoher Erstschlagquote einzusetzen.",
            "language": {
                "name": "de",
                "url": "/api/v2/language/6/"
            },
            "version_group": {
                "name": "ultra-sun-ultra-moon",
                "url": "/api/v2/version-group/18/"
            }
        },
        {
            "flavor_text": "Desconcierta al rival y le impide utilizar movimientos\ncon prioridad contra el usuario.",
            "language": {
                "name": "es",
                "url": "/api/v2/language/7/"
            },
            "version_group": {
                "name": "ultra-sun-ultra-moon",
                "url": "/api/v2/version-group/18/"
            }
        },
        {
            "flavor_text": "Il Pok\u00e9mon sbalordisce il nemico e non gli permette\ndi attaccarlo con mosse che hanno priorit\u00e0 alta.",
            "language": {
                "name": "it",
                "url": "/api/v2/language/8/"
            },
            "version_group": {
                "name": "ultra-sun-ultra-moon",
                "url": "/api/v2/version-group/18/"
            }
        },
        {
            "flavor_text": "Surprises the opposing Pok\u00e9mon, making it unable\nto attack using priority moves.",
            "language": {
                "name": "en",
                "url": "/api/v2/language/9/"
            },
            "version_group": {
                "name": "ultra-sun-ultra-moon",
                "url": "/api/v2/version-group/18/"
            }
        },
        {
            "flavor_text": "\u76f8\u624b\u3092\u3000\u3073\u3063\u304f\u308a\u3000\u3055\u305b\u3066\n\u3053\u3061\u3089\u306b\u3000\u3080\u304b\u3063\u3066\u3000\u5148\u5236\u6280\u3092\n\u51fa\u305b\u306a\u3044\u3000\u3088\u3046\u306b\u3059\u308b\u3002",
            "language": {
                "name": "ja",
                "url": "/api/v2/language/11/"
            },
            "version_group": {
                "name": "ultra-sun-ultra-moon",
                "url": "/api/v2/version-group/18/"
            }
        },
        {
            "flavor_text": "\u8ba9\u5bf9\u624b\u5413\u4e00\u8df3\uff0c\n\u4f7f\u5176\u65e0\u6cd5\u5bf9\u6211\u65b9\u4f7f\u51fa\u5148\u5236\u62db\u5f0f\u3002",
            "language": {
                "name": "zh-Hans",
                "url": "/api/v2/language/12/"
            },
            "version_group": {
                "name": "ultra-sun-ultra-moon",
                "url": "/api/v2/version-group/18/"
            }
        },
        {
            "flavor_text": "\u3042\u3044\u3066\u3092\u3000\u3073\u3063\u304f\u308a\u3000\u3055\u305b\u3066\n\u3053\u3061\u3089\u306b\u3000\u3080\u304b\u3063\u3066\u3000\u305b\u3093\u305b\u3044\u308f\u3056\u3092\n\u3060\u305b\u306a\u3044\u3000\u3088\u3046\u306b\u3059\u308b\u3002",
            "language": {
                "name": "ja-Hrkt",
                "url": "/api/v2/language/1/"
            },
            "version_group": {
                "name": "lets-go-pikachu-lets-go-eevee",
                "url": "/api/v2/version-group/19/"
            }
        },
        {
            "flavor_text": "\uc0c1\ub300\ub97c \ub180\ub77c\uac8c \ud574\uc11c\n\uc774\ucabd\uc744 \ud5a5\ud55c \uc120\uc81c \uae30\uc220\uc744\n\uc0ac\uc6a9\ud560 \uc218 \uc5c6\uac8c \ud55c\ub2e4.",
            "language": {
                "name": "ko",
                "url": "/api/v2/language/3/"
            },
            "version_group": {
                "name": "lets-go-pikachu-lets-go-eevee",
                "url": "/api/v2/version-group/19/"
            }
        },
        {
            "flavor_text": "\u8b93\u5c0d\u624b\u5687\u4e00\u8df3\uff0c\n\u4f7f\u5176\u7121\u6cd5\u5c0d\u6211\u65b9\u4f7f\u51fa\u5148\u5236\u62db\u5f0f\u3002",
            "language": {
                "name": "zh-Hant",
                "url": "/api/v2/language/4/"
            },
            "version_group": {
                "name": "lets-go-pikachu-lets-go-eevee",
                "url": "/api/v2/version-group/19/"
            }
        },
        {
            "flavor_text": "L\u2019adversaire est abasourdi par le Pok\u00e9mon et\nne peut pas le viser avec une capacit\u00e9 prioritaire.",
            "language": {
                "name": "fr",
                "url": "/api/v2/language/5/"
            },
            "version_group": {
                "name": "lets-go-pikachu-lets-go-eevee",
                "url": "/api/v2/version-group/19/"
            }
        },
        {
            "flavor_text": "\u00dcberrascht den Gegner und hindert ihn so daran,\nAttacken mit hoher Erstschlagquote einzusetzen.",
            "language": {
                "name": "de",
                "url": "/api/v2/language/6/"
            },
            "version_group": {
                "name": "lets-go-pikachu-lets-go-eevee",
                "url": "/api/v2/version-group/19/"
            }
        },
        {
            "flavor_text": "Desconcierta al rival y le impide utilizar movimientos\ncon prioridad contra el usuario.",
            "language": {
                "name": "es",
                "url": "/api/v2/language/7/"
            },
            "version_group": {
                "name": "lets-go-pikachu-lets-go-eevee",
                "url": "/api/v2/version-group/19/"
            }
        },
        {
            "flavor_text": "Il Pok\u00e9mon sbalordisce il nemico e non gli permette\ndi attaccarlo con mosse che hanno priorit\u00e0 alta.",
            "language": {
                "name": "it",
                "url": "/api/v2/language/8/"
            },
            "version_group": {
                "name": "lets-go-pikachu-lets-go-eevee",
                "url": "/api/v2/version-group/19/"
            }
        },
        {
            "flavor_text": "Surprises the opposing Pok\u00e9mon, making it unable\nto attack using priority moves.",
            "language": {
                "name": "en",
                "url": "/api/v2/language/9/"
            },
            "version_group": {
                "name": "lets-go-pikachu-lets-go-eevee",
                "url": "/api/v2/version-group/19/"
            }
        },
        {
            "flavor_text": "\u76f8\u624b\u3092\u3000\u3073\u3063\u304f\u308a\u3000\u3055\u305b\u3066\n\u3053\u3061\u3089\u306b\u3000\u3080\u304b\u3063\u3066\u3000\u5148\u5236\u6280\u3092\n\u51fa\u305b\u306a\u3044\u3000\u3088\u3046\u306b\u3059\u308b\u3002",
            "language": {
                "name": "ja",
                "url": "/api/v2/language/11/"
            },
            "version_group": {
                "name": "lets-go-pikachu-lets-go-eevee",
                "url": "/api/v2/version-group/19/"
            }
        },
        {
            "flavor_text": "\u8ba9\u5bf9\u624b\u5413\u4e00\u8df3\uff0c\n\u4f7f\u5176\u65e0\u6cd5\u5bf9\u6211\u65b9\u4f7f\u51fa\u5148\u5236\u62db\u5f0f\u3002",
            "language": {
                "name": "zh-Hans",
                "url": "/api/v2/language/12/"
            },
            "version_group": {
                "name": "lets-go-pikachu-lets-go-eevee",
                "url": "/api/v2/version-group/19/"
            }
        },
        {
            "flavor_text": "\u3042\u3044\u3066\u3092\u3000\u3073\u3063\u304f\u308a\u3000\u3055\u305b\u3066\n\u3053\u3061\u3089\u306b\u3000\u3080\u304b\u3063\u3066\u3000\u305b\u3093\u305b\u3044\u308f\u3056\u3092\n\u3060\u305b\u306a\u3044\u3000\u3088\u3046\u306b\u3059\u308b\u3002",
            "language": {
                "name": "ja-Hrkt",
                "url": "/api/v2/language/1/"
            },
            "version_group": {
                "name": "sword-shield",
                "url": "/api/v2/version-group/20/"
            }
        },
        {
            "flavor_text": "\uc0c1\ub300\ub97c \ub180\ub77c\uac8c \ud574\uc11c\n\uc774\ucabd\uc744 \ud5a5\ud55c \uc120\uc81c \uae30\uc220\uc744\n\uc0ac\uc6a9\ud560 \uc218 \uc5c6\uac8c \ud55c\ub2e4.",
            "language": {
                "name": "ko",
                "url": "/api/v2/language/3/"
            },
            "version_group": {
                "name": "sword-shield",
                "url": "/api/v2/version-group/20/"
            }
        },
        {
            "flavor_text": "\u8b93\u5c0d\u624b\u5687\u4e00\u8df3\uff0c\n\u4f7f\u5176\u7121\u6cd5\u5c0d\u6211\u65b9\u4f7f\u51fa\u5148\u5236\u62db\u5f0f\u3002",
            "language": {
                "name": "zh-Hant",
                "url": "/api/v2/language/4/"
            },
            "version_group": {
                "name": "sword-shield",
                "url": "/api/v2/version-group/20/"
            }
        },
        {
            "flavor_text": "L\u2019adversaire est abasourdi par le Pok\u00e9mon et\nne peut pas le viser avec une capacit\u00e9 prioritaire.",
            "language": {
                "name": "fr",
                "url": "/api/v2/language/5/"
            },
            "version_group": {
                "name": "sword-shield",
                "url": "/api/v2/version-group/20/"
            }
        },
        {
            "flavor_text": "\u00dcberrascht Gegner und hindert sie so daran,\nErstschlag-Attacken gegen es einzusetzen.",
            "language": {
                "name": "de",
                "url": "/api/v2/language/6/"
            },
            "version_group": {
                "name": "sword-shield",
                "url": "/api/v2/version-group/20/"
            }
        },
        {
            "flavor_text": "Desconcierta al rival y le impide utilizar movimientos\ncon prioridad en su contra.",
            "language": {
                "name": "es",
                "url": "/api/v2/language/7/"
            },
            "version_group": {
                "name": "sword-shield",
                "url": "/api/v2/version-group/20/"
            }
        },
        {
            "flavor_text": "Il Pok\u00e9mon sbalordisce il nemico e non gli permette\ndi attaccarlo con mosse che hanno priorit\u00e0 alta.",
            "language": {
                "name": "it",
                "url": "/api/v2/language/8/"
            },
            "version_group": {
                "name": "sword-shield",
                "url": "/api/v2/version-group/20/"
            }
        },
        {
            "flavor_text": "Surprises the opposing Pok\u00e9mon, making it unable\nto attack using priority moves.",
            "language": {
                "name": "en",
                "url": "/api/v2/language/9/"
            },
            "version_group": {
                "name": "sword-shield",
                "url": "/api/v2/version-group/20/"
            }
        },
        {
            "flavor_text": "\u76f8\u624b\u3092\u3000\u3073\u3063\u304f\u308a\u3000\u3055\u305b\u3066\n\u3053\u3061\u3089\u306b\u3000\u3080\u304b\u3063\u3066\u3000\u5148\u5236\u6280\u3092\n\u51fa\u305b\u306a\u3044\u3000\u3088\u3046\u306b\u3059\u308b\u3002",
            "language": {
                "name": "ja",
                "url": "/api/v2/language/11/"
            },
            "version_group": {
                "name": "sword-shield",
                "url": "/api/v2/version-group/20/"
            }
        },
        {
            "flavor_text": "\u8ba9\u5bf9\u624b\u5413\u4e00\u8df3\uff0c\n\u4f7f\u5176\u65e0\u6cd5\u5bf9\u6211\u65b9\u4f7f\u51fa\u5148\u5236\u62db\u5f0f\u3002",
            "language": {
                "name": "zh-Hans",
                "url": "/api/v2/language/12/"
            },
            "version_group": {
                "name": "sword-shield",
                "url": "/api/v2/version-group/20/"
            }
        },
        {
            "flavor_text": "L\u2019adversaire est abasourdi par le Pok\u00e9mon,\\nce qui l\u2019emp\u00eache de viser ce dernier et\\nses alli\u00e9s avec une capacit\u00e9 prioritaire.",
            "language": {
                "name": "fr",
                "url": "/api/v2/language/5/"
            },
            "version_group": {
                "name": "scarlet-violet",
                "url": "/api/v2/version-group/25/"
            }
        },
        {
            "flavor_text": "The Pok\u00e9mon dazzles its opponents, making them unable to use priority moves against the Pok\u00e9mon or its allies.",
            "language": {
                "name": "en",
                "url": "/api/v2/language/9/"
            },
            "version_group": {
                "name": "scarlet-violet",
                "url": "/api/v2/version-group/25/"
            }
        }
    ],
    "generation": {
        "name": "generation-vii",
        "url": "/api/v2/generation/7/"
    },
    "id": 219,
    "is_main_series": true,
    "name": "dazzling",
    "names": [
        {
            "language": {
                "name": "ja-Hrkt",
                "url": "/api/v2/language/1/"
            },
            "name": "\u30d3\u30d3\u30c3\u30c9\u30dc\u30c7\u30a3"
        },
        {
            "language": {
                "name": "ko",
                "url": "/api/v2/language/3/"
            },
            "name": "\ube44\ube44\ub4dc\ubc14\ub514"
        },
        {
            "language": {
                "name": "zh-Hant",
                "url": "/api/v2/language/4/"
            },
            "name": "\u9bae\u8277\u4e4b\u8ec0"
        },
        {
            "language": {
                "name": "fr",
                "url": "/api/v2/language/5/"
            },
            "name": "Corps Color\u00e9"
        },
        {
            "language": {
                "name": "de",
                "url": "/api/v2/language/6/"
            },
            "name": "Buntk\u00f6rper"
        },
        {
            "language": {
                "name": "es",
                "url": "/api/v2/language/7/"
            },
            "name": "Cuerpo V\u00edvido"
        },
        {
            "language": {
                "name": "it",
                "url": "/api/v2/language/8/"
            },
            "name": "Corposgargiante"
        },
        {
            "language": {
                "name": "en",
                "url": "/api/v2/language/9/"
            },
            "name": "Dazzling"
        },
        {
            "language": {
                "name": "ja",
                "url": "/api/v2/language/11/"
            },
            "name": "\u30d3\u30d3\u30c3\u30c9\u30dc\u30c7\u30a3"
        },
        {
            "language": {
                "name": "zh-Hans",
                "url": "/api/v2/language/12/"
            },
            "name": "\u9c9c\u8273\u4e4b\u8eaf"
        }
    ],
    "pokemon": [
        {
            "is_hidden": false,
            "pokemon": {
                "name": "bruxish",
                "url": "/api/v2/pokemon/779/"
            },
            "slot": 1
        }
    ]
}