{
    "effect_changes": [],
    "effect_entries": [
        {
            "effect": "Boosts the power of sound-based moves. The Pok\u00e9mon also takes half the damage from these kinds of moves.",
            "language": {
                "name": "en",
                "url": "/api/v2/language/9/"
            },
            "short_effect": "Boosts sound-based moves and halves damage from the same moves."
        }
    ],
    "flavor_text_entries": [
        {
            "flavor_text": "\u304a\u3068\u308f\u3056\u306e\u3000\u3044\u308a\u3087\u304f\u304c\u3000\u3042\u304c\u308b\u3002\n\u3046\u3051\u305f\u3000\u304a\u3068\u308f\u3056\u306e\n\u30c0\u30e1\u30fc\u30b8\u306f\u3000\u306f\u3093\u3076\u3093\u306b\u3000\u306a\u308b\u3002",
            "language": {
                "name": "ja-Hrkt",
                "url": "/api/v2/language/1/"
            },
            "version_group": {
                "name": "sword-shield",
                "url": "/api/v2/version-group/20/"
            }
        },
        {
            "flavor_text": "\uc18c\ub9ac \uae30\uc220\uc758 \uc704\ub825\uc774 \uc62c\ub77c\uac04\ub2e4.\n\uc0c1\ub300\ub85c\ubd80\ud130 \ubc1b\ub294 \uc18c\ub9ac \uae30\uc220\uc758\n\ub370\ubbf8\uc9c0\ub294 \uc808\ubc18\uc774 \ub41c\ub2e4.",
            "language": {
                "name": "ko",
                "url": "/api/v2/language/3/"
            },
            "version_group": {
                "name": "sword-shield",
                "url": "/api/v2/version-group/20/"
            }
        },
        {
            "flavor_text": "\u8072\u97f3\u62db\u5f0f\u7684\u5a01\u529b\u6703\u63d0\u9ad8\u3002\n\u53d7\u5230\u8072\u97f3\u62db\u5f0f\u7684\u50b7\u5bb3\u6703\u6e1b\u534a\u3002",
            "language": {
                "name": "zh-Hant",
                "url": "/api/v2/language/4/"
            },
            "version_group": {
                "name": "sword-shield",
                "url": "/api/v2/version-group/20/"
            }
        },
        {
            "flavor_text": "Augmente la puissance des capacit\u00e9s bas\u00e9es sur le son.\nLe Pok\u00e9mon ne subit que la moiti\u00e9 des d\u00e9g\u00e2ts\nquand il est touch\u00e9 par ce genre de capacit\u00e9s.",
            "language": {
                "name": "fr",
                "url": "/api/v2/language/5/"
            },
            "version_group": {
                "name": "sword-shield",
                "url": "/api/v2/version-group/20/"
            }
        },
        {
            "flavor_text": "Erh\u00f6ht die St\u00e4rke von eigenen L\u00e4rm-Attacken und\nhalbiert den Schaden, den das Pok\u00e9mon selbst durch\nL\u00e4rm-Attacken erleidet.",
            "language": {
                "name": "de",
                "url": "/api/v2/language/6/"
            },
            "version_group": {
                "name": "sword-shield",
                "url": "/api/v2/version-group/20/"
            }
        },
        {
            "flavor_text": "Potencia los movimientos que usan sonido y reduce\na la mitad el da\u00f1o que le infligen dichos movimientos.",
            "language": {
                "name": "es",
                "url": "/api/v2/language/7/"
            },
            "version_group": {
                "name": "sword-shield",
                "url": "/api/v2/version-group/20/"
            }
        },
        {
            "flavor_text": "Aumenta la potenza delle mosse basate sul suono.\nInoltre, dimezza i danni subiti dal Pok\u00e9mon se\nviene colpito da tali mosse.",
            "language": {
                "name": "it",
                "url": "/api/v2/language/8/"
            },
            "version_group": {
                "name": "sword-shield",
                "url": "/api/v2/version-group/20/"
            }
        },
        {
            "flavor_text": "Boosts the power of sound-based moves.\nThe Pok\u00e9mon also takes half the damage from\nthese kinds of moves.",
            "language": {
                "name": "en",
                "url": "/api/v2/language/9/"
            },
            "version_group": {
                "name": "sword-shield",
                "url": "/api/v2/version-group/20/"
            }
        },
        {
            "flavor_text": "\u97f3\u6280\u306e\u3000\u5a01\u529b\u304c\u3000\u4e0a\u304c\u308b\u3002\n\u53d7\u3051\u305f\u3000\u97f3\u6280\u306e\n\u30c0\u30e1\u30fc\u30b8\u306f\u3000\u534a\u5206\u306b\u3000\u306a\u308b\u3002",
            "language": {
                "name": "ja",
                "url": "/api/v2/language/11/"
            },
            "version_group": {
                "name": "sword-shield",
                "url": "/api/v2/version-group/20/"
            }
        },
        {
            "flavor_text": "\u58f0\u97f3\u62db\u5f0f\u7684\u5a01\u529b\u4f1a\u63d0\u9ad8\u3002\n\u53d7\u5230\u7684\u58f0\u97f3\u62db\u5f0f\u4f24\u5bb3\u4f1a\u51cf\u534a\u3002",
            "language": {
                "name": "zh-Hans",
                "url": "/api/v2/language/12/"
            },
            "version_group": {
                "name": "sword-shield",
                "url": "/api/v2/version-group/20/"
            }
        },
        {
            "flavor_text": "Augmente la puissance des capacit\u00e9s bas\u00e9es sur le son.\\nLe Pok\u00e9mon ne subit que la moiti\u00e9 des d\u00e9g\u00e2ts quand\\nil est touch\u00e9 par ce genre de capacit\u00e9s.",
            "language": {
                "name": "fr",
                "url": "/api/v2/language/5/"
            },
            "version_group": {
                "name": "scarlet-violet",
                "url": "/api/v2/version-group/25/"
            }
        },
        {
            "flavor_text": "Boosts the power of sound-based moves. The Pok\u00e9mon also takes half the damage from these kinds of moves.",
            "language": {
                "name": "en",
                "url": "/api/v2/language/9/"
            },
            "version_group": {
                "name": "scarlet-violet",
                "url": "/api/v2/version-group/25/"
            }
        }
    ],
    "generation": {
        "name": "generation-viii",
        "url": "/api/v2/generation/8/"
    },
    "id": 244,
    "is_main_series": true,
    "name": "punk-rock",
    "names": [
        {
            "language": {
                "name": "ja-Hrkt",
                "url": "/api/v2/language/1/"
            },
            "name": "\u30d1\u30f3\u30af\u30ed\u30c3\u30af"
        },
        {
            "language": {
                "name": "ko",
                "url": "/api/v2/language/3/"
            },
            "name": "\ud391\ud06c\ub85d"
        },
        {
            "language": {
                "name": "zh-Hant",
                "url": "/api/v2/language/4/"
            },
            "name": "\u9f90\u514b\u6416\u6efe"
        },
        {
            "language": {
                "name": "fr",
                "url": "/api/v2/language/5/"
            },
            "name": "Punk Rock"
        },
        {
            "language": {
                "name": "de",
                "url": "/api/v2/language/6/"
            },
            "name": "Punk Rock"
        },
        {
            "language": {
                "name": "es",
                "url": "/api/v2/language/7/"
            },
            "name": "Punk Rock"
        },
        {
            "language": {
                "name": "it",
                "url": "/api/v2/language/8/"
            },
            "name": "Punk Rock"
        },
        {
            "language": {
                "name": "en",
                "url": "/api/v2/language/9/"
            },
            "name": "Punk Rock"
        },
        {
            "language": {
                "name": "ja",
                "url": "/api/v2/language/11/"
            },
            "name": "\u30d1\u30f3\u30af\u30ed\u30c3\u30af"
        },
        {
            "language": {
                "name": "zh-Hans",
                "url": "/api/v2/language/12/"
            },
            "name": "\u5e9e\u514b\u6447\u6eda"
        }
    ],
    "pokemon": [
        {
            "is_hidden": false,
            "pokemon": {
                "name": "toxtricity-amped",
                "url": "/api/v2/pokemon/849/"
            },
            "slot": 1
        },
        {
            "is_hidden": false,
            "pokemon": {
                "name": "toxtricity-low-key",
                "url": "/api/v2/pokemon/10184/"
            },
            "slot": 1
        },
        {
            "is_hidden": false,
            "pokemon": {
                "name": "toxtricity-amped-gmax",
                "url": "/api/v2/pokemon/10219/"
            },
            "slot": 1
        },
        {
            "is_hidden": false,
            "pokemon": {
                "name": "toxtricity-low-key-gmax",
                "url": "/api/v2/pokemon/10228/"
            },
            "slot": 1
        }
    ]
}