{
    "descriptions": [
        {
            "description": "\u3082\u306e\u3092\u3000\u3088\u304f\u3000\u3061\u3089\u304b\u3059",
            "language": {
                "name": "ja-Hrkt",
                "url": "/api/v2/language/1/"
            }
        },
        {
            "description": "\ubb3c\uac74\uc744 \uc798 \uc5b4\uc9c0\ub984",
            "language": {
                "name": "ko",
                "url": "/api/v2/language/3/"
            }
        },
        {
            "description": "\u7d93\u5e38\u4e82\u6254\u6771\u897f",
            "language": {
                "name": "zh-Hant",
                "url": "/api/v2/language/4/"
            }
        },
        {
            "description": "Il \u00e9parpille souvent les choses",
            "language": {
                "name": "fr",
                "url": "/api/v2/language/5/"
            }
        },
        {
            "description": "Macht oft Unordnung",
            "language": {
                "name": "de",
                "url": "/api/v2/language/6/"
            }
        },
        {
            "description": "Suele desordenar cosas",
            "language": {
                "name": "es",
                "url": "/api/v2/language/7/"
            }
        },
        {
            "description": "Lascia cose in giro",
            "language": {
                "name": "it",
                "url": "/api/v2/language/8/"
            }
        },
        {
            "description": "Scatters things often",
            "language": {
                "name": "en",
                "url": "/api/v2/language/9/"
            }
        },
        {
            "description": "\u3082\u306e\u3092\u3000\u3088\u304f\u3000\u6563\u3089\u304b\u3059",
            "language": {
                "name": "ja",
                "url": "/api/v2/language/11/"
            }
        },
        {
            "description": "\u7ecf\u5e38\u4e71\u6254\u4e1c\u897f",
            "language": {
                "name": "zh-Hans",
                "url": "/api/v2/language/12/"
            }
        }
    ],
    "gene_modulo": 3,
    "highest_stat": {
        "name": "hp",
        "url": "/api/v2/stat/1/"
    },
    "id": 19,
    "possible_values": [
        3,
        8,
        13,
        18,
        23,
        28
    ]
}