{
    "effect_changes": [],
    "effect_entries": [
        {
            "effect": "When the Pok\u00e9mon enters a battle, it copies an ally\u2019s stat changes.",
            "language": {
                "name": "en",
                "url": "/api/v2/language/9/"
            },
            "short_effect": "Copies ally's stat changes on entering battle."
        }
    ],
    "flavor_text_entries": [
        {
            "flavor_text": "Quand le Pok\u00e9mon entre sur le terrain, il copie\\nles changements de stats de son alli\u00e9.",
            "language": {
                "name": "fr",
                "url": "/api/v2/language/5/"
            },
            "version_group": {
                "name": "scarlet-violet",
                "url": "/api/v2/version-group/25/"
            }
        },
        {
            "flavor_text": "When the Pok\u00e9mon enters a battle, it copies an ally's stat changes.",
            "language": {
                "name": "en",
                "url": "/api/v2/language/9/"
            },
            "version_group": {
                "name": "scarlet-violet",
                "url": "/api/v2/version-group/25/"
            }
        }
    ],
    "generation": {
        "name": "generation-ix",
        "url": "/api/v2/generation/9/"
    },
    "id": 294,
    "is_main_series": true,
    "name": "costar",
    "names": [
        {
            "language": {
                "name": "ja-Hrkt",
                "url": "/api/v2/language/1/"
            },
            "name": "\u304d\u3087\u3046\u3048\u3093"
        },
        {
            "language": {
                "name": "fr",
                "url": "/api/v2/language/5/"
            },
            "name": "Collab"
        },
        {
            "language": {
                "name": "de",
                "url": "/api/v2/language/6/"
            },
            "name": "Synchronauftritt"
        },
        {
            "language": {
                "name": "es",
                "url": "/api/v2/language/7/"
            },
            "name": "Un\u00edsono"
        },
        {
            "language": {
                "name": "it",
                "url": "/api/v2/language/8/"
            },
            "name": "Coprotagonismo"
        },
        {
            "language": {
                "name": "en",
                "url": "/api/v2/language/9/"
            },
            "name": "Costar"
        },
        {
            "language": {
                "name": "ja",
                "url": "/api/v2/language/11/"
            },
            "name": "\u304d\u3087\u3046\u3048\u3093"
        }
    ],
    "pokemon": [
        {
            "is_hidden": true,
            "pokemon": {
                "name": "flamigo",
                "url": "/api/v2/pokemon/973/"
            },
            "slot": 3
        }
    ]
}