{
    "appeal": 1,
    "effect_entries": [
        {
            "effect": "Randomly earns one, two, four, or eight points.",
            "language": {
                "name": "en",
                "url": "/api/v2/language/9/"
            }
        }
    ],
    "flavor_text_entries": [
        {
            "flavor_text": "The appeal\u2019s quality depends on its timing.",
            "language": {
                "name": "en",
                "url": "/api/v2/language/9/"
            }
        }
    ],
    "id": 25,
    "jam": 0
}