{
    "effect_changes": [],
    "effect_entries": [
        {
            "effect": "Raises the user's Speed by three stages when it is hit by a Fire- or Water-type attack. The attack still deals damage.",
            "language": {
                "name": "en",
                "url": "/api/v2/language/9/"
            },
            "short_effect": "Boosts the Speed stat drastically when the Pok\u00e9mon is hit by a Fire- or Water-type move."
        }
    ],
    "flavor_text_entries": [
        {
            "flavor_text": "\u307f\u305a\u30bf\u30a4\u30d7\u3000\u307b\u306e\u304a\u30bf\u30a4\u30d7\u306e\n\u308f\u3056\u3092\u3000\u3046\u3051\u308b\u3068\n\u3059\u3070\u3084\u3055\u304c\u3000\u3050\u3050\u30fc\u3093\u3068\u3000\u3042\u304c\u308b\u3002",
            "language": {
                "name": "ja-Hrkt",
                "url": "/api/v2/language/1/"
            },
            "version_group": {
                "name": "sword-shield",
                "url": "/api/v2/version-group/20/"
            }
        },
        {
            "flavor_text": "\ubb3c\ud0c0\uc785\uc774\ub098 \ubd88\uaf43\ud0c0\uc785\n\uae30\uc220\uc744 \ubc1b\uc73c\uba74\n\uc2a4\ud53c\ub4dc\uac00 \ub9e4\uc6b0 \ud06c\uac8c \uc62c\ub77c\uac04\ub2e4.",
            "language": {
                "name": "ko",
                "url": "/api/v2/language/3/"
            },
            "version_group": {
                "name": "sword-shield",
                "url": "/api/v2/version-group/20/"
            }
        },
        {
            "flavor_text": "\u53d7\u5230\u6c34\u5c6c\u6027\u6216\n\u706b\u5c6c\u6027\u62db\u5f0f\u653b\u64ca\u6642\uff0c\n\u901f\u5ea6\u6703\u6975\u5927\u5e45\u63d0\u9ad8\u3002",
            "language": {
                "name": "zh-Hant",
                "url": "/api/v2/language/4/"
            },
            "version_group": {
                "name": "sword-shield",
                "url": "/api/v2/version-group/20/"
            }
        },
        {
            "flavor_text": "Lorsque le Pok\u00e9mon est touch\u00e9 par des capacit\u00e9s\nde type Eau ou Feu, sa Vitesse augmente \u00e9norm\u00e9ment.",
            "language": {
                "name": "fr",
                "url": "/api/v2/language/5/"
            },
            "version_group": {
                "name": "sword-shield",
                "url": "/api/v2/version-group/20/"
            }
        },
        {
            "flavor_text": "Wird es von einer Wasser- oder Feuer-Attacke\ngetroffen, steigt seine Initiative drastisch.",
            "language": {
                "name": "de",
                "url": "/api/v2/language/6/"
            },
            "version_group": {
                "name": "sword-shield",
                "url": "/api/v2/version-group/20/"
            }
        },
        {
            "flavor_text": "Si le alcanza un movimiento de tipo Fuego o Agua,\nle sube much\u00edsimo la Velocidad.",
            "language": {
                "name": "es",
                "url": "/api/v2/language/7/"
            },
            "version_group": {
                "name": "sword-shield",
                "url": "/api/v2/version-group/20/"
            }
        },
        {
            "flavor_text": "Se il Pok\u00e9mon viene colpito da una mossa di tipo Acqua\no Fuoco, la sua Velocit\u00e0 aumenta moltissimo.",
            "language": {
                "name": "it",
                "url": "/api/v2/language/8/"
            },
            "version_group": {
                "name": "sword-shield",
                "url": "/api/v2/version-group/20/"
            }
        },
        {
            "flavor_text": "Boosts the Pok\u00e9mon\u2019s Speed stat drastically if hit by a\nFire- or Water-type move.",
            "language": {
                "name": "en",
                "url": "/api/v2/language/9/"
            },
            "version_group": {
                "name": "sword-shield",
                "url": "/api/v2/version-group/20/"
            }
        },
        {
            "flavor_text": "\u307f\u305a\u30bf\u30a4\u30d7\u3000\u307b\u306e\u304a\u30bf\u30a4\u30d7\u306e\n\u6280\u3092\u3000\u53d7\u3051\u308b\u3068\n\u7d20\u65e9\u3055\u304c\u3000\u3050\u3050\u30fc\u3093\u3068\u3000\u4e0a\u304c\u308b\u3002",
            "language": {
                "name": "ja",
                "url": "/api/v2/language/11/"
            },
            "version_group": {
                "name": "sword-shield",
                "url": "/api/v2/version-group/20/"
            }
        },
        {
            "flavor_text": "\u53d7\u5230\u6c34\u5c5e\u6027\u6216\n\u706b\u5c5e\u6027\u7684\u62db\u5f0f\u653b\u51fb\u65f6\uff0c\n\u901f\u5ea6\u4f1a\u5de8\u5e45\u63d0\u9ad8\u3002",
            "language": {
                "name": "zh-Hans",
                "url": "/api/v2/language/12/"
            },
            "version_group": {
                "name": "sword-shield",
                "url": "/api/v2/version-group/20/"
            }
        },
        {
            "flavor_text": "Lorsque le Pok\u00e9mon est touch\u00e9 par des capacit\u00e9s\\nde type Eau ou Feu, sa Vitesse augmente \u00e9norm\u00e9ment.",
            "language": {
                "name": "fr",
                "url": "/api/v2/language/5/"
            },
            "version_group": {
                "name": "scarlet-violet",
                "url": "/api/v2/version-group/25/"
            }
        },
        {
            "flavor_text": "Boosts the Speed stat drastically when the Pok\u00e9mon is hit by a Fire- or Water-type move.",
            "language": {
                "name": "en",
                "url": "/api/v2/language/9/"
            },
            "version_group": {
                "name": "scarlet-violet",
                "url": "/api/v2/version-group/25/"
            }
        }
    ],
    "generation": {
        "name": "generation-viii",
        "url": "/api/v2/generation/8/"
    },
    "id": 243,
    "is_main_series": true,
    "name": "steam-engine",
    "names": [
        {
            "language": {
                "name": "ja-Hrkt",
                "url": "/api/v2/language/1/"
            },
            "name": "\u3058\u3087\u3046\u304d\u304d\u304b\u3093"
        },
        {
            "language": {
                "name": "ko",
                "url": "/api/v2/language/3/"
            },
            "name": "\uc99d\uae30\uae30\uad00"
        },
        {
            "language": {
                "name": "zh-Hant",
                "url": "/api/v2/language/4/"
            },
            "name": "\u84b8\u6c7d\u6a5f"
        },
        {
            "language": {
                "name": "fr",
                "url": "/api/v2/language/5/"
            },
            "name": "Turbine"
        },
        {
            "language": {
                "name": "de",
                "url": "/api/v2/language/6/"
            },
            "name": "Dampfantrieb"
        },
        {
            "language": {
                "name": "es",
                "url": "/api/v2/language/7/"
            },
            "name": "Combustible"
        },
        {
            "language": {
                "name": "it",
                "url": "/api/v2/language/8/"
            },
            "name": "Vapormacchina"
        },
        {
            "language": {
                "name": "en",
                "url": "/api/v2/language/9/"
            },
            "name": "Steam Engine"
        },
        {
            "language": {
                "name": "ja",
                "url": "/api/v2/language/11/"
            },
            "name": "\u3058\u3087\u3046\u304d\u304d\u304b\u3093"
        },
        {
            "language": {
                "name": "zh-Hans",
                "url": "/api/v2/language/12/"
            },
            "name": "\u84b8\u6c7d\u673a"
        }
    ],
    "pokemon": [
        {
            "is_hidden": false,
            "pokemon": {
                "name": "rolycoly",
                "url": "/api/v2/pokemon/837/"
            },
            "slot": 1
        },
        {
            "is_hidden": false,
            "pokemon": {
                "name": "carkol",
                "url": "/api/v2/pokemon/838/"
            },
            "slot": 1
        },
        {
            "is_hidden": false,
            "pokemon": {
                "name": "coalossal",
                "url": "/api/v2/pokemon/839/"
            },
            "slot": 1
        },
        {
            "is_hidden": false,
            "pokemon": {
                "name": "coalossal-gmax",
                "url": "/api/v2/pokemon/10215/"
            },
            "slot": 1
        }
    ]
}