{
    "appeal": 3,
    "effect_entries": [
        {
            "effect": "Cancels combo standby status for all Pok\u00e9mon that have appealed this turn.",
            "language": {
                "name": "en",
                "url": "/api/v2/language/9/"
            }
        }
    ],
    "flavor_text_entries": [
        {
            "flavor_text": "Shifts the judge\u2019s attention from others.",
            "language": {
                "name": "en",
                "url": "/api/v2/language/9/"
            }
        }
    ],
    "id": 22,
    "jam": 0
}