{
    "descriptions": [
        {
            "description": "\u304b\u3051\u3063\u3053\u304c\u3000\u3059\u304d",
            "language": {
                "name": "ja-Hrkt",
                "url": "/api/v2/language/1/"
            }
        },
        {
            "description": "\ub2ec\ub9ac\uae30\ub97c \uc88b\uc544\ud568",
            "language": {
                "name": "ko",
                "url": "/api/v2/language/3/"
            }
        },
        {
            "description": "\u559c\u6b61\u6bd4\u8ab0\u8dd1\u5f97\u5feb",
            "language": {
                "name": "zh-Hant",
                "url": "/api/v2/language/4/"
            }
        },
        {
            "description": "Il aime la vitesse",
            "language": {
                "name": "fr",
                "url": "/api/v2/language/5/"
            }
        },
        {
            "description": "Ist gerne schnell unterwegs",
            "language": {
                "name": "de",
                "url": "/api/v2/language/6/"
            }
        },
        {
            "description": "Le gusta ir muy r\u00e1pido",
            "language": {
                "name": "es",
                "url": "/api/v2/language/7/"
            }
        },
        {
            "description": "Adora andare veloce",
            "language": {
                "name": "it",
                "url": "/api/v2/language/8/"
            }
        },
        {
            "description": "Likes to run",
            "language": {
                "name": "en",
                "url": "/api/v2/language/9/"
            }
        },
        {
            "description": "\u99c6\u3051\u3063\u3053\u304c\u3000\u597d\u304d",
            "language": {
                "name": "ja",
                "url": "/api/v2/language/11/"
            }
        },
        {
            "description": "\u559c\u6b22\u6bd4\u8c01\u8dd1\u5f97\u5feb",
            "language": {
                "name": "zh-Hans",
                "url": "/api/v2/language/12/"
            }
        }
    ],
    "gene_modulo": 0,
    "highest_stat": {
        "name": "speed",
        "url": "/api/v2/stat/6/"
    },
    "id": 6,
    "possible_values": [
        0,
        5,
        10,
        15,
        20,
        25,
        30
    ]
}