{
    "effect_changes": [],
    "effect_entries": [
        {
            "effect": "If an opponent\u2019s stat is boosted, the Pok\u00e9mon seizes the opportunity to boost the same stat for itself.",
            "language": {
                "name": "en",
                "url": "/api/v2/language/9/"
            },
            "short_effect": "Copies stat boosts by the opponent."
        }
    ],
    "flavor_text_entries": [
        {
            "flavor_text": "Quand les stats de l\u2019ennemi augmentent, le Pok\u00e9mon\\nen profite pour augmenter ses stats de la m\u00eame mani\u00e8re.",
            "language": {
                "name": "fr",
                "url": "/api/v2/language/5/"
            },
            "version_group": {
                "name": "scarlet-violet",
                "url": "/api/v2/version-group/25/"
            }
        },
        {
            "flavor_text": "If an opponent's stat is boosted, the Pok\u00e9mon seizes the opportunity to boost the same stat for itself.",
            "language": {
                "name": "en",
                "url": "/api/v2/language/9/"
            },
            "version_group": {
                "name": "scarlet-violet",
                "url": "/api/v2/version-group/25/"
            }
        }
    ],
    "generation": {
        "name": "generation-ix",
        "url": "/api/v2/generation/9/"
    },
    "id": 290,
    "is_main_series": true,
    "name": "opportunist",
    "names": [
        {
            "language": {
                "name": "ja-Hrkt",
                "url": "/api/v2/language/1/"
            },
            "name": "\u3073\u3093\u3058\u3087\u3046"
        },
        {
            "language": {
                "name": "fr",
                "url": "/api/v2/language/5/"
            },
            "name": "Opportuniste"
        },
        {
            "language": {
                "name": "de",
                "url": "/api/v2/language/6/"
            },
            "name": "Profiteur"
        },
        {
            "language": {
                "name": "es",
                "url": "/api/v2/language/7/"
            },
            "name": "Oportunista"
        },
        {
            "language": {
                "name": "it",
                "url": "/api/v2/language/8/"
            },
            "name": "Scrocco"
        },
        {
            "language": {
                "name": "en",
                "url": "/api/v2/language/9/"
            },
            "name": "Opportunist"
        },
        {
            "language": {
                "name": "ja",
                "url": "/api/v2/language/11/"
            },
            "name": "\u3073\u3093\u3058\u3087\u3046"
        }
    ],
    "pokemon": [
        {
            "is_hidden": false,
            "pokemon": {
                "name": "espathra",
                "url": "/api/v2/pokemon/956/"
            },
            "slot": 1
        }
    ]
}