{
    "effect_changes": [],
    "effect_entries": [
        {
            "effect": "When an opposing Pok\u00e9mon attempts to use a move that targets this Pok\u00e9mon or an ally, and that move has priority, it will fail.",
            "language": {
                "name": "en",
                "url": "/api/v2/language/9/"
            },
            "short_effect": "Opposing Pok\u00e9mon cannot use priority attacks."
        }
    ],
    "flavor_text_entries": [
        {
            "flavor_text": "\u3042\u3044\u3066\u306b\u3000\u3044\u3042\u3064\u304b\u3093\u3092\u3000\u3042\u305f\u3048\n\u3053\u3061\u3089\u306b\u3000\u3080\u304b\u3063\u3066\u3000\u305b\u3093\u305b\u3044\u308f\u3056\u3092\n\u3060\u305b\u306a\u3044\u3000\u3088\u3046\u306b\u3059\u308b\u3002",
            "language": {
                "name": "ja-Hrkt",
                "url": "/api/v2/language/1/"
            },
            "version_group": {
                "name": "sun-moon",
                "url": "/api/v2/version-group/17/"
            }
        },
        {
            "flavor_text": "\uc0c1\ub300\uc5d0\uac8c \uc704\uc555\uac10\uc744 \uc918\uc11c\n\uc774\ucabd\uc744 \ud5a5\ud55c \uc120\uc81c \uae30\uc220\uc744\n\uc0ac\uc6a9\ud560 \uc218 \uc5c6\uac8c \ud55c\ub2e4.",
            "language": {
                "name": "ko",
                "url": "/api/v2/language/3/"
            },
            "version_group": {
                "name": "sun-moon",
                "url": "/api/v2/version-group/17/"
            }
        },
        {
            "flavor_text": "\u5411\u5c0d\u624b\u65bd\u52a0\u5a01\u61fe\u529b\uff0c\n\u4f7f\u5176\u7121\u6cd5\u5c0d\u6211\u65b9\u4f7f\u51fa\u5148\u5236\u62db\u5f0f\u3002",
            "language": {
                "name": "zh-Hant",
                "url": "/api/v2/language/4/"
            },
            "version_group": {
                "name": "sun-moon",
                "url": "/api/v2/version-group/17/"
            }
        },
        {
            "flavor_text": "L\u2019adversaire est impressionn\u00e9 par la majest\u00e9\ndu Pok\u00e9mon et ne peut pas le viser avec\nune attaque prioritaire.",
            "language": {
                "name": "fr",
                "url": "/api/v2/language/5/"
            },
            "version_group": {
                "name": "sun-moon",
                "url": "/api/v2/version-group/17/"
            }
        },
        {
            "flavor_text": "Sch\u00fcchtert den Gegner ein und hindert ihn so daran,\nAttacken mit hoher Erstschlagquote einzusetzen.",
            "language": {
                "name": "de",
                "url": "/api/v2/language/6/"
            },
            "version_group": {
                "name": "sun-moon",
                "url": "/api/v2/version-group/17/"
            }
        },
        {
            "flavor_text": "Intimida al rival y le impide usar movimientos con\nprioridad dirigidos al Pok\u00e9mon.",
            "language": {
                "name": "es",
                "url": "/api/v2/language/7/"
            },
            "version_group": {
                "name": "sun-moon",
                "url": "/api/v2/version-group/17/"
            }
        },
        {
            "flavor_text": "L\u2019aura di regalit\u00e0 del Pok\u00e9mon impedisce al nemico\ndi attaccarlo con mosse che hanno priorit\u00e0 alta.",
            "language": {
                "name": "it",
                "url": "/api/v2/language/8/"
            },
            "version_group": {
                "name": "sun-moon",
                "url": "/api/v2/version-group/17/"
            }
        },
        {
            "flavor_text": "Its majesty pressures the opposing Pok\u00e9mon,\nmaking it unable to attack using priority moves.",
            "language": {
                "name": "en",
                "url": "/api/v2/language/9/"
            },
            "version_group": {
                "name": "sun-moon",
                "url": "/api/v2/version-group/17/"
            }
        },
        {
            "flavor_text": "\u76f8\u624b\u306b\u3000\u5a01\u5727\u611f\u3092\u3000\u3042\u305f\u3048\n\u3053\u3061\u3089\u306b\u3000\u3080\u304b\u3063\u3066\u3000\u5148\u5236\u6280\u3092\n\u51fa\u305b\u306a\u3044\u3000\u3088\u3046\u306b\u3059\u308b\u3002",
            "language": {
                "name": "ja",
                "url": "/api/v2/language/11/"
            },
            "version_group": {
                "name": "sun-moon",
                "url": "/api/v2/version-group/17/"
            }
        },
        {
            "flavor_text": "\u5411\u5bf9\u624b\u65bd\u52a0\u5a01\u6151\u529b\uff0c\n\u4f7f\u5176\u65e0\u6cd5\u5bf9\u6211\u65b9\u4f7f\u51fa\u5148\u5236\u62db\u5f0f\u3002",
            "language": {
                "name": "zh-Hans",
                "url": "/api/v2/language/12/"
            },
            "version_group": {
                "name": "sun-moon",
                "url": "/api/v2/version-group/17/"
            }
        },
        {
            "flavor_text": "\u3042\u3044\u3066\u306b\u3000\u3044\u3042\u3064\u304b\u3093\u3092\u3000\u3042\u305f\u3048\n\u3053\u3061\u3089\u306b\u3000\u3080\u304b\u3063\u3066\u3000\u305b\u3093\u305b\u3044\u308f\u3056\u3092\n\u3060\u305b\u306a\u3044\u3000\u3088\u3046\u306b\u3059\u308b\u3002",
            "language": {
                "name": "ja-Hrkt",
                "url": "/api/v2/language/1/"
            },
            "version_group": {
                "name": "ultra-sun-ultra-moon",
                "url": "/api/v2/version-group/18/"
            }
        },
        {
            "flavor_text": "\uc0c1\ub300\uc5d0\uac8c \uc704\uc555\uac10\uc744 \uc918\uc11c\n\uc774\ucabd\uc744 \ud5a5\ud55c \uc120\uc81c \uae30\uc220\uc744\n\uc0ac\uc6a9\ud560 \uc218 \uc5c6\uac8c \ud55c\ub2e4.",
            "language": {
                "name": "ko",
                "url": "/api/v2/language/3/"
            },
            "version_group": {
                "name": "ultra-sun-ultra-moon",
                "url": "/api/v2/version-group/18/"
            }
        },
        {
            "flavor_text": "\u5411\u5c0d\u624b\u65bd\u52a0\u5a01\u61fe\u529b\uff0c\n\u4f7f\u5176\u7121\u6cd5\u5c0d\u6211\u65b9\u4f7f\u51fa\u5148\u5236\u62db\u5f0f\u3002",
            "language": {
                "name": "zh-Hant",
                "url": "/api/v2/language/4/"
            },
            "version_group": {
                "name": "ultra-sun-ultra-moon",
                "url": "/api/v2/version-group/18/"
            }
        },
        {
            "flavor_text": "L\u2019adversaire est impressionn\u00e9 par la majest\u00e9\ndu Pok\u00e9mon et ne peut pas le viser avec\nune attaque prioritaire.",
            "language": {
                "name": "fr",
                "url": "/api/v2/language/5/"
            },
            "version_group": {
                "name": "ultra-sun-ultra-moon",
                "url": "/api/v2/version-group/18/"
            }
        },
        {
            "flavor_text": "Sch\u00fcchtert den Gegner ein und hindert ihn so daran,\nAttacken mit hoher Erstschlagquote einzusetzen.",
            "language": {
                "name": "de",
                "url": "/api/v2/language/6/"
            },
            "version_group": {
                "name": "ultra-sun-ultra-moon",
                "url": "/api/v2/version-group/18/"
            }
        },
        {
            "flavor_text": "Intimida al rival y le impide usar movimientos con\nprioridad dirigidos al Pok\u00e9mon.",
            "language": {
                "name": "es",
                "url": "/api/v2/language/7/"
            },
            "version_group": {
                "name": "ultra-sun-ultra-moon",
                "url": "/api/v2/version-group/18/"
            }
        },
        {
            "flavor_text": "L\u2019aura di regalit\u00e0 del Pok\u00e9mon impedisce al nemico\ndi attaccarlo con mosse che hanno priorit\u00e0 alta.",
            "language": {
                "name": "it",
                "url": "/api/v2/language/8/"
            },
            "version_group": {
                "name": "ultra-sun-ultra-moon",
                "url": "/api/v2/version-group/18/"
            }
        },
        {
            "flavor_text": "Its majesty pressures the opposing Pok\u00e9mon,\nmaking it unable to attack using priority moves.",
            "language": {
                "name": "en",
                "url": "/api/v2/language/9/"
            },
            "version_group": {
                "name": "ultra-sun-ultra-moon",
                "url": "/api/v2/version-group/18/"
            }
        },
        {
            "flavor_text": "\u76f8\u624b\u306b\u3000\u5a01\u5727\u611f\u3092\u3000\u3042\u305f\u3048\n\u3053\u3061\u3089\u306b\u3000\u3080\u304b\u3063\u3066\u3000\u5148\u5236\u6280\u3092\n\u51fa\u305b\u306a\u3044\u3000\u3088\u3046\u306b\u3059\u308b\u3002",
            "language": {
                "name": "ja",
                "url": "/api/v2/language/11/"
            },
            "version_group": {
                "name": "ultra-sun-ultra-moon",
                "url": "/api/v2/version-group/18/"
            }
        },
        {
            "flavor_text": "\u5411\u5bf9\u624b\u65bd\u52a0\u5a01\u6151\u529b\uff0c\n\u4f7f\u5176\u65e0\u6cd5\u5bf9\u6211\u65b9\u4f7f\u51fa\u5148\u5236\u62db\u5f0f\u3002",
            "language": {
                "name": "zh-Hans",
                "url": "/api/v2/language/12/"
            },
            "version_group": {
                "name": "ultra-sun-ultra-moon",
                "url": "/api/v2/version-group/18/"
            }
        },
        {
            "flavor_text": "\u3042\u3044\u3066\u306b\u3000\u3044\u3042\u3064\u304b\u3093\u3092\u3000\u3042\u305f\u3048\n\u3053\u3061\u3089\u306b\u3000\u3080\u304b\u3063\u3066\u3000\u305b\u3093\u305b\u3044\u308f\u3056\u3092\n\u3060\u305b\u306a\u3044\u3000\u3088\u3046\u306b\u3059\u308b\u3002",
            "language": {
                "name": "ja-Hrkt",
                "url": "/api/v2/language/1/"
            },
            "version_group": {
                "name": "lets-go-pikachu-lets-go-eevee",
                "url": "/api/v2/version-group/19/"
            }
        },
        {
            "flavor_text": "\uc0c1\ub300\uc5d0\uac8c \uc704\uc555\uac10\uc744 \uc918\uc11c\n\uc774\ucabd\uc744 \ud5a5\ud55c \uc120\uc81c \uae30\uc220\uc744\n\uc0ac\uc6a9\ud560 \uc218 \uc5c6\uac8c \ud55c\ub2e4.",
            "language": {
                "name": "ko",
                "url": "/api/v2/language/3/"
            },
            "version_group": {
                "name": "lets-go-pikachu-lets-go-eevee",
                "url": "/api/v2/version-group/19/"
            }
        },
        {
            "flavor_text": "\u5411\u5c0d\u624b\u65bd\u52a0\u5a01\u61fe\u529b\uff0c\n\u4f7f\u5176\u7121\u6cd5\u5c0d\u6211\u65b9\u4f7f\u51fa\u5148\u5236\u62db\u5f0f\u3002",
            "language": {
                "name": "zh-Hant",
                "url": "/api/v2/language/4/"
            },
            "version_group": {
                "name": "lets-go-pikachu-lets-go-eevee",
                "url": "/api/v2/version-group/19/"
            }
        },
        {
            "flavor_text": "L\u2019adversaire est impressionn\u00e9 par la majest\u00e9\ndu Pok\u00e9mon et ne peut pas le viser avec\nune attaque prioritaire.",
            "language": {
                "name": "fr",
                "url": "/api/v2/language/5/"
            },
            "version_group": {
                "name": "lets-go-pikachu-lets-go-eevee",
                "url": "/api/v2/version-group/19/"
            }
        },
        {
            "flavor_text": "Sch\u00fcchtert den Gegner ein und hindert ihn so daran,\nAttacken mit hoher Erstschlagquote einzusetzen.",
            "language": {
                "name": "de",
                "url": "/api/v2/language/6/"
            },
            "version_group": {
                "name": "lets-go-pikachu-lets-go-eevee",
                "url": "/api/v2/version-group/19/"
            }
        },
        {
            "flavor_text": "Intimida al rival y le impide usar movimientos con\nprioridad dirigidos al Pok\u00e9mon.",
            "language": {
                "name": "es",
                "url": "/api/v2/language/7/"
            },
            "version_group": {
                "name": "lets-go-pikachu-lets-go-eevee",
                "url": "/api/v2/version-group/19/"
            }
        },
        {
            "flavor_text": "L\u2019aura di regalit\u00e0 del Pok\u00e9mon impedisce al nemico\ndi attaccarlo con mosse che hanno priorit\u00e0 alta.",
            "language": {
                "name": "it",
                "url": "/api/v2/language/8/"
            },
            "version_group": {
                "name": "lets-go-pikachu-lets-go-eevee",
                "url": "/api/v2/version-group/19/"
            }
        },
        {
            "flavor_text": "Its majesty pressures the opposing Pok\u00e9mon,\nmaking it unable to attack using priority moves.",
            "language": {
                "name": "en",
                "url": "/api/v2/language/9/"
            },
            "version_group": {
                "name": "lets-go-pikachu-lets-go-eevee",
                "url": "/api/v2/version-group/19/"
            }
        },
        {
            "flavor_text": "\u76f8\u624b\u306b\u3000\u5a01\u5727\u611f\u3092\u3000\u3042\u305f\u3048\n\u3053\u3061\u3089\u306b\u3000\u3080\u304b\u3063\u3066\u3000\u5148\u5236\u6280\u3092\n\u51fa\u305b\u306a\u3044\u3000\u3088\u3046\u306b\u3059\u308b\u3002",
            "language": {
                "name": "ja",
                "url": "/api/v2/language/11/"
            },
            "version_group": {
                "name": "lets-go-pikachu-lets-go-eevee",
                "url": "/api/v2/version-group/19/"
            }
        },
        {
            "flavor_text": "\u5411\u5bf9\u624b\u65bd\u52a0\u5a01\u6151\u529b\uff0c\n\u4f7f\u5176\u65e0\u6cd5\u5bf9\u6211\u65b9\u4f7f\u51fa\u5148\u5236\u62db\u5f0f\u3002",
            "language": {
                "name": "zh-Hans",
                "url": "/api/v2/language/12/"
            },
            "version_group": {
                "name": "lets-go-pikachu-lets-go-eevee",
                "url": "/api/v2/version-group/19/"
            }
        },
        {
            "flavor_text": "\u3042\u3044\u3066\u306b\u3000\u3044\u3042\u3064\u304b\u3093\u3092\u3000\u3042\u305f\u3048\n\u3053\u3061\u3089\u306b\u3000\u3080\u304b\u3063\u3066\u3000\u305b\u3093\u305b\u3044\u308f\u3056\u3092\n\u3060\u305b\u306a\u3044\u3000\u3088\u3046\u306b\u3059\u308b\u3002",
            "language": {
                "name": "ja-Hrkt",
                "url": "/api/v2/language/1/"
            },
            "version_group": {
                "name": "sword-shield",
                "url": "/api/v2/version-group/20/"
            }
        },
        {
            "flavor_text": "\uc0c1\ub300\uc5d0\uac8c \uc704\uc555\uac10\uc744 \uc918\uc11c\n\uc774\ucabd\uc744 \ud5a5\ud55c \uc120\uc81c \uae30\uc220\uc744\n\uc0ac\uc6a9\ud560 \uc218 \uc5c6\uac8c \ud55c\ub2e4.",
            "language": {
                "name": "ko",
                "url": "/api/v2/language/3/"
            },
            "version_group": {
                "name": "sword-shield",
                "url": "/api/v2/version-group/20/"
            }
        },
        {
            "flavor_text": "\u5411\u5c0d\u624b\u65bd\u52a0\u5a01\u61fe\u529b\uff0c\n\u4f7f\u5176\u7121\u6cd5\u5c0d\u6211\u65b9\u4f7f\u51fa\u5148\u5236\u62db\u5f0f\u3002",
            "language": {
                "name": "zh-Hant",
                "url": "/api/v2/language/4/"
            },
            "version_group": {
                "name": "sword-shield",
                "url": "/api/v2/version-group/20/"
            }
        },
        {
            "flavor_text": "L\u2019adversaire est impressionn\u00e9 par la majest\u00e9 du Pok\u00e9mon\net ne peut pas le viser avec une attaque prioritaire.",
            "language": {
                "name": "fr",
                "url": "/api/v2/language/5/"
            },
            "version_group": {
                "name": "sword-shield",
                "url": "/api/v2/version-group/20/"
            }
        },
        {
            "flavor_text": "Sch\u00fcchtert Gegner ein und hindert sie so daran,\nErstschlag-Attacken gegen es einzusetzen.",
            "language": {
                "name": "de",
                "url": "/api/v2/language/6/"
            },
            "version_group": {
                "name": "sword-shield",
                "url": "/api/v2/version-group/20/"
            }
        },
        {
            "flavor_text": "Intimida al objetivo y le impide usar movimientos con\nprioridad.",
            "language": {
                "name": "es",
                "url": "/api/v2/language/7/"
            },
            "version_group": {
                "name": "sword-shield",
                "url": "/api/v2/version-group/20/"
            }
        },
        {
            "flavor_text": "L\u2019aura di regalit\u00e0 del Pok\u00e9mon impedisce al nemico\ndi attaccarlo con mosse che hanno priorit\u00e0 alta.",
            "language": {
                "name": "it",
                "url": "/api/v2/language/8/"
            },
            "version_group": {
                "name": "sword-shield",
                "url": "/api/v2/version-group/20/"
            }
        },
        {
            "flavor_text": "Its majesty pressures the opposing Pok\u00e9mon,\nmaking it unable to attack using priority moves.",
            "language": {
                "name": "en",
                "url": "/api/v2/language/9/"
            },
            "version_group": {
                "name": "sword-shield",
                "url": "/api/v2/version-group/20/"
            }
        },
        {
            "flavor_text": "\u76f8\u624b\u306b\u3000\u5a01\u5727\u611f\u3092\u3000\u3042\u305f\u3048\n\u3053\u3061\u3089\u306b\u3000\u3080\u304b\u3063\u3066\u3000\u5148\u5236\u6280\u3092\n\u51fa\u305b\u306a\u3044\u3000\u3088\u3046\u306b\u3059\u308b\u3002",
            "language": {
                "name": "ja",
                "url": "/api/v2/language/11/"
            },
            "version_group": {
                "name": "sword-shield",
                "url": "/api/v2/version-group/20/"
            }
        },
        {
            "flavor_text": "\u5411\u5bf9\u624b\u65bd\u52a0\u5a01\u6151\u529b\uff0c\n\u4f7f\u5176\u65e0\u6cd5\u5bf9\u6211\u65b9\u4f7f\u51fa\u5148\u5236\u62db\u5f0f\u3002",
            "language": {
                "name": "zh-Hans",
                "url": "/api/v2/language/12/"
            },
            "version_group": {
                "name": "sword-shield",
                "url": "/api/v2/version-group/20/"
            }
        },
        {
            "flavor_text": "The Pok\u00e9mon's majesty pressures opponents and makes them unable to use priority moves against the Pok\u00e9mon or its allies.",
            "language": {
                "name": "en",
                "url": "/api/v2/language/9/"
            },
            "version_group": {
                "name": "scarlet-violet",
                "url": "/api/v2/version-group/25/"
            }
        },
        {
            "flavor_text": "L\u2019adversaire est impressionn\u00e9 par la majest\u00e9\\ndu Pok\u00e9mon, ce qui l\u2019emp\u00eache de viser ce dernier\\net ses alli\u00e9s avec une capacit\u00e9 prioritaire.",
            "language": {
                "name": "fr",
                "url": "/api/v2/language/5/"
            },
            "version_group": {
                "name": "the-teal-mask",
                "url": "/api/v2/version-group/26/"
            }
        },
        {
            "flavor_text": "When the Pok\u00e9mon uses Surf or Dive, it will come back with prey. When it takes damage, it will spit out the prey to attack.",
            "language": {
                "name": "en",
                "url": "/api/v2/language/9/"
            },
            "version_group": {
                "name": "the-teal-mask",
                "url": "/api/v2/version-group/26/"
            }
        }
    ],
    "generation": {
        "name": "generation-vii",
        "url": "/api/v2/generation/7/"
    },
    "id": 214,
    "is_main_series": true,
    "name": "queenly-majesty",
    "names": [
        {
            "language": {
                "name": "ja-Hrkt",
                "url": "/api/v2/language/1/"
            },
            "name": "\u3058\u3087\u304a\u3046\u306e\u3044\u3052\u3093"
        },
        {
            "language": {
                "name": "ko",
                "url": "/api/v2/language/3/"
            },
            "name": "\uc5ec\uc655\uc758\uc704\uc5c4"
        },
        {
            "language": {
                "name": "zh-Hant",
                "url": "/api/v2/language/4/"
            },
            "name": "\u5973\u738b\u7684\u5a01\u56b4"
        },
        {
            "language": {
                "name": "fr",
                "url": "/api/v2/language/5/"
            },
            "name": "Prestance Royale"
        },
        {
            "language": {
                "name": "de",
                "url": "/api/v2/language/6/"
            },
            "name": "Majest\u00e4t"
        },
        {
            "language": {
                "name": "es",
                "url": "/api/v2/language/7/"
            },
            "name": "Regia Presencia"
        },
        {
            "language": {
                "name": "it",
                "url": "/api/v2/language/8/"
            },
            "name": "Regalit\u00e0"
        },
        {
            "language": {
                "name": "en",
                "url": "/api/v2/language/9/"
            },
            "name": "Queenly Majesty"
        },
        {
            "language": {
                "name": "ja",
                "url": "/api/v2/language/11/"
            },
            "name": "\u3058\u3087\u304a\u3046\u306e\u3044\u3052\u3093"
        },
        {
            "language": {
                "name": "zh-Hans",
                "url": "/api/v2/language/12/"
            },
            "name": "\u5973\u738b\u7684\u5a01\u4e25"
        }
    ],
    "pokemon": [
        {
            "is_hidden": false,
            "pokemon": {
                "name": "tsareena",
                "url": "/api/v2/pokemon/763/"
            },
            "slot": 2
        }
    ]
}