{
    "effect_changes": [],
    "effect_entries": [
        {
            "effect": "Solange sich ein Pok\u00e9mon mit dieser F\u00e4higkeit im Kampf befindet ist sein attack doppelt so hoch wie sonst.\n\nDieser Bonus z\u00e4hlt nicht als stat modifier.\n\nDiese F\u00e4higkeit ist identisch mit huge power.",
            "language": {
                "name": "de",
                "url": "/api/v2/language/6/"
            },
            "short_effect": "Verdoppelt den attack im Kampf."
        },
        {
            "effect": "This Pok\u00e9mon's Attack is doubled in battle.\n\nThis bonus does not count as a stat modifier.\n\nThis ability functions identically to huge power.",
            "language": {
                "name": "en",
                "url": "/api/v2/language/9/"
            },
            "short_effect": "Doubles Attack in battle."
        }
    ],
    "flavor_text_entries": [
        {
            "flavor_text": "Augmente l'ATTAQUE.",
            "language": {
                "name": "fr",
                "url": "/api/v2/language/5/"
            },
            "version_group": {
                "name": "ruby-sapphire",
                "url": "/api/v2/version-group/5/"
            }
        },
        {
            "flavor_text": "Raises ATTACK.",
            "language": {
                "name": "en",
                "url": "/api/v2/language/9/"
            },
            "version_group": {
                "name": "ruby-sapphire",
                "url": "/api/v2/version-group/5/"
            }
        },
        {
            "flavor_text": "Augmente l'ATTAQUE.",
            "language": {
                "name": "fr",
                "url": "/api/v2/language/5/"
            },
            "version_group": {
                "name": "emerald",
                "url": "/api/v2/version-group/6/"
            }
        },
        {
            "flavor_text": "Raises ATTACK.",
            "language": {
                "name": "en",
                "url": "/api/v2/language/9/"
            },
            "version_group": {
                "name": "emerald",
                "url": "/api/v2/version-group/6/"
            }
        },
        {
            "flavor_text": "Augmente l'ATTAQUE.",
            "language": {
                "name": "fr",
                "url": "/api/v2/language/5/"
            },
            "version_group": {
                "name": "firered-leafgreen",
                "url": "/api/v2/version-group/7/"
            }
        },
        {
            "flavor_text": "Raises ATTACK.",
            "language": {
                "name": "en",
                "url": "/api/v2/language/9/"
            },
            "version_group": {
                "name": "firered-leafgreen",
                "url": "/api/v2/version-group/7/"
            }
        },
        {
            "flavor_text": "Augmente la puissance des attaques physiques.",
            "language": {
                "name": "fr",
                "url": "/api/v2/language/5/"
            },
            "version_group": {
                "name": "diamond-pearl",
                "url": "/api/v2/version-group/8/"
            }
        },
        {
            "flavor_text": "Boosts the power of\nphysical attacks.",
            "language": {
                "name": "en",
                "url": "/api/v2/language/9/"
            },
            "version_group": {
                "name": "diamond-pearl",
                "url": "/api/v2/version-group/8/"
            }
        },
        {
            "flavor_text": "Augmente la puissance des attaques physiques.",
            "language": {
                "name": "fr",
                "url": "/api/v2/language/5/"
            },
            "version_group": {
                "name": "platinum",
                "url": "/api/v2/version-group/9/"
            }
        },
        {
            "flavor_text": "Boosts the power of\nphysical attacks.",
            "language": {
                "name": "en",
                "url": "/api/v2/language/9/"
            },
            "version_group": {
                "name": "platinum",
                "url": "/api/v2/version-group/9/"
            }
        },
        {
            "flavor_text": "Augmente la puissance des attaques physiques.",
            "language": {
                "name": "fr",
                "url": "/api/v2/language/5/"
            },
            "version_group": {
                "name": "heartgold-soulsilver",
                "url": "/api/v2/version-group/10/"
            }
        },
        {
            "flavor_text": "Boosts the power of\nphysical attacks.",
            "language": {
                "name": "en",
                "url": "/api/v2/language/9/"
            },
            "version_group": {
                "name": "heartgold-soulsilver",
                "url": "/api/v2/version-group/10/"
            }
        },
        {
            "flavor_text": "Augmente l'Attaque du Pok\u00e9mon.",
            "language": {
                "name": "fr",
                "url": "/api/v2/language/5/"
            },
            "version_group": {
                "name": "black-white",
                "url": "/api/v2/version-group/11/"
            }
        },
        {
            "flavor_text": "Augmente l\u2019Attaque du\nPok\u00e9mon.",
            "language": {
                "name": "fr",
                "url": "/api/v2/language/5/"
            },
            "version_group": {
                "name": "black-white",
                "url": "/api/v2/version-group/11/"
            }
        },
        {
            "flavor_text": "Raises the Pok\u00e9mon\u2019s\nAttack stat.",
            "language": {
                "name": "en",
                "url": "/api/v2/language/9/"
            },
            "version_group": {
                "name": "black-white",
                "url": "/api/v2/version-group/11/"
            }
        },
        {
            "flavor_text": "Augmente l'Attaque du Pok\u00e9mon.",
            "language": {
                "name": "fr",
                "url": "/api/v2/language/5/"
            },
            "version_group": {
                "name": "xd",
                "url": "/api/v2/version-group/13/"
            }
        },
        {
            "flavor_text": "Augmente l'Attaque du Pok\u00e9mon.",
            "language": {
                "name": "fr",
                "url": "/api/v2/language/5/"
            },
            "version_group": {
                "name": "black-2-white-2",
                "url": "/api/v2/version-group/14/"
            }
        },
        {
            "flavor_text": "Raises the Pok\u00e9mon\u2019s\nAttack stat.",
            "language": {
                "name": "en",
                "url": "/api/v2/language/9/"
            },
            "version_group": {
                "name": "black-2-white-2",
                "url": "/api/v2/version-group/14/"
            }
        },
        {
            "flavor_text": "\u3076\u3064\u308a\u3000\u3053\u3046\u3052\u304d\u306e\n\u3044\u308a\u3087\u304f\u304c\u3000\u3042\u304c\u308b\u3002",
            "language": {
                "name": "ja-Hrkt",
                "url": "/api/v2/language/1/"
            },
            "version_group": {
                "name": "x-y",
                "url": "/api/v2/version-group/15/"
            }
        },
        {
            "flavor_text": "\ubb3c\ub9ac\uacf5\uaca9\uc758\n\uc704\ub825\uc774 \uc62c\ub77c\uac04\ub2e4.",
            "language": {
                "name": "ko",
                "url": "/api/v2/language/3/"
            },
            "version_group": {
                "name": "x-y",
                "url": "/api/v2/version-group/15/"
            }
        },
        {
            "flavor_text": "Le Pok\u00e9mon utilise sa ma\u00eetrise du yoga pour doubler la puissance de ses capacit\u00e9s physiques.",
            "language": {
                "name": "fr",
                "url": "/api/v2/language/5/"
            },
            "version_group": {
                "name": "x-y",
                "url": "/api/v2/version-group/15/"
            }
        },
        {
            "flavor_text": "Augmente l\u2019Attaque du Pok\u00e9mon.",
            "language": {
                "name": "fr",
                "url": "/api/v2/language/5/"
            },
            "version_group": {
                "name": "x-y",
                "url": "/api/v2/version-group/15/"
            }
        },
        {
            "flavor_text": "St\u00e4rkt physische Attacken.",
            "language": {
                "name": "de",
                "url": "/api/v2/language/6/"
            },
            "version_group": {
                "name": "x-y",
                "url": "/api/v2/version-group/15/"
            }
        },
        {
            "flavor_text": "Aumenta el Ataque.",
            "language": {
                "name": "es",
                "url": "/api/v2/language/7/"
            },
            "version_group": {
                "name": "x-y",
                "url": "/api/v2/version-group/15/"
            }
        },
        {
            "flavor_text": "Migliora la statistica Attacco\ndel Pok\u00e9mon.",
            "language": {
                "name": "it",
                "url": "/api/v2/language/8/"
            },
            "version_group": {
                "name": "x-y",
                "url": "/api/v2/version-group/15/"
            }
        },
        {
            "flavor_text": "Boosts the Pok\u00e9mon\u2019s\nAttack stat.",
            "language": {
                "name": "en",
                "url": "/api/v2/language/9/"
            },
            "version_group": {
                "name": "x-y",
                "url": "/api/v2/version-group/15/"
            }
        },
        {
            "flavor_text": "\u7269\u7406\u653b\u6483\u306e\n\u5a01\u529b\u304c\u3000\u3042\u304c\u308b\u3002",
            "language": {
                "name": "ja",
                "url": "/api/v2/language/11/"
            },
            "version_group": {
                "name": "x-y",
                "url": "/api/v2/version-group/15/"
            }
        },
        {
            "flavor_text": "\u3076\u3064\u308a\u3000\u3053\u3046\u3052\u304d\u306e\n\u3044\u308a\u3087\u304f\u304c\u3000\u3042\u304c\u308b\u3002",
            "language": {
                "name": "ja-Hrkt",
                "url": "/api/v2/language/1/"
            },
            "version_group": {
                "name": "omega-ruby-alpha-sapphire",
                "url": "/api/v2/version-group/16/"
            }
        },
        {
            "flavor_text": "\ubb3c\ub9ac\uacf5\uaca9\uc758\n\uc704\ub825\uc774 \uc62c\ub77c\uac04\ub2e4.",
            "language": {
                "name": "ko",
                "url": "/api/v2/language/3/"
            },
            "version_group": {
                "name": "omega-ruby-alpha-sapphire",
                "url": "/api/v2/version-group/16/"
            }
        },
        {
            "flavor_text": "Augmente l'Attaque du Pok\u00e9mon.",
            "language": {
                "name": "fr",
                "url": "/api/v2/language/5/"
            },
            "version_group": {
                "name": "omega-ruby-alpha-sapphire",
                "url": "/api/v2/version-group/16/"
            }
        },
        {
            "flavor_text": "Le Pok\u00e9mon utilise sa ma\u00eetrise du yoga pour doubler la puissance de ses capacit\u00e9s physiques.",
            "language": {
                "name": "fr",
                "url": "/api/v2/language/5/"
            },
            "version_group": {
                "name": "omega-ruby-alpha-sapphire",
                "url": "/api/v2/version-group/16/"
            }
        },
        {
            "flavor_text": "Augmente l\u2019Attaque du Pok\u00e9mon.",
            "language": {
                "name": "fr",
                "url": "/api/v2/language/5/"
            },
            "version_group": {
                "name": "omega-ruby-alpha-sapphire",
                "url": "/api/v2/version-group/16/"
            }
        },
        {
            "flavor_text": "St\u00e4rkt physische Attacken.",
            "language": {
                "name": "de",
                "url": "/api/v2/language/6/"
            },
            "version_group": {
                "name": "omega-ruby-alpha-sapphire",
                "url": "/api/v2/version-group/16/"
            }
        },
        {
            "flavor_text": "Aumenta el Ataque.",
            "language": {
                "name": "es",
                "url": "/api/v2/language/7/"
            },
            "version_group": {
                "name": "omega-ruby-alpha-sapphire",
                "url": "/api/v2/version-group/16/"
            }
        },
        {
            "flavor_text": "Migliora la statistica Attacco\ndel Pok\u00e9mon.",
            "language": {
                "name": "it",
                "url": "/api/v2/language/8/"
            },
            "version_group": {
                "name": "omega-ruby-alpha-sapphire",
                "url": "/api/v2/version-group/16/"
            }
        },
        {
            "flavor_text": "Boosts the Pok\u00e9mon\u2019s\nAttack stat.",
            "language": {
                "name": "en",
                "url": "/api/v2/language/9/"
            },
            "version_group": {
                "name": "omega-ruby-alpha-sapphire",
                "url": "/api/v2/version-group/16/"
            }
        },
        {
            "flavor_text": "\u7269\u7406\u653b\u6483\u306e\n\u5a01\u529b\u304c\u3000\u3042\u304c\u308b\u3002",
            "language": {
                "name": "ja",
                "url": "/api/v2/language/11/"
            },
            "version_group": {
                "name": "omega-ruby-alpha-sapphire",
                "url": "/api/v2/version-group/16/"
            }
        },
        {
            "flavor_text": "\u30e8\u30ac\u306e\u3000\u3061\u304b\u3089\u3067\n\u3076\u3064\u308a\u3000\u3053\u3046\u3052\u304d\u306e\u3000\u3044\u308a\u3087\u304f\u304c\n\uff12\u3070\u3044\u306b\u3000\u306a\u308b\u3002",
            "language": {
                "name": "ja-Hrkt",
                "url": "/api/v2/language/1/"
            },
            "version_group": {
                "name": "sun-moon",
                "url": "/api/v2/version-group/17/"
            }
        },
        {
            "flavor_text": "\uc694\uac00\uc758 \ud798\uc73c\ub85c\n\ubb3c\ub9ac\uacf5\uaca9\uc758 \uc704\ub825\uc774\n2\ubc30\uac00 \ub41c\ub2e4.",
            "language": {
                "name": "ko",
                "url": "/api/v2/language/3/"
            },
            "version_group": {
                "name": "sun-moon",
                "url": "/api/v2/version-group/17/"
            }
        },
        {
            "flavor_text": "\u56e0\u745c\u4f3d\u7684\u529b\u91cf\uff0c\n\u7269\u7406\u653b\u64ca\u7684\u5a01\u529b\u6703\u8b8a\u70ba\uff12\u500d\u3002",
            "language": {
                "name": "zh-Hant",
                "url": "/api/v2/language/4/"
            },
            "version_group": {
                "name": "sun-moon",
                "url": "/api/v2/version-group/17/"
            }
        },
        {
            "flavor_text": "Le Pok\u00e9mon utilise sa ma\u00eetrise du yoga pour doubler la puissance de ses capacit\u00e9s physiques.",
            "language": {
                "name": "fr",
                "url": "/api/v2/language/5/"
            },
            "version_group": {
                "name": "sun-moon",
                "url": "/api/v2/version-group/17/"
            }
        },
        {
            "flavor_text": "Le Pok\u00e9mon utilise sa ma\u00eetrise du yoga pour doubler\nla puissance de ses capacit\u00e9s physiques.",
            "language": {
                "name": "fr",
                "url": "/api/v2/language/5/"
            },
            "version_group": {
                "name": "sun-moon",
                "url": "/api/v2/version-group/17/"
            }
        },
        {
            "flavor_text": "Verdoppelt mit reiner Willenskraft die St\u00e4rke seiner\nphysischen Attacken.",
            "language": {
                "name": "de",
                "url": "/api/v2/language/6/"
            },
            "version_group": {
                "name": "sun-moon",
                "url": "/api/v2/version-group/17/"
            }
        },
        {
            "flavor_text": "Duplica la potencia de los ataques f\u00edsicos.",
            "language": {
                "name": "es",
                "url": "/api/v2/language/7/"
            },
            "version_group": {
                "name": "sun-moon",
                "url": "/api/v2/version-group/17/"
            }
        },
        {
            "flavor_text": "L\u2019Attacco del Pok\u00e9mon raddoppia grazie\nalla sua padronanza delle tecniche yoga.",
            "language": {
                "name": "it",
                "url": "/api/v2/language/8/"
            },
            "version_group": {
                "name": "sun-moon",
                "url": "/api/v2/version-group/17/"
            }
        },
        {
            "flavor_text": "Using its pure power, the Pok\u00e9mon doubles its\nAttack stat.",
            "language": {
                "name": "en",
                "url": "/api/v2/language/9/"
            },
            "version_group": {
                "name": "sun-moon",
                "url": "/api/v2/version-group/17/"
            }
        },
        {
            "flavor_text": "\u30e8\u30ac\u306e\u3000\u529b\u3067\n\u7269\u7406\u653b\u6483\u306e\u3000\u5a01\u529b\u304c\n\uff12\u500d\u306b\u3000\u306a\u308b\u3002",
            "language": {
                "name": "ja",
                "url": "/api/v2/language/11/"
            },
            "version_group": {
                "name": "sun-moon",
                "url": "/api/v2/version-group/17/"
            }
        },
        {
            "flavor_text": "\u56e0\u745c\u4f3d\u7684\u529b\u91cf\uff0c\n\u7269\u7406\u653b\u51fb\u7684\u5a01\u529b\u4f1a\u53d8\u4e3a\uff12\u500d\u3002",
            "language": {
                "name": "zh-Hans",
                "url": "/api/v2/language/12/"
            },
            "version_group": {
                "name": "sun-moon",
                "url": "/api/v2/version-group/17/"
            }
        },
        {
            "flavor_text": "\u30e8\u30ac\u306e\u3000\u3061\u304b\u3089\u3067\n\u3076\u3064\u308a\u3000\u3053\u3046\u3052\u304d\u306e\u3000\u3044\u308a\u3087\u304f\u304c\n\uff12\u3070\u3044\u306b\u3000\u306a\u308b\u3002",
            "language": {
                "name": "ja-Hrkt",
                "url": "/api/v2/language/1/"
            },
            "version_group": {
                "name": "ultra-sun-ultra-moon",
                "url": "/api/v2/version-group/18/"
            }
        },
        {
            "flavor_text": "\uc694\uac00\uc758 \ud798\uc73c\ub85c\n\ubb3c\ub9ac\uacf5\uaca9\uc758 \uc704\ub825\uc774\n2\ubc30\uac00 \ub41c\ub2e4.",
            "language": {
                "name": "ko",
                "url": "/api/v2/language/3/"
            },
            "version_group": {
                "name": "ultra-sun-ultra-moon",
                "url": "/api/v2/version-group/18/"
            }
        },
        {
            "flavor_text": "\u56e0\u745c\u4f3d\u7684\u529b\u91cf\uff0c\n\u7269\u7406\u653b\u64ca\u7684\u5a01\u529b\u6703\u8b8a\u70ba\uff12\u500d\u3002",
            "language": {
                "name": "zh-Hant",
                "url": "/api/v2/language/4/"
            },
            "version_group": {
                "name": "ultra-sun-ultra-moon",
                "url": "/api/v2/version-group/18/"
            }
        },
        {
            "flavor_text": "Le Pok\u00e9mon utilise sa ma\u00eetrise du yoga pour doubler la puissance de ses capacit\u00e9s physiques.",
            "language": {
                "name": "fr",
                "url": "/api/v2/language/5/"
            },
            "version_group": {
                "name": "ultra-sun-ultra-moon",
                "url": "/api/v2/version-group/18/"
            }
        },
        {
            "flavor_text": "Le Pok\u00e9mon utilise sa ma\u00eetrise du yoga pour doubler\nla puissance de ses capacit\u00e9s physiques.",
            "language": {
                "name": "fr",
                "url": "/api/v2/language/5/"
            },
            "version_group": {
                "name": "ultra-sun-ultra-moon",
                "url": "/api/v2/version-group/18/"
            }
        },
        {
            "flavor_text": "Verdoppelt mit reiner Willenskraft die St\u00e4rke seiner\nphysischen Attacken.",
            "language": {
                "name": "de",
                "url": "/api/v2/language/6/"
            },
            "version_group": {
                "name": "ultra-sun-ultra-moon",
                "url": "/api/v2/version-group/18/"
            }
        },
        {
            "flavor_text": "Duplica la potencia de los ataques f\u00edsicos.",
            "language": {
                "name": "es",
                "url": "/api/v2/language/7/"
            },
            "version_group": {
                "name": "ultra-sun-ultra-moon",
                "url": "/api/v2/version-group/18/"
            }
        },
        {
            "flavor_text": "L\u2019Attacco del Pok\u00e9mon raddoppia grazie\nalla sua padronanza delle tecniche yoga.",
            "language": {
                "name": "it",
                "url": "/api/v2/language/8/"
            },
            "version_group": {
                "name": "ultra-sun-ultra-moon",
                "url": "/api/v2/version-group/18/"
            }
        },
        {
            "flavor_text": "Using its pure power, the Pok\u00e9mon doubles its\nAttack stat.",
            "language": {
                "name": "en",
                "url": "/api/v2/language/9/"
            },
            "version_group": {
                "name": "ultra-sun-ultra-moon",
                "url": "/api/v2/version-group/18/"
            }
        },
        {
            "flavor_text": "\u30e8\u30ac\u306e\u3000\u529b\u3067\n\u7269\u7406\u653b\u6483\u306e\u3000\u5a01\u529b\u304c\n\uff12\u500d\u306b\u3000\u306a\u308b\u3002",
            "language": {
                "name": "ja",
                "url": "/api/v2/language/11/"
            },
            "version_group": {
                "name": "ultra-sun-ultra-moon",
                "url": "/api/v2/version-group/18/"
            }
        },
        {
            "flavor_text": "\u56e0\u745c\u4f3d\u7684\u529b\u91cf\uff0c\n\u7269\u7406\u653b\u51fb\u7684\u5a01\u529b\u4f1a\u53d8\u4e3a\uff12\u500d\u3002",
            "language": {
                "name": "zh-Hans",
                "url": "/api/v2/language/12/"
            },
            "version_group": {
                "name": "ultra-sun-ultra-moon",
                "url": "/api/v2/version-group/18/"
            }
        },
        {
            "flavor_text": "\u30e8\u30ac\u306e\u3000\u3061\u304b\u3089\u3067\n\u3076\u3064\u308a\u3000\u3053\u3046\u3052\u304d\u306e\u3000\u3044\u308a\u3087\u304f\u304c\n\uff12\u3070\u3044\u306b\u3000\u306a\u308b\u3002",
            "language": {
                "name": "ja-Hrkt",
                "url": "/api/v2/language/1/"
            },
            "version_group": {
                "name": "lets-go-pikachu-lets-go-eevee",
                "url": "/api/v2/version-group/19/"
            }
        },
        {
            "flavor_text": "\uc694\uac00\uc758 \ud798\uc73c\ub85c\n\ubb3c\ub9ac\uacf5\uaca9\uc758 \uc704\ub825\uc774\n2\ubc30\uac00 \ub41c\ub2e4.",
            "language": {
                "name": "ko",
                "url": "/api/v2/language/3/"
            },
            "version_group": {
                "name": "lets-go-pikachu-lets-go-eevee",
                "url": "/api/v2/version-group/19/"
            }
        },
        {
            "flavor_text": "\u56e0\u745c\u4f3d\u7684\u529b\u91cf\uff0c\n\u7269\u7406\u653b\u64ca\u7684\u5a01\u529b\u6703\u8b8a\u70ba\uff12\u500d\u3002",
            "language": {
                "name": "zh-Hant",
                "url": "/api/v2/language/4/"
            },
            "version_group": {
                "name": "lets-go-pikachu-lets-go-eevee",
                "url": "/api/v2/version-group/19/"
            }
        },
        {
            "flavor_text": "Le Pok\u00e9mon utilise sa ma\u00eetrise du yoga pour doubler\nla puissance de ses capacit\u00e9s physiques.",
            "language": {
                "name": "fr",
                "url": "/api/v2/language/5/"
            },
            "version_group": {
                "name": "lets-go-pikachu-lets-go-eevee",
                "url": "/api/v2/version-group/19/"
            }
        },
        {
            "flavor_text": "Verdoppelt mit reiner Willenskraft die St\u00e4rke seiner\nphysischen Attacken.",
            "language": {
                "name": "de",
                "url": "/api/v2/language/6/"
            },
            "version_group": {
                "name": "lets-go-pikachu-lets-go-eevee",
                "url": "/api/v2/version-group/19/"
            }
        },
        {
            "flavor_text": "Duplica la potencia de los ataques f\u00edsicos.",
            "language": {
                "name": "es",
                "url": "/api/v2/language/7/"
            },
            "version_group": {
                "name": "lets-go-pikachu-lets-go-eevee",
                "url": "/api/v2/version-group/19/"
            }
        },
        {
            "flavor_text": "L\u2019Attacco del Pok\u00e9mon raddoppia grazie\nalla sua padronanza delle tecniche yoga.",
            "language": {
                "name": "it",
                "url": "/api/v2/language/8/"
            },
            "version_group": {
                "name": "lets-go-pikachu-lets-go-eevee",
                "url": "/api/v2/version-group/19/"
            }
        },
        {
            "flavor_text": "Using its pure power, the Pok\u00e9mon doubles its\nAttack stat.",
            "language": {
                "name": "en",
                "url": "/api/v2/language/9/"
            },
            "version_group": {
                "name": "lets-go-pikachu-lets-go-eevee",
                "url": "/api/v2/version-group/19/"
            }
        },
        {
            "flavor_text": "\u30e8\u30ac\u306e\u3000\u529b\u3067\n\u7269\u7406\u653b\u6483\u306e\u3000\u5a01\u529b\u304c\n\uff12\u500d\u306b\u3000\u306a\u308b\u3002",
            "language": {
                "name": "ja",
                "url": "/api/v2/language/11/"
            },
            "version_group": {
                "name": "lets-go-pikachu-lets-go-eevee",
                "url": "/api/v2/version-group/19/"
            }
        },
        {
            "flavor_text": "\u56e0\u745c\u4f3d\u7684\u529b\u91cf\uff0c\n\u7269\u7406\u653b\u51fb\u7684\u5a01\u529b\u4f1a\u53d8\u4e3a\uff12\u500d\u3002",
            "language": {
                "name": "zh-Hans",
                "url": "/api/v2/language/12/"
            },
            "version_group": {
                "name": "lets-go-pikachu-lets-go-eevee",
                "url": "/api/v2/version-group/19/"
            }
        },
        {
            "flavor_text": "\u30e8\u30ac\u306e\u3000\u3061\u304b\u3089\u3067\n\u3076\u3064\u308a\u3000\u3053\u3046\u3052\u304d\u306e\u3000\u3044\u308a\u3087\u304f\u304c\n\uff12\u3070\u3044\u306b\u3000\u306a\u308b\u3002",
            "language": {
                "name": "ja-Hrkt",
                "url": "/api/v2/language/1/"
            },
            "version_group": {
                "name": "sword-shield",
                "url": "/api/v2/version-group/20/"
            }
        },
        {
            "flavor_text": "\uc694\uac00\uc758 \ud798\uc73c\ub85c\n\ubb3c\ub9ac\uacf5\uaca9\uc758 \uc704\ub825\uc774\n2\ubc30\uac00 \ub41c\ub2e4.",
            "language": {
                "name": "ko",
                "url": "/api/v2/language/3/"
            },
            "version_group": {
                "name": "sword-shield",
                "url": "/api/v2/version-group/20/"
            }
        },
        {
            "flavor_text": "\u56e0\u745c\u4f3d\u7684\u529b\u91cf\uff0c\n\u7269\u7406\u653b\u64ca\u7684\u5a01\u529b\u6703\u8b8a\u70ba\uff12\u500d\u3002",
            "language": {
                "name": "zh-Hant",
                "url": "/api/v2/language/4/"
            },
            "version_group": {
                "name": "sword-shield",
                "url": "/api/v2/version-group/20/"
            }
        },
        {
            "flavor_text": "Le Pok\u00e9mon utilise sa ma\u00eetrise du yoga pour doubler la puissance de ses capacit\u00e9s physiques.",
            "language": {
                "name": "fr",
                "url": "/api/v2/language/5/"
            },
            "version_group": {
                "name": "sword-shield",
                "url": "/api/v2/version-group/20/"
            }
        },
        {
            "flavor_text": "Le Pok\u00e9mon utilise sa ma\u00eetrise du yoga pour doubler\nla puissance de ses capacit\u00e9s physiques.",
            "language": {
                "name": "fr",
                "url": "/api/v2/language/5/"
            },
            "version_group": {
                "name": "sword-shield",
                "url": "/api/v2/version-group/20/"
            }
        },
        {
            "flavor_text": "Verdoppelt mit reiner Willenskraft die St\u00e4rke seiner\nphysischen Attacken.",
            "language": {
                "name": "de",
                "url": "/api/v2/language/6/"
            },
            "version_group": {
                "name": "sword-shield",
                "url": "/api/v2/version-group/20/"
            }
        },
        {
            "flavor_text": "Duplica la potencia de sus ataques f\u00edsicos gracias al\nyoga.",
            "language": {
                "name": "es",
                "url": "/api/v2/language/7/"
            },
            "version_group": {
                "name": "sword-shield",
                "url": "/api/v2/version-group/20/"
            }
        },
        {
            "flavor_text": "L\u2019Attacco del Pok\u00e9mon raddoppia grazie\nalla sua padronanza delle tecniche yoga.",
            "language": {
                "name": "it",
                "url": "/api/v2/language/8/"
            },
            "version_group": {
                "name": "sword-shield",
                "url": "/api/v2/version-group/20/"
            }
        },
        {
            "flavor_text": "Using its pure power, the Pok\u00e9mon doubles its\nAttack stat.",
            "language": {
                "name": "en",
                "url": "/api/v2/language/9/"
            },
            "version_group": {
                "name": "sword-shield",
                "url": "/api/v2/version-group/20/"
            }
        },
        {
            "flavor_text": "\u30e8\u30ac\u306e\u3000\u529b\u3067\n\u7269\u7406\u653b\u6483\u306e\u3000\u5a01\u529b\u304c\n\uff12\u500d\u306b\u3000\u306a\u308b\u3002",
            "language": {
                "name": "ja",
                "url": "/api/v2/language/11/"
            },
            "version_group": {
                "name": "sword-shield",
                "url": "/api/v2/version-group/20/"
            }
        },
        {
            "flavor_text": "\u56e0\u745c\u4f3d\u7684\u529b\u91cf\uff0c\n\u7269\u7406\u653b\u51fb\u7684\u5a01\u529b\u4f1a\u53d8\u4e3a\uff12\u500d\u3002",
            "language": {
                "name": "zh-Hans",
                "url": "/api/v2/language/12/"
            },
            "version_group": {
                "name": "sword-shield",
                "url": "/api/v2/version-group/20/"
            }
        },
        {
            "flavor_text": "Le Pok\u00e9mon utilise sa ma\u00eetrise du yoga pour doubler\\nla puissance de ses attaques physiques.",
            "language": {
                "name": "fr",
                "url": "/api/v2/language/5/"
            },
            "version_group": {
                "name": "scarlet-violet",
                "url": "/api/v2/version-group/25/"
            }
        },
        {
            "flavor_text": "Using its pure power, the Pok\u00e9mon doubles its Attack stat.",
            "language": {
                "name": "en",
                "url": "/api/v2/language/9/"
            },
            "version_group": {
                "name": "scarlet-violet",
                "url": "/api/v2/version-group/25/"
            }
        }
    ],
    "generation": {
        "name": "generation-iii",
        "url": "/api/v2/generation/3/"
    },
    "id": 74,
    "is_main_series": true,
    "name": "pure-power",
    "names": [
        {
            "language": {
                "name": "ja-Hrkt",
                "url": "/api/v2/language/1/"
            },
            "name": "\u30e8\u30ac\u30d1\u30ef\u30fc"
        },
        {
            "language": {
                "name": "ko",
                "url": "/api/v2/language/3/"
            },
            "name": "\uc21c\uc218\ud55c\ud798"
        },
        {
            "language": {
                "name": "zh-Hant",
                "url": "/api/v2/language/4/"
            },
            "name": "\u745c\u4f3d\u4e4b\u529b"
        },
        {
            "language": {
                "name": "fr",
                "url": "/api/v2/language/5/"
            },
            "name": "Force Pure"
        },
        {
            "language": {
                "name": "de",
                "url": "/api/v2/language/6/"
            },
            "name": "Mentalkraft"
        },
        {
            "language": {
                "name": "es",
                "url": "/api/v2/language/7/"
            },
            "name": "Energ\u00eda Pura"
        },
        {
            "language": {
                "name": "it",
                "url": "/api/v2/language/8/"
            },
            "name": "Forzapura"
        },
        {
            "language": {
                "name": "en",
                "url": "/api/v2/language/9/"
            },
            "name": "Pure Power"
        },
        {
            "language": {
                "name": "ja",
                "url": "/api/v2/language/11/"
            },
            "name": "\u30e8\u30ac\u30d1\u30ef\u30fc"
        },
        {
            "language": {
                "name": "zh-Hans",
                "url": "/api/v2/language/12/"
            },
            "name": "\u745c\u4f3d\u4e4b\u529b"
        }
    ],
    "pokemon": [
        {
            "is_hidden": false,
            "pokemon": {
                "name": "meditite",
                "url": "/api/v2/pokemon/307/"
            },
            "slot": 1
        },
        {
            "is_hidden": false,
            "pokemon": {
                "name": "medicham",
                "url": "/api/v2/pokemon/308/"
            },
            "slot": 1
        },
        {
            "is_hidden": false,
            "pokemon": {
                "name": "medicham-mega",
                "url": "/api/v2/pokemon/10054/"
            },
            "slot": 1
        }
    ]
}