{
    "effect_changes": [
        {
            "effect_entries": [
                {
                    "effect": "Funktioniert nur wenn es mit plus kombiniert wird.",
                    "language": {
                        "name": "de",
                        "url": "/api/v2/language/6/"
                    }
                },
                {
                    "effect": "Powers up only when paired with plus.",
                    "language": {
                        "name": "en",
                        "url": "/api/v2/language/9/"
                    }
                }
            ],
            "version_group": {
                "name": "black-white",
                "url": "/api/v2/version-group/11/"
            }
        }
    ],
    "effect_entries": [
        {
            "effect": "Pok\u00e9mon mit dieser F\u00e4higkeit haben einen 1,5\u00d7 so hohen special attack wenn ein Team-Pok\u00e9mon die F\u00e4higkeit plus oder minus hat.\n\nDer Bonus z\u00e4hlt nicht als stat modifier. Wenn eine der F\u00e4higkeiten deaktiviert wird, z.B. von gastro acid, verlieren beide ihren Effekt.",
            "language": {
                "name": "de",
                "url": "/api/v2/language/6/"
            },
            "short_effect": "Erh\u00f6ht den special attack um 50% wenn ein Team-Pok\u00e9mon plus oder minus hat."
        },
        {
            "effect": "This Pok\u00e9mon has 1.5\u00d7 its Special Attack if any friendly Pok\u00e9mon has plus or minus.\n\nThis bonus does not count as a stat modifier.  If either ability is disabled by gastro acid, both lose their effect.",
            "language": {
                "name": "en",
                "url": "/api/v2/language/9/"
            },
            "short_effect": "Increases Special Attack to 1.5\u00d7 when a friendly Pok\u00e9mon has plus or minus."
        }
    ],
    "flavor_text_entries": [
        {
            "flavor_text": "Potencia el At. Esp. si alg\u00fan otro\nPok\u00e9mon tiene M\u00e1s o Menos.",
            "language": {
                "name": "es",
                "url": "/api/v2/language/7/"
            },
            "version_group": {
                "name": "x-y",
                "url": "/api/v2/version-group/15/"
            }
        },
        {
            "flavor_text": "Puissance + avec PLUS.",
            "language": {
                "name": "fr",
                "url": "/api/v2/language/5/"
            },
            "version_group": {
                "name": "ruby-sapphire",
                "url": "/api/v2/version-group/5/"
            }
        },
        {
            "flavor_text": "Powers up with PLUS.",
            "language": {
                "name": "en",
                "url": "/api/v2/language/9/"
            },
            "version_group": {
                "name": "ruby-sapphire",
                "url": "/api/v2/version-group/5/"
            }
        },
        {
            "flavor_text": "Puissance + avec PLUS.",
            "language": {
                "name": "fr",
                "url": "/api/v2/language/5/"
            },
            "version_group": {
                "name": "emerald",
                "url": "/api/v2/version-group/6/"
            }
        },
        {
            "flavor_text": "Powers up with PLUS.",
            "language": {
                "name": "en",
                "url": "/api/v2/language/9/"
            },
            "version_group": {
                "name": "emerald",
                "url": "/api/v2/version-group/6/"
            }
        },
        {
            "flavor_text": "Puissance + avec PLUS.",
            "language": {
                "name": "fr",
                "url": "/api/v2/language/5/"
            },
            "version_group": {
                "name": "firered-leafgreen",
                "url": "/api/v2/version-group/7/"
            }
        },
        {
            "flavor_text": "Powers up with PLUS.",
            "language": {
                "name": "en",
                "url": "/api/v2/language/9/"
            },
            "version_group": {
                "name": "firered-leafgreen",
                "url": "/api/v2/version-group/7/"
            }
        },
        {
            "flavor_text": "Am\u00e9liore l'Atq. Sp\u00e9. si un autre Pok\u00e9mon a Plus.",
            "language": {
                "name": "fr",
                "url": "/api/v2/language/5/"
            },
            "version_group": {
                "name": "diamond-pearl",
                "url": "/api/v2/version-group/8/"
            }
        },
        {
            "flavor_text": "Boosts Sp. Atk if another\nPok\u00e9mon has Plus.",
            "language": {
                "name": "en",
                "url": "/api/v2/language/9/"
            },
            "version_group": {
                "name": "diamond-pearl",
                "url": "/api/v2/version-group/8/"
            }
        },
        {
            "flavor_text": "Am\u00e9liore l'Atq. Sp\u00e9. si un autre Pok\u00e9mon a Plus.",
            "language": {
                "name": "fr",
                "url": "/api/v2/language/5/"
            },
            "version_group": {
                "name": "platinum",
                "url": "/api/v2/version-group/9/"
            }
        },
        {
            "flavor_text": "Boosts Sp. Atk if another\nPok\u00e9mon has Plus.",
            "language": {
                "name": "en",
                "url": "/api/v2/language/9/"
            },
            "version_group": {
                "name": "platinum",
                "url": "/api/v2/version-group/9/"
            }
        },
        {
            "flavor_text": "Am\u00e9liore l'Atq. Sp\u00e9. si un autre Pok\u00e9mon a Plus.",
            "language": {
                "name": "fr",
                "url": "/api/v2/language/5/"
            },
            "version_group": {
                "name": "heartgold-soulsilver",
                "url": "/api/v2/version-group/10/"
            }
        },
        {
            "flavor_text": "Ups Sp. Atk if another\nPok\u00e9mon has Plus.",
            "language": {
                "name": "en",
                "url": "/api/v2/language/9/"
            },
            "version_group": {
                "name": "heartgold-soulsilver",
                "url": "/api/v2/version-group/10/"
            }
        },
        {
            "flavor_text": "Augmente l'Atq. Sp\u00e9. si un autre Pok\u00e9mon a Minus ou Plus.",
            "language": {
                "name": "fr",
                "url": "/api/v2/language/5/"
            },
            "version_group": {
                "name": "black-white",
                "url": "/api/v2/version-group/11/"
            }
        },
        {
            "flavor_text": "Augmente l\u2019Atq. Sp\u00e9. si un\nPok\u00e9mon a Minus ou Plus.",
            "language": {
                "name": "fr",
                "url": "/api/v2/language/5/"
            },
            "version_group": {
                "name": "black-white",
                "url": "/api/v2/version-group/11/"
            }
        },
        {
            "flavor_text": "Ups Sp. Atk if another\nPok\u00e9mon has Plus or Minus.",
            "language": {
                "name": "en",
                "url": "/api/v2/language/9/"
            },
            "version_group": {
                "name": "black-white",
                "url": "/api/v2/version-group/11/"
            }
        },
        {
            "flavor_text": "Augmente l'Atq. Sp\u00e9. si un autre Pok\u00e9mon a Minus ou Plus.",
            "language": {
                "name": "fr",
                "url": "/api/v2/language/5/"
            },
            "version_group": {
                "name": "xd",
                "url": "/api/v2/version-group/13/"
            }
        },
        {
            "flavor_text": "Augmente l'Atq. Sp\u00e9. si un autre Pok\u00e9mon a Minus ou Plus.",
            "language": {
                "name": "fr",
                "url": "/api/v2/language/5/"
            },
            "version_group": {
                "name": "black-2-white-2",
                "url": "/api/v2/version-group/14/"
            }
        },
        {
            "flavor_text": "Ups Sp. Atk if another\nPok\u00e9mon has Plus or Minus.",
            "language": {
                "name": "en",
                "url": "/api/v2/language/9/"
            },
            "version_group": {
                "name": "black-2-white-2",
                "url": "/api/v2/version-group/14/"
            }
        },
        {
            "flavor_text": "\u30d7\u30e9\u30b9\u304b\u30de\u30a4\u30ca\u30b9\u304c\u3044\u308b\u3068\n\u3068\u304f\u3053\u3046\u304c\u3000\u3042\u304c\u308b\u3002",
            "language": {
                "name": "ja-Hrkt",
                "url": "/api/v2/language/1/"
            },
            "version_group": {
                "name": "x-y",
                "url": "/api/v2/version-group/15/"
            }
        },
        {
            "flavor_text": "\ud50c\ub7ec\uc2a4\ub098 \ub9c8\uc774\ub108\uc2a4\uac00 \uc788\uc73c\uba74\n\ud2b9\uc218\uacf5\uaca9\uc774 \uc62c\ub77c\uac04\ub2e4.",
            "language": {
                "name": "ko",
                "url": "/api/v2/language/3/"
            },
            "version_group": {
                "name": "x-y",
                "url": "/api/v2/version-group/15/"
            }
        },
        {
            "flavor_text": "Augmente l\u2019Attaque Sp\u00e9ciale si\nun Pok\u00e9mon a Minus ou Plus.",
            "language": {
                "name": "fr",
                "url": "/api/v2/language/5/"
            },
            "version_group": {
                "name": "x-y",
                "url": "/api/v2/version-group/15/"
            }
        },
        {
            "flavor_text": "Erh\u00f6ht den Spezial-Angriff, wenn\nPlus oder Minus vertreten sind.",
            "language": {
                "name": "de",
                "url": "/api/v2/language/6/"
            },
            "version_group": {
                "name": "x-y",
                "url": "/api/v2/version-group/15/"
            }
        },
        {
            "flavor_text": "Aumenta l\u2019Attacco Speciale se ci\nsono Pok\u00e9mon con Meno o Pi\u00f9.",
            "language": {
                "name": "it",
                "url": "/api/v2/language/8/"
            },
            "version_group": {
                "name": "x-y",
                "url": "/api/v2/version-group/15/"
            }
        },
        {
            "flavor_text": "Boosts the Sp. Atk stat if another\nPok\u00e9mon has Plus or Minus.",
            "language": {
                "name": "en",
                "url": "/api/v2/language/9/"
            },
            "version_group": {
                "name": "x-y",
                "url": "/api/v2/version-group/15/"
            }
        },
        {
            "flavor_text": "\u30d7\u30e9\u30b9\u304b\u30de\u30a4\u30ca\u30b9\u304c\u3044\u308b\u3068\n\u7279\u653b\u304c\u3000\u3042\u304c\u308b\u3002",
            "language": {
                "name": "ja",
                "url": "/api/v2/language/11/"
            },
            "version_group": {
                "name": "x-y",
                "url": "/api/v2/version-group/15/"
            }
        },
        {
            "flavor_text": "\u30d7\u30e9\u30b9\u304b\u30de\u30a4\u30ca\u30b9\u304c\u3044\u308b\u3068\n\u3068\u304f\u3053\u3046\u304c\u3000\u3042\u304c\u308b\u3002",
            "language": {
                "name": "ja-Hrkt",
                "url": "/api/v2/language/1/"
            },
            "version_group": {
                "name": "omega-ruby-alpha-sapphire",
                "url": "/api/v2/version-group/16/"
            }
        },
        {
            "flavor_text": "\ud50c\ub7ec\uc2a4\ub098 \ub9c8\uc774\ub108\uc2a4\uac00 \uc788\uc73c\uba74\n\ud2b9\uc218\uacf5\uaca9\uc774 \uc62c\ub77c\uac04\ub2e4.",
            "language": {
                "name": "ko",
                "url": "/api/v2/language/3/"
            },
            "version_group": {
                "name": "omega-ruby-alpha-sapphire",
                "url": "/api/v2/version-group/16/"
            }
        },
        {
            "flavor_text": "Augmente l'Atq. Sp\u00e9. si un autre Pok\u00e9mon a Minus ou Plus.",
            "language": {
                "name": "fr",
                "url": "/api/v2/language/5/"
            },
            "version_group": {
                "name": "omega-ruby-alpha-sapphire",
                "url": "/api/v2/version-group/16/"
            }
        },
        {
            "flavor_text": "Augmente l\u2019Atq. Sp\u00e9. si un autre\nPok\u00e9mon a Minus ou Plus.",
            "language": {
                "name": "fr",
                "url": "/api/v2/language/5/"
            },
            "version_group": {
                "name": "omega-ruby-alpha-sapphire",
                "url": "/api/v2/version-group/16/"
            }
        },
        {
            "flavor_text": "Erh\u00f6ht den Spezial-Angriff, wenn\nPlus oder Minus vertreten ist.",
            "language": {
                "name": "de",
                "url": "/api/v2/language/6/"
            },
            "version_group": {
                "name": "omega-ruby-alpha-sapphire",
                "url": "/api/v2/version-group/16/"
            }
        },
        {
            "flavor_text": "Potencia el At. Esp. si alg\u00fan otro\nPok\u00e9mon tiene M\u00e1s o Menos.",
            "language": {
                "name": "es",
                "url": "/api/v2/language/7/"
            },
            "version_group": {
                "name": "omega-ruby-alpha-sapphire",
                "url": "/api/v2/version-group/16/"
            }
        },
        {
            "flavor_text": "Aumenta l\u2019Attacco Speciale se ci\nsono Pok\u00e9mon con Meno o Pi\u00f9.",
            "language": {
                "name": "it",
                "url": "/api/v2/language/8/"
            },
            "version_group": {
                "name": "omega-ruby-alpha-sapphire",
                "url": "/api/v2/version-group/16/"
            }
        },
        {
            "flavor_text": "Boosts the Sp. Atk stat if another\nPok\u00e9mon has Plus or Minus.",
            "language": {
                "name": "en",
                "url": "/api/v2/language/9/"
            },
            "version_group": {
                "name": "omega-ruby-alpha-sapphire",
                "url": "/api/v2/version-group/16/"
            }
        },
        {
            "flavor_text": "\u30d7\u30e9\u30b9\u304b\u30de\u30a4\u30ca\u30b9\u304c\u3044\u308b\u3068\n\u7279\u653b\u304c\u3000\u3042\u304c\u308b\u3002",
            "language": {
                "name": "ja",
                "url": "/api/v2/language/11/"
            },
            "version_group": {
                "name": "omega-ruby-alpha-sapphire",
                "url": "/api/v2/version-group/16/"
            }
        },
        {
            "flavor_text": "\u30d7\u30e9\u30b9\u304b\u3000\u30de\u30a4\u30ca\u30b9\u306e\u3000\u3068\u304f\u305b\u3044\u3092\u3000\u3082\u3064\n\u30dd\u30b1\u30e2\u30f3\u304c\u3000\u306a\u304b\u307e\u306b\u3000\u3044\u308b\u3068\n\u3058\u3076\u3093\u306e\u3000\u3068\u304f\u3053\u3046\u304c\u3000\u3042\u304c\u308b\u3002",
            "language": {
                "name": "ja-Hrkt",
                "url": "/api/v2/language/1/"
            },
            "version_group": {
                "name": "sun-moon",
                "url": "/api/v2/version-group/17/"
            }
        },
        {
            "flavor_text": "\ud50c\ub7ec\uc2a4\ub098 \ub9c8\uc774\ub108\uc2a4\uc758 \ud2b9\uc131\uc744 \uac00\uc9c4\n\ud3ec\ucf13\ubaac\uc774 \ub3d9\ub8cc\uc5d0 \uc788\uc73c\uba74\n\uc790\uc2e0\uc758 \ud2b9\uc218\uacf5\uaca9\uc774 \uc62c\ub77c\uac04\ub2e4.",
            "language": {
                "name": "ko",
                "url": "/api/v2/language/3/"
            },
            "version_group": {
                "name": "sun-moon",
                "url": "/api/v2/version-group/17/"
            }
        },
        {
            "flavor_text": "\u5834\u4e0a\u7684\u5925\u4f34\u4e4b\u4e2d\uff0c\n\u5982\u679c\u6709\u6b63\u96fb\u6216\u8ca0\u96fb\u7279\u6027\u7684\u5bf6\u53ef\u5922\uff0c\n\u81ea\u5df1\u7684\u7279\u653b\u6703\u63d0\u9ad8\u3002",
            "language": {
                "name": "zh-Hant",
                "url": "/api/v2/language/4/"
            },
            "version_group": {
                "name": "sun-moon",
                "url": "/api/v2/version-group/17/"
            }
        },
        {
            "flavor_text": "L'Attaque Sp\u00e9ciale du Pok\u00e9mon augmente si un Pok\u00e9mon alli\u00e9 a le talent Minus ou Plus.",
            "language": {
                "name": "fr",
                "url": "/api/v2/language/5/"
            },
            "version_group": {
                "name": "sun-moon",
                "url": "/api/v2/version-group/17/"
            }
        },
        {
            "flavor_text": "L\u2019Attaque Sp\u00e9ciale du Pok\u00e9mon augmente\nsi un Pok\u00e9mon alli\u00e9 a le talent Minus ou Plus.",
            "language": {
                "name": "fr",
                "url": "/api/v2/language/5/"
            },
            "version_group": {
                "name": "sun-moon",
                "url": "/api/v2/version-group/17/"
            }
        },
        {
            "flavor_text": "Erh\u00f6ht den Spezial-Angriff, wenn das Pok\u00e9mon einen\nMitstreiter mit der F\u00e4higkeit Plus oder Minus hat.",
            "language": {
                "name": "de",
                "url": "/api/v2/language/6/"
            },
            "version_group": {
                "name": "sun-moon",
                "url": "/api/v2/version-group/17/"
            }
        },
        {
            "flavor_text": "Potencia el Ataque Especial si un Pok\u00e9mon aliado\ntiene la habilidad M\u00e1s o Menos.",
            "language": {
                "name": "es",
                "url": "/api/v2/language/7/"
            },
            "version_group": {
                "name": "sun-moon",
                "url": "/api/v2/version-group/17/"
            }
        },
        {
            "flavor_text": "Aumenta l\u2019Attacco Speciale se ci sono\nalleati con l\u2019abilit\u00e0 Meno o Pi\u00f9.",
            "language": {
                "name": "it",
                "url": "/api/v2/language/8/"
            },
            "version_group": {
                "name": "sun-moon",
                "url": "/api/v2/version-group/17/"
            }
        },
        {
            "flavor_text": "Boosts the Sp. Atk stat of the Pok\u00e9mon if an ally\nwith the Plus or Minus Ability is also in battle.",
            "language": {
                "name": "en",
                "url": "/api/v2/language/9/"
            },
            "version_group": {
                "name": "sun-moon",
                "url": "/api/v2/version-group/17/"
            }
        },
        {
            "flavor_text": "\u30d7\u30e9\u30b9\u304b\u3000\u30de\u30a4\u30ca\u30b9\u306e\u3000\u7279\u6027\u3092\u3000\u6301\u3064\n\u30dd\u30b1\u30e2\u30f3\u304c\u3000\u4ef2\u9593\u306b\u3000\u3044\u308b\u3068\n\u81ea\u5206\u306e\u3000\u7279\u653b\u304c\u3000\u4e0a\u304c\u308b\u3002",
            "language": {
                "name": "ja",
                "url": "/api/v2/language/11/"
            },
            "version_group": {
                "name": "sun-moon",
                "url": "/api/v2/version-group/17/"
            }
        },
        {
            "flavor_text": "\u51fa\u573a\u7684\u4f19\u4f34\u4e4b\u95f4\n\u5982\u679c\u6709\u6b63\u7535\u6216\u8d1f\u7535\u7279\u6027\u7684\u5b9d\u53ef\u68a6\uff0c\n\u81ea\u5df1\u7684\u7279\u653b\u4f1a\u63d0\u9ad8\u3002",
            "language": {
                "name": "zh-Hans",
                "url": "/api/v2/language/12/"
            },
            "version_group": {
                "name": "sun-moon",
                "url": "/api/v2/version-group/17/"
            }
        },
        {
            "flavor_text": "\u30d7\u30e9\u30b9\u304b\u3000\u30de\u30a4\u30ca\u30b9\u306e\u3000\u3068\u304f\u305b\u3044\u3092\u3000\u3082\u3064\n\u30dd\u30b1\u30e2\u30f3\u304c\u3000\u306a\u304b\u307e\u306b\u3000\u3044\u308b\u3068\n\u3058\u3076\u3093\u306e\u3000\u3068\u304f\u3053\u3046\u304c\u3000\u3042\u304c\u308b\u3002",
            "language": {
                "name": "ja-Hrkt",
                "url": "/api/v2/language/1/"
            },
            "version_group": {
                "name": "ultra-sun-ultra-moon",
                "url": "/api/v2/version-group/18/"
            }
        },
        {
            "flavor_text": "\ud50c\ub7ec\uc2a4\ub098 \ub9c8\uc774\ub108\uc2a4\uc758 \ud2b9\uc131\uc744 \uac00\uc9c4\n\ud3ec\ucf13\ubaac\uc774 \ub3d9\ub8cc\uc5d0 \uc788\uc73c\uba74\n\uc790\uc2e0\uc758 \ud2b9\uc218\uacf5\uaca9\uc774 \uc62c\ub77c\uac04\ub2e4.",
            "language": {
                "name": "ko",
                "url": "/api/v2/language/3/"
            },
            "version_group": {
                "name": "ultra-sun-ultra-moon",
                "url": "/api/v2/version-group/18/"
            }
        },
        {
            "flavor_text": "\u5834\u4e0a\u7684\u5925\u4f34\u4e4b\u4e2d\uff0c\n\u5982\u679c\u6709\u6b63\u96fb\u6216\u8ca0\u96fb\u7279\u6027\u7684\u5bf6\u53ef\u5922\uff0c\n\u81ea\u5df1\u7684\u7279\u653b\u6703\u63d0\u9ad8\u3002",
            "language": {
                "name": "zh-Hant",
                "url": "/api/v2/language/4/"
            },
            "version_group": {
                "name": "ultra-sun-ultra-moon",
                "url": "/api/v2/version-group/18/"
            }
        },
        {
            "flavor_text": "L'Attaque Sp\u00e9ciale du Pok\u00e9mon augmente si un Pok\u00e9mon alli\u00e9 a le talent Minus ou Plus.",
            "language": {
                "name": "fr",
                "url": "/api/v2/language/5/"
            },
            "version_group": {
                "name": "ultra-sun-ultra-moon",
                "url": "/api/v2/version-group/18/"
            }
        },
        {
            "flavor_text": "L\u2019Attaque Sp\u00e9ciale du Pok\u00e9mon augmente\nsi un Pok\u00e9mon alli\u00e9 a le talent Minus ou Plus.",
            "language": {
                "name": "fr",
                "url": "/api/v2/language/5/"
            },
            "version_group": {
                "name": "ultra-sun-ultra-moon",
                "url": "/api/v2/version-group/18/"
            }
        },
        {
            "flavor_text": "Erh\u00f6ht den Spezial-Angriff, wenn das Pok\u00e9mon einen\nMitstreiter mit der F\u00e4higkeit Plus oder Minus hat.",
            "language": {
                "name": "de",
                "url": "/api/v2/language/6/"
            },
            "version_group": {
                "name": "ultra-sun-ultra-moon",
                "url": "/api/v2/version-group/18/"
            }
        },
        {
            "flavor_text": "Potencia el Ataque Especial si un Pok\u00e9mon aliado\ntiene la habilidad M\u00e1s o Menos.",
            "language": {
                "name": "es",
                "url": "/api/v2/language/7/"
            },
            "version_group": {
                "name": "ultra-sun-ultra-moon",
                "url": "/api/v2/version-group/18/"
            }
        },
        {
            "flavor_text": "Aumenta l\u2019Attacco Speciale se ci sono\nalleati con l\u2019abilit\u00e0 Meno o Pi\u00f9.",
            "language": {
                "name": "it",
                "url": "/api/v2/language/8/"
            },
            "version_group": {
                "name": "ultra-sun-ultra-moon",
                "url": "/api/v2/version-group/18/"
            }
        },
        {
            "flavor_text": "Boosts the Sp. Atk stat of the Pok\u00e9mon if an ally\nwith the Plus or Minus Ability is also in battle.",
            "language": {
                "name": "en",
                "url": "/api/v2/language/9/"
            },
            "version_group": {
                "name": "ultra-sun-ultra-moon",
                "url": "/api/v2/version-group/18/"
            }
        },
        {
            "flavor_text": "\u30d7\u30e9\u30b9\u304b\u3000\u30de\u30a4\u30ca\u30b9\u306e\u3000\u7279\u6027\u3092\u3000\u6301\u3064\n\u30dd\u30b1\u30e2\u30f3\u304c\u3000\u4ef2\u9593\u306b\u3000\u3044\u308b\u3068\n\u81ea\u5206\u306e\u3000\u7279\u653b\u304c\u3000\u4e0a\u304c\u308b\u3002",
            "language": {
                "name": "ja",
                "url": "/api/v2/language/11/"
            },
            "version_group": {
                "name": "ultra-sun-ultra-moon",
                "url": "/api/v2/version-group/18/"
            }
        },
        {
            "flavor_text": "\u51fa\u573a\u7684\u4f19\u4f34\u4e4b\u95f4\n\u5982\u679c\u6709\u6b63\u7535\u6216\u8d1f\u7535\u7279\u6027\u7684\u5b9d\u53ef\u68a6\uff0c\n\u81ea\u5df1\u7684\u7279\u653b\u4f1a\u63d0\u9ad8\u3002",
            "language": {
                "name": "zh-Hans",
                "url": "/api/v2/language/12/"
            },
            "version_group": {
                "name": "ultra-sun-ultra-moon",
                "url": "/api/v2/version-group/18/"
            }
        },
        {
            "flavor_text": "\u30d7\u30e9\u30b9\u304b\u3000\u30de\u30a4\u30ca\u30b9\u306e\u3000\u3068\u304f\u305b\u3044\u3092\u3000\u3082\u3064\n\u30dd\u30b1\u30e2\u30f3\u304c\u3000\u306a\u304b\u307e\u306b\u3000\u3044\u308b\u3068\n\u3058\u3076\u3093\u306e\u3000\u3068\u304f\u3053\u3046\u304c\u3000\u3042\u304c\u308b\u3002",
            "language": {
                "name": "ja-Hrkt",
                "url": "/api/v2/language/1/"
            },
            "version_group": {
                "name": "lets-go-pikachu-lets-go-eevee",
                "url": "/api/v2/version-group/19/"
            }
        },
        {
            "flavor_text": "\ud50c\ub7ec\uc2a4\ub098 \ub9c8\uc774\ub108\uc2a4\uc758 \ud2b9\uc131\uc744 \uac00\uc9c4\n\ud3ec\ucf13\ubaac\uc774 \ub3d9\ub8cc\uc5d0 \uc788\uc73c\uba74\n\uc790\uc2e0\uc758 \ud2b9\uc218\uacf5\uaca9\uc774 \uc62c\ub77c\uac04\ub2e4.",
            "language": {
                "name": "ko",
                "url": "/api/v2/language/3/"
            },
            "version_group": {
                "name": "lets-go-pikachu-lets-go-eevee",
                "url": "/api/v2/version-group/19/"
            }
        },
        {
            "flavor_text": "\u5834\u4e0a\u7684\u5925\u4f34\u4e4b\u4e2d\uff0c\n\u5982\u679c\u6709\u6b63\u96fb\u6216\u8ca0\u96fb\u7279\u6027\u7684\u5bf6\u53ef\u5922\uff0c\n\u81ea\u5df1\u7684\u7279\u653b\u6703\u63d0\u9ad8\u3002",
            "language": {
                "name": "zh-Hant",
                "url": "/api/v2/language/4/"
            },
            "version_group": {
                "name": "lets-go-pikachu-lets-go-eevee",
                "url": "/api/v2/version-group/19/"
            }
        },
        {
            "flavor_text": "L\u2019Attaque Sp\u00e9ciale du Pok\u00e9mon augmente\nsi un Pok\u00e9mon alli\u00e9 a le talent Minus ou Plus.",
            "language": {
                "name": "fr",
                "url": "/api/v2/language/5/"
            },
            "version_group": {
                "name": "lets-go-pikachu-lets-go-eevee",
                "url": "/api/v2/version-group/19/"
            }
        },
        {
            "flavor_text": "Erh\u00f6ht den Spezial-Angriff, wenn das Pok\u00e9mon einen\nMitstreiter mit der F\u00e4higkeit Plus oder Minus hat.",
            "language": {
                "name": "de",
                "url": "/api/v2/language/6/"
            },
            "version_group": {
                "name": "lets-go-pikachu-lets-go-eevee",
                "url": "/api/v2/version-group/19/"
            }
        },
        {
            "flavor_text": "Potencia el Ataque Especial si un Pok\u00e9mon aliado\ntiene la habilidad M\u00e1s o Menos.",
            "language": {
                "name": "es",
                "url": "/api/v2/language/7/"
            },
            "version_group": {
                "name": "lets-go-pikachu-lets-go-eevee",
                "url": "/api/v2/version-group/19/"
            }
        },
        {
            "flavor_text": "Aumenta l\u2019Attacco Speciale se ci sono\nalleati con l\u2019abilit\u00e0 Meno o Pi\u00f9.",
            "language": {
                "name": "it",
                "url": "/api/v2/language/8/"
            },
            "version_group": {
                "name": "lets-go-pikachu-lets-go-eevee",
                "url": "/api/v2/version-group/19/"
            }
        },
        {
            "flavor_text": "Boosts the Sp. Atk stat of the Pok\u00e9mon if an ally\nwith the Plus or Minus Ability is also in battle.",
            "language": {
                "name": "en",
                "url": "/api/v2/language/9/"
            },
            "version_group": {
                "name": "lets-go-pikachu-lets-go-eevee",
                "url": "/api/v2/version-group/19/"
            }
        },
        {
            "flavor_text": "\u30d7\u30e9\u30b9\u304b\u3000\u30de\u30a4\u30ca\u30b9\u306e\u3000\u7279\u6027\u3092\u3000\u6301\u3064\n\u30dd\u30b1\u30e2\u30f3\u304c\u3000\u4ef2\u9593\u306b\u3000\u3044\u308b\u3068\n\u81ea\u5206\u306e\u3000\u7279\u653b\u304c\u3000\u4e0a\u304c\u308b\u3002",
            "language": {
                "name": "ja",
                "url": "/api/v2/language/11/"
            },
            "version_group": {
                "name": "lets-go-pikachu-lets-go-eevee",
                "url": "/api/v2/version-group/19/"
            }
        },
        {
            "flavor_text": "\u51fa\u573a\u7684\u4f19\u4f34\u4e4b\u95f4\n\u5982\u679c\u6709\u6b63\u7535\u6216\u8d1f\u7535\u7279\u6027\u7684\u5b9d\u53ef\u68a6\uff0c\n\u81ea\u5df1\u7684\u7279\u653b\u4f1a\u63d0\u9ad8\u3002",
            "language": {
                "name": "zh-Hans",
                "url": "/api/v2/language/12/"
            },
            "version_group": {
                "name": "lets-go-pikachu-lets-go-eevee",
                "url": "/api/v2/version-group/19/"
            }
        },
        {
            "flavor_text": "\u30d7\u30e9\u30b9\u304b\u3000\u30de\u30a4\u30ca\u30b9\u306e\u3000\u3068\u304f\u305b\u3044\u3092\u3000\u3082\u3064\n\u30dd\u30b1\u30e2\u30f3\u304c\u3000\u306a\u304b\u307e\u306b\u3000\u3044\u308b\u3068\n\u3058\u3076\u3093\u306e\u3000\u3068\u304f\u3053\u3046\u304c\u3000\u3042\u304c\u308b\u3002",
            "language": {
                "name": "ja-Hrkt",
                "url": "/api/v2/language/1/"
            },
            "version_group": {
                "name": "sword-shield",
                "url": "/api/v2/version-group/20/"
            }
        },
        {
            "flavor_text": "\ud50c\ub7ec\uc2a4\ub098 \ub9c8\uc774\ub108\uc2a4\uc758 \ud2b9\uc131\uc744 \uac00\uc9c4\n\ud3ec\ucf13\ubaac\uc774 \ub3d9\ub8cc\uc5d0 \uc788\uc73c\uba74\n\uc790\uc2e0\uc758 \ud2b9\uc218\uacf5\uaca9\uc774 \uc62c\ub77c\uac04\ub2e4.",
            "language": {
                "name": "ko",
                "url": "/api/v2/language/3/"
            },
            "version_group": {
                "name": "sword-shield",
                "url": "/api/v2/version-group/20/"
            }
        },
        {
            "flavor_text": "\u5834\u4e0a\u7684\u5925\u4f34\u4e4b\u4e2d\uff0c\n\u5982\u679c\u6709\u6b63\u96fb\u6216\u8ca0\u96fb\u7279\u6027\u7684\u5bf6\u53ef\u5922\uff0c\n\u81ea\u5df1\u7684\u7279\u653b\u6703\u63d0\u9ad8\u3002",
            "language": {
                "name": "zh-Hant",
                "url": "/api/v2/language/4/"
            },
            "version_group": {
                "name": "sword-shield",
                "url": "/api/v2/version-group/20/"
            }
        },
        {
            "flavor_text": "L'Attaque Sp\u00e9ciale du Pok\u00e9mon augmente si un Pok\u00e9mon alli\u00e9 a le talent Moins ou Plus.",
            "language": {
                "name": "fr",
                "url": "/api/v2/language/5/"
            },
            "version_group": {
                "name": "sword-shield",
                "url": "/api/v2/version-group/20/"
            }
        },
        {
            "flavor_text": "L\u2019Attaque Sp\u00e9ciale du Pok\u00e9mon augmente\nsi un Pok\u00e9mon alli\u00e9 a le talent Moins ou Plus.",
            "language": {
                "name": "fr",
                "url": "/api/v2/language/5/"
            },
            "version_group": {
                "name": "sword-shield",
                "url": "/api/v2/version-group/20/"
            }
        },
        {
            "flavor_text": "Erh\u00f6ht den Spezial-Angriff, wenn das Pok\u00e9mon einen\nMitstreiter mit der F\u00e4higkeit Plus oder Minus hat.",
            "language": {
                "name": "de",
                "url": "/api/v2/language/6/"
            },
            "version_group": {
                "name": "sword-shield",
                "url": "/api/v2/version-group/20/"
            }
        },
        {
            "flavor_text": "Potencia su Ataque Especial si un Pok\u00e9mon aliado tiene\nla habilidad M\u00e1s o Menos.",
            "language": {
                "name": "es",
                "url": "/api/v2/language/7/"
            },
            "version_group": {
                "name": "sword-shield",
                "url": "/api/v2/version-group/20/"
            }
        },
        {
            "flavor_text": "L\u2019Attacco Speciale aumenta se ci sono alleati con\nl\u2019abilit\u00e0 Meno o Pi\u00f9.",
            "language": {
                "name": "it",
                "url": "/api/v2/language/8/"
            },
            "version_group": {
                "name": "sword-shield",
                "url": "/api/v2/version-group/20/"
            }
        },
        {
            "flavor_text": "Boosts the Sp. Atk stat of the Pok\u00e9mon if an ally\nwith the Plus or Minus Ability is also in battle.",
            "language": {
                "name": "en",
                "url": "/api/v2/language/9/"
            },
            "version_group": {
                "name": "sword-shield",
                "url": "/api/v2/version-group/20/"
            }
        },
        {
            "flavor_text": "\u30d7\u30e9\u30b9\u304b\u3000\u30de\u30a4\u30ca\u30b9\u306e\u3000\u7279\u6027\u3092\u3000\u6301\u3064\n\u30dd\u30b1\u30e2\u30f3\u304c\u3000\u4ef2\u9593\u306b\u3000\u3044\u308b\u3068\n\u81ea\u5206\u306e\u3000\u7279\u653b\u304c\u3000\u4e0a\u304c\u308b\u3002",
            "language": {
                "name": "ja",
                "url": "/api/v2/language/11/"
            },
            "version_group": {
                "name": "sword-shield",
                "url": "/api/v2/version-group/20/"
            }
        },
        {
            "flavor_text": "\u51fa\u573a\u7684\u4f19\u4f34\u4e4b\u95f4\n\u5982\u679c\u6709\u6b63\u7535\u6216\u8d1f\u7535\u7279\u6027\u7684\u5b9d\u53ef\u68a6\uff0c\n\u81ea\u5df1\u7684\u7279\u653b\u4f1a\u63d0\u9ad8\u3002",
            "language": {
                "name": "zh-Hans",
                "url": "/api/v2/language/12/"
            },
            "version_group": {
                "name": "sword-shield",
                "url": "/api/v2/version-group/20/"
            }
        },
        {
            "flavor_text": "L\u2019Attaque Sp\u00e9ciale du Pok\u00e9mon augmente\\nsi un Pok\u00e9mon alli\u00e9 a le talent Moins ou Plus.",
            "language": {
                "name": "fr",
                "url": "/api/v2/language/5/"
            },
            "version_group": {
                "name": "scarlet-violet",
                "url": "/api/v2/version-group/25/"
            }
        },
        {
            "flavor_text": "Boosts the Sp. Atk stat of the Pok\u00e9mon if an ally with the Plus or Minus Ability is also in battle.",
            "language": {
                "name": "en",
                "url": "/api/v2/language/9/"
            },
            "version_group": {
                "name": "scarlet-violet",
                "url": "/api/v2/version-group/25/"
            }
        }
    ],
    "generation": {
        "name": "generation-iii",
        "url": "/api/v2/generation/3/"
    },
    "id": 58,
    "is_main_series": true,
    "name": "minus",
    "names": [
        {
            "language": {
                "name": "ja-Hrkt",
                "url": "/api/v2/language/1/"
            },
            "name": "\u30de\u30a4\u30ca\u30b9"
        },
        {
            "language": {
                "name": "ko",
                "url": "/api/v2/language/3/"
            },
            "name": "\ub9c8\uc774\ub108\uc2a4"
        },
        {
            "language": {
                "name": "zh-Hant",
                "url": "/api/v2/language/4/"
            },
            "name": "\u8ca0\u96fb"
        },
        {
            "language": {
                "name": "fr",
                "url": "/api/v2/language/5/"
            },
            "name": "Moins"
        },
        {
            "language": {
                "name": "de",
                "url": "/api/v2/language/6/"
            },
            "name": "Minus"
        },
        {
            "language": {
                "name": "es",
                "url": "/api/v2/language/7/"
            },
            "name": "Menos"
        },
        {
            "language": {
                "name": "it",
                "url": "/api/v2/language/8/"
            },
            "name": "Meno"
        },
        {
            "language": {
                "name": "en",
                "url": "/api/v2/language/9/"
            },
            "name": "Minus"
        },
        {
            "language": {
                "name": "ja",
                "url": "/api/v2/language/11/"
            },
            "name": "\u30de\u30a4\u30ca\u30b9"
        },
        {
            "language": {
                "name": "zh-Hans",
                "url": "/api/v2/language/12/"
            },
            "name": "\u8d1f\u7535"
        }
    ],
    "pokemon": [
        {
            "is_hidden": true,
            "pokemon": {
                "name": "electrike",
                "url": "/api/v2/pokemon/309/"
            },
            "slot": 3
        },
        {
            "is_hidden": true,
            "pokemon": {
                "name": "manectric",
                "url": "/api/v2/pokemon/310/"
            },
            "slot": 3
        },
        {
            "is_hidden": false,
            "pokemon": {
                "name": "minun",
                "url": "/api/v2/pokemon/312/"
            },
            "slot": 1
        },
        {
            "is_hidden": false,
            "pokemon": {
                "name": "klink",
                "url": "/api/v2/pokemon/599/"
            },
            "slot": 2
        },
        {
            "is_hidden": false,
            "pokemon": {
                "name": "klang",
                "url": "/api/v2/pokemon/600/"
            },
            "slot": 2
        },
        {
            "is_hidden": false,
            "pokemon": {
                "name": "klinklang",
                "url": "/api/v2/pokemon/601/"
            },
            "slot": 2
        },
        {
            "is_hidden": false,
            "pokemon": {
                "name": "toxtricity-low-key",
                "url": "/api/v2/pokemon/10184/"
            },
            "slot": 2
        },
        {
            "is_hidden": false,
            "pokemon": {
                "name": "toxtricity-low-key-gmax",
                "url": "/api/v2/pokemon/10228/"
            },
            "slot": 2
        }
    ]
}