{
    "effect_changes": [],
    "effect_entries": [
        {
            "effect": "Boosts the Pok\u00e9mon\u2019s Defense stat the first time the Pok\u00e9mon enters a battle.",
            "language": {
                "name": "en",
                "url": "/api/v2/language/9/"
            },
            "short_effect": "Boosts Defense in battle."
        }
    ],
    "flavor_text_entries": [
        {
            "flavor_text": "\u3068\u3046\u3058\u3087\u3046\u3000\u3057\u305f\u3068\u304d\u306b\n\u307c\u3046\u304e\u3087\u304c\u3000\u3042\u304c\u308b\u3002",
            "language": {
                "name": "ja-Hrkt",
                "url": "/api/v2/language/1/"
            },
            "version_group": {
                "name": "sword-shield",
                "url": "/api/v2/version-group/20/"
            }
        },
        {
            "flavor_text": "\ub4f1\uc7a5\ud588\uc744 \ub54c\n\ubc29\uc5b4\uac00 \uc62c\ub77c\uac04\ub2e4.",
            "language": {
                "name": "ko",
                "url": "/api/v2/language/3/"
            },
            "version_group": {
                "name": "sword-shield",
                "url": "/api/v2/version-group/20/"
            }
        },
        {
            "flavor_text": "\u51fa\u5834\u6642\uff0c\n\u9632\u79a6\u6703\u63d0\u9ad8\u3002",
            "language": {
                "name": "zh-Hant",
                "url": "/api/v2/language/4/"
            },
            "version_group": {
                "name": "sword-shield",
                "url": "/api/v2/version-group/20/"
            }
        },
        {
            "flavor_text": "Augmente la D\u00e9fense du Pok\u00e9mon quand il entre\nau combat.",
            "language": {
                "name": "fr",
                "url": "/api/v2/language/5/"
            },
            "version_group": {
                "name": "sword-shield",
                "url": "/api/v2/version-group/20/"
            }
        },
        {
            "flavor_text": "Erh\u00f6ht bei Kampfantritt die Verteidigung.",
            "language": {
                "name": "de",
                "url": "/api/v2/language/6/"
            },
            "version_group": {
                "name": "sword-shield",
                "url": "/api/v2/version-group/20/"
            }
        },
        {
            "flavor_text": "Aumenta su Defensa al entrar en combate.",
            "language": {
                "name": "es",
                "url": "/api/v2/language/7/"
            },
            "version_group": {
                "name": "sword-shield",
                "url": "/api/v2/version-group/20/"
            }
        },
        {
            "flavor_text": "Quando il Pok\u00e9mon entra in campo, la sua Difesa\naumenta.",
            "language": {
                "name": "it",
                "url": "/api/v2/language/8/"
            },
            "version_group": {
                "name": "sword-shield",
                "url": "/api/v2/version-group/20/"
            }
        },
        {
            "flavor_text": "Boosts the Pok\u00e9mon\u2019s Defense stat when the Pok\u00e9mon\nenters a battle.",
            "language": {
                "name": "en",
                "url": "/api/v2/language/9/"
            },
            "version_group": {
                "name": "sword-shield",
                "url": "/api/v2/version-group/20/"
            }
        },
        {
            "flavor_text": "\u767b\u5834\u3000\u3057\u305f\u3068\u304d\u306b\n\u9632\u5fa1\u304c\u3000\u4e0a\u304c\u308b\u3002",
            "language": {
                "name": "ja",
                "url": "/api/v2/language/11/"
            },
            "version_group": {
                "name": "sword-shield",
                "url": "/api/v2/version-group/20/"
            }
        },
        {
            "flavor_text": "\u51fa\u573a\u65f6\uff0c\n\u9632\u5fa1\u4f1a\u63d0\u9ad8\u3002",
            "language": {
                "name": "zh-Hans",
                "url": "/api/v2/language/12/"
            },
            "version_group": {
                "name": "sword-shield",
                "url": "/api/v2/version-group/20/"
            }
        },
        {
            "flavor_text": "Augmente la D\u00e9fense du Pok\u00e9mon la premi\u00e8re fois\\nqu\u2019il entre au combat.",
            "language": {
                "name": "fr",
                "url": "/api/v2/language/5/"
            },
            "version_group": {
                "name": "scarlet-violet",
                "url": "/api/v2/version-group/25/"
            }
        },
        {
            "flavor_text": "Boosts the Pok\u00e9mon\u2019s Defense stat the first time the Pok\u00e9mon enters a battle.",
            "language": {
                "name": "en",
                "url": "/api/v2/language/9/"
            },
            "version_group": {
                "name": "scarlet-violet",
                "url": "/api/v2/version-group/25/"
            }
        }
    ],
    "generation": {
        "name": "generation-viii",
        "url": "/api/v2/generation/8/"
    },
    "id": 235,
    "is_main_series": true,
    "name": "dauntless-shield",
    "names": [
        {
            "language": {
                "name": "ja-Hrkt",
                "url": "/api/v2/language/1/"
            },
            "name": "\u3075\u304f\u3064\u306e\u305f\u3066"
        },
        {
            "language": {
                "name": "ko",
                "url": "/api/v2/language/3/"
            },
            "name": "\ubd88\uad74\uc758\ubc29\ud328"
        },
        {
            "language": {
                "name": "zh-Hant",
                "url": "/api/v2/language/4/"
            },
            "name": "\u4e0d\u5c48\u4e4b\u76fe"
        },
        {
            "language": {
                "name": "fr",
                "url": "/api/v2/language/5/"
            },
            "name": "\u00c9gide Inflexible"
        },
        {
            "language": {
                "name": "de",
                "url": "/api/v2/language/6/"
            },
            "name": "Wackerer Schild"
        },
        {
            "language": {
                "name": "es",
                "url": "/api/v2/language/7/"
            },
            "name": "Escudo Recio"
        },
        {
            "language": {
                "name": "it",
                "url": "/api/v2/language/8/"
            },
            "name": "Scudo Saldo"
        },
        {
            "language": {
                "name": "en",
                "url": "/api/v2/language/9/"
            },
            "name": "Dauntless Shield"
        },
        {
            "language": {
                "name": "ja",
                "url": "/api/v2/language/11/"
            },
            "name": "\u3075\u304f\u3064\u306e\u305f\u3066"
        },
        {
            "language": {
                "name": "zh-Hans",
                "url": "/api/v2/language/12/"
            },
            "name": "\u4e0d\u5c48\u4e4b\u76fe"
        }
    ],
    "pokemon": [
        {
            "is_hidden": false,
            "pokemon": {
                "name": "zamazenta",
                "url": "/api/v2/pokemon/889/"
            },
            "slot": 1
        },
        {
            "is_hidden": false,
            "pokemon": {
                "name": "zamazenta-crowned",
                "url": "/api/v2/pokemon/10189/"
            },
            "slot": 1
        }
    ]
}