{
    "effect_changes": [],
    "effect_entries": [
        {
            "effect": "Boosts the Attack stat when the Pok\u00e9mon is hit by a Fire-type move. The Pok\u00e9mon also cannot be burned.",
            "language": {
                "name": "en",
                "url": "/api/v2/language/9/"
            },
            "short_effect": "Raises Attack when hit by a Fire-type move. Cannot be burned."
        }
    ],
    "flavor_text_entries": [
        {
            "flavor_text": "Lorsque le Pok\u00e9mon est touch\u00e9 par une capacit\u00e9 de type\\nFeu, son Attaque augmente. Il ne peut pas \u00eatre br\u00fbl\u00e9.",
            "language": {
                "name": "fr",
                "url": "/api/v2/language/5/"
            },
            "version_group": {
                "name": "scarlet-violet",
                "url": "/api/v2/version-group/25/"
            }
        },
        {
            "flavor_text": "Boosts the Attack stat when the Pok\u00e9mon is hit by a Fire-type move. The Pok\u00e9mon also cannot be burned.",
            "language": {
                "name": "en",
                "url": "/api/v2/language/9/"
            },
            "version_group": {
                "name": "scarlet-violet",
                "url": "/api/v2/version-group/25/"
            }
        }
    ],
    "generation": {
        "name": "generation-ix",
        "url": "/api/v2/generation/9/"
    },
    "id": 270,
    "is_main_series": true,
    "name": "thermal-exchange",
    "names": [
        {
            "language": {
                "name": "ja-Hrkt",
                "url": "/api/v2/language/1/"
            },
            "name": "\u306d\u3064\u3053\u3046\u304b\u3093"
        },
        {
            "language": {
                "name": "fr",
                "url": "/api/v2/language/5/"
            },
            "name": "Thermodynamique"
        },
        {
            "language": {
                "name": "de",
                "url": "/api/v2/language/6/"
            },
            "name": "Thermowandel"
        },
        {
            "language": {
                "name": "es",
                "url": "/api/v2/language/7/"
            },
            "name": "Termoscambio"
        },
        {
            "language": {
                "name": "it",
                "url": "/api/v2/language/8/"
            },
            "name": "Termoscambio"
        },
        {
            "language": {
                "name": "en",
                "url": "/api/v2/language/9/"
            },
            "name": "Thermal Exchange"
        },
        {
            "language": {
                "name": "ja",
                "url": "/api/v2/language/11/"
            },
            "name": "\u306d\u3064\u3053\u3046\u304b\u3093"
        }
    ],
    "pokemon": [
        {
            "is_hidden": false,
            "pokemon": {
                "name": "frigibax",
                "url": "/api/v2/pokemon/996/"
            },
            "slot": 1
        },
        {
            "is_hidden": false,
            "pokemon": {
                "name": "arctibax",
                "url": "/api/v2/pokemon/997/"
            },
            "slot": 1
        },
        {
            "is_hidden": false,
            "pokemon": {
                "name": "baxcalibur",
                "url": "/api/v2/pokemon/998/"
            },
            "slot": 1
        }
    ]
}