{
    "effect_changes": [],
    "effect_entries": [
        {
            "effect": "The Pok\u00e9mon will always act more slowly when using status moves, but these moves will be unimpeded by the Ability of the target.",
            "language": {
                "name": "en",
                "url": "/api/v2/language/9/"
            },
            "short_effect": "Status moves go last, but are not affected by the opponent's ability."
        }
    ],
    "flavor_text_entries": [
        {
            "flavor_text": "Le Pok\u00e9mon agit toujours plus lentement quand il utilise\\nune capacit\u00e9 de statut, mais il ignore les talents adverses.",
            "language": {
                "name": "fr",
                "url": "/api/v2/language/5/"
            },
            "version_group": {
                "name": "scarlet-violet",
                "url": "/api/v2/version-group/25/"
            }
        },
        {
            "flavor_text": "The Pok\u00e9mon will always act more slowly when using status moves, but these moves will be unimpeded by the Ability of the target.",
            "language": {
                "name": "en",
                "url": "/api/v2/language/9/"
            },
            "version_group": {
                "name": "scarlet-violet",
                "url": "/api/v2/version-group/25/"
            }
        }
    ],
    "generation": {
        "name": "generation-ix",
        "url": "/api/v2/generation/9/"
    },
    "id": 298,
    "is_main_series": true,
    "name": "mycelium-might",
    "names": [
        {
            "language": {
                "name": "ja-Hrkt",
                "url": "/api/v2/language/1/"
            },
            "name": "\u304d\u3093\u3057\u306e\u3061\u304b\u3089"
        },
        {
            "language": {
                "name": "fr",
                "url": "/api/v2/language/5/"
            },
            "name": "Force Fongique"
        },
        {
            "language": {
                "name": "de",
                "url": "/api/v2/language/6/"
            },
            "name": "Myzelienkraft"
        },
        {
            "language": {
                "name": "es",
                "url": "/api/v2/language/7/"
            },
            "name": "Poder F\u00fangico"
        },
        {
            "language": {
                "name": "it",
                "url": "/api/v2/language/8/"
            },
            "name": "Micoforza"
        },
        {
            "language": {
                "name": "en",
                "url": "/api/v2/language/9/"
            },
            "name": "Mycelium Might"
        },
        {
            "language": {
                "name": "ja",
                "url": "/api/v2/language/11/"
            },
            "name": "\u304d\u3093\u3057\u306e\u3061\u304b\u3089"
        }
    ],
    "pokemon": [
        {
            "is_hidden": false,
            "pokemon": {
                "name": "toedscool",
                "url": "/api/v2/pokemon/948/"
            },
            "slot": 1
        },
        {
            "is_hidden": true,
            "pokemon": {
                "name": "toedscool",
                "url": "/api/v2/pokemon/948/"
            },
            "slot": 3
        },
        {
            "is_hidden": false,
            "pokemon": {
                "name": "toedscruel",
                "url": "/api/v2/pokemon/949/"
            },
            "slot": 1
        },
        {
            "is_hidden": true,
            "pokemon": {
                "name": "toedscruel",
                "url": "/api/v2/pokemon/949/"
            },
            "slot": 3
        }
    ]
}