{
    "berries": [
        {
            "berry": {
                "name": "lansat",
                "url": "/api/v2/berry/58/"
            },
            "potency": 10
        },
        {
            "berry": {
                "name": "starf",
                "url": "/api/v2/berry/59/"
            },
            "potency": 10
        },
        {
            "berry": {
                "name": "custap",
                "url": "/api/v2/berry/62/"
            },
            "potency": 10
        },
        {
            "berry": {
                "name": "lum",
                "url": "/api/v2/berry/9/"
            },
            "potency": 10
        },
        {
            "berry": {
                "name": "sitrus",
                "url": "/api/v2/berry/10/"
            },
            "potency": 10
        },
        {
            "berry": {
                "name": "chople",
                "url": "/api/v2/berry/41/"
            },
            "potency": 10
        },
        {
            "berry": {
                "name": "colbur",
                "url": "/api/v2/berry/50/"
            },
            "potency": 10
        },
        {
            "berry": {
                "name": "leppa",
                "url": "/api/v2/berry/6/"
            },
            "potency": 10
        },
        {
            "berry": {
                "name": "salac",
                "url": "/api/v2/berry/55/"
            },
            "potency": 10
        },
        {
            "berry": {
                "name": "oran",
                "url": "/api/v2/berry/7/"
            },
            "potency": 10
        },
        {
            "berry": {
                "name": "nanab",
                "url": "/api/v2/berry/18/"
            },
            "potency": 10
        },
        {
            "berry": {
                "name": "wepear",
                "url": "/api/v2/berry/19/"
            },
            "potency": 10
        },
        {
            "berry": {
                "name": "pomeg",
                "url": "/api/v2/berry/21/"
            },
            "potency": 10
        },
        {
            "berry": {
                "name": "kelpsy",
                "url": "/api/v2/berry/22/"
            },
            "potency": 10
        },
        {
            "berry": {
                "name": "hondew",
                "url": "/api/v2/berry/24/"
            },
            "potency": 10
        },
        {
            "berry": {
                "name": "magost",
                "url": "/api/v2/berry/28/"
            },
            "potency": 10
        },
        {
            "berry": {
                "name": "watmel",
                "url": "/api/v2/berry/33/"
            },
            "potency": 10
        },
        {
            "berry": {
                "name": "rawst",
                "url": "/api/v2/berry/4/"
            },
            "potency": 10
        },
        {
            "berry": {
                "name": "passho",
                "url": "/api/v2/berry/37/"
            },
            "potency": 10
        },
        {
            "berry": {
                "name": "aguav",
                "url": "/api/v2/berry/14/"
            },
            "potency": 15
        },
        {
            "berry": {
                "name": "coba",
                "url": "/api/v2/berry/44/"
            },
            "potency": 15
        },
        {
            "berry": {
                "name": "rindo",
                "url": "/api/v2/berry/39/"
            },
            "potency": 15
        },
        {
            "berry": {
                "name": "haban",
                "url": "/api/v2/berry/49/"
            },
            "potency": 20
        },
        {
            "berry": {
                "name": "rabuta",
                "url": "/api/v2/berry/29/"
            },
            "potency": 20
        },
        {
            "berry": {
                "name": "durin",
                "url": "/api/v2/berry/34/"
            },
            "potency": 30
        },
        {
            "berry": {
                "name": "ganlon",
                "url": "/api/v2/berry/54/"
            },
            "potency": 30
        },
        {
            "berry": {
                "name": "petaya",
                "url": "/api/v2/berry/56/"
            },
            "potency": 30
        },
        {
            "berry": {
                "name": "jaboca",
                "url": "/api/v2/berry/63/"
            },
            "potency": 40
        }
    ],
    "contest_type": {
        "name": "smart",
        "url": "/api/v2/contest-type/4/"
    },
    "id": 4,
    "name": "bitter",
    "names": [
        {
            "language": {
                "name": "ja-Hrkt",
                "url": "/api/v2/language/1/"
            },
            "name": "\u306b\u304c\u3044"
        },
        {
            "language": {
                "name": "zh-Hant",
                "url": "/api/v2/language/4/"
            },
            "name": "\u82e6"
        },
        {
            "language": {
                "name": "fr",
                "url": "/api/v2/language/5/"
            },
            "name": "Am\u00e8re"
        },
        {
            "language": {
                "name": "en",
                "url": "/api/v2/language/9/"
            },
            "name": "Bitter"
        },
        {
            "language": {
                "name": "zh-Hans",
                "url": "/api/v2/language/12/"
            },
            "name": "\u82e6"
        }
    ]
}