{
    "effect_changes": [
        {
            "effect_entries": [
                {
                    "effect": "fire fang und Attacken die typenlosen Schaden verursachen, ignorieren diese F\u00e4higkeit unabh\u00e4ngig von ihrem Typ.",
                    "language": {
                        "name": "de",
                        "url": "/api/v2/language/6/"
                    }
                },
                {
                    "effect": "fire fang and moves that inflict typeless damage ignore this ability regardless of type.",
                    "language": {
                        "name": "en",
                        "url": "/api/v2/language/9/"
                    }
                }
            ],
            "version_group": {
                "name": "black-white",
                "url": "/api/v2/version-group/11/"
            }
        }
    ],
    "effect_entries": [
        {
            "effect": "Ein Pok\u00e9mon mit dieser F\u00e4higkeit ist immun gegen alle Schaden verursachenden Attacken die nicht sehr effektiv sind.\n\nAttacken die festen Schaden verursachen, wie night shade oder seismic toss werden mitgez\u00e4hlt. Schaden der nicht direkt durch die Attacke verursacht wird, wie der vom weather, einer status ailment oder spikes wird nicht verhindert.\n\nDiese F\u00e4higkeit kann nicht mit role play kopiert oder mit skill swap getauscht werden, kann aber mit trace kopiert, mit gastro acid deaktiviert oder mit worry seed ge\u00e4ndert werden. Das Pok\u00e9mon kann seine F\u00e4higkeit trotzdem mit role play selbst tauschen.\n\nWenn das Pok\u00e9mon einen substitute hat, werden Attacken zuerst durch die F\u00e4higkeit verhindert, erst Attacken die trotzdem treffen w\u00fcrden, w\u00fcrden durch den substitute verhindert.",
            "language": {
                "name": "de",
                "url": "/api/v2/language/6/"
            },
            "short_effect": "Sch\u00fctzt gegen Schaden verursachende Attacken die nicht sehr effektiv sind."
        },
        {
            "effect": "This Pok\u00e9mon is immune to damaging moves that are not super effective against it.\n\nMoves that inflict fixed damage, such as night shade or seismic toss, are considered super effective if their types are.  Damage not directly dealt by moves, such as damage from weather, a status ailment, or spikes, is not prevented.\n\nThis ability cannot be copied with role play or traded away with skill swap, but it can be copied with trace, disabled with gastro acid, or changed with worry seed.  This Pok\u00e9mon can still use Role Play itself to lose this ability, but not Skill Swap.\n\nIf this Pok\u00e9mon has a substitute, this ability will block moves as usual and any moves not blocked will react to the Substitute as usual.",
            "language": {
                "name": "en",
                "url": "/api/v2/language/9/"
            },
            "short_effect": "Protects against damaging moves that are not super effective."
        }
    ],
    "flavor_text_entries": [
        {
            "flavor_text": "\u52b9\u679c\u30d0\u30c4\u30b0\u30f3\u3000\u3057\u304b\n\u5f53\u305f\u3089\u306a\u3044\u3002",
            "language": {
                "name": "ja",
                "url": "/api/v2/language/11/"
            },
            "version_group": {
                "name": "omega-ruby-alpha-sapphire",
                "url": "/api/v2/version-group/16/"
            }
        },
        {
            "flavor_text": "Re\u00e7oit seul. \"sup. eff.\".",
            "language": {
                "name": "fr",
                "url": "/api/v2/language/5/"
            },
            "version_group": {
                "name": "ruby-sapphire",
                "url": "/api/v2/version-group/5/"
            }
        },
        {
            "flavor_text": "\u201cSuper effective\u201d hits.",
            "language": {
                "name": "en",
                "url": "/api/v2/language/9/"
            },
            "version_group": {
                "name": "ruby-sapphire",
                "url": "/api/v2/version-group/5/"
            }
        },
        {
            "flavor_text": "Re\u00e7oit seul. \"sup. eff.\".",
            "language": {
                "name": "fr",
                "url": "/api/v2/language/5/"
            },
            "version_group": {
                "name": "emerald",
                "url": "/api/v2/version-group/6/"
            }
        },
        {
            "flavor_text": "\u201cSuper effective\u201d hits.",
            "language": {
                "name": "en",
                "url": "/api/v2/language/9/"
            },
            "version_group": {
                "name": "emerald",
                "url": "/api/v2/version-group/6/"
            }
        },
        {
            "flavor_text": "Re\u00e7oit seul. \"sup. eff.\".",
            "language": {
                "name": "fr",
                "url": "/api/v2/language/5/"
            },
            "version_group": {
                "name": "firered-leafgreen",
                "url": "/api/v2/version-group/7/"
            }
        },
        {
            "flavor_text": "\u201cSuper effective\u201d hits.",
            "language": {
                "name": "en",
                "url": "/api/v2/language/9/"
            },
            "version_group": {
                "name": "firered-leafgreen",
                "url": "/api/v2/version-group/7/"
            }
        },
        {
            "flavor_text": "Seules capacit\u00e9s \u201csuper efficaces\u201d l'atteignent.",
            "language": {
                "name": "fr",
                "url": "/api/v2/language/5/"
            },
            "version_group": {
                "name": "diamond-pearl",
                "url": "/api/v2/version-group/8/"
            }
        },
        {
            "flavor_text": "Only supereffective\nmoves will hit.",
            "language": {
                "name": "en",
                "url": "/api/v2/language/9/"
            },
            "version_group": {
                "name": "diamond-pearl",
                "url": "/api/v2/version-group/8/"
            }
        },
        {
            "flavor_text": "Seules capacit\u00e9s \u201csuper efficaces\u201d l'atteignent.",
            "language": {
                "name": "fr",
                "url": "/api/v2/language/5/"
            },
            "version_group": {
                "name": "platinum",
                "url": "/api/v2/version-group/9/"
            }
        },
        {
            "flavor_text": "Only supereffective\nmoves will hit.",
            "language": {
                "name": "en",
                "url": "/api/v2/language/9/"
            },
            "version_group": {
                "name": "platinum",
                "url": "/api/v2/version-group/9/"
            }
        },
        {
            "flavor_text": "Seules capacit\u00e9s \u201csuper efficaces\u201d l'atteignent.",
            "language": {
                "name": "fr",
                "url": "/api/v2/language/5/"
            },
            "version_group": {
                "name": "heartgold-soulsilver",
                "url": "/api/v2/version-group/10/"
            }
        },
        {
            "flavor_text": "Only supereffective\nmoves will hit.",
            "language": {
                "name": "en",
                "url": "/api/v2/language/9/"
            },
            "version_group": {
                "name": "heartgold-soulsilver",
                "url": "/api/v2/version-group/10/"
            }
        },
        {
            "flavor_text": "Seules capacit\u00e9s \u201csuper efficaces\u201d l'atteignent.",
            "language": {
                "name": "fr",
                "url": "/api/v2/language/5/"
            },
            "version_group": {
                "name": "black-white",
                "url": "/api/v2/version-group/11/"
            }
        },
        {
            "flavor_text": "Seules capacit\u00e9s \u201csuper\nefficaces\u201d l\u2019atteignent.",
            "language": {
                "name": "fr",
                "url": "/api/v2/language/5/"
            },
            "version_group": {
                "name": "black-white",
                "url": "/api/v2/version-group/11/"
            }
        },
        {
            "flavor_text": "Only supereffective\nmoves will hit.",
            "language": {
                "name": "en",
                "url": "/api/v2/language/9/"
            },
            "version_group": {
                "name": "black-white",
                "url": "/api/v2/version-group/11/"
            }
        },
        {
            "flavor_text": "Seules capacit\u00e9s \u201csuper efficaces\u201d l'atteignent.",
            "language": {
                "name": "fr",
                "url": "/api/v2/language/5/"
            },
            "version_group": {
                "name": "black-2-white-2",
                "url": "/api/v2/version-group/14/"
            }
        },
        {
            "flavor_text": "Only supereffective\nmoves will hit.",
            "language": {
                "name": "en",
                "url": "/api/v2/language/9/"
            },
            "version_group": {
                "name": "black-2-white-2",
                "url": "/api/v2/version-group/14/"
            }
        },
        {
            "flavor_text": "\u3053\u3046\u304b\u3070\u3064\u3050\u3093\u3000\u3057\u304b\n\u3042\u305f\u3089\u306a\u3044\u3002",
            "language": {
                "name": "ja-Hrkt",
                "url": "/api/v2/language/1/"
            },
            "version_group": {
                "name": "x-y",
                "url": "/api/v2/version-group/15/"
            }
        },
        {
            "flavor_text": "\ud6a8\uacfc\uac00 \uad49\uc7a5\ud55c \uae30\uc220\ubc16\uc5d0\n\ub9de\uc9c0 \uc54a\ub294\ub2e4.",
            "language": {
                "name": "ko",
                "url": "/api/v2/language/3/"
            },
            "version_group": {
                "name": "x-y",
                "url": "/api/v2/version-group/15/"
            }
        },
        {
            "flavor_text": "Seules les capacit\u00e9s \u00ab super efficaces \u00bb l'atteignent.",
            "language": {
                "name": "fr",
                "url": "/api/v2/language/5/"
            },
            "version_group": {
                "name": "x-y",
                "url": "/api/v2/version-group/15/"
            }
        },
        {
            "flavor_text": "Seules les capacit\u00e9s \u00ab\u202fsuper\nefficaces\u202f\u00bb l\u2019atteignent.",
            "language": {
                "name": "fr",
                "url": "/api/v2/language/5/"
            },
            "version_group": {
                "name": "x-y",
                "url": "/api/v2/version-group/15/"
            }
        },
        {
            "flavor_text": "Nur sehr effektive Treffer\nrichten Schaden an.",
            "language": {
                "name": "de",
                "url": "/api/v2/language/6/"
            },
            "version_group": {
                "name": "x-y",
                "url": "/api/v2/version-group/15/"
            }
        },
        {
            "flavor_text": "Solo le hacen da\u00f1o los\nmovimientos supereficaces.",
            "language": {
                "name": "es",
                "url": "/api/v2/language/7/"
            },
            "version_group": {
                "name": "x-y",
                "url": "/api/v2/version-group/15/"
            }
        },
        {
            "flavor_text": "Rende vulnerabili solo alle\nmosse superefficaci.",
            "language": {
                "name": "it",
                "url": "/api/v2/language/8/"
            },
            "version_group": {
                "name": "x-y",
                "url": "/api/v2/version-group/15/"
            }
        },
        {
            "flavor_text": "Only supereffective\nmoves will hit.",
            "language": {
                "name": "en",
                "url": "/api/v2/language/9/"
            },
            "version_group": {
                "name": "x-y",
                "url": "/api/v2/version-group/15/"
            }
        },
        {
            "flavor_text": "\u52b9\u679c\u30d0\u30c4\u30b0\u30f3\u3000\u3057\u304b\n\u5f53\u305f\u3089\u306a\u3044\u3002",
            "language": {
                "name": "ja",
                "url": "/api/v2/language/11/"
            },
            "version_group": {
                "name": "x-y",
                "url": "/api/v2/version-group/15/"
            }
        },
        {
            "flavor_text": "\u3053\u3046\u304b\u3070\u3064\u3050\u3093\u3000\u3057\u304b\n\u3042\u305f\u3089\u306a\u3044\u3002",
            "language": {
                "name": "ja-Hrkt",
                "url": "/api/v2/language/1/"
            },
            "version_group": {
                "name": "omega-ruby-alpha-sapphire",
                "url": "/api/v2/version-group/16/"
            }
        },
        {
            "flavor_text": "\ud6a8\uacfc\uac00 \uad49\uc7a5\ud55c \uae30\uc220\ubc16\uc5d0\n\ub9de\uc9c0 \uc54a\ub294\ub2e4.",
            "language": {
                "name": "ko",
                "url": "/api/v2/language/3/"
            },
            "version_group": {
                "name": "omega-ruby-alpha-sapphire",
                "url": "/api/v2/version-group/16/"
            }
        },
        {
            "flavor_text": "Seules les capacit\u00e9s \u00ab super efficaces \u00bb l'atteignent.",
            "language": {
                "name": "fr",
                "url": "/api/v2/language/5/"
            },
            "version_group": {
                "name": "omega-ruby-alpha-sapphire",
                "url": "/api/v2/version-group/16/"
            }
        },
        {
            "flavor_text": "Seules les capacit\u00e9s \u00ab\ue07fsuper\nefficaces\ue07f\u00bb l\u2019atteignent.",
            "language": {
                "name": "fr",
                "url": "/api/v2/language/5/"
            },
            "version_group": {
                "name": "omega-ruby-alpha-sapphire",
                "url": "/api/v2/version-group/16/"
            }
        },
        {
            "flavor_text": "Nur sehr effektive Treffer\nrichten Schaden an.",
            "language": {
                "name": "de",
                "url": "/api/v2/language/6/"
            },
            "version_group": {
                "name": "omega-ruby-alpha-sapphire",
                "url": "/api/v2/version-group/16/"
            }
        },
        {
            "flavor_text": "Solo le hacen da\u00f1o los\nmovimientos supereficaces.",
            "language": {
                "name": "es",
                "url": "/api/v2/language/7/"
            },
            "version_group": {
                "name": "omega-ruby-alpha-sapphire",
                "url": "/api/v2/version-group/16/"
            }
        },
        {
            "flavor_text": "Rende vulnerabili solo alle\nmosse superefficaci.",
            "language": {
                "name": "it",
                "url": "/api/v2/language/8/"
            },
            "version_group": {
                "name": "omega-ruby-alpha-sapphire",
                "url": "/api/v2/version-group/16/"
            }
        },
        {
            "flavor_text": "Only supereffective\nmoves will hit.",
            "language": {
                "name": "en",
                "url": "/api/v2/language/9/"
            },
            "version_group": {
                "name": "omega-ruby-alpha-sapphire",
                "url": "/api/v2/version-group/16/"
            }
        },
        {
            "flavor_text": "\u3053\u3046\u304b\u3070\u3064\u3050\u3093\u306e\u3000\u308f\u3056\u3057\u304b\n\u3042\u305f\u3089\u306a\u3044\u3000\u3075\u3057\u304e\u306a\u3000\u3061\u304b\u3089\u3002",
            "language": {
                "name": "ja-Hrkt",
                "url": "/api/v2/language/1/"
            },
            "version_group": {
                "name": "sun-moon",
                "url": "/api/v2/version-group/17/"
            }
        },
        {
            "flavor_text": "\ud6a8\uacfc\uac00 \uad49\uc7a5\ud55c \uae30\uc220\ub9cc\n\ub9de\ub294 \ubd88\uac00\uc0ac\uc758\ud55c \ud798.",
            "language": {
                "name": "ko",
                "url": "/api/v2/language/3/"
            },
            "version_group": {
                "name": "sun-moon",
                "url": "/api/v2/version-group/17/"
            }
        },
        {
            "flavor_text": "\u4e0d\u53ef\u601d\u8b70\u7684\u529b\u91cf\uff0c\n\u53ea\u6709\u6548\u679c\u7d55\u4f73\u7684\u62db\u5f0f\u624d\u6703\u64ca\u4e2d\u81ea\u5df1\u3002",
            "language": {
                "name": "zh-Hant",
                "url": "/api/v2/language/4/"
            },
            "version_group": {
                "name": "sun-moon",
                "url": "/api/v2/version-group/17/"
            }
        },
        {
            "flavor_text": "Une puissance myst\u00e9rieuse prot\u00e8ge le Pok\u00e9mon contre toutes les capacit\u00e9s, sauf celles \u00ab super efficaces \u00bb.",
            "language": {
                "name": "fr",
                "url": "/api/v2/language/5/"
            },
            "version_group": {
                "name": "sun-moon",
                "url": "/api/v2/version-group/17/"
            }
        },
        {
            "flavor_text": "Une puissance myst\u00e9rieuse prot\u00e8ge le Pok\u00e9mon\ncontre toutes les capacit\u00e9s, sauf celles \u00ab\u202fsuper\nefficaces\u202f\u00bb.",
            "language": {
                "name": "fr",
                "url": "/api/v2/language/5/"
            },
            "version_group": {
                "name": "sun-moon",
                "url": "/api/v2/version-group/17/"
            }
        },
        {
            "flavor_text": "Wundersame Kr\u00e4fte bewirken, dass nur sehr\neffektive Treffer bei ihm Schaden anrichten.",
            "language": {
                "name": "de",
                "url": "/api/v2/language/6/"
            },
            "version_group": {
                "name": "sun-moon",
                "url": "/api/v2/version-group/17/"
            }
        },
        {
            "flavor_text": "Gracias a un poder misterioso, solo le hacen da\u00f1o los\nmovimientos supereficaces.",
            "language": {
                "name": "es",
                "url": "/api/v2/language/7/"
            },
            "version_group": {
                "name": "sun-moon",
                "url": "/api/v2/version-group/17/"
            }
        },
        {
            "flavor_text": "Un potere misterioso protegge il Pok\u00e9mon e lo\nrende vulnerabile solo alle mosse superefficaci.",
            "language": {
                "name": "it",
                "url": "/api/v2/language/8/"
            },
            "version_group": {
                "name": "sun-moon",
                "url": "/api/v2/version-group/17/"
            }
        },
        {
            "flavor_text": "Its mysterious power only lets supereffective moves\nhit the Pok\u00e9mon.",
            "language": {
                "name": "en",
                "url": "/api/v2/language/9/"
            },
            "version_group": {
                "name": "sun-moon",
                "url": "/api/v2/version-group/17/"
            }
        },
        {
            "flavor_text": "\u52b9\u679c\u30d0\u30c4\u30b0\u30f3\u306e\u3000\u6280\u3057\u304b\n\u5f53\u305f\u3089\u306a\u3044\u3000\u4e0d\u601d\u8b70\u306a\u3000\u529b\u3002",
            "language": {
                "name": "ja",
                "url": "/api/v2/language/11/"
            },
            "version_group": {
                "name": "sun-moon",
                "url": "/api/v2/version-group/17/"
            }
        },
        {
            "flavor_text": "\u4e0d\u53ef\u601d\u8bae\u7684\u529b\u91cf\uff0c\n\u53ea\u6709\u6548\u679c\u7edd\u4f73\u7684\u62db\u5f0f\u624d\u80fd\u51fb\u4e2d\u3002",
            "language": {
                "name": "zh-Hans",
                "url": "/api/v2/language/12/"
            },
            "version_group": {
                "name": "sun-moon",
                "url": "/api/v2/version-group/17/"
            }
        },
        {
            "flavor_text": "\u3053\u3046\u304b\u3070\u3064\u3050\u3093\u306e\u3000\u308f\u3056\u3057\u304b\n\u3042\u305f\u3089\u306a\u3044\u3000\u3075\u3057\u304e\u306a\u3000\u3061\u304b\u3089\u3002",
            "language": {
                "name": "ja-Hrkt",
                "url": "/api/v2/language/1/"
            },
            "version_group": {
                "name": "ultra-sun-ultra-moon",
                "url": "/api/v2/version-group/18/"
            }
        },
        {
            "flavor_text": "\ud6a8\uacfc\uac00 \uad49\uc7a5\ud55c \uae30\uc220\ub9cc\n\ub9de\ub294 \ubd88\uac00\uc0ac\uc758\ud55c \ud798.",
            "language": {
                "name": "ko",
                "url": "/api/v2/language/3/"
            },
            "version_group": {
                "name": "ultra-sun-ultra-moon",
                "url": "/api/v2/version-group/18/"
            }
        },
        {
            "flavor_text": "\u4e0d\u53ef\u601d\u8b70\u7684\u529b\u91cf\uff0c\n\u53ea\u6709\u6548\u679c\u7d55\u4f73\u7684\u62db\u5f0f\u624d\u6703\u64ca\u4e2d\u81ea\u5df1\u3002",
            "language": {
                "name": "zh-Hant",
                "url": "/api/v2/language/4/"
            },
            "version_group": {
                "name": "ultra-sun-ultra-moon",
                "url": "/api/v2/version-group/18/"
            }
        },
        {
            "flavor_text": "Une puissance myst\u00e9rieuse prot\u00e8ge le Pok\u00e9mon contre toutes les capacit\u00e9s, sauf celles \u00ab super efficaces \u00bb.",
            "language": {
                "name": "fr",
                "url": "/api/v2/language/5/"
            },
            "version_group": {
                "name": "ultra-sun-ultra-moon",
                "url": "/api/v2/version-group/18/"
            }
        },
        {
            "flavor_text": "Une puissance myst\u00e9rieuse prot\u00e8ge le Pok\u00e9mon\ncontre toutes les capacit\u00e9s, sauf celles \u00ab\u202fsuper\nefficaces\u202f\u00bb.",
            "language": {
                "name": "fr",
                "url": "/api/v2/language/5/"
            },
            "version_group": {
                "name": "ultra-sun-ultra-moon",
                "url": "/api/v2/version-group/18/"
            }
        },
        {
            "flavor_text": "Wundersame Kr\u00e4fte bewirken, dass nur sehr\neffektive Treffer bei ihm Schaden anrichten.",
            "language": {
                "name": "de",
                "url": "/api/v2/language/6/"
            },
            "version_group": {
                "name": "ultra-sun-ultra-moon",
                "url": "/api/v2/version-group/18/"
            }
        },
        {
            "flavor_text": "Gracias a un poder misterioso, solo le hacen da\u00f1o los\nmovimientos supereficaces.",
            "language": {
                "name": "es",
                "url": "/api/v2/language/7/"
            },
            "version_group": {
                "name": "ultra-sun-ultra-moon",
                "url": "/api/v2/version-group/18/"
            }
        },
        {
            "flavor_text": "Un potere misterioso protegge il Pok\u00e9mon e lo\nrende vulnerabile solo alle mosse superefficaci.",
            "language": {
                "name": "it",
                "url": "/api/v2/language/8/"
            },
            "version_group": {
                "name": "ultra-sun-ultra-moon",
                "url": "/api/v2/version-group/18/"
            }
        },
        {
            "flavor_text": "Its mysterious power only lets supereffective moves\nhit the Pok\u00e9mon.",
            "language": {
                "name": "en",
                "url": "/api/v2/language/9/"
            },
            "version_group": {
                "name": "ultra-sun-ultra-moon",
                "url": "/api/v2/version-group/18/"
            }
        },
        {
            "flavor_text": "\u52b9\u679c\u30d0\u30c4\u30b0\u30f3\u306e\u3000\u6280\u3057\u304b\n\u5f53\u305f\u3089\u306a\u3044\u3000\u4e0d\u601d\u8b70\u306a\u3000\u529b\u3002",
            "language": {
                "name": "ja",
                "url": "/api/v2/language/11/"
            },
            "version_group": {
                "name": "ultra-sun-ultra-moon",
                "url": "/api/v2/version-group/18/"
            }
        },
        {
            "flavor_text": "\u4e0d\u53ef\u601d\u8bae\u7684\u529b\u91cf\uff0c\n\u53ea\u6709\u6548\u679c\u7edd\u4f73\u7684\u62db\u5f0f\u624d\u80fd\u51fb\u4e2d\u3002",
            "language": {
                "name": "zh-Hans",
                "url": "/api/v2/language/12/"
            },
            "version_group": {
                "name": "ultra-sun-ultra-moon",
                "url": "/api/v2/version-group/18/"
            }
        },
        {
            "flavor_text": "\u3053\u3046\u304b\u3070\u3064\u3050\u3093\u306e\u3000\u308f\u3056\u3057\u304b\n\u3042\u305f\u3089\u306a\u3044\u3000\u3075\u3057\u304e\u306a\u3000\u3061\u304b\u3089\u3002",
            "language": {
                "name": "ja-Hrkt",
                "url": "/api/v2/language/1/"
            },
            "version_group": {
                "name": "lets-go-pikachu-lets-go-eevee",
                "url": "/api/v2/version-group/19/"
            }
        },
        {
            "flavor_text": "\ud6a8\uacfc\uac00 \uad49\uc7a5\ud55c \uae30\uc220\ub9cc\n\ub9de\ub294 \ubd88\uac00\uc0ac\uc758\ud55c \ud798.",
            "language": {
                "name": "ko",
                "url": "/api/v2/language/3/"
            },
            "version_group": {
                "name": "lets-go-pikachu-lets-go-eevee",
                "url": "/api/v2/version-group/19/"
            }
        },
        {
            "flavor_text": "\u4e0d\u53ef\u601d\u8b70\u7684\u529b\u91cf\uff0c\n\u53ea\u6709\u6548\u679c\u7d55\u4f73\u7684\u62db\u5f0f\u624d\u6703\u64ca\u4e2d\u81ea\u5df1\u3002",
            "language": {
                "name": "zh-Hant",
                "url": "/api/v2/language/4/"
            },
            "version_group": {
                "name": "lets-go-pikachu-lets-go-eevee",
                "url": "/api/v2/version-group/19/"
            }
        },
        {
            "flavor_text": "Une puissance myst\u00e9rieuse prot\u00e8ge le Pok\u00e9mon\ncontre toutes les capacit\u00e9s, sauf celles \u00ab\u202fsuper\nefficaces\u202f\u00bb.",
            "language": {
                "name": "fr",
                "url": "/api/v2/language/5/"
            },
            "version_group": {
                "name": "lets-go-pikachu-lets-go-eevee",
                "url": "/api/v2/version-group/19/"
            }
        },
        {
            "flavor_text": "Wundersame Kr\u00e4fte bewirken, dass nur sehr\neffektive Treffer bei ihm Schaden anrichten.",
            "language": {
                "name": "de",
                "url": "/api/v2/language/6/"
            },
            "version_group": {
                "name": "lets-go-pikachu-lets-go-eevee",
                "url": "/api/v2/version-group/19/"
            }
        },
        {
            "flavor_text": "Gracias a un poder misterioso, solo le hacen da\u00f1o los\nmovimientos supereficaces.",
            "language": {
                "name": "es",
                "url": "/api/v2/language/7/"
            },
            "version_group": {
                "name": "lets-go-pikachu-lets-go-eevee",
                "url": "/api/v2/version-group/19/"
            }
        },
        {
            "flavor_text": "Un potere misterioso protegge il Pok\u00e9mon e lo\nrende vulnerabile solo alle mosse superefficaci.",
            "language": {
                "name": "it",
                "url": "/api/v2/language/8/"
            },
            "version_group": {
                "name": "lets-go-pikachu-lets-go-eevee",
                "url": "/api/v2/version-group/19/"
            }
        },
        {
            "flavor_text": "Its mysterious power only lets supereffective moves\nhit the Pok\u00e9mon.",
            "language": {
                "name": "en",
                "url": "/api/v2/language/9/"
            },
            "version_group": {
                "name": "lets-go-pikachu-lets-go-eevee",
                "url": "/api/v2/version-group/19/"
            }
        },
        {
            "flavor_text": "\u52b9\u679c\u30d0\u30c4\u30b0\u30f3\u306e\u3000\u6280\u3057\u304b\n\u5f53\u305f\u3089\u306a\u3044\u3000\u4e0d\u601d\u8b70\u306a\u3000\u529b\u3002",
            "language": {
                "name": "ja",
                "url": "/api/v2/language/11/"
            },
            "version_group": {
                "name": "lets-go-pikachu-lets-go-eevee",
                "url": "/api/v2/version-group/19/"
            }
        },
        {
            "flavor_text": "\u4e0d\u53ef\u601d\u8bae\u7684\u529b\u91cf\uff0c\n\u53ea\u6709\u6548\u679c\u7edd\u4f73\u7684\u62db\u5f0f\u624d\u80fd\u51fb\u4e2d\u3002",
            "language": {
                "name": "zh-Hans",
                "url": "/api/v2/language/12/"
            },
            "version_group": {
                "name": "lets-go-pikachu-lets-go-eevee",
                "url": "/api/v2/version-group/19/"
            }
        },
        {
            "flavor_text": "\u3053\u3046\u304b\u3070\u3064\u3050\u3093\u306e\u3000\u308f\u3056\u3057\u304b\n\u3042\u305f\u3089\u306a\u3044\u3000\u3075\u3057\u304e\u306a\u3000\u3061\u304b\u3089\u3002",
            "language": {
                "name": "ja-Hrkt",
                "url": "/api/v2/language/1/"
            },
            "version_group": {
                "name": "sword-shield",
                "url": "/api/v2/version-group/20/"
            }
        },
        {
            "flavor_text": "\ud6a8\uacfc\uac00 \uad49\uc7a5\ud55c \uae30\uc220\ub9cc\n\ub9de\ub294 \ubd88\uac00\uc0ac\uc758\ud55c \ud798.",
            "language": {
                "name": "ko",
                "url": "/api/v2/language/3/"
            },
            "version_group": {
                "name": "sword-shield",
                "url": "/api/v2/version-group/20/"
            }
        },
        {
            "flavor_text": "\u4e0d\u53ef\u601d\u8b70\u7684\u529b\u91cf\uff0c\n\u53ea\u6709\u6548\u679c\u7d55\u4f73\u7684\u62db\u5f0f\u624d\u6703\u64ca\u4e2d\u81ea\u5df1\u3002",
            "language": {
                "name": "zh-Hant",
                "url": "/api/v2/language/4/"
            },
            "version_group": {
                "name": "sword-shield",
                "url": "/api/v2/version-group/20/"
            }
        },
        {
            "flavor_text": "Une puissance myst\u00e9rieuse prot\u00e8ge le Pok\u00e9mon contre toutes les capacit\u00e9s, sauf celles \u00ab super efficaces \u00bb.",
            "language": {
                "name": "fr",
                "url": "/api/v2/language/5/"
            },
            "version_group": {
                "name": "sword-shield",
                "url": "/api/v2/version-group/20/"
            }
        },
        {
            "flavor_text": "Une puissance myst\u00e9rieuse prot\u00e8ge le Pok\u00e9mon contre\ntoutes les capacit\u00e9s, sauf celles \u00ab\u202fsuper efficaces\u202f\u00bb.",
            "language": {
                "name": "fr",
                "url": "/api/v2/language/5/"
            },
            "version_group": {
                "name": "sword-shield",
                "url": "/api/v2/version-group/20/"
            }
        },
        {
            "flavor_text": "Wundersame Kr\u00e4fte bewirken, dass nur sehr effektive\nTreffer bei ihm Schaden anrichten.",
            "language": {
                "name": "de",
                "url": "/api/v2/language/6/"
            },
            "version_group": {
                "name": "sword-shield",
                "url": "/api/v2/version-group/20/"
            }
        },
        {
            "flavor_text": "Gracias a un poder misterioso, solo le hacen da\u00f1o los\nmovimientos supereficaces.",
            "language": {
                "name": "es",
                "url": "/api/v2/language/7/"
            },
            "version_group": {
                "name": "sword-shield",
                "url": "/api/v2/version-group/20/"
            }
        },
        {
            "flavor_text": "Un potere misterioso protegge il Pok\u00e9mon e lo\nrende vulnerabile solo alle mosse superefficaci.",
            "language": {
                "name": "it",
                "url": "/api/v2/language/8/"
            },
            "version_group": {
                "name": "sword-shield",
                "url": "/api/v2/version-group/20/"
            }
        },
        {
            "flavor_text": "Its mysterious power only lets supereffective moves\nhit the Pok\u00e9mon.",
            "language": {
                "name": "en",
                "url": "/api/v2/language/9/"
            },
            "version_group": {
                "name": "sword-shield",
                "url": "/api/v2/version-group/20/"
            }
        },
        {
            "flavor_text": "\u52b9\u679c\u30d0\u30c4\u30b0\u30f3\u306e\u3000\u6280\u3057\u304b\n\u5f53\u305f\u3089\u306a\u3044\u3000\u4e0d\u601d\u8b70\u306a\u3000\u529b\u3002",
            "language": {
                "name": "ja",
                "url": "/api/v2/language/11/"
            },
            "version_group": {
                "name": "sword-shield",
                "url": "/api/v2/version-group/20/"
            }
        },
        {
            "flavor_text": "\u4e0d\u53ef\u601d\u8bae\u7684\u529b\u91cf\uff0c\n\u53ea\u6709\u6548\u679c\u7edd\u4f73\u7684\u62db\u5f0f\u624d\u80fd\u51fb\u4e2d\u3002",
            "language": {
                "name": "zh-Hans",
                "url": "/api/v2/language/12/"
            },
            "version_group": {
                "name": "sword-shield",
                "url": "/api/v2/version-group/20/"
            }
        },
        {
            "flavor_text": "Une puissance myst\u00e9rieuse prot\u00e8ge le Pok\u00e9mon contre\\ntoutes les capacit\u00e9s, sauf celles qui sont super efficaces.",
            "language": {
                "name": "fr",
                "url": "/api/v2/language/5/"
            },
            "version_group": {
                "name": "scarlet-violet",
                "url": "/api/v2/version-group/25/"
            }
        }
    ],
    "generation": {
        "name": "generation-iii",
        "url": "/api/v2/generation/3/"
    },
    "id": 25,
    "is_main_series": true,
    "name": "wonder-guard",
    "names": [
        {
            "language": {
                "name": "ja-Hrkt",
                "url": "/api/v2/language/1/"
            },
            "name": "\u3075\u3057\u304e\u306a\u307e\u3082\u308a"
        },
        {
            "language": {
                "name": "ko",
                "url": "/api/v2/language/3/"
            },
            "name": "\ubd88\uac00\uc0ac\uc758\ubd80\uc801"
        },
        {
            "language": {
                "name": "zh-Hant",
                "url": "/api/v2/language/4/"
            },
            "name": "\u795e\u5947\u5b88\u8b77"
        },
        {
            "language": {
                "name": "fr",
                "url": "/api/v2/language/5/"
            },
            "name": "Garde Mystik"
        },
        {
            "language": {
                "name": "de",
                "url": "/api/v2/language/6/"
            },
            "name": "Wunderwache"
        },
        {
            "language": {
                "name": "es",
                "url": "/api/v2/language/7/"
            },
            "name": "Superguarda"
        },
        {
            "language": {
                "name": "it",
                "url": "/api/v2/language/8/"
            },
            "name": "Magidifesa"
        },
        {
            "language": {
                "name": "en",
                "url": "/api/v2/language/9/"
            },
            "name": "Wonder Guard"
        },
        {
            "language": {
                "name": "ja",
                "url": "/api/v2/language/11/"
            },
            "name": "\u3075\u3057\u304e\u306a\u307e\u3082\u308a"
        },
        {
            "language": {
                "name": "zh-Hans",
                "url": "/api/v2/language/12/"
            },
            "name": "\u795e\u5947\u5b88\u62a4"
        }
    ],
    "pokemon": [
        {
            "is_hidden": false,
            "pokemon": {
                "name": "shedinja",
                "url": "/api/v2/pokemon/292/"
            },
            "slot": 1
        }
    ]
}