{
    "effect_changes": [],
    "effect_entries": [
        {
            "effect": "Wenn ein Pok\u00e9mon mit dieser F\u00e4higkeit von einer Attacke getroffen wird die Kontakt herstellt, wird das vom Angreifer getragene Item auf das getroffene Pok\u00e9mon \u00fcbertragen, wenn dieses noch keins h\u00e4lt.\n\nDas Pok\u00e9mon stiehlt nicht, wenn es besiegt wird. Es kann auch stehlen, wenn der Angreifer einen substitute hat, aber nicht wenn der eigene getroffen wird. Wenn eine Attacke mehrmals trifft, l\u00f6st nur der letzte Treffer die F\u00e4higkeit aus. Wenn das Pok\u00e9mon ein wildes ist, kann es kein Item stehlen.",
            "language": {
                "name": "de",
                "url": "/api/v2/language/6/"
            },
            "short_effect": "Stiehlt angreifenden Pok\u00e9mon bei Kontakt das Item."
        },
        {
            "effect": "Whenever a move makes contact with this Pok\u00e9mon, if it does not have a held item, it steals the attacker's held item.\n\nThis Pok\u00e9mon cannot steal upon being knocked out.  It can steal if the attacker has a substitute, but cannot steal when its own Substitute is hit.  If a move hits multiple times, only the last hit triggers this ability.  If this Pok\u00e9mon is wild, it cannot steal from a trained Pok\u00e9mon.",
            "language": {
                "name": "en",
                "url": "/api/v2/language/9/"
            },
            "short_effect": "Steals attacking Pok\u00e9mon's held items on contact."
        }
    ],
    "flavor_text_entries": [
        {
            "flavor_text": "Vole l\u2019objet de l\u2019ennemi\nsi son attaque touche.",
            "language": {
                "name": "fr",
                "url": "/api/v2/language/5/"
            },
            "version_group": {
                "name": "black-white",
                "url": "/api/v2/version-group/11/"
            }
        },
        {
            "flavor_text": "Steals an item when hit\nby another Pok\u00e9mon.",
            "language": {
                "name": "en",
                "url": "/api/v2/language/9/"
            },
            "version_group": {
                "name": "black-white",
                "url": "/api/v2/version-group/11/"
            }
        },
        {
            "flavor_text": "Steals an item when hit\nby another Pok\u00e9mon.",
            "language": {
                "name": "en",
                "url": "/api/v2/language/9/"
            },
            "version_group": {
                "name": "black-2-white-2",
                "url": "/api/v2/version-group/14/"
            }
        },
        {
            "flavor_text": "\u3055\u308f\u3089\u308c\u305f\u3000\u3042\u3044\u3066\u304b\u3089\n\u3069\u3046\u3050\u3092\u3000\u306c\u3059\u3080\u3002",
            "language": {
                "name": "ja-Hrkt",
                "url": "/api/v2/language/1/"
            },
            "version_group": {
                "name": "x-y",
                "url": "/api/v2/version-group/15/"
            }
        },
        {
            "flavor_text": "\ub2ff\uc740 \uc0c1\ub300\ub85c\ubd80\ud130\n\ub3c4\uad6c\ub97c \ud6d4\uce5c\ub2e4.",
            "language": {
                "name": "ko",
                "url": "/api/v2/language/3/"
            },
            "version_group": {
                "name": "x-y",
                "url": "/api/v2/version-group/15/"
            }
        },
        {
            "flavor_text": "Vole l\u2019objet de l\u2019attaquant si son\nattaque touche.",
            "language": {
                "name": "fr",
                "url": "/api/v2/language/5/"
            },
            "version_group": {
                "name": "x-y",
                "url": "/api/v2/version-group/15/"
            }
        },
        {
            "flavor_text": "Stiehlt Angreifern Items,\nwenn es von ihnen ber\u00fchrt wird.",
            "language": {
                "name": "de",
                "url": "/api/v2/language/6/"
            },
            "version_group": {
                "name": "x-y",
                "url": "/api/v2/version-group/15/"
            }
        },
        {
            "flavor_text": "Al ser golpeado, roba\nel objeto del objetivo.",
            "language": {
                "name": "es",
                "url": "/api/v2/language/7/"
            },
            "version_group": {
                "name": "x-y",
                "url": "/api/v2/version-group/15/"
            }
        },
        {
            "flavor_text": "Al contatto subito, ruba lo\nstrumento di chi lo ha attaccato.",
            "language": {
                "name": "it",
                "url": "/api/v2/language/8/"
            },
            "version_group": {
                "name": "x-y",
                "url": "/api/v2/version-group/15/"
            }
        },
        {
            "flavor_text": "Steals an item from an attacker\nthat made direct contact.",
            "language": {
                "name": "en",
                "url": "/api/v2/language/9/"
            },
            "version_group": {
                "name": "x-y",
                "url": "/api/v2/version-group/15/"
            }
        },
        {
            "flavor_text": "\u89e6\u3089\u308c\u305f\u3000\u76f8\u624b\u304b\u3089\n\u9053\u5177\u3092\u3000\u76d7\u3080\u3002",
            "language": {
                "name": "ja",
                "url": "/api/v2/language/11/"
            },
            "version_group": {
                "name": "x-y",
                "url": "/api/v2/version-group/15/"
            }
        },
        {
            "flavor_text": "\u3055\u308f\u3089\u308c\u305f\u3000\u3042\u3044\u3066\u304b\u3089\n\u3069\u3046\u3050\u3092\u3000\u306c\u3059\u3080\u3002",
            "language": {
                "name": "ja-Hrkt",
                "url": "/api/v2/language/1/"
            },
            "version_group": {
                "name": "omega-ruby-alpha-sapphire",
                "url": "/api/v2/version-group/16/"
            }
        },
        {
            "flavor_text": "\ub2ff\uc740 \uc0c1\ub300\ub85c\ubd80\ud130\n\ub3c4\uad6c\ub97c \ud6d4\uce5c\ub2e4.",
            "language": {
                "name": "ko",
                "url": "/api/v2/language/3/"
            },
            "version_group": {
                "name": "omega-ruby-alpha-sapphire",
                "url": "/api/v2/version-group/16/"
            }
        },
        {
            "flavor_text": "Vole l\u2019objet de l\u2019attaquant si son\nattaque touche.",
            "language": {
                "name": "fr",
                "url": "/api/v2/language/5/"
            },
            "version_group": {
                "name": "omega-ruby-alpha-sapphire",
                "url": "/api/v2/version-group/16/"
            }
        },
        {
            "flavor_text": "Stiehlt Angreifern Items,\nwenn es von ihnen ber\u00fchrt wird.",
            "language": {
                "name": "de",
                "url": "/api/v2/language/6/"
            },
            "version_group": {
                "name": "omega-ruby-alpha-sapphire",
                "url": "/api/v2/version-group/16/"
            }
        },
        {
            "flavor_text": "Al ser golpeado, roba\nel objeto del objetivo.",
            "language": {
                "name": "es",
                "url": "/api/v2/language/7/"
            },
            "version_group": {
                "name": "omega-ruby-alpha-sapphire",
                "url": "/api/v2/version-group/16/"
            }
        },
        {
            "flavor_text": "Al contatto subito, ruba lo\nstrumento di chi lo ha attaccato.",
            "language": {
                "name": "it",
                "url": "/api/v2/language/8/"
            },
            "version_group": {
                "name": "omega-ruby-alpha-sapphire",
                "url": "/api/v2/version-group/16/"
            }
        },
        {
            "flavor_text": "Steals an item from an attacker\nthat made direct contact.",
            "language": {
                "name": "en",
                "url": "/api/v2/language/9/"
            },
            "version_group": {
                "name": "omega-ruby-alpha-sapphire",
                "url": "/api/v2/version-group/16/"
            }
        },
        {
            "flavor_text": "\u89e6\u3089\u308c\u305f\u3000\u76f8\u624b\u304b\u3089\n\u9053\u5177\u3092\u3000\u76d7\u3080\u3002",
            "language": {
                "name": "ja",
                "url": "/api/v2/language/11/"
            },
            "version_group": {
                "name": "omega-ruby-alpha-sapphire",
                "url": "/api/v2/version-group/16/"
            }
        },
        {
            "flavor_text": "\u3055\u308f\u3089\u308c\u305f\u3000\u3042\u3044\u3066\u306e\u3000\u3069\u3046\u3050\u3092\n\u306c\u3059\u3093\u3067\u3000\u3057\u307e\u3046\u3002",
            "language": {
                "name": "ja-Hrkt",
                "url": "/api/v2/language/1/"
            },
            "version_group": {
                "name": "sun-moon",
                "url": "/api/v2/version-group/17/"
            }
        },
        {
            "flavor_text": "\uc811\ucd09\ud55c \uc0c1\ub300\uc758 \ub3c4\uad6c\ub97c\n\ud6d4\uce5c\ub2e4.",
            "language": {
                "name": "ko",
                "url": "/api/v2/language/3/"
            },
            "version_group": {
                "name": "sun-moon",
                "url": "/api/v2/version-group/17/"
            }
        },
        {
            "flavor_text": "\u76dc\u53d6\u63a5\u89f8\u5230\u81ea\u5df1\u7684\n\u5c0d\u624b\u7684\u9053\u5177\u3002",
            "language": {
                "name": "zh-Hant",
                "url": "/api/v2/language/4/"
            },
            "version_group": {
                "name": "sun-moon",
                "url": "/api/v2/version-group/17/"
            }
        },
        {
            "flavor_text": "Vole l\u2019objet que tient l\u2019attaquant quand le Pok\u00e9mon\nsubit une attaque directe.",
            "language": {
                "name": "fr",
                "url": "/api/v2/language/5/"
            },
            "version_group": {
                "name": "sun-moon",
                "url": "/api/v2/version-group/17/"
            }
        },
        {
            "flavor_text": "Stiehlt das Item des Angreifers bei Ber\u00fchrung.",
            "language": {
                "name": "de",
                "url": "/api/v2/language/6/"
            },
            "version_group": {
                "name": "sun-moon",
                "url": "/api/v2/version-group/17/"
            }
        },
        {
            "flavor_text": "Si el rival usa un movimiento de contacto al atacar,\nle roba el objeto.",
            "language": {
                "name": "es",
                "url": "/api/v2/language/7/"
            },
            "version_group": {
                "name": "sun-moon",
                "url": "/api/v2/version-group/17/"
            }
        },
        {
            "flavor_text": "Se il Pok\u00e9mon viene colpito da un attacco diretto,\nruba lo strumento di chi lo ha attaccato.",
            "language": {
                "name": "it",
                "url": "/api/v2/language/8/"
            },
            "version_group": {
                "name": "sun-moon",
                "url": "/api/v2/version-group/17/"
            }
        },
        {
            "flavor_text": "Steals an item from an attacker that made\ndirect contact.",
            "language": {
                "name": "en",
                "url": "/api/v2/language/9/"
            },
            "version_group": {
                "name": "sun-moon",
                "url": "/api/v2/version-group/17/"
            }
        },
        {
            "flavor_text": "\u89e6\u3089\u308c\u305f\u3000\u76f8\u624b\u306e\u3000\u9053\u5177\u3092\n\u76d7\u3093\u3067\u3000\u3057\u307e\u3046\u3002",
            "language": {
                "name": "ja",
                "url": "/api/v2/language/11/"
            },
            "version_group": {
                "name": "sun-moon",
                "url": "/api/v2/version-group/17/"
            }
        },
        {
            "flavor_text": "\u76d7\u53d6\u63a5\u89e6\u5230\u81ea\u5df1\u7684\n\u5bf9\u624b\u7684\u9053\u5177\u3002",
            "language": {
                "name": "zh-Hans",
                "url": "/api/v2/language/12/"
            },
            "version_group": {
                "name": "sun-moon",
                "url": "/api/v2/version-group/17/"
            }
        },
        {
            "flavor_text": "\u3055\u308f\u3089\u308c\u305f\u3000\u3042\u3044\u3066\u306e\u3000\u3069\u3046\u3050\u3092\n\u306c\u3059\u3093\u3067\u3000\u3057\u307e\u3046\u3002",
            "language": {
                "name": "ja-Hrkt",
                "url": "/api/v2/language/1/"
            },
            "version_group": {
                "name": "ultra-sun-ultra-moon",
                "url": "/api/v2/version-group/18/"
            }
        },
        {
            "flavor_text": "\uc811\ucd09\ud55c \uc0c1\ub300\uc758 \ub3c4\uad6c\ub97c\n\ud6d4\uce5c\ub2e4.",
            "language": {
                "name": "ko",
                "url": "/api/v2/language/3/"
            },
            "version_group": {
                "name": "ultra-sun-ultra-moon",
                "url": "/api/v2/version-group/18/"
            }
        },
        {
            "flavor_text": "\u76dc\u53d6\u63a5\u89f8\u5230\u81ea\u5df1\u7684\n\u5c0d\u624b\u7684\u9053\u5177\u3002",
            "language": {
                "name": "zh-Hant",
                "url": "/api/v2/language/4/"
            },
            "version_group": {
                "name": "ultra-sun-ultra-moon",
                "url": "/api/v2/version-group/18/"
            }
        },
        {
            "flavor_text": "Vole l\u2019objet que tient l\u2019attaquant quand le Pok\u00e9mon\nsubit une attaque directe.",
            "language": {
                "name": "fr",
                "url": "/api/v2/language/5/"
            },
            "version_group": {
                "name": "ultra-sun-ultra-moon",
                "url": "/api/v2/version-group/18/"
            }
        },
        {
            "flavor_text": "Stiehlt das Item des Angreifers bei Ber\u00fchrung.",
            "language": {
                "name": "de",
                "url": "/api/v2/language/6/"
            },
            "version_group": {
                "name": "ultra-sun-ultra-moon",
                "url": "/api/v2/version-group/18/"
            }
        },
        {
            "flavor_text": "Si el rival usa un movimiento de contacto al atacar,\nle roba el objeto.",
            "language": {
                "name": "es",
                "url": "/api/v2/language/7/"
            },
            "version_group": {
                "name": "ultra-sun-ultra-moon",
                "url": "/api/v2/version-group/18/"
            }
        },
        {
            "flavor_text": "Se il Pok\u00e9mon viene colpito da un attacco diretto,\nruba lo strumento di chi lo ha attaccato.",
            "language": {
                "name": "it",
                "url": "/api/v2/language/8/"
            },
            "version_group": {
                "name": "ultra-sun-ultra-moon",
                "url": "/api/v2/version-group/18/"
            }
        },
        {
            "flavor_text": "Steals an item from an attacker that made\ndirect contact.",
            "language": {
                "name": "en",
                "url": "/api/v2/language/9/"
            },
            "version_group": {
                "name": "ultra-sun-ultra-moon",
                "url": "/api/v2/version-group/18/"
            }
        },
        {
            "flavor_text": "\u89e6\u3089\u308c\u305f\u3000\u76f8\u624b\u306e\u3000\u9053\u5177\u3092\n\u76d7\u3093\u3067\u3000\u3057\u307e\u3046\u3002",
            "language": {
                "name": "ja",
                "url": "/api/v2/language/11/"
            },
            "version_group": {
                "name": "ultra-sun-ultra-moon",
                "url": "/api/v2/version-group/18/"
            }
        },
        {
            "flavor_text": "\u76d7\u53d6\u63a5\u89e6\u5230\u81ea\u5df1\u7684\n\u5bf9\u624b\u7684\u9053\u5177\u3002",
            "language": {
                "name": "zh-Hans",
                "url": "/api/v2/language/12/"
            },
            "version_group": {
                "name": "ultra-sun-ultra-moon",
                "url": "/api/v2/version-group/18/"
            }
        },
        {
            "flavor_text": "\u3055\u308f\u3089\u308c\u305f\u3000\u3042\u3044\u3066\u306e\u3000\u3069\u3046\u3050\u3092\n\u306c\u3059\u3093\u3067\u3000\u3057\u307e\u3046\u3002",
            "language": {
                "name": "ja-Hrkt",
                "url": "/api/v2/language/1/"
            },
            "version_group": {
                "name": "lets-go-pikachu-lets-go-eevee",
                "url": "/api/v2/version-group/19/"
            }
        },
        {
            "flavor_text": "\uc811\ucd09\ud55c \uc0c1\ub300\uc758 \ub3c4\uad6c\ub97c\n\ud6d4\uce5c\ub2e4.",
            "language": {
                "name": "ko",
                "url": "/api/v2/language/3/"
            },
            "version_group": {
                "name": "lets-go-pikachu-lets-go-eevee",
                "url": "/api/v2/version-group/19/"
            }
        },
        {
            "flavor_text": "\u76dc\u53d6\u63a5\u89f8\u5230\u81ea\u5df1\u7684\n\u5c0d\u624b\u7684\u9053\u5177\u3002",
            "language": {
                "name": "zh-Hant",
                "url": "/api/v2/language/4/"
            },
            "version_group": {
                "name": "lets-go-pikachu-lets-go-eevee",
                "url": "/api/v2/version-group/19/"
            }
        },
        {
            "flavor_text": "Vole l\u2019objet que tient l\u2019attaquant quand le Pok\u00e9mon\nsubit une attaque directe.",
            "language": {
                "name": "fr",
                "url": "/api/v2/language/5/"
            },
            "version_group": {
                "name": "lets-go-pikachu-lets-go-eevee",
                "url": "/api/v2/version-group/19/"
            }
        },
        {
            "flavor_text": "Stiehlt das Item des Angreifers bei Ber\u00fchrung.",
            "language": {
                "name": "de",
                "url": "/api/v2/language/6/"
            },
            "version_group": {
                "name": "lets-go-pikachu-lets-go-eevee",
                "url": "/api/v2/version-group/19/"
            }
        },
        {
            "flavor_text": "Si el rival usa un movimiento de contacto al atacar,\nle roba el objeto.",
            "language": {
                "name": "es",
                "url": "/api/v2/language/7/"
            },
            "version_group": {
                "name": "lets-go-pikachu-lets-go-eevee",
                "url": "/api/v2/version-group/19/"
            }
        },
        {
            "flavor_text": "Se il Pok\u00e9mon viene colpito da un attacco diretto,\nruba lo strumento di chi lo ha attaccato.",
            "language": {
                "name": "it",
                "url": "/api/v2/language/8/"
            },
            "version_group": {
                "name": "lets-go-pikachu-lets-go-eevee",
                "url": "/api/v2/version-group/19/"
            }
        },
        {
            "flavor_text": "Steals an item from an attacker that made\ndirect contact.",
            "language": {
                "name": "en",
                "url": "/api/v2/language/9/"
            },
            "version_group": {
                "name": "lets-go-pikachu-lets-go-eevee",
                "url": "/api/v2/version-group/19/"
            }
        },
        {
            "flavor_text": "\u89e6\u3089\u308c\u305f\u3000\u76f8\u624b\u306e\u3000\u9053\u5177\u3092\n\u76d7\u3093\u3067\u3000\u3057\u307e\u3046\u3002",
            "language": {
                "name": "ja",
                "url": "/api/v2/language/11/"
            },
            "version_group": {
                "name": "lets-go-pikachu-lets-go-eevee",
                "url": "/api/v2/version-group/19/"
            }
        },
        {
            "flavor_text": "\u76d7\u53d6\u63a5\u89e6\u5230\u81ea\u5df1\u7684\n\u5bf9\u624b\u7684\u9053\u5177\u3002",
            "language": {
                "name": "zh-Hans",
                "url": "/api/v2/language/12/"
            },
            "version_group": {
                "name": "lets-go-pikachu-lets-go-eevee",
                "url": "/api/v2/version-group/19/"
            }
        },
        {
            "flavor_text": "\u3055\u308f\u3089\u308c\u305f\u3000\u3042\u3044\u3066\u306e\u3000\u3069\u3046\u3050\u3092\n\u306c\u3059\u3093\u3067\u3000\u3057\u307e\u3046\u3002",
            "language": {
                "name": "ja-Hrkt",
                "url": "/api/v2/language/1/"
            },
            "version_group": {
                "name": "sword-shield",
                "url": "/api/v2/version-group/20/"
            }
        },
        {
            "flavor_text": "\uc811\ucd09\ud55c \uc0c1\ub300\uc758 \ub3c4\uad6c\ub97c\n\ud6d4\uce5c\ub2e4.",
            "language": {
                "name": "ko",
                "url": "/api/v2/language/3/"
            },
            "version_group": {
                "name": "sword-shield",
                "url": "/api/v2/version-group/20/"
            }
        },
        {
            "flavor_text": "\u76dc\u53d6\u63a5\u89f8\u5230\u81ea\u5df1\u7684\n\u5c0d\u624b\u7684\u9053\u5177\u3002",
            "language": {
                "name": "zh-Hant",
                "url": "/api/v2/language/4/"
            },
            "version_group": {
                "name": "sword-shield",
                "url": "/api/v2/version-group/20/"
            }
        },
        {
            "flavor_text": "Vole l\u2019objet que tient l\u2019attaquant quand le Pok\u00e9mon\nsubit une attaque directe.",
            "language": {
                "name": "fr",
                "url": "/api/v2/language/5/"
            },
            "version_group": {
                "name": "sword-shield",
                "url": "/api/v2/version-group/20/"
            }
        },
        {
            "flavor_text": "Stiehlt das Item des Angreifers bei Ber\u00fchrung.",
            "language": {
                "name": "de",
                "url": "/api/v2/language/6/"
            },
            "version_group": {
                "name": "sword-shield",
                "url": "/api/v2/version-group/20/"
            }
        },
        {
            "flavor_text": "Si el rival usa un movimiento de contacto al atacar,\nle roba el objeto.",
            "language": {
                "name": "es",
                "url": "/api/v2/language/7/"
            },
            "version_group": {
                "name": "sword-shield",
                "url": "/api/v2/version-group/20/"
            }
        },
        {
            "flavor_text": "Se il Pok\u00e9mon viene colpito da un attacco diretto,\nruba lo strumento di chi lo ha attaccato.",
            "language": {
                "name": "it",
                "url": "/api/v2/language/8/"
            },
            "version_group": {
                "name": "sword-shield",
                "url": "/api/v2/version-group/20/"
            }
        },
        {
            "flavor_text": "Steals an item from an attacker that made\ndirect contact.",
            "language": {
                "name": "en",
                "url": "/api/v2/language/9/"
            },
            "version_group": {
                "name": "sword-shield",
                "url": "/api/v2/version-group/20/"
            }
        },
        {
            "flavor_text": "\u89e6\u3089\u308c\u305f\u3000\u76f8\u624b\u306e\u3000\u9053\u5177\u3092\n\u76d7\u3093\u3067\u3000\u3057\u307e\u3046\u3002",
            "language": {
                "name": "ja",
                "url": "/api/v2/language/11/"
            },
            "version_group": {
                "name": "sword-shield",
                "url": "/api/v2/version-group/20/"
            }
        },
        {
            "flavor_text": "\u76d7\u53d6\u63a5\u89e6\u5230\u81ea\u5df1\u7684\n\u5bf9\u624b\u7684\u9053\u5177\u3002",
            "language": {
                "name": "zh-Hans",
                "url": "/api/v2/language/12/"
            },
            "version_group": {
                "name": "sword-shield",
                "url": "/api/v2/version-group/20/"
            }
        },
        {
            "flavor_text": "Vole l\u2019objet que tient l\u2019attaquant quand le Pok\u00e9mon\\nsubit une attaque directe.",
            "language": {
                "name": "fr",
                "url": "/api/v2/language/5/"
            },
            "version_group": {
                "name": "scarlet-violet",
                "url": "/api/v2/version-group/25/"
            }
        },
        {
            "flavor_text": "The Pok\u00e9mon steals the held item from attackers that made direct contact with it.",
            "language": {
                "name": "en",
                "url": "/api/v2/language/9/"
            },
            "version_group": {
                "name": "scarlet-violet",
                "url": "/api/v2/version-group/25/"
            }
        }
    ],
    "generation": {
        "name": "generation-v",
        "url": "/api/v2/generation/5/"
    },
    "id": 124,
    "is_main_series": true,
    "name": "pickpocket",
    "names": [
        {
            "language": {
                "name": "ja-Hrkt",
                "url": "/api/v2/language/1/"
            },
            "name": "\u308f\u308b\u3044\u3066\u3050\u305b"
        },
        {
            "language": {
                "name": "ko",
                "url": "/api/v2/language/3/"
            },
            "name": "\ub098\uc05c\uc190\ubc84\ub987"
        },
        {
            "language": {
                "name": "zh-Hant",
                "url": "/api/v2/language/4/"
            },
            "name": "\u9806\u624b\u727d\u7f8a"
        },
        {
            "language": {
                "name": "fr",
                "url": "/api/v2/language/5/"
            },
            "name": "Pickpocket"
        },
        {
            "language": {
                "name": "de",
                "url": "/api/v2/language/6/"
            },
            "name": "Langfinger"
        },
        {
            "language": {
                "name": "es",
                "url": "/api/v2/language/7/"
            },
            "name": "Hurto"
        },
        {
            "language": {
                "name": "it",
                "url": "/api/v2/language/8/"
            },
            "name": "Arraffalesto"
        },
        {
            "language": {
                "name": "en",
                "url": "/api/v2/language/9/"
            },
            "name": "Pickpocket"
        },
        {
            "language": {
                "name": "ja",
                "url": "/api/v2/language/11/"
            },
            "name": "\u308f\u308b\u3044\u3066\u3050\u305b"
        },
        {
            "language": {
                "name": "zh-Hans",
                "url": "/api/v2/language/12/"
            },
            "name": "\u987a\u624b\u7275\u7f8a"
        }
    ],
    "pokemon": [
        {
            "is_hidden": true,
            "pokemon": {
                "name": "sneasel",
                "url": "/api/v2/pokemon/215/"
            },
            "slot": 3
        },
        {
            "is_hidden": true,
            "pokemon": {
                "name": "seedot",
                "url": "/api/v2/pokemon/273/"
            },
            "slot": 3
        },
        {
            "is_hidden": true,
            "pokemon": {
                "name": "nuzleaf",
                "url": "/api/v2/pokemon/274/"
            },
            "slot": 3
        },
        {
            "is_hidden": true,
            "pokemon": {
                "name": "shiftry",
                "url": "/api/v2/pokemon/275/"
            },
            "slot": 3
        },
        {
            "is_hidden": true,
            "pokemon": {
                "name": "weavile",
                "url": "/api/v2/pokemon/461/"
            },
            "slot": 3
        },
        {
            "is_hidden": true,
            "pokemon": {
                "name": "binacle",
                "url": "/api/v2/pokemon/688/"
            },
            "slot": 3
        },
        {
            "is_hidden": true,
            "pokemon": {
                "name": "barbaracle",
                "url": "/api/v2/pokemon/689/"
            },
            "slot": 3
        },
        {
            "is_hidden": true,
            "pokemon": {
                "name": "impidimp",
                "url": "/api/v2/pokemon/859/"
            },
            "slot": 3
        },
        {
            "is_hidden": true,
            "pokemon": {
                "name": "morgrem",
                "url": "/api/v2/pokemon/860/"
            },
            "slot": 3
        },
        {
            "is_hidden": true,
            "pokemon": {
                "name": "grimmsnarl",
                "url": "/api/v2/pokemon/861/"
            },
            "slot": 3
        },
        {
            "is_hidden": false,
            "pokemon": {
                "name": "shroodle",
                "url": "/api/v2/pokemon/944/"
            },
            "slot": 2
        },
        {
            "is_hidden": true,
            "pokemon": {
                "name": "tinkatink",
                "url": "/api/v2/pokemon/957/"
            },
            "slot": 3
        },
        {
            "is_hidden": true,
            "pokemon": {
                "name": "tinkatuff",
                "url": "/api/v2/pokemon/958/"
            },
            "slot": 3
        },
        {
            "is_hidden": true,
            "pokemon": {
                "name": "tinkaton",
                "url": "/api/v2/pokemon/959/"
            },
            "slot": 3
        },
        {
            "is_hidden": true,
            "pokemon": {
                "name": "grimmsnarl-gmax",
                "url": "/api/v2/pokemon/10222/"
            },
            "slot": 3
        },
        {
            "is_hidden": true,
            "pokemon": {
                "name": "sneasel-hisui",
                "url": "/api/v2/pokemon/10235/"
            },
            "slot": 3
        }
    ]
}