{
    "effect_changes": [],
    "effect_entries": [
        {
            "effect": "Ein Pok\u00e9mon mit dieser F\u00e4higkeit ist immun gegen Zusatzeffekt von Attacken.\n\nEin Zusatzeffekt ist die Chance einer Attacke, als \"Effektchance\" bezeichnet, eine status ailment oder eine stat modifier hervorzurufen oder das Ziel zur\u00fcckschrecken zu lassen, zus\u00e4tzlich zum Haupteffekt einer Attacke. Zum Beispiel ist die paralysis die thunder shock verursachen kann ein Zusatzeffekt, im Gegensatz zu thunder wave, genauso wie das Entfernen des Items durch knock off und die erh\u00f6hte kritische Trefferchance durch air cutter.",
            "language": {
                "name": "de",
                "url": "/api/v2/language/6/"
            },
            "short_effect": "Sch\u00fctzt vor Zusatzeffekten von Attacken."
        },
        {
            "effect": "This Pok\u00e9mon is immune to the extra effects of moves used against it.\n\nAn extra effect is a move's chance, listed as an \"effect chance\", to inflict a status ailment, cause a stat change, or make the target flinch in addition to the move's main effect.  For example, thunder shock's paralysis is an extra effect, but thunder wave's is not, nor are knock off's item removal and air cutter's increased critical hit rate.",
            "language": {
                "name": "en",
                "url": "/api/v2/language/9/"
            },
            "short_effect": "Protects against incoming moves' extra effects."
        }
    ],
    "flavor_text_entries": [
        {
            "flavor_text": "Annule les effets cumul\u00e9s d'une attaque ennemie.",
            "language": {
                "name": "fr",
                "url": "/api/v2/language/5/"
            },
            "version_group": {
                "name": "heartgold-soulsilver",
                "url": "/api/v2/version-group/10/"
            }
        },
        {
            "flavor_text": "Emp\u00eache le cumul d'effets.",
            "language": {
                "name": "fr",
                "url": "/api/v2/language/5/"
            },
            "version_group": {
                "name": "ruby-sapphire",
                "url": "/api/v2/version-group/5/"
            }
        },
        {
            "flavor_text": "Prevents added effects.",
            "language": {
                "name": "en",
                "url": "/api/v2/language/9/"
            },
            "version_group": {
                "name": "ruby-sapphire",
                "url": "/api/v2/version-group/5/"
            }
        },
        {
            "flavor_text": "Emp\u00eache le cumul d'effets.",
            "language": {
                "name": "fr",
                "url": "/api/v2/language/5/"
            },
            "version_group": {
                "name": "emerald",
                "url": "/api/v2/version-group/6/"
            }
        },
        {
            "flavor_text": "Prevents added effects.",
            "language": {
                "name": "en",
                "url": "/api/v2/language/9/"
            },
            "version_group": {
                "name": "emerald",
                "url": "/api/v2/version-group/6/"
            }
        },
        {
            "flavor_text": "Emp\u00eache le cumul d'effets.",
            "language": {
                "name": "fr",
                "url": "/api/v2/language/5/"
            },
            "version_group": {
                "name": "firered-leafgreen",
                "url": "/api/v2/version-group/7/"
            }
        },
        {
            "flavor_text": "Prevents added effects.",
            "language": {
                "name": "en",
                "url": "/api/v2/language/9/"
            },
            "version_group": {
                "name": "firered-leafgreen",
                "url": "/api/v2/version-group/7/"
            }
        },
        {
            "flavor_text": "Annule les effets cumul\u00e9s d'une attaque ennemie.",
            "language": {
                "name": "fr",
                "url": "/api/v2/language/5/"
            },
            "version_group": {
                "name": "diamond-pearl",
                "url": "/api/v2/version-group/8/"
            }
        },
        {
            "flavor_text": "Blocks the added effects\nof attacks taken.",
            "language": {
                "name": "en",
                "url": "/api/v2/language/9/"
            },
            "version_group": {
                "name": "diamond-pearl",
                "url": "/api/v2/version-group/8/"
            }
        },
        {
            "flavor_text": "Annule les effets cumul\u00e9s d'une attaque ennemie.",
            "language": {
                "name": "fr",
                "url": "/api/v2/language/5/"
            },
            "version_group": {
                "name": "platinum",
                "url": "/api/v2/version-group/9/"
            }
        },
        {
            "flavor_text": "Blocks the added effects\nof attacks taken.",
            "language": {
                "name": "en",
                "url": "/api/v2/language/9/"
            },
            "version_group": {
                "name": "platinum",
                "url": "/api/v2/version-group/9/"
            }
        },
        {
            "flavor_text": "Blocks the added effects\nof attacks taken.",
            "language": {
                "name": "en",
                "url": "/api/v2/language/9/"
            },
            "version_group": {
                "name": "heartgold-soulsilver",
                "url": "/api/v2/version-group/10/"
            }
        },
        {
            "flavor_text": "Annule les effets cumul\u00e9s d'une attaque ennemie.",
            "language": {
                "name": "fr",
                "url": "/api/v2/language/5/"
            },
            "version_group": {
                "name": "black-white",
                "url": "/api/v2/version-group/11/"
            }
        },
        {
            "flavor_text": "Annule les effets cumul\u00e9s\nd\u2019une attaque ennemie.",
            "language": {
                "name": "fr",
                "url": "/api/v2/language/5/"
            },
            "version_group": {
                "name": "black-white",
                "url": "/api/v2/version-group/11/"
            }
        },
        {
            "flavor_text": "Blocks the added effects\nof attacks taken.",
            "language": {
                "name": "en",
                "url": "/api/v2/language/9/"
            },
            "version_group": {
                "name": "black-white",
                "url": "/api/v2/version-group/11/"
            }
        },
        {
            "flavor_text": "Annule les effets cumul\u00e9s d'une attaque ennemie.",
            "language": {
                "name": "fr",
                "url": "/api/v2/language/5/"
            },
            "version_group": {
                "name": "xd",
                "url": "/api/v2/version-group/13/"
            }
        },
        {
            "flavor_text": "Annule les effets cumul\u00e9s d'une attaque ennemie.",
            "language": {
                "name": "fr",
                "url": "/api/v2/language/5/"
            },
            "version_group": {
                "name": "black-2-white-2",
                "url": "/api/v2/version-group/14/"
            }
        },
        {
            "flavor_text": "Blocks the added effects\nof attacks taken.",
            "language": {
                "name": "en",
                "url": "/api/v2/language/9/"
            },
            "version_group": {
                "name": "black-2-white-2",
                "url": "/api/v2/version-group/14/"
            }
        },
        {
            "flavor_text": "\u308f\u3056\u306e\u3000\u3064\u3044\u304b\u3053\u3046\u304b\u3092\n\u3046\u3051\u306a\u3044\u3002",
            "language": {
                "name": "ja-Hrkt",
                "url": "/api/v2/language/1/"
            },
            "version_group": {
                "name": "x-y",
                "url": "/api/v2/version-group/15/"
            }
        },
        {
            "flavor_text": "\uae30\uc220\uc758 \ucd94\uac00 \ud6a8\uacfc\ub97c\n\ubc1b\uc9c0 \uc54a\ub294\ub2e4.",
            "language": {
                "name": "ko",
                "url": "/api/v2/language/3/"
            },
            "version_group": {
                "name": "x-y",
                "url": "/api/v2/version-group/15/"
            }
        },
        {
            "flavor_text": "Le Pok\u00e9mon dispose d'un \u00e9cran naturel qui le prot\u00e8ge des effets additionnels des attaques ennemies.",
            "language": {
                "name": "fr",
                "url": "/api/v2/language/5/"
            },
            "version_group": {
                "name": "x-y",
                "url": "/api/v2/version-group/15/"
            }
        },
        {
            "flavor_text": "Annule les effets cumul\u00e9s d\u2019une\nattaque ennemie.",
            "language": {
                "name": "fr",
                "url": "/api/v2/language/5/"
            },
            "version_group": {
                "name": "x-y",
                "url": "/api/v2/version-group/15/"
            }
        },
        {
            "flavor_text": "Blockiert Zusatz-Effekte\ngegnerischer Angriffe.",
            "language": {
                "name": "de",
                "url": "/api/v2/language/6/"
            },
            "version_group": {
                "name": "x-y",
                "url": "/api/v2/version-group/15/"
            }
        },
        {
            "flavor_text": "Anula el efecto secundario del\nataque sufrido.",
            "language": {
                "name": "es",
                "url": "/api/v2/language/7/"
            },
            "version_group": {
                "name": "x-y",
                "url": "/api/v2/version-group/15/"
            }
        },
        {
            "flavor_text": "Annulla gli effetti secondari\ndelle mosse subite.",
            "language": {
                "name": "it",
                "url": "/api/v2/language/8/"
            },
            "version_group": {
                "name": "x-y",
                "url": "/api/v2/version-group/15/"
            }
        },
        {
            "flavor_text": "Blocks the additional effects\nof attacks taken.",
            "language": {
                "name": "en",
                "url": "/api/v2/language/9/"
            },
            "version_group": {
                "name": "x-y",
                "url": "/api/v2/version-group/15/"
            }
        },
        {
            "flavor_text": "\u6280\u306e\u3000\u8ffd\u52a0\u52b9\u679c\u3092\n\u53d7\u3051\u306a\u3044\u3002",
            "language": {
                "name": "ja",
                "url": "/api/v2/language/11/"
            },
            "version_group": {
                "name": "x-y",
                "url": "/api/v2/version-group/15/"
            }
        },
        {
            "flavor_text": "\u308f\u3056\u306e\u3000\u3064\u3044\u304b\u3053\u3046\u304b\u3092\n\u3046\u3051\u306a\u3044\u3002",
            "language": {
                "name": "ja-Hrkt",
                "url": "/api/v2/language/1/"
            },
            "version_group": {
                "name": "omega-ruby-alpha-sapphire",
                "url": "/api/v2/version-group/16/"
            }
        },
        {
            "flavor_text": "\uae30\uc220\uc758 \ucd94\uac00 \ud6a8\uacfc\ub97c\n\ubc1b\uc9c0 \uc54a\ub294\ub2e4.",
            "language": {
                "name": "ko",
                "url": "/api/v2/language/3/"
            },
            "version_group": {
                "name": "omega-ruby-alpha-sapphire",
                "url": "/api/v2/version-group/16/"
            }
        },
        {
            "flavor_text": "Le Pok\u00e9mon dispose d'un \u00e9cran naturel qui le prot\u00e8ge des effets additionnels des attaques ennemies.",
            "language": {
                "name": "fr",
                "url": "/api/v2/language/5/"
            },
            "version_group": {
                "name": "omega-ruby-alpha-sapphire",
                "url": "/api/v2/version-group/16/"
            }
        },
        {
            "flavor_text": "Annule les effets cumul\u00e9s d'une attaque ennemie.",
            "language": {
                "name": "fr",
                "url": "/api/v2/language/5/"
            },
            "version_group": {
                "name": "omega-ruby-alpha-sapphire",
                "url": "/api/v2/version-group/16/"
            }
        },
        {
            "flavor_text": "Annule les effets cumul\u00e9s d\u2019une\nattaque ennemie.",
            "language": {
                "name": "fr",
                "url": "/api/v2/language/5/"
            },
            "version_group": {
                "name": "omega-ruby-alpha-sapphire",
                "url": "/api/v2/version-group/16/"
            }
        },
        {
            "flavor_text": "Blockiert Zusatz-Effekte\ngegnerischer Angriffe.",
            "language": {
                "name": "de",
                "url": "/api/v2/language/6/"
            },
            "version_group": {
                "name": "omega-ruby-alpha-sapphire",
                "url": "/api/v2/version-group/16/"
            }
        },
        {
            "flavor_text": "Anula el efecto secundario del\nataque sufrido.",
            "language": {
                "name": "es",
                "url": "/api/v2/language/7/"
            },
            "version_group": {
                "name": "omega-ruby-alpha-sapphire",
                "url": "/api/v2/version-group/16/"
            }
        },
        {
            "flavor_text": "Annulla gli effetti secondari\ndelle mosse subite.",
            "language": {
                "name": "it",
                "url": "/api/v2/language/8/"
            },
            "version_group": {
                "name": "omega-ruby-alpha-sapphire",
                "url": "/api/v2/version-group/16/"
            }
        },
        {
            "flavor_text": "Blocks the additional effects\nof attacks taken.",
            "language": {
                "name": "en",
                "url": "/api/v2/language/9/"
            },
            "version_group": {
                "name": "omega-ruby-alpha-sapphire",
                "url": "/api/v2/version-group/16/"
            }
        },
        {
            "flavor_text": "\u6280\u306e\u3000\u8ffd\u52a0\u52b9\u679c\u3092\n\u53d7\u3051\u306a\u3044\u3002",
            "language": {
                "name": "ja",
                "url": "/api/v2/language/11/"
            },
            "version_group": {
                "name": "omega-ruby-alpha-sapphire",
                "url": "/api/v2/version-group/16/"
            }
        },
        {
            "flavor_text": "\u308a\u3093\u3077\u3093\u306b\u3000\u307e\u3082\u3089\u308c\u3066\n\u308f\u3056\u306e\u3000\u3064\u3044\u304b\u3053\u3046\u304b\u3092\u3000\u3046\u3051\u306a\u304f\u306a\u308b\u3002",
            "language": {
                "name": "ja-Hrkt",
                "url": "/api/v2/language/1/"
            },
            "version_group": {
                "name": "sun-moon",
                "url": "/api/v2/version-group/17/"
            }
        },
        {
            "flavor_text": "\uc778\ubd84\uc5d0 \ubcf4\ud638\ubc1b\uc544\n\uae30\uc220\uc758 \ucd94\uac00 \ud6a8\uacfc\ub97c \ubc1b\uc9c0 \uc54a\uac8c \ub41c\ub2e4.",
            "language": {
                "name": "ko",
                "url": "/api/v2/language/3/"
            },
            "version_group": {
                "name": "sun-moon",
                "url": "/api/v2/version-group/17/"
            }
        },
        {
            "flavor_text": "\u88ab\u9c57\u7c89\u5b88\u8b77\u8457\uff0c\n\u4e0d\u6703\u53d7\u5230\u62db\u5f0f\u7684\u8ffd\u52a0\u6548\u679c\u5f71\u97ff\u3002",
            "language": {
                "name": "zh-Hant",
                "url": "/api/v2/language/4/"
            },
            "version_group": {
                "name": "sun-moon",
                "url": "/api/v2/version-group/17/"
            }
        },
        {
            "flavor_text": "Le Pok\u00e9mon dispose d'un \u00e9cran naturel qui le prot\u00e8ge des effets additionnels des attaques ennemies.",
            "language": {
                "name": "fr",
                "url": "/api/v2/language/5/"
            },
            "version_group": {
                "name": "sun-moon",
                "url": "/api/v2/version-group/17/"
            }
        },
        {
            "flavor_text": "Le Pok\u00e9mon dispose d\u2019un \u00e9cran naturel qui le\nprot\u00e8ge des effets additionnels des attaques\nennemies.",
            "language": {
                "name": "fr",
                "url": "/api/v2/language/5/"
            },
            "version_group": {
                "name": "sun-moon",
                "url": "/api/v2/version-group/17/"
            }
        },
        {
            "flavor_text": "Blockiert durch Puder die Zusatzeffekte\ngegnerischer Angriffe.",
            "language": {
                "name": "de",
                "url": "/api/v2/language/6/"
            },
            "version_group": {
                "name": "sun-moon",
                "url": "/api/v2/version-group/17/"
            }
        },
        {
            "flavor_text": "El polvo de escamas que lo envuelve lo protege de\nlos efectos secundarios de los ataques recibidos.",
            "language": {
                "name": "es",
                "url": "/api/v2/language/7/"
            },
            "version_group": {
                "name": "sun-moon",
                "url": "/api/v2/version-group/17/"
            }
        },
        {
            "flavor_text": "Il Pok\u00e9mon \u00e8 protetto da uno strato di scaglie\nche annulla gli effetti secondari delle mosse subite.",
            "language": {
                "name": "it",
                "url": "/api/v2/language/8/"
            },
            "version_group": {
                "name": "sun-moon",
                "url": "/api/v2/version-group/17/"
            }
        },
        {
            "flavor_text": "This Pok\u00e9mon\u2019s dust blocks the additional effects of\nattacks taken.",
            "language": {
                "name": "en",
                "url": "/api/v2/language/9/"
            },
            "version_group": {
                "name": "sun-moon",
                "url": "/api/v2/version-group/17/"
            }
        },
        {
            "flavor_text": "\u308a\u3093\u3077\u3093\u306b\u3000\u5b88\u3089\u308c\u3066\n\u6280\u306e\u3000\u8ffd\u52a0\u52b9\u679c\u3092\u3000\u53d7\u3051\u306a\u304f\u306a\u308b\u3002",
            "language": {
                "name": "ja",
                "url": "/api/v2/language/11/"
            },
            "version_group": {
                "name": "sun-moon",
                "url": "/api/v2/version-group/17/"
            }
        },
        {
            "flavor_text": "\u88ab\u9cde\u7c89\u5b88\u62a4\u7740\uff0c\n\u4e0d\u4f1a\u53d7\u5230\u62db\u5f0f\u7684\u8ffd\u52a0\u6548\u679c\u5f71\u54cd\u3002",
            "language": {
                "name": "zh-Hans",
                "url": "/api/v2/language/12/"
            },
            "version_group": {
                "name": "sun-moon",
                "url": "/api/v2/version-group/17/"
            }
        },
        {
            "flavor_text": "\u308a\u3093\u3077\u3093\u306b\u3000\u307e\u3082\u3089\u308c\u3066\n\u308f\u3056\u306e\u3000\u3064\u3044\u304b\u3053\u3046\u304b\u3092\u3000\u3046\u3051\u306a\u304f\u306a\u308b\u3002",
            "language": {
                "name": "ja-Hrkt",
                "url": "/api/v2/language/1/"
            },
            "version_group": {
                "name": "ultra-sun-ultra-moon",
                "url": "/api/v2/version-group/18/"
            }
        },
        {
            "flavor_text": "\uc778\ubd84\uc5d0 \ubcf4\ud638\ubc1b\uc544\n\uae30\uc220\uc758 \ucd94\uac00 \ud6a8\uacfc\ub97c \ubc1b\uc9c0 \uc54a\uac8c \ub41c\ub2e4.",
            "language": {
                "name": "ko",
                "url": "/api/v2/language/3/"
            },
            "version_group": {
                "name": "ultra-sun-ultra-moon",
                "url": "/api/v2/version-group/18/"
            }
        },
        {
            "flavor_text": "\u88ab\u9c57\u7c89\u5b88\u8b77\u8457\uff0c\n\u4e0d\u6703\u53d7\u5230\u62db\u5f0f\u7684\u8ffd\u52a0\u6548\u679c\u5f71\u97ff\u3002",
            "language": {
                "name": "zh-Hant",
                "url": "/api/v2/language/4/"
            },
            "version_group": {
                "name": "ultra-sun-ultra-moon",
                "url": "/api/v2/version-group/18/"
            }
        },
        {
            "flavor_text": "Le Pok\u00e9mon dispose d'un \u00e9cran naturel qui le prot\u00e8ge des effets additionnels des attaques ennemies.",
            "language": {
                "name": "fr",
                "url": "/api/v2/language/5/"
            },
            "version_group": {
                "name": "ultra-sun-ultra-moon",
                "url": "/api/v2/version-group/18/"
            }
        },
        {
            "flavor_text": "Le Pok\u00e9mon dispose d\u2019un \u00e9cran naturel qui le\nprot\u00e8ge des effets additionnels des attaques\nennemies.",
            "language": {
                "name": "fr",
                "url": "/api/v2/language/5/"
            },
            "version_group": {
                "name": "ultra-sun-ultra-moon",
                "url": "/api/v2/version-group/18/"
            }
        },
        {
            "flavor_text": "Blockiert durch Puder die Zusatzeffekte\ngegnerischer Angriffe.",
            "language": {
                "name": "de",
                "url": "/api/v2/language/6/"
            },
            "version_group": {
                "name": "ultra-sun-ultra-moon",
                "url": "/api/v2/version-group/18/"
            }
        },
        {
            "flavor_text": "El polvo de escamas que lo envuelve lo protege de\nlos efectos secundarios de los ataques recibidos.",
            "language": {
                "name": "es",
                "url": "/api/v2/language/7/"
            },
            "version_group": {
                "name": "ultra-sun-ultra-moon",
                "url": "/api/v2/version-group/18/"
            }
        },
        {
            "flavor_text": "Il Pok\u00e9mon \u00e8 protetto da uno strato di scaglie\nche annulla gli effetti secondari delle mosse subite.",
            "language": {
                "name": "it",
                "url": "/api/v2/language/8/"
            },
            "version_group": {
                "name": "ultra-sun-ultra-moon",
                "url": "/api/v2/version-group/18/"
            }
        },
        {
            "flavor_text": "This Pok\u00e9mon\u2019s dust blocks the additional effects of\nattacks taken.",
            "language": {
                "name": "en",
                "url": "/api/v2/language/9/"
            },
            "version_group": {
                "name": "ultra-sun-ultra-moon",
                "url": "/api/v2/version-group/18/"
            }
        },
        {
            "flavor_text": "\u308a\u3093\u3077\u3093\u306b\u3000\u5b88\u3089\u308c\u3066\n\u6280\u306e\u3000\u8ffd\u52a0\u52b9\u679c\u3092\u3000\u53d7\u3051\u306a\u304f\u306a\u308b\u3002",
            "language": {
                "name": "ja",
                "url": "/api/v2/language/11/"
            },
            "version_group": {
                "name": "ultra-sun-ultra-moon",
                "url": "/api/v2/version-group/18/"
            }
        },
        {
            "flavor_text": "\u88ab\u9cde\u7c89\u5b88\u62a4\u7740\uff0c\n\u4e0d\u4f1a\u53d7\u5230\u62db\u5f0f\u7684\u8ffd\u52a0\u6548\u679c\u5f71\u54cd\u3002",
            "language": {
                "name": "zh-Hans",
                "url": "/api/v2/language/12/"
            },
            "version_group": {
                "name": "ultra-sun-ultra-moon",
                "url": "/api/v2/version-group/18/"
            }
        },
        {
            "flavor_text": "\u308a\u3093\u3077\u3093\u306b\u3000\u307e\u3082\u3089\u308c\u3066\n\u308f\u3056\u306e\u3000\u3064\u3044\u304b\u3053\u3046\u304b\u3092\u3000\u3046\u3051\u306a\u304f\u306a\u308b\u3002",
            "language": {
                "name": "ja-Hrkt",
                "url": "/api/v2/language/1/"
            },
            "version_group": {
                "name": "lets-go-pikachu-lets-go-eevee",
                "url": "/api/v2/version-group/19/"
            }
        },
        {
            "flavor_text": "\uc778\ubd84\uc5d0 \ubcf4\ud638\ubc1b\uc544\n\uae30\uc220\uc758 \ucd94\uac00 \ud6a8\uacfc\ub97c \ubc1b\uc9c0 \uc54a\uac8c \ub41c\ub2e4.",
            "language": {
                "name": "ko",
                "url": "/api/v2/language/3/"
            },
            "version_group": {
                "name": "lets-go-pikachu-lets-go-eevee",
                "url": "/api/v2/version-group/19/"
            }
        },
        {
            "flavor_text": "\u88ab\u9c57\u7c89\u5b88\u8b77\u8457\uff0c\n\u4e0d\u6703\u53d7\u5230\u62db\u5f0f\u7684\u8ffd\u52a0\u6548\u679c\u5f71\u97ff\u3002",
            "language": {
                "name": "zh-Hant",
                "url": "/api/v2/language/4/"
            },
            "version_group": {
                "name": "lets-go-pikachu-lets-go-eevee",
                "url": "/api/v2/version-group/19/"
            }
        },
        {
            "flavor_text": "Le Pok\u00e9mon dispose d\u2019un \u00e9cran naturel qui le\nprot\u00e8ge des effets additionnels des attaques\nennemies.",
            "language": {
                "name": "fr",
                "url": "/api/v2/language/5/"
            },
            "version_group": {
                "name": "lets-go-pikachu-lets-go-eevee",
                "url": "/api/v2/version-group/19/"
            }
        },
        {
            "flavor_text": "Blockiert durch Puder die Zusatzeffekte\ngegnerischer Angriffe.",
            "language": {
                "name": "de",
                "url": "/api/v2/language/6/"
            },
            "version_group": {
                "name": "lets-go-pikachu-lets-go-eevee",
                "url": "/api/v2/version-group/19/"
            }
        },
        {
            "flavor_text": "El polvo de escamas que lo envuelve lo protege de\nlos efectos secundarios de los ataques recibidos.",
            "language": {
                "name": "es",
                "url": "/api/v2/language/7/"
            },
            "version_group": {
                "name": "lets-go-pikachu-lets-go-eevee",
                "url": "/api/v2/version-group/19/"
            }
        },
        {
            "flavor_text": "Il Pok\u00e9mon \u00e8 protetto da uno strato di scaglie\nche annulla gli effetti secondari delle mosse subite.",
            "language": {
                "name": "it",
                "url": "/api/v2/language/8/"
            },
            "version_group": {
                "name": "lets-go-pikachu-lets-go-eevee",
                "url": "/api/v2/version-group/19/"
            }
        },
        {
            "flavor_text": "This Pok\u00e9mon\u2019s dust blocks the additional effects of\nattacks taken.",
            "language": {
                "name": "en",
                "url": "/api/v2/language/9/"
            },
            "version_group": {
                "name": "lets-go-pikachu-lets-go-eevee",
                "url": "/api/v2/version-group/19/"
            }
        },
        {
            "flavor_text": "\u308a\u3093\u3077\u3093\u306b\u3000\u5b88\u3089\u308c\u3066\n\u6280\u306e\u3000\u8ffd\u52a0\u52b9\u679c\u3092\u3000\u53d7\u3051\u306a\u304f\u306a\u308b\u3002",
            "language": {
                "name": "ja",
                "url": "/api/v2/language/11/"
            },
            "version_group": {
                "name": "lets-go-pikachu-lets-go-eevee",
                "url": "/api/v2/version-group/19/"
            }
        },
        {
            "flavor_text": "\u88ab\u9cde\u7c89\u5b88\u62a4\u7740\uff0c\n\u4e0d\u4f1a\u53d7\u5230\u62db\u5f0f\u7684\u8ffd\u52a0\u6548\u679c\u5f71\u54cd\u3002",
            "language": {
                "name": "zh-Hans",
                "url": "/api/v2/language/12/"
            },
            "version_group": {
                "name": "lets-go-pikachu-lets-go-eevee",
                "url": "/api/v2/version-group/19/"
            }
        },
        {
            "flavor_text": "\u308a\u3093\u3077\u3093\u306b\u3000\u307e\u3082\u3089\u308c\u3066\n\u308f\u3056\u306e\u3000\u3064\u3044\u304b\u3053\u3046\u304b\u3092\u3000\u3046\u3051\u306a\u304f\u306a\u308b\u3002",
            "language": {
                "name": "ja-Hrkt",
                "url": "/api/v2/language/1/"
            },
            "version_group": {
                "name": "sword-shield",
                "url": "/api/v2/version-group/20/"
            }
        },
        {
            "flavor_text": "\uc778\ubd84\uc5d0 \ubcf4\ud638\ubc1b\uc544\n\uae30\uc220\uc758 \ucd94\uac00 \ud6a8\uacfc\ub97c \ubc1b\uc9c0 \uc54a\uac8c \ub41c\ub2e4.",
            "language": {
                "name": "ko",
                "url": "/api/v2/language/3/"
            },
            "version_group": {
                "name": "sword-shield",
                "url": "/api/v2/version-group/20/"
            }
        },
        {
            "flavor_text": "\u88ab\u9c57\u7c89\u5b88\u8b77\u8457\uff0c\n\u4e0d\u6703\u53d7\u5230\u62db\u5f0f\u7684\u8ffd\u52a0\u6548\u679c\u5f71\u97ff\u3002",
            "language": {
                "name": "zh-Hant",
                "url": "/api/v2/language/4/"
            },
            "version_group": {
                "name": "sword-shield",
                "url": "/api/v2/version-group/20/"
            }
        },
        {
            "flavor_text": "Le Pok\u00e9mon dispose d'un \u00e9cran naturel qui le prot\u00e8ge des effets additionnels des attaques ennemies.",
            "language": {
                "name": "fr",
                "url": "/api/v2/language/5/"
            },
            "version_group": {
                "name": "sword-shield",
                "url": "/api/v2/version-group/20/"
            }
        },
        {
            "flavor_text": "Le Pok\u00e9mon dispose d\u2019un \u00e9cran naturel qui le prot\u00e8ge\ndes effets additionnels des attaques ennemies.",
            "language": {
                "name": "fr",
                "url": "/api/v2/language/5/"
            },
            "version_group": {
                "name": "sword-shield",
                "url": "/api/v2/version-group/20/"
            }
        },
        {
            "flavor_text": "Blockiert durch Puder die Zusatzeffekte gegnerischer\nAngriffe.",
            "language": {
                "name": "de",
                "url": "/api/v2/language/6/"
            },
            "version_group": {
                "name": "sword-shield",
                "url": "/api/v2/version-group/20/"
            }
        },
        {
            "flavor_text": "El polvo de escamas que lo envuelve lo protege de\nlos efectos secundarios de los ataques recibidos.",
            "language": {
                "name": "es",
                "url": "/api/v2/language/7/"
            },
            "version_group": {
                "name": "sword-shield",
                "url": "/api/v2/version-group/20/"
            }
        },
        {
            "flavor_text": "Il Pok\u00e9mon \u00e8 protetto da uno strato di scaglie\nche annulla gli effetti aggiuntivi delle mosse subite.",
            "language": {
                "name": "it",
                "url": "/api/v2/language/8/"
            },
            "version_group": {
                "name": "sword-shield",
                "url": "/api/v2/version-group/20/"
            }
        },
        {
            "flavor_text": "This Pok\u00e9mon\u2019s dust blocks the additional effects of\nattacks taken.",
            "language": {
                "name": "en",
                "url": "/api/v2/language/9/"
            },
            "version_group": {
                "name": "sword-shield",
                "url": "/api/v2/version-group/20/"
            }
        },
        {
            "flavor_text": "\u308a\u3093\u3077\u3093\u306b\u3000\u5b88\u3089\u308c\u3066\n\u6280\u306e\u3000\u8ffd\u52a0\u52b9\u679c\u3092\u3000\u53d7\u3051\u306a\u304f\u306a\u308b\u3002",
            "language": {
                "name": "ja",
                "url": "/api/v2/language/11/"
            },
            "version_group": {
                "name": "sword-shield",
                "url": "/api/v2/version-group/20/"
            }
        },
        {
            "flavor_text": "\u88ab\u9cde\u7c89\u5b88\u62a4\u7740\uff0c\n\u4e0d\u4f1a\u53d7\u5230\u62db\u5f0f\u7684\u8ffd\u52a0\u6548\u679c\u5f71\u54cd\u3002",
            "language": {
                "name": "zh-Hans",
                "url": "/api/v2/language/12/"
            },
            "version_group": {
                "name": "sword-shield",
                "url": "/api/v2/version-group/20/"
            }
        },
        {
            "flavor_text": "Le Pok\u00e9mon dispose d'un \u00e9cran naturel qui le prot\u00e8ge des effets additionnels des attaques ennemies.",
            "language": {
                "name": "fr",
                "url": "/api/v2/language/5/"
            },
            "version_group": {
                "name": "scarlet-violet",
                "url": "/api/v2/version-group/25/"
            }
        },
        {
            "flavor_text": "Protective dust shields the Pok\u00e9mon from the additional effects of moves.",
            "language": {
                "name": "en",
                "url": "/api/v2/language/9/"
            },
            "version_group": {
                "name": "scarlet-violet",
                "url": "/api/v2/version-group/25/"
            }
        }
    ],
    "generation": {
        "name": "generation-iii",
        "url": "/api/v2/generation/3/"
    },
    "id": 19,
    "is_main_series": true,
    "name": "shield-dust",
    "names": [
        {
            "language": {
                "name": "ja-Hrkt",
                "url": "/api/v2/language/1/"
            },
            "name": "\u308a\u3093\u3077\u3093"
        },
        {
            "language": {
                "name": "ko",
                "url": "/api/v2/language/3/"
            },
            "name": "\uc778\ubd84"
        },
        {
            "language": {
                "name": "zh-Hant",
                "url": "/api/v2/language/4/"
            },
            "name": "\u9c57\u7c89"
        },
        {
            "language": {
                "name": "fr",
                "url": "/api/v2/language/5/"
            },
            "name": "\u00c9cran Poudre"
        },
        {
            "language": {
                "name": "de",
                "url": "/api/v2/language/6/"
            },
            "name": "Puderabwehr"
        },
        {
            "language": {
                "name": "es",
                "url": "/api/v2/language/7/"
            },
            "name": "Polvo Escudo"
        },
        {
            "language": {
                "name": "it",
                "url": "/api/v2/language/8/"
            },
            "name": "Polvoscudo"
        },
        {
            "language": {
                "name": "en",
                "url": "/api/v2/language/9/"
            },
            "name": "Shield Dust"
        },
        {
            "language": {
                "name": "ja",
                "url": "/api/v2/language/11/"
            },
            "name": "\u308a\u3093\u3077\u3093"
        },
        {
            "language": {
                "name": "zh-Hans",
                "url": "/api/v2/language/12/"
            },
            "name": "\u9cde\u7c89"
        }
    ],
    "pokemon": [
        {
            "is_hidden": false,
            "pokemon": {
                "name": "caterpie",
                "url": "/api/v2/pokemon/10/"
            },
            "slot": 1
        },
        {
            "is_hidden": false,
            "pokemon": {
                "name": "weedle",
                "url": "/api/v2/pokemon/13/"
            },
            "slot": 1
        },
        {
            "is_hidden": false,
            "pokemon": {
                "name": "venomoth",
                "url": "/api/v2/pokemon/49/"
            },
            "slot": 1
        },
        {
            "is_hidden": false,
            "pokemon": {
                "name": "wurmple",
                "url": "/api/v2/pokemon/265/"
            },
            "slot": 1
        },
        {
            "is_hidden": false,
            "pokemon": {
                "name": "dustox",
                "url": "/api/v2/pokemon/269/"
            },
            "slot": 1
        },
        {
            "is_hidden": false,
            "pokemon": {
                "name": "scatterbug",
                "url": "/api/v2/pokemon/664/"
            },
            "slot": 1
        },
        {
            "is_hidden": false,
            "pokemon": {
                "name": "vivillon",
                "url": "/api/v2/pokemon/666/"
            },
            "slot": 1
        },
        {
            "is_hidden": false,
            "pokemon": {
                "name": "cutiefly",
                "url": "/api/v2/pokemon/742/"
            },
            "slot": 2
        },
        {
            "is_hidden": false,
            "pokemon": {
                "name": "ribombee",
                "url": "/api/v2/pokemon/743/"
            },
            "slot": 2
        },
        {
            "is_hidden": false,
            "pokemon": {
                "name": "snom",
                "url": "/api/v2/pokemon/872/"
            },
            "slot": 1
        },
        {
            "is_hidden": false,
            "pokemon": {
                "name": "frosmoth",
                "url": "/api/v2/pokemon/873/"
            },
            "slot": 1
        },
        {
            "is_hidden": false,
            "pokemon": {
                "name": "ribombee-totem",
                "url": "/api/v2/pokemon/10150/"
            },
            "slot": 2
        }
    ]
}