{
    "effect_changes": [],
    "effect_entries": [
        {
            "effect": "When the Pok\u00e9mon enters a battle, it showers its ally with hospitality, restoring a small amount of the ally's HP.",
            "language": {
                "name": "en",
                "url": "/api/v2/language/9/"
            },
            "short_effect": "When a Pok\u00e9mon with Hospitality enters a battle, it restores HP for an ally by 25%."
        }
    ],
    "flavor_text_entries": [
        {
            "flavor_text": "Quand il rejoint le combat, ce Pok\u00e9mon est aux petits\\nsoins avec son alli\u00e9 et restaure quelques PV.",
            "language": {
                "name": "fr",
                "url": "/api/v2/language/5/"
            },
            "version_group": {
                "name": "the-teal-mask",
                "url": "/api/v2/version-group/26/"
            }
        },
        {
            "flavor_text": "When the Pok\u00e9mon enters a battle, it showers its ally with hospitality, restoring a small amount of the ally's HP",
            "language": {
                "name": "en",
                "url": "/api/v2/language/9/"
            },
            "version_group": {
                "name": "the-teal-mask",
                "url": "/api/v2/version-group/26/"
            }
        }
    ],
    "generation": {
        "name": "generation-ix",
        "url": "/api/v2/generation/9/"
    },
    "id": 301,
    "is_main_series": true,
    "name": "hospitality",
    "names": [
        {
            "language": {
                "name": "ja-Hrkt",
                "url": "/api/v2/language/1/"
            },
            "name": "\u304a\u3082\u3066\u306a\u3057"
        },
        {
            "language": {
                "name": "ko",
                "url": "/api/v2/language/3/"
            },
            "name": "\ub300\uc811"
        },
        {
            "language": {
                "name": "zh-Hant",
                "url": "/api/v2/language/4/"
            },
            "name": "\u6b3e\u5f85"
        },
        {
            "language": {
                "name": "fr",
                "url": "/api/v2/language/5/"
            },
            "name": "Aux Petits Soins"
        },
        {
            "language": {
                "name": "de",
                "url": "/api/v2/language/6/"
            },
            "name": "Gastlichkeit"
        },
        {
            "language": {
                "name": "es",
                "url": "/api/v2/language/7/"
            },
            "name": "Hospitalidad"
        },
        {
            "language": {
                "name": "it",
                "url": "/api/v2/language/8/"
            },
            "name": "Ospitalit\u00e0"
        },
        {
            "language": {
                "name": "en",
                "url": "/api/v2/language/9/"
            },
            "name": "Hospitality"
        },
        {
            "language": {
                "name": "ja",
                "url": "/api/v2/language/11/"
            },
            "name": "\u304a\u3082\u3066\u306a\u3057"
        },
        {
            "language": {
                "name": "zh-Hans",
                "url": "/api/v2/language/12/"
            },
            "name": "\u6b3e\u5f85"
        }
    ],
    "pokemon": [
        {
            "is_hidden": false,
            "pokemon": {
                "name": "poltchageist",
                "url": "/api/v2/pokemon/1012/"
            },
            "slot": 1
        },
        {
            "is_hidden": false,
            "pokemon": {
                "name": "sinistcha",
                "url": "/api/v2/pokemon/1013/"
            },
            "slot": 1
        }
    ]
}