{
    "effect_changes": [],
    "effect_entries": [
        {
            "effect": "Alle fairy Attacken von allen Pok\u00e9mon sind 1,33\u00d7 so stark wie sonst, solange sich ein Pok\u00e9mon mit dieser F\u00e4higkeit im Kampf befindet.",
            "language": {
                "name": "de",
                "url": "/api/v2/language/6/"
            },
            "short_effect": "Verst\u00e4rkt fairy Attacken aller Pok\u00e9mon im Kampf um 33%."
        },
        {
            "effect": "Strengthens fairy moves for all friendly and opposing Pok\u00e9mon.",
            "language": {
                "name": "en",
                "url": "/api/v2/language/9/"
            },
            "short_effect": "Strengthens fairy moves to 1.33\u00d7 their power for all friendly and opposing Pok\u00e9mon."
        }
    ],
    "flavor_text_entries": [
        {
            "flavor_text": "\u305c\u3093\u3044\u3093\u306e\u3000\u30d5\u30a7\u30a2\u30ea\u30fc\n\u308f\u3056\u304c\u3000\u3064\u3088\u304f\u306a\u308b\u3002",
            "language": {
                "name": "ja-Hrkt",
                "url": "/api/v2/language/1/"
            },
            "version_group": {
                "name": "x-y",
                "url": "/api/v2/version-group/15/"
            }
        },
        {
            "flavor_text": "\uc804\uc6d0\uc758 \ud398\uc5b4\ub9ac\ud0c0\uc785\n\uae30\uc220\uc774 \uac15\ud574\uc9c4\ub2e4.",
            "language": {
                "name": "ko",
                "url": "/api/v2/language/3/"
            },
            "version_group": {
                "name": "x-y",
                "url": "/api/v2/version-group/15/"
            }
        },
        {
            "flavor_text": "Renforce les attaques de type\nF\u00e9e de tous les Pok\u00e9mon.",
            "language": {
                "name": "fr",
                "url": "/api/v2/language/5/"
            },
            "version_group": {
                "name": "x-y",
                "url": "/api/v2/version-group/15/"
            }
        },
        {
            "flavor_text": "Erh\u00f6ht die St\u00e4rke von allen\nAttacken des Typs Fee.",
            "language": {
                "name": "de",
                "url": "/api/v2/language/6/"
            },
            "version_group": {
                "name": "x-y",
                "url": "/api/v2/version-group/15/"
            }
        },
        {
            "flavor_text": "Aumenta la potencia de todos los\nmovimientos de tipo Hada.",
            "language": {
                "name": "es",
                "url": "/api/v2/language/7/"
            },
            "version_group": {
                "name": "x-y",
                "url": "/api/v2/version-group/15/"
            }
        },
        {
            "flavor_text": "Potenzia le mosse di tipo Folletto\ndi tutti i Pok\u00e9mon.",
            "language": {
                "name": "it",
                "url": "/api/v2/language/8/"
            },
            "version_group": {
                "name": "x-y",
                "url": "/api/v2/version-group/15/"
            }
        },
        {
            "flavor_text": "Powers up each Pok\u00e9mon\u2019s\nFairy-type moves.",
            "language": {
                "name": "en",
                "url": "/api/v2/language/9/"
            },
            "version_group": {
                "name": "x-y",
                "url": "/api/v2/version-group/15/"
            }
        },
        {
            "flavor_text": "\u5168\u54e1\u306e\u3000\u30d5\u30a7\u30a2\u30ea\u30fc\n\u6280\u304c\u3000\u5f37\u304f\u306a\u308b\u3002",
            "language": {
                "name": "ja",
                "url": "/api/v2/language/11/"
            },
            "version_group": {
                "name": "x-y",
                "url": "/api/v2/version-group/15/"
            }
        },
        {
            "flavor_text": "\u305c\u3093\u3044\u3093\u306e\u3000\u30d5\u30a7\u30a2\u30ea\u30fc\n\u308f\u3056\u304c\u3000\u3064\u3088\u304f\u306a\u308b\u3002",
            "language": {
                "name": "ja-Hrkt",
                "url": "/api/v2/language/1/"
            },
            "version_group": {
                "name": "omega-ruby-alpha-sapphire",
                "url": "/api/v2/version-group/16/"
            }
        },
        {
            "flavor_text": "\uc804\uc6d0\uc758 \ud398\uc5b4\ub9ac\ud0c0\uc785\n\uae30\uc220\uc774 \uac15\ud574\uc9c4\ub2e4.",
            "language": {
                "name": "ko",
                "url": "/api/v2/language/3/"
            },
            "version_group": {
                "name": "omega-ruby-alpha-sapphire",
                "url": "/api/v2/version-group/16/"
            }
        },
        {
            "flavor_text": "Renforce les attaques de type\nF\u00e9e de tous les Pok\u00e9mon.",
            "language": {
                "name": "fr",
                "url": "/api/v2/language/5/"
            },
            "version_group": {
                "name": "omega-ruby-alpha-sapphire",
                "url": "/api/v2/version-group/16/"
            }
        },
        {
            "flavor_text": "Erh\u00f6ht die St\u00e4rke aller Attacken\ndes Typs Fee.",
            "language": {
                "name": "de",
                "url": "/api/v2/language/6/"
            },
            "version_group": {
                "name": "omega-ruby-alpha-sapphire",
                "url": "/api/v2/version-group/16/"
            }
        },
        {
            "flavor_text": "Aumenta la potencia de todos los\nmovimientos de tipo Hada.",
            "language": {
                "name": "es",
                "url": "/api/v2/language/7/"
            },
            "version_group": {
                "name": "omega-ruby-alpha-sapphire",
                "url": "/api/v2/version-group/16/"
            }
        },
        {
            "flavor_text": "Potenzia le mosse di tipo Folletto \ndi tutti i Pok\u00e9mon.",
            "language": {
                "name": "it",
                "url": "/api/v2/language/8/"
            },
            "version_group": {
                "name": "omega-ruby-alpha-sapphire",
                "url": "/api/v2/version-group/16/"
            }
        },
        {
            "flavor_text": "Powers up each Pok\u00e9mon\u2019s\nFairy-type moves.",
            "language": {
                "name": "en",
                "url": "/api/v2/language/9/"
            },
            "version_group": {
                "name": "omega-ruby-alpha-sapphire",
                "url": "/api/v2/version-group/16/"
            }
        },
        {
            "flavor_text": "\u5168\u54e1\u306e\u3000\u30d5\u30a7\u30a2\u30ea\u30fc\n\u6280\u304c\u3000\u5f37\u304f\u306a\u308b\u3002",
            "language": {
                "name": "ja",
                "url": "/api/v2/language/11/"
            },
            "version_group": {
                "name": "omega-ruby-alpha-sapphire",
                "url": "/api/v2/version-group/16/"
            }
        },
        {
            "flavor_text": "\u305c\u3093\u3044\u3093\u306e\u3000\u30d5\u30a7\u30a2\u30ea\u30fc\u30bf\u30a4\u30d7\u306e\n\u308f\u3056\u304c\u3000\u3064\u3088\u304f\u306a\u308b\u3002",
            "language": {
                "name": "ja-Hrkt",
                "url": "/api/v2/language/1/"
            },
            "version_group": {
                "name": "sun-moon",
                "url": "/api/v2/version-group/17/"
            }
        },
        {
            "flavor_text": "\uc804\uc6d0\uc758 \ud398\uc5b4\ub9ac\ud0c0\uc785\n\uae30\uc220\uc774 \uac15\ud574\uc9c4\ub2e4.",
            "language": {
                "name": "ko",
                "url": "/api/v2/language/3/"
            },
            "version_group": {
                "name": "sun-moon",
                "url": "/api/v2/version-group/17/"
            }
        },
        {
            "flavor_text": "\u5168\u9ad4\u7684\u5996\u7cbe\u5c6c\u6027\u62db\u5f0f\u8b8a\u5f37\u3002",
            "language": {
                "name": "zh-Hant",
                "url": "/api/v2/language/4/"
            },
            "version_group": {
                "name": "sun-moon",
                "url": "/api/v2/version-group/17/"
            }
        },
        {
            "flavor_text": "Augmente la puissance des attaques de type F\u00e9e\nde tous les Pok\u00e9mon.",
            "language": {
                "name": "fr",
                "url": "/api/v2/language/5/"
            },
            "version_group": {
                "name": "sun-moon",
                "url": "/api/v2/version-group/17/"
            }
        },
        {
            "flavor_text": "Erh\u00f6ht die St\u00e4rke aller Attacken des Typs Fee.",
            "language": {
                "name": "de",
                "url": "/api/v2/language/6/"
            },
            "version_group": {
                "name": "sun-moon",
                "url": "/api/v2/version-group/17/"
            }
        },
        {
            "flavor_text": "Aumenta la potencia de todos los movimientos de\ntipo Hada.",
            "language": {
                "name": "es",
                "url": "/api/v2/language/7/"
            },
            "version_group": {
                "name": "sun-moon",
                "url": "/api/v2/version-group/17/"
            }
        },
        {
            "flavor_text": "Potenzia le mosse di tipo Folletto di tutti i Pok\u00e9mon.",
            "language": {
                "name": "it",
                "url": "/api/v2/language/8/"
            },
            "version_group": {
                "name": "sun-moon",
                "url": "/api/v2/version-group/17/"
            }
        },
        {
            "flavor_text": "Powers up each Pok\u00e9mon\u2019s Fairy-type moves.",
            "language": {
                "name": "en",
                "url": "/api/v2/language/9/"
            },
            "version_group": {
                "name": "sun-moon",
                "url": "/api/v2/version-group/17/"
            }
        },
        {
            "flavor_text": "\u5168\u54e1\u306e\u3000\u30d5\u30a7\u30a2\u30ea\u30fc\u30bf\u30a4\u30d7\u306e\n\u6280\u304c\u3000\u5f37\u304f\u306a\u308b\u3002",
            "language": {
                "name": "ja",
                "url": "/api/v2/language/11/"
            },
            "version_group": {
                "name": "sun-moon",
                "url": "/api/v2/version-group/17/"
            }
        },
        {
            "flavor_text": "\u5168\u4f53\u7684\u5996\u7cbe\u5c5e\u6027\u62db\u5f0f\u53d8\u5f3a\u3002",
            "language": {
                "name": "zh-Hans",
                "url": "/api/v2/language/12/"
            },
            "version_group": {
                "name": "sun-moon",
                "url": "/api/v2/version-group/17/"
            }
        },
        {
            "flavor_text": "\u305c\u3093\u3044\u3093\u306e\u3000\u30d5\u30a7\u30a2\u30ea\u30fc\u30bf\u30a4\u30d7\u306e\n\u308f\u3056\u304c\u3000\u3064\u3088\u304f\u306a\u308b\u3002",
            "language": {
                "name": "ja-Hrkt",
                "url": "/api/v2/language/1/"
            },
            "version_group": {
                "name": "ultra-sun-ultra-moon",
                "url": "/api/v2/version-group/18/"
            }
        },
        {
            "flavor_text": "\uc804\uc6d0\uc758 \ud398\uc5b4\ub9ac\ud0c0\uc785\n\uae30\uc220\uc774 \uac15\ud574\uc9c4\ub2e4.",
            "language": {
                "name": "ko",
                "url": "/api/v2/language/3/"
            },
            "version_group": {
                "name": "ultra-sun-ultra-moon",
                "url": "/api/v2/version-group/18/"
            }
        },
        {
            "flavor_text": "\u5168\u9ad4\u7684\u5996\u7cbe\u5c6c\u6027\u62db\u5f0f\u8b8a\u5f37\u3002",
            "language": {
                "name": "zh-Hant",
                "url": "/api/v2/language/4/"
            },
            "version_group": {
                "name": "ultra-sun-ultra-moon",
                "url": "/api/v2/version-group/18/"
            }
        },
        {
            "flavor_text": "Augmente la puissance des attaques de type F\u00e9e\nde tous les Pok\u00e9mon.",
            "language": {
                "name": "fr",
                "url": "/api/v2/language/5/"
            },
            "version_group": {
                "name": "ultra-sun-ultra-moon",
                "url": "/api/v2/version-group/18/"
            }
        },
        {
            "flavor_text": "Erh\u00f6ht die St\u00e4rke aller Attacken des Typs Fee.",
            "language": {
                "name": "de",
                "url": "/api/v2/language/6/"
            },
            "version_group": {
                "name": "ultra-sun-ultra-moon",
                "url": "/api/v2/version-group/18/"
            }
        },
        {
            "flavor_text": "Aumenta la potencia de todos los movimientos de\ntipo Hada.",
            "language": {
                "name": "es",
                "url": "/api/v2/language/7/"
            },
            "version_group": {
                "name": "ultra-sun-ultra-moon",
                "url": "/api/v2/version-group/18/"
            }
        },
        {
            "flavor_text": "Potenzia le mosse di tipo Folletto di tutti i Pok\u00e9mon.",
            "language": {
                "name": "it",
                "url": "/api/v2/language/8/"
            },
            "version_group": {
                "name": "ultra-sun-ultra-moon",
                "url": "/api/v2/version-group/18/"
            }
        },
        {
            "flavor_text": "Powers up each Pok\u00e9mon\u2019s Fairy-type moves.",
            "language": {
                "name": "en",
                "url": "/api/v2/language/9/"
            },
            "version_group": {
                "name": "ultra-sun-ultra-moon",
                "url": "/api/v2/version-group/18/"
            }
        },
        {
            "flavor_text": "\u5168\u54e1\u306e\u3000\u30d5\u30a7\u30a2\u30ea\u30fc\u30bf\u30a4\u30d7\u306e\n\u6280\u304c\u3000\u5f37\u304f\u306a\u308b\u3002",
            "language": {
                "name": "ja",
                "url": "/api/v2/language/11/"
            },
            "version_group": {
                "name": "ultra-sun-ultra-moon",
                "url": "/api/v2/version-group/18/"
            }
        },
        {
            "flavor_text": "\u5168\u4f53\u7684\u5996\u7cbe\u5c5e\u6027\u62db\u5f0f\u53d8\u5f3a\u3002",
            "language": {
                "name": "zh-Hans",
                "url": "/api/v2/language/12/"
            },
            "version_group": {
                "name": "ultra-sun-ultra-moon",
                "url": "/api/v2/version-group/18/"
            }
        },
        {
            "flavor_text": "\u305c\u3093\u3044\u3093\u306e\u3000\u30d5\u30a7\u30a2\u30ea\u30fc\u30bf\u30a4\u30d7\u306e\n\u308f\u3056\u304c\u3000\u3064\u3088\u304f\u306a\u308b\u3002",
            "language": {
                "name": "ja-Hrkt",
                "url": "/api/v2/language/1/"
            },
            "version_group": {
                "name": "lets-go-pikachu-lets-go-eevee",
                "url": "/api/v2/version-group/19/"
            }
        },
        {
            "flavor_text": "\uc804\uc6d0\uc758 \ud398\uc5b4\ub9ac\ud0c0\uc785\n\uae30\uc220\uc774 \uac15\ud574\uc9c4\ub2e4.",
            "language": {
                "name": "ko",
                "url": "/api/v2/language/3/"
            },
            "version_group": {
                "name": "lets-go-pikachu-lets-go-eevee",
                "url": "/api/v2/version-group/19/"
            }
        },
        {
            "flavor_text": "\u5168\u9ad4\u7684\u5996\u7cbe\u5c6c\u6027\u62db\u5f0f\u8b8a\u5f37\u3002",
            "language": {
                "name": "zh-Hant",
                "url": "/api/v2/language/4/"
            },
            "version_group": {
                "name": "lets-go-pikachu-lets-go-eevee",
                "url": "/api/v2/version-group/19/"
            }
        },
        {
            "flavor_text": "Augmente la puissance des attaques de type F\u00e9e\nde tous les Pok\u00e9mon.",
            "language": {
                "name": "fr",
                "url": "/api/v2/language/5/"
            },
            "version_group": {
                "name": "lets-go-pikachu-lets-go-eevee",
                "url": "/api/v2/version-group/19/"
            }
        },
        {
            "flavor_text": "Erh\u00f6ht die St\u00e4rke aller Attacken des Typs Fee.",
            "language": {
                "name": "de",
                "url": "/api/v2/language/6/"
            },
            "version_group": {
                "name": "lets-go-pikachu-lets-go-eevee",
                "url": "/api/v2/version-group/19/"
            }
        },
        {
            "flavor_text": "Aumenta la potencia de todos los movimientos de\ntipo Hada.",
            "language": {
                "name": "es",
                "url": "/api/v2/language/7/"
            },
            "version_group": {
                "name": "lets-go-pikachu-lets-go-eevee",
                "url": "/api/v2/version-group/19/"
            }
        },
        {
            "flavor_text": "Potenzia le mosse di tipo Folletto di tutti i Pok\u00e9mon.",
            "language": {
                "name": "it",
                "url": "/api/v2/language/8/"
            },
            "version_group": {
                "name": "lets-go-pikachu-lets-go-eevee",
                "url": "/api/v2/version-group/19/"
            }
        },
        {
            "flavor_text": "Powers up each Pok\u00e9mon\u2019s Fairy-type moves.",
            "language": {
                "name": "en",
                "url": "/api/v2/language/9/"
            },
            "version_group": {
                "name": "lets-go-pikachu-lets-go-eevee",
                "url": "/api/v2/version-group/19/"
            }
        },
        {
            "flavor_text": "\u5168\u54e1\u306e\u3000\u30d5\u30a7\u30a2\u30ea\u30fc\u30bf\u30a4\u30d7\u306e\n\u6280\u304c\u3000\u5f37\u304f\u306a\u308b\u3002",
            "language": {
                "name": "ja",
                "url": "/api/v2/language/11/"
            },
            "version_group": {
                "name": "lets-go-pikachu-lets-go-eevee",
                "url": "/api/v2/version-group/19/"
            }
        },
        {
            "flavor_text": "\u5168\u4f53\u7684\u5996\u7cbe\u5c5e\u6027\u62db\u5f0f\u53d8\u5f3a\u3002",
            "language": {
                "name": "zh-Hans",
                "url": "/api/v2/language/12/"
            },
            "version_group": {
                "name": "lets-go-pikachu-lets-go-eevee",
                "url": "/api/v2/version-group/19/"
            }
        },
        {
            "flavor_text": "\u305c\u3093\u3044\u3093\u306e\u3000\u30d5\u30a7\u30a2\u30ea\u30fc\u30bf\u30a4\u30d7\u306e\n\u308f\u3056\u304c\u3000\u3064\u3088\u304f\u306a\u308b\u3002",
            "language": {
                "name": "ja-Hrkt",
                "url": "/api/v2/language/1/"
            },
            "version_group": {
                "name": "sword-shield",
                "url": "/api/v2/version-group/20/"
            }
        },
        {
            "flavor_text": "\uc804\uc6d0\uc758 \ud398\uc5b4\ub9ac\ud0c0\uc785\n\uae30\uc220\uc774 \uac15\ud574\uc9c4\ub2e4.",
            "language": {
                "name": "ko",
                "url": "/api/v2/language/3/"
            },
            "version_group": {
                "name": "sword-shield",
                "url": "/api/v2/version-group/20/"
            }
        },
        {
            "flavor_text": "\u5168\u9ad4\u7684\u5996\u7cbe\u5c6c\u6027\u62db\u5f0f\u8b8a\u5f37\u3002",
            "language": {
                "name": "zh-Hant",
                "url": "/api/v2/language/4/"
            },
            "version_group": {
                "name": "sword-shield",
                "url": "/api/v2/version-group/20/"
            }
        },
        {
            "flavor_text": "Augmente la puissance des attaques de type F\u00e9e\nde tous les Pok\u00e9mon.",
            "language": {
                "name": "fr",
                "url": "/api/v2/language/5/"
            },
            "version_group": {
                "name": "sword-shield",
                "url": "/api/v2/version-group/20/"
            }
        },
        {
            "flavor_text": "Erh\u00f6ht die St\u00e4rke aller Attacken des Typs Fee.",
            "language": {
                "name": "de",
                "url": "/api/v2/language/6/"
            },
            "version_group": {
                "name": "sword-shield",
                "url": "/api/v2/version-group/20/"
            }
        },
        {
            "flavor_text": "Aumenta la potencia de todos los movimientos de tipo\nHada.",
            "language": {
                "name": "es",
                "url": "/api/v2/language/7/"
            },
            "version_group": {
                "name": "sword-shield",
                "url": "/api/v2/version-group/20/"
            }
        },
        {
            "flavor_text": "Potenzia le mosse di tipo Folletto di tutti i Pok\u00e9mon.",
            "language": {
                "name": "it",
                "url": "/api/v2/language/8/"
            },
            "version_group": {
                "name": "sword-shield",
                "url": "/api/v2/version-group/20/"
            }
        },
        {
            "flavor_text": "Powers up each Pok\u00e9mon\u2019s Fairy-type moves.",
            "language": {
                "name": "en",
                "url": "/api/v2/language/9/"
            },
            "version_group": {
                "name": "sword-shield",
                "url": "/api/v2/version-group/20/"
            }
        },
        {
            "flavor_text": "\u5168\u54e1\u306e\u3000\u30d5\u30a7\u30a2\u30ea\u30fc\u30bf\u30a4\u30d7\u306e\n\u6280\u304c\u3000\u5f37\u304f\u306a\u308b\u3002",
            "language": {
                "name": "ja",
                "url": "/api/v2/language/11/"
            },
            "version_group": {
                "name": "sword-shield",
                "url": "/api/v2/version-group/20/"
            }
        },
        {
            "flavor_text": "\u5168\u4f53\u7684\u5996\u7cbe\u5c5e\u6027\u62db\u5f0f\u53d8\u5f3a\u3002",
            "language": {
                "name": "zh-Hans",
                "url": "/api/v2/language/12/"
            },
            "version_group": {
                "name": "sword-shield",
                "url": "/api/v2/version-group/20/"
            }
        },
        {
            "flavor_text": "Augmente la puissance des capacit\u00e9s de type F\u00e9e\\nde tous les Pok\u00e9mon.",
            "language": {
                "name": "fr",
                "url": "/api/v2/language/5/"
            },
            "version_group": {
                "name": "scarlet-violet",
                "url": "/api/v2/version-group/25/"
            }
        }
    ],
    "generation": {
        "name": "generation-vi",
        "url": "/api/v2/generation/6/"
    },
    "id": 187,
    "is_main_series": true,
    "name": "fairy-aura",
    "names": [
        {
            "language": {
                "name": "ja-Hrkt",
                "url": "/api/v2/language/1/"
            },
            "name": "\u30d5\u30a7\u30a2\u30ea\u30fc\u30aa\u30fc\u30e9"
        },
        {
            "language": {
                "name": "ko",
                "url": "/api/v2/language/3/"
            },
            "name": "\ud398\uc5b4\ub9ac\uc624\ub77c"
        },
        {
            "language": {
                "name": "zh-Hant",
                "url": "/api/v2/language/4/"
            },
            "name": "\u5996\u7cbe\u6c23\u5834"
        },
        {
            "language": {
                "name": "fr",
                "url": "/api/v2/language/5/"
            },
            "name": "Aura F\u00e9\u00e9rique"
        },
        {
            "language": {
                "name": "de",
                "url": "/api/v2/language/6/"
            },
            "name": "Feenaura"
        },
        {
            "language": {
                "name": "es",
                "url": "/api/v2/language/7/"
            },
            "name": "Aura Fe\u00e9rica"
        },
        {
            "language": {
                "name": "it",
                "url": "/api/v2/language/8/"
            },
            "name": "Aurafolletto"
        },
        {
            "language": {
                "name": "en",
                "url": "/api/v2/language/9/"
            },
            "name": "Fairy Aura"
        },
        {
            "language": {
                "name": "ja",
                "url": "/api/v2/language/11/"
            },
            "name": "\u30d5\u30a7\u30a2\u30ea\u30fc\u30aa\u30fc\u30e9"
        },
        {
            "language": {
                "name": "zh-Hans",
                "url": "/api/v2/language/12/"
            },
            "name": "\u5996\u7cbe\u6c14\u573a"
        }
    ],
    "pokemon": [
        {
            "is_hidden": false,
            "pokemon": {
                "name": "xerneas",
                "url": "/api/v2/pokemon/716/"
            },
            "slot": 1
        }
    ]
}