{
    "effect_changes": [],
    "effect_entries": [
        {
            "effect": "Alle Teampartner von Pok\u00e9mon mit dieser F\u00e4higkeit erhalten nur 0,75\u00d7 so viel Schaden durch Attacken w\u00e4hrend das Pok\u00e9mon im Kampf ist.\n\nDer Effekt stapelt, wenn mehrere Pok\u00e9mon mit dieser F\u00e4higkeit im Kampf sind.",
            "language": {
                "name": "de",
                "url": "/api/v2/language/6/"
            },
            "short_effect": "Verringert allen von Teampartnern erlitten Schaden um 75%."
        },
        {
            "effect": "All friendly Pok\u00e9mon take 0.75\u00d7 as much direct damage from moves while this Pok\u00e9mon is in battle.\n\nThis effect stacks if multiple allied Pok\u00e9mon have it.",
            "language": {
                "name": "en",
                "url": "/api/v2/language/9/"
            },
            "short_effect": "Decreases all direct damage taken by friendly Pok\u00e9mon to 0.75\u00d7."
        }
    ],
    "flavor_text_entries": [
        {
            "flavor_text": "Diminue les d\u00e9g\u00e2ts subis\npar les alli\u00e9s.",
            "language": {
                "name": "fr",
                "url": "/api/v2/language/5/"
            },
            "version_group": {
                "name": "black-white",
                "url": "/api/v2/version-group/11/"
            }
        },
        {
            "flavor_text": "Reduces damage done\nto allies.",
            "language": {
                "name": "en",
                "url": "/api/v2/language/9/"
            },
            "version_group": {
                "name": "black-white",
                "url": "/api/v2/version-group/11/"
            }
        },
        {
            "flavor_text": "Reduces damage done\nto allies.",
            "language": {
                "name": "en",
                "url": "/api/v2/language/9/"
            },
            "version_group": {
                "name": "black-2-white-2",
                "url": "/api/v2/version-group/14/"
            }
        },
        {
            "flavor_text": "\u307f\u304b\u305f\u306e\u3000\u30c0\u30e1\u30fc\u30b8\u3092\n\u3078\u3089\u3059\u3053\u3068\u304c\u3067\u304d\u308b\u3002",
            "language": {
                "name": "ja-Hrkt",
                "url": "/api/v2/language/1/"
            },
            "version_group": {
                "name": "x-y",
                "url": "/api/v2/version-group/15/"
            }
        },
        {
            "flavor_text": "\uac19\uc740 \ud3b8\uc758 \ub370\ubbf8\uc9c0\ub97c\n\uc904\uc77c \uc218 \uc788\ub2e4.",
            "language": {
                "name": "ko",
                "url": "/api/v2/language/3/"
            },
            "version_group": {
                "name": "x-y",
                "url": "/api/v2/version-group/15/"
            }
        },
        {
            "flavor_text": "Diminue les d\u00e9g\u00e2ts subis par les\nalli\u00e9s.",
            "language": {
                "name": "fr",
                "url": "/api/v2/language/5/"
            },
            "version_group": {
                "name": "x-y",
                "url": "/api/v2/version-group/15/"
            }
        },
        {
            "flavor_text": "Verringert den Schaden\nan Mitstreitern.",
            "language": {
                "name": "de",
                "url": "/api/v2/language/6/"
            },
            "version_group": {
                "name": "x-y",
                "url": "/api/v2/version-group/15/"
            }
        },
        {
            "flavor_text": "Reduce el da\u00f1o que sufren los\naliados.",
            "language": {
                "name": "es",
                "url": "/api/v2/language/7/"
            },
            "version_group": {
                "name": "x-y",
                "url": "/api/v2/version-group/15/"
            }
        },
        {
            "flavor_text": "Riduce il danno subito dagli\nalleati.",
            "language": {
                "name": "it",
                "url": "/api/v2/language/8/"
            },
            "version_group": {
                "name": "x-y",
                "url": "/api/v2/version-group/15/"
            }
        },
        {
            "flavor_text": "Reduces damage done\nto allies.",
            "language": {
                "name": "en",
                "url": "/api/v2/language/9/"
            },
            "version_group": {
                "name": "x-y",
                "url": "/api/v2/version-group/15/"
            }
        },
        {
            "flavor_text": "\u5473\u65b9\u306e\u3000\u30c0\u30e1\u30fc\u30b8\u3092\n\u6e1b\u3089\u3059\u3053\u3068\u304c\u3067\u304d\u308b\u3002",
            "language": {
                "name": "ja",
                "url": "/api/v2/language/11/"
            },
            "version_group": {
                "name": "x-y",
                "url": "/api/v2/version-group/15/"
            }
        },
        {
            "flavor_text": "\u202f\u304b\u305f\u306e\u3000\u30c0\u30e1\u30fc\u30b8\u3092\n\u3078\u3089\u3059\u3053\u3068\u304c\u3067\u304d\u308b\u3002",
            "language": {
                "name": "ja-Hrkt",
                "url": "/api/v2/language/1/"
            },
            "version_group": {
                "name": "omega-ruby-alpha-sapphire",
                "url": "/api/v2/version-group/16/"
            }
        },
        {
            "flavor_text": "\uac19\uc740 \ud3b8\uc758 \ub370\ubbf8\uc9c0\ub97c\n\uc904\uc77c \uc218 \uc788\ub2e4.",
            "language": {
                "name": "ko",
                "url": "/api/v2/language/3/"
            },
            "version_group": {
                "name": "omega-ruby-alpha-sapphire",
                "url": "/api/v2/version-group/16/"
            }
        },
        {
            "flavor_text": "Diminue les d\u00e9g\u00e2ts subis par les\nalli\u00e9s.",
            "language": {
                "name": "fr",
                "url": "/api/v2/language/5/"
            },
            "version_group": {
                "name": "omega-ruby-alpha-sapphire",
                "url": "/api/v2/version-group/16/"
            }
        },
        {
            "flavor_text": "Verringert den Schaden\nan Mitstreitern.",
            "language": {
                "name": "de",
                "url": "/api/v2/language/6/"
            },
            "version_group": {
                "name": "omega-ruby-alpha-sapphire",
                "url": "/api/v2/version-group/16/"
            }
        },
        {
            "flavor_text": "Reduce el da\u00f1o que sufren los\naliados.",
            "language": {
                "name": "es",
                "url": "/api/v2/language/7/"
            },
            "version_group": {
                "name": "omega-ruby-alpha-sapphire",
                "url": "/api/v2/version-group/16/"
            }
        },
        {
            "flavor_text": "Riduce il danno subito dagli\nalleati.",
            "language": {
                "name": "it",
                "url": "/api/v2/language/8/"
            },
            "version_group": {
                "name": "omega-ruby-alpha-sapphire",
                "url": "/api/v2/version-group/16/"
            }
        },
        {
            "flavor_text": "Reduces damage done to allies.",
            "language": {
                "name": "en",
                "url": "/api/v2/language/9/"
            },
            "version_group": {
                "name": "omega-ruby-alpha-sapphire",
                "url": "/api/v2/version-group/16/"
            }
        },
        {
            "flavor_text": "\u5473\u65b9\u306e\u3000\u30c0\u30e1\u30fc\u30b8\u3092\n\u6e1b\u3089\u3059\u3053\u3068\u304c\u3067\u304d\u308b\u3002",
            "language": {
                "name": "ja",
                "url": "/api/v2/language/11/"
            },
            "version_group": {
                "name": "omega-ruby-alpha-sapphire",
                "url": "/api/v2/version-group/16/"
            }
        },
        {
            "flavor_text": "\u307f\u304b\u305f\u306e\u3000\u30c0\u30e1\u30fc\u30b8\u3092\n\u3078\u3089\u3059\u3053\u3068\u304c\u3000\u3067\u304d\u308b\u3002",
            "language": {
                "name": "ja-Hrkt",
                "url": "/api/v2/language/1/"
            },
            "version_group": {
                "name": "sun-moon",
                "url": "/api/v2/version-group/17/"
            }
        },
        {
            "flavor_text": "\uac19\uc740 \ud3b8\uc758 \ub370\ubbf8\uc9c0\ub97c\n\uc904\uc77c \uc218 \uc788\ub2e4.",
            "language": {
                "name": "ko",
                "url": "/api/v2/language/3/"
            },
            "version_group": {
                "name": "sun-moon",
                "url": "/api/v2/version-group/17/"
            }
        },
        {
            "flavor_text": "\u53ef\u4ee5\u6e1b\u5c11\u6211\u65b9\u53d7\u5230\u7684\u50b7\u5bb3\u3002",
            "language": {
                "name": "zh-Hant",
                "url": "/api/v2/language/4/"
            },
            "version_group": {
                "name": "sun-moon",
                "url": "/api/v2/version-group/17/"
            }
        },
        {
            "flavor_text": "Diminue les d\u00e9g\u00e2ts subis par les alli\u00e9s.",
            "language": {
                "name": "fr",
                "url": "/api/v2/language/5/"
            },
            "version_group": {
                "name": "sun-moon",
                "url": "/api/v2/version-group/17/"
            }
        },
        {
            "flavor_text": "Kann den Schaden, den Mitstreiter erleiden,\nverringern.",
            "language": {
                "name": "de",
                "url": "/api/v2/language/6/"
            },
            "version_group": {
                "name": "sun-moon",
                "url": "/api/v2/version-group/17/"
            }
        },
        {
            "flavor_text": "Reduce el da\u00f1o que sufren los aliados.",
            "language": {
                "name": "es",
                "url": "/api/v2/language/7/"
            },
            "version_group": {
                "name": "sun-moon",
                "url": "/api/v2/version-group/17/"
            }
        },
        {
            "flavor_text": "I danni inflitti agli alleati del Pok\u00e9mon\nvengono ridotti.",
            "language": {
                "name": "it",
                "url": "/api/v2/language/8/"
            },
            "version_group": {
                "name": "sun-moon",
                "url": "/api/v2/version-group/17/"
            }
        },
        {
            "flavor_text": "Reduces damage done to allies.",
            "language": {
                "name": "en",
                "url": "/api/v2/language/9/"
            },
            "version_group": {
                "name": "sun-moon",
                "url": "/api/v2/version-group/17/"
            }
        },
        {
            "flavor_text": "\u5473\u65b9\u306e\u3000\u30c0\u30e1\u30fc\u30b8\u3092\n\u6e1b\u3089\u3059\u3053\u3068\u304c\u3000\u3067\u304d\u308b\u3002",
            "language": {
                "name": "ja",
                "url": "/api/v2/language/11/"
            },
            "version_group": {
                "name": "sun-moon",
                "url": "/api/v2/version-group/17/"
            }
        },
        {
            "flavor_text": "\u53ef\u4ee5\u51cf\u5c11\u6211\u65b9\u7684\u4f24\u5bb3\u3002",
            "language": {
                "name": "zh-Hans",
                "url": "/api/v2/language/12/"
            },
            "version_group": {
                "name": "sun-moon",
                "url": "/api/v2/version-group/17/"
            }
        },
        {
            "flavor_text": "\u307f\u304b\u305f\u306e\u3000\u30c0\u30e1\u30fc\u30b8\u3092\n\u3078\u3089\u3059\u3053\u3068\u304c\u3000\u3067\u304d\u308b\u3002",
            "language": {
                "name": "ja-Hrkt",
                "url": "/api/v2/language/1/"
            },
            "version_group": {
                "name": "ultra-sun-ultra-moon",
                "url": "/api/v2/version-group/18/"
            }
        },
        {
            "flavor_text": "\uac19\uc740 \ud3b8\uc758 \ub370\ubbf8\uc9c0\ub97c\n\uc904\uc77c \uc218 \uc788\ub2e4.",
            "language": {
                "name": "ko",
                "url": "/api/v2/language/3/"
            },
            "version_group": {
                "name": "ultra-sun-ultra-moon",
                "url": "/api/v2/version-group/18/"
            }
        },
        {
            "flavor_text": "\u53ef\u4ee5\u6e1b\u5c11\u6211\u65b9\u53d7\u5230\u7684\u50b7\u5bb3\u3002",
            "language": {
                "name": "zh-Hant",
                "url": "/api/v2/language/4/"
            },
            "version_group": {
                "name": "ultra-sun-ultra-moon",
                "url": "/api/v2/version-group/18/"
            }
        },
        {
            "flavor_text": "Diminue les d\u00e9g\u00e2ts subis par les alli\u00e9s.",
            "language": {
                "name": "fr",
                "url": "/api/v2/language/5/"
            },
            "version_group": {
                "name": "ultra-sun-ultra-moon",
                "url": "/api/v2/version-group/18/"
            }
        },
        {
            "flavor_text": "Kann den Schaden, den Mitstreiter erleiden,\nverringern.",
            "language": {
                "name": "de",
                "url": "/api/v2/language/6/"
            },
            "version_group": {
                "name": "ultra-sun-ultra-moon",
                "url": "/api/v2/version-group/18/"
            }
        },
        {
            "flavor_text": "Reduce el da\u00f1o que sufren los aliados.",
            "language": {
                "name": "es",
                "url": "/api/v2/language/7/"
            },
            "version_group": {
                "name": "ultra-sun-ultra-moon",
                "url": "/api/v2/version-group/18/"
            }
        },
        {
            "flavor_text": "I danni inflitti agli alleati del Pok\u00e9mon\nvengono ridotti.",
            "language": {
                "name": "it",
                "url": "/api/v2/language/8/"
            },
            "version_group": {
                "name": "ultra-sun-ultra-moon",
                "url": "/api/v2/version-group/18/"
            }
        },
        {
            "flavor_text": "Reduces damage done to allies.",
            "language": {
                "name": "en",
                "url": "/api/v2/language/9/"
            },
            "version_group": {
                "name": "ultra-sun-ultra-moon",
                "url": "/api/v2/version-group/18/"
            }
        },
        {
            "flavor_text": "\u5473\u65b9\u306e\u3000\u30c0\u30e1\u30fc\u30b8\u3092\n\u6e1b\u3089\u3059\u3053\u3068\u304c\u3000\u3067\u304d\u308b\u3002",
            "language": {
                "name": "ja",
                "url": "/api/v2/language/11/"
            },
            "version_group": {
                "name": "ultra-sun-ultra-moon",
                "url": "/api/v2/version-group/18/"
            }
        },
        {
            "flavor_text": "\u53ef\u4ee5\u51cf\u5c11\u6211\u65b9\u7684\u4f24\u5bb3\u3002",
            "language": {
                "name": "zh-Hans",
                "url": "/api/v2/language/12/"
            },
            "version_group": {
                "name": "ultra-sun-ultra-moon",
                "url": "/api/v2/version-group/18/"
            }
        },
        {
            "flavor_text": "\u307f\u304b\u305f\u306e\u3000\u30c0\u30e1\u30fc\u30b8\u3092\n\u3078\u3089\u3059\u3053\u3068\u304c\u3000\u3067\u304d\u308b\u3002",
            "language": {
                "name": "ja-Hrkt",
                "url": "/api/v2/language/1/"
            },
            "version_group": {
                "name": "lets-go-pikachu-lets-go-eevee",
                "url": "/api/v2/version-group/19/"
            }
        },
        {
            "flavor_text": "\uac19\uc740 \ud3b8\uc758 \ub370\ubbf8\uc9c0\ub97c\n\uc904\uc77c \uc218 \uc788\ub2e4.",
            "language": {
                "name": "ko",
                "url": "/api/v2/language/3/"
            },
            "version_group": {
                "name": "lets-go-pikachu-lets-go-eevee",
                "url": "/api/v2/version-group/19/"
            }
        },
        {
            "flavor_text": "\u53ef\u4ee5\u6e1b\u5c11\u6211\u65b9\u53d7\u5230\u7684\u50b7\u5bb3\u3002",
            "language": {
                "name": "zh-Hant",
                "url": "/api/v2/language/4/"
            },
            "version_group": {
                "name": "lets-go-pikachu-lets-go-eevee",
                "url": "/api/v2/version-group/19/"
            }
        },
        {
            "flavor_text": "Diminue les d\u00e9g\u00e2ts subis par les alli\u00e9s.",
            "language": {
                "name": "fr",
                "url": "/api/v2/language/5/"
            },
            "version_group": {
                "name": "lets-go-pikachu-lets-go-eevee",
                "url": "/api/v2/version-group/19/"
            }
        },
        {
            "flavor_text": "Kann den Schaden, den Mitstreiter erleiden,\nverringern.",
            "language": {
                "name": "de",
                "url": "/api/v2/language/6/"
            },
            "version_group": {
                "name": "lets-go-pikachu-lets-go-eevee",
                "url": "/api/v2/version-group/19/"
            }
        },
        {
            "flavor_text": "Reduce el da\u00f1o que sufren los aliados.",
            "language": {
                "name": "es",
                "url": "/api/v2/language/7/"
            },
            "version_group": {
                "name": "lets-go-pikachu-lets-go-eevee",
                "url": "/api/v2/version-group/19/"
            }
        },
        {
            "flavor_text": "I danni inflitti agli alleati del Pok\u00e9mon\nvengono ridotti.",
            "language": {
                "name": "it",
                "url": "/api/v2/language/8/"
            },
            "version_group": {
                "name": "lets-go-pikachu-lets-go-eevee",
                "url": "/api/v2/version-group/19/"
            }
        },
        {
            "flavor_text": "Reduces damage done to allies.",
            "language": {
                "name": "en",
                "url": "/api/v2/language/9/"
            },
            "version_group": {
                "name": "lets-go-pikachu-lets-go-eevee",
                "url": "/api/v2/version-group/19/"
            }
        },
        {
            "flavor_text": "\u5473\u65b9\u306e\u3000\u30c0\u30e1\u30fc\u30b8\u3092\n\u6e1b\u3089\u3059\u3053\u3068\u304c\u3000\u3067\u304d\u308b\u3002",
            "language": {
                "name": "ja",
                "url": "/api/v2/language/11/"
            },
            "version_group": {
                "name": "lets-go-pikachu-lets-go-eevee",
                "url": "/api/v2/version-group/19/"
            }
        },
        {
            "flavor_text": "\u53ef\u4ee5\u51cf\u5c11\u6211\u65b9\u7684\u4f24\u5bb3\u3002",
            "language": {
                "name": "zh-Hans",
                "url": "/api/v2/language/12/"
            },
            "version_group": {
                "name": "lets-go-pikachu-lets-go-eevee",
                "url": "/api/v2/version-group/19/"
            }
        },
        {
            "flavor_text": "\u307f\u304b\u305f\u306e\u3000\u30c0\u30e1\u30fc\u30b8\u3092\n\u3078\u3089\u3059\u3053\u3068\u304c\u3000\u3067\u304d\u308b\u3002",
            "language": {
                "name": "ja-Hrkt",
                "url": "/api/v2/language/1/"
            },
            "version_group": {
                "name": "sword-shield",
                "url": "/api/v2/version-group/20/"
            }
        },
        {
            "flavor_text": "\uac19\uc740 \ud3b8\uc758 \ub370\ubbf8\uc9c0\ub97c\n\uc904\uc77c \uc218 \uc788\ub2e4.",
            "language": {
                "name": "ko",
                "url": "/api/v2/language/3/"
            },
            "version_group": {
                "name": "sword-shield",
                "url": "/api/v2/version-group/20/"
            }
        },
        {
            "flavor_text": "\u53ef\u4ee5\u6e1b\u5c11\u6211\u65b9\u53d7\u5230\u7684\u50b7\u5bb3\u3002",
            "language": {
                "name": "zh-Hant",
                "url": "/api/v2/language/4/"
            },
            "version_group": {
                "name": "sword-shield",
                "url": "/api/v2/version-group/20/"
            }
        },
        {
            "flavor_text": "Diminue les d\u00e9g\u00e2ts subis par les alli\u00e9s.",
            "language": {
                "name": "fr",
                "url": "/api/v2/language/5/"
            },
            "version_group": {
                "name": "sword-shield",
                "url": "/api/v2/version-group/20/"
            }
        },
        {
            "flavor_text": "Kann den Schaden, den Mitstreiter erleiden, verringern.",
            "language": {
                "name": "de",
                "url": "/api/v2/language/6/"
            },
            "version_group": {
                "name": "sword-shield",
                "url": "/api/v2/version-group/20/"
            }
        },
        {
            "flavor_text": "Reduce el da\u00f1o que sufren los aliados.",
            "language": {
                "name": "es",
                "url": "/api/v2/language/7/"
            },
            "version_group": {
                "name": "sword-shield",
                "url": "/api/v2/version-group/20/"
            }
        },
        {
            "flavor_text": "I danni inflitti agli alleati del Pok\u00e9mon\nvengono ridotti.",
            "language": {
                "name": "it",
                "url": "/api/v2/language/8/"
            },
            "version_group": {
                "name": "sword-shield",
                "url": "/api/v2/version-group/20/"
            }
        },
        {
            "flavor_text": "Reduces damage done to allies.",
            "language": {
                "name": "en",
                "url": "/api/v2/language/9/"
            },
            "version_group": {
                "name": "sword-shield",
                "url": "/api/v2/version-group/20/"
            }
        },
        {
            "flavor_text": "\u5473\u65b9\u306e\u3000\u30c0\u30e1\u30fc\u30b8\u3092\n\u6e1b\u3089\u3059\u3053\u3068\u304c\u3000\u3067\u304d\u308b\u3002",
            "language": {
                "name": "ja",
                "url": "/api/v2/language/11/"
            },
            "version_group": {
                "name": "sword-shield",
                "url": "/api/v2/version-group/20/"
            }
        },
        {
            "flavor_text": "\u53ef\u4ee5\u51cf\u5c11\u6211\u65b9\u7684\u4f24\u5bb3\u3002",
            "language": {
                "name": "zh-Hans",
                "url": "/api/v2/language/12/"
            },
            "version_group": {
                "name": "sword-shield",
                "url": "/api/v2/version-group/20/"
            }
        },
        {
            "flavor_text": "Diminue les d\u00e9g\u00e2ts subis par les alli\u00e9s.",
            "language": {
                "name": "fr",
                "url": "/api/v2/language/5/"
            },
            "version_group": {
                "name": "scarlet-violet",
                "url": "/api/v2/version-group/25/"
            }
        },
        {
            "flavor_text": "Reduces damage dealt to allies.",
            "language": {
                "name": "en",
                "url": "/api/v2/language/9/"
            },
            "version_group": {
                "name": "scarlet-violet",
                "url": "/api/v2/version-group/25/"
            }
        }
    ],
    "generation": {
        "name": "generation-v",
        "url": "/api/v2/generation/5/"
    },
    "id": 132,
    "is_main_series": true,
    "name": "friend-guard",
    "names": [
        {
            "language": {
                "name": "ja-Hrkt",
                "url": "/api/v2/language/1/"
            },
            "name": "\u30d5\u30ec\u30f3\u30c9\u30ac\u30fc\u30c9"
        },
        {
            "language": {
                "name": "ko",
                "url": "/api/v2/language/3/"
            },
            "name": "\ud504\ub80c\ub4dc\uac00\ub4dc"
        },
        {
            "language": {
                "name": "zh-Hant",
                "url": "/api/v2/language/4/"
            },
            "name": "\u53cb\u60c5\u9632\u5b88"
        },
        {
            "language": {
                "name": "fr",
                "url": "/api/v2/language/5/"
            },
            "name": "Garde-Ami"
        },
        {
            "language": {
                "name": "de",
                "url": "/api/v2/language/6/"
            },
            "name": "Freundeshut"
        },
        {
            "language": {
                "name": "es",
                "url": "/api/v2/language/7/"
            },
            "name": "Compiescolta"
        },
        {
            "language": {
                "name": "it",
                "url": "/api/v2/language/8/"
            },
            "name": "Amicoscudo"
        },
        {
            "language": {
                "name": "en",
                "url": "/api/v2/language/9/"
            },
            "name": "Friend Guard"
        },
        {
            "language": {
                "name": "ja",
                "url": "/api/v2/language/11/"
            },
            "name": "\u30d5\u30ec\u30f3\u30c9\u30ac\u30fc\u30c9"
        },
        {
            "language": {
                "name": "zh-Hans",
                "url": "/api/v2/language/12/"
            },
            "name": "\u53cb\u60c5\u9632\u5b88"
        }
    ],
    "pokemon": [
        {
            "is_hidden": true,
            "pokemon": {
                "name": "clefairy",
                "url": "/api/v2/pokemon/35/"
            },
            "slot": 3
        },
        {
            "is_hidden": true,
            "pokemon": {
                "name": "jigglypuff",
                "url": "/api/v2/pokemon/39/"
            },
            "slot": 3
        },
        {
            "is_hidden": true,
            "pokemon": {
                "name": "cleffa",
                "url": "/api/v2/pokemon/173/"
            },
            "slot": 3
        },
        {
            "is_hidden": true,
            "pokemon": {
                "name": "igglybuff",
                "url": "/api/v2/pokemon/174/"
            },
            "slot": 3
        },
        {
            "is_hidden": true,
            "pokemon": {
                "name": "happiny",
                "url": "/api/v2/pokemon/440/"
            },
            "slot": 3
        },
        {
            "is_hidden": true,
            "pokemon": {
                "name": "scatterbug",
                "url": "/api/v2/pokemon/664/"
            },
            "slot": 3
        },
        {
            "is_hidden": true,
            "pokemon": {
                "name": "spewpa",
                "url": "/api/v2/pokemon/665/"
            },
            "slot": 3
        },
        {
            "is_hidden": true,
            "pokemon": {
                "name": "vivillon",
                "url": "/api/v2/pokemon/666/"
            },
            "slot": 3
        },
        {
            "is_hidden": false,
            "pokemon": {
                "name": "maushold-family-of-four",
                "url": "/api/v2/pokemon/925/"
            },
            "slot": 1
        },
        {
            "is_hidden": false,
            "pokemon": {
                "name": "maushold-family-of-three",
                "url": "/api/v2/pokemon/10257/"
            },
            "slot": 1
        }
    ]
}