{
    "effect_changes": [],
    "effect_entries": [
        {
            "effect": "Wenn ein Pok\u00e9mon mit dieser F\u00e4higkeit von einer grass Attacke getroffen wird, steigt sein attack um 1 Stufe, wobei jeder andere Effekt entfernt wird.",
            "language": {
                "name": "de",
                "url": "/api/v2/language/6/"
            },
            "short_effect": "Absorbiert grass Attacken und erh\u00f6hrt dabei den attack um 1 Stufe."
        },
        {
            "effect": "Whenever a grass-type move hits this Pok\u00e9mon, its Attack rises one stage, negating any other effect on it.",
            "language": {
                "name": "en",
                "url": "/api/v2/language/9/"
            },
            "short_effect": "Absorbs grass moves, raising Attack one stage."
        }
    ],
    "flavor_text_entries": [
        {
            "flavor_text": "Augmente l\u2019Attaque apr\u00e8s\nune attaque Plante.",
            "language": {
                "name": "fr",
                "url": "/api/v2/language/5/"
            },
            "version_group": {
                "name": "black-white",
                "url": "/api/v2/version-group/11/"
            }
        },
        {
            "flavor_text": "Boosts Attack when hit by\na Grass-type move.",
            "language": {
                "name": "en",
                "url": "/api/v2/language/9/"
            },
            "version_group": {
                "name": "black-white",
                "url": "/api/v2/version-group/11/"
            }
        },
        {
            "flavor_text": "Boosts Attack when hit by\na Grass-type move.",
            "language": {
                "name": "en",
                "url": "/api/v2/language/9/"
            },
            "version_group": {
                "name": "black-2-white-2",
                "url": "/api/v2/version-group/14/"
            }
        },
        {
            "flavor_text": "\u304f\u3055\u306e\u3000\u308f\u3056\u3092\u3000\u3046\u3051\u308b\u3068\n\u3053\u3046\u3052\u304d\u304c\u3000\u3042\u304c\u308b\u3002",
            "language": {
                "name": "ja-Hrkt",
                "url": "/api/v2/language/1/"
            },
            "version_group": {
                "name": "x-y",
                "url": "/api/v2/version-group/15/"
            }
        },
        {
            "flavor_text": "\ud480 \uae30\uc220\uc744 \ubc1b\uc73c\uba74\n\uacf5\uaca9\uc774 \uc62c\ub77c\uac04\ub2e4.",
            "language": {
                "name": "ko",
                "url": "/api/v2/language/3/"
            },
            "version_group": {
                "name": "x-y",
                "url": "/api/v2/version-group/15/"
            }
        },
        {
            "flavor_text": "Neutralise les attaques Plante et\naugmente l\u2019Attaque.",
            "language": {
                "name": "fr",
                "url": "/api/v2/language/5/"
            },
            "version_group": {
                "name": "x-y",
                "url": "/api/v2/version-group/15/"
            }
        },
        {
            "flavor_text": "Absorbiert Pflanzen-Attacken\nund steigert den Angriff.",
            "language": {
                "name": "de",
                "url": "/api/v2/language/6/"
            },
            "version_group": {
                "name": "x-y",
                "url": "/api/v2/version-group/15/"
            }
        },
        {
            "flavor_text": "Neutraliza los movimientos de\ntipo Planta y sube el Ataque.",
            "language": {
                "name": "es",
                "url": "/api/v2/language/7/"
            },
            "version_group": {
                "name": "x-y",
                "url": "/api/v2/version-group/15/"
            }
        },
        {
            "flavor_text": "Neutralizza le mosse di tipo Erba\nsubite per aumentare l\u2019Attacco.",
            "language": {
                "name": "it",
                "url": "/api/v2/language/8/"
            },
            "version_group": {
                "name": "x-y",
                "url": "/api/v2/version-group/15/"
            }
        },
        {
            "flavor_text": "Boosts the Attack stat when hit\nby a Grass-type move.",
            "language": {
                "name": "en",
                "url": "/api/v2/language/9/"
            },
            "version_group": {
                "name": "x-y",
                "url": "/api/v2/version-group/15/"
            }
        },
        {
            "flavor_text": "\u304f\u3055\u306e\u3000\u6280\u3092\u3000\u53d7\u3051\u308b\u3068\n\u653b\u6483\u304c\u3000\u3042\u304c\u308b\u3002",
            "language": {
                "name": "ja",
                "url": "/api/v2/language/11/"
            },
            "version_group": {
                "name": "x-y",
                "url": "/api/v2/version-group/15/"
            }
        },
        {
            "flavor_text": "\u304f\u3055\u306e\u3000\u308f\u3056\u3092\u3000\u3046\u3051\u308b\u3068\n\u3053\u3046\u3052\u304d\u304c\u3000\u3042\u304c\u308b\u3002",
            "language": {
                "name": "ja-Hrkt",
                "url": "/api/v2/language/1/"
            },
            "version_group": {
                "name": "omega-ruby-alpha-sapphire",
                "url": "/api/v2/version-group/16/"
            }
        },
        {
            "flavor_text": "\ud480 \uae30\uc220\uc744 \ubc1b\uc73c\uba74\n\uacf5\uaca9\uc774 \uc62c\ub77c\uac04\ub2e4.",
            "language": {
                "name": "ko",
                "url": "/api/v2/language/3/"
            },
            "version_group": {
                "name": "omega-ruby-alpha-sapphire",
                "url": "/api/v2/version-group/16/"
            }
        },
        {
            "flavor_text": "Neutralise les attaques Plante et\naugmente l\u2019Attaque.",
            "language": {
                "name": "fr",
                "url": "/api/v2/language/5/"
            },
            "version_group": {
                "name": "omega-ruby-alpha-sapphire",
                "url": "/api/v2/version-group/16/"
            }
        },
        {
            "flavor_text": "Absorbiert Pflanzen-Attacken\nund steigert den Angriff.",
            "language": {
                "name": "de",
                "url": "/api/v2/language/6/"
            },
            "version_group": {
                "name": "omega-ruby-alpha-sapphire",
                "url": "/api/v2/version-group/16/"
            }
        },
        {
            "flavor_text": "Neutraliza los movimientos de\ntipo Planta y sube el Ataque.",
            "language": {
                "name": "es",
                "url": "/api/v2/language/7/"
            },
            "version_group": {
                "name": "omega-ruby-alpha-sapphire",
                "url": "/api/v2/version-group/16/"
            }
        },
        {
            "flavor_text": "Neutralizza le mosse di tipo Erba\nsubite per aumentare l\u2019Attacco.",
            "language": {
                "name": "it",
                "url": "/api/v2/language/8/"
            },
            "version_group": {
                "name": "omega-ruby-alpha-sapphire",
                "url": "/api/v2/version-group/16/"
            }
        },
        {
            "flavor_text": "Boosts the Attack stat when hit\nby a Grass-type move.",
            "language": {
                "name": "en",
                "url": "/api/v2/language/9/"
            },
            "version_group": {
                "name": "omega-ruby-alpha-sapphire",
                "url": "/api/v2/version-group/16/"
            }
        },
        {
            "flavor_text": "\u304f\u3055\u306e\u3000\u6280\u3092\u3000\u53d7\u3051\u308b\u3068\n\u653b\u6483\u304c\u3000\u3042\u304c\u308b\u3002",
            "language": {
                "name": "ja",
                "url": "/api/v2/language/11/"
            },
            "version_group": {
                "name": "omega-ruby-alpha-sapphire",
                "url": "/api/v2/version-group/16/"
            }
        },
        {
            "flavor_text": "\u304f\u3055\u30bf\u30a4\u30d7\u306e\u3000\u308f\u3056\u3092\u3000\u3046\u3051\u308b\u3068\n\u30c0\u30e1\u30fc\u30b8\u3092\u3000\u3046\u3051\u305a\u306b\n\u3053\u3046\u3052\u304d\u304c\u3000\u3042\u304c\u308b\u3002",
            "language": {
                "name": "ja-Hrkt",
                "url": "/api/v2/language/1/"
            },
            "version_group": {
                "name": "sun-moon",
                "url": "/api/v2/version-group/17/"
            }
        },
        {
            "flavor_text": "\ud480\ud0c0\uc785 \uae30\uc220\uc744 \ubc1b\uc73c\uba74\n\ub370\ubbf8\uc9c0\ub97c \uc785\uc9c0 \uc54a\uace0\n\uacf5\uaca9\uc774 \uc62c\ub77c\uac04\ub2e4.",
            "language": {
                "name": "ko",
                "url": "/api/v2/language/3/"
            },
            "version_group": {
                "name": "sun-moon",
                "url": "/api/v2/version-group/17/"
            }
        },
        {
            "flavor_text": "\u53d7\u5230\u8349\u5c6c\u6027\u7684\u62db\u5f0f\u653b\u64ca\u6642\uff0c\n\u4e0d\u4f46\u4e0d\u6703\u53d7\u5230\u50b7\u5bb3\uff0c\u53cd\u800c\u653b\u64ca\u6703\u63d0\u9ad8\u3002",
            "language": {
                "name": "zh-Hant",
                "url": "/api/v2/language/4/"
            },
            "version_group": {
                "name": "sun-moon",
                "url": "/api/v2/version-group/17/"
            }
        },
        {
            "flavor_text": "Annule les attaques de type Plante subies par\nle Pok\u00e9mon et augmente son Attaque.",
            "language": {
                "name": "fr",
                "url": "/api/v2/language/5/"
            },
            "version_group": {
                "name": "sun-moon",
                "url": "/api/v2/version-group/17/"
            }
        },
        {
            "flavor_text": "Wird es von einer Pflanzen-Attacke getroffen,\nerleidet es keinerlei Schaden und sein Angriff\nsteigt.",
            "language": {
                "name": "de",
                "url": "/api/v2/language/6/"
            },
            "version_group": {
                "name": "sun-moon",
                "url": "/api/v2/version-group/17/"
            }
        },
        {
            "flavor_text": "Neutraliza los movimientos de tipo Planta y sube el\nAtaque.",
            "language": {
                "name": "es",
                "url": "/api/v2/language/7/"
            },
            "version_group": {
                "name": "sun-moon",
                "url": "/api/v2/version-group/17/"
            }
        },
        {
            "flavor_text": "Se il Pok\u00e9mon viene colpito da una mossa\ndi tipo Erba, la neutralizza e aumenta l\u2019Attacco.",
            "language": {
                "name": "it",
                "url": "/api/v2/language/8/"
            },
            "version_group": {
                "name": "sun-moon",
                "url": "/api/v2/version-group/17/"
            }
        },
        {
            "flavor_text": "Boosts the Attack stat if hit by a Grass-type move,\ninstead of taking damage.",
            "language": {
                "name": "en",
                "url": "/api/v2/language/9/"
            },
            "version_group": {
                "name": "sun-moon",
                "url": "/api/v2/version-group/17/"
            }
        },
        {
            "flavor_text": "\u304f\u3055\u30bf\u30a4\u30d7\u306e\u3000\u6280\u3092\u3000\u53d7\u3051\u308b\u3068\n\u30c0\u30e1\u30fc\u30b8\u3092\u3000\u53d7\u3051\u305a\u306b\u3000\n\u653b\u6483\u304c\u3000\u4e0a\u304c\u308b\u3002",
            "language": {
                "name": "ja",
                "url": "/api/v2/language/11/"
            },
            "version_group": {
                "name": "sun-moon",
                "url": "/api/v2/version-group/17/"
            }
        },
        {
            "flavor_text": "\u53d7\u5230\u8349\u5c5e\u6027\u7684\u62db\u5f0f\u653b\u51fb\u65f6\uff0c\n\u4e0d\u4f1a\u53d7\u5230\u4f24\u5bb3\uff0c\u800c\u662f\u653b\u51fb\u4f1a\u63d0\u9ad8\u3002",
            "language": {
                "name": "zh-Hans",
                "url": "/api/v2/language/12/"
            },
            "version_group": {
                "name": "sun-moon",
                "url": "/api/v2/version-group/17/"
            }
        },
        {
            "flavor_text": "\u304f\u3055\u30bf\u30a4\u30d7\u306e\u3000\u308f\u3056\u3092\u3000\u3046\u3051\u308b\u3068\n\u30c0\u30e1\u30fc\u30b8\u3092\u3000\u3046\u3051\u305a\u306b\n\u3053\u3046\u3052\u304d\u304c\u3000\u3042\u304c\u308b\u3002",
            "language": {
                "name": "ja-Hrkt",
                "url": "/api/v2/language/1/"
            },
            "version_group": {
                "name": "ultra-sun-ultra-moon",
                "url": "/api/v2/version-group/18/"
            }
        },
        {
            "flavor_text": "\ud480\ud0c0\uc785 \uae30\uc220\uc744 \ubc1b\uc73c\uba74\n\ub370\ubbf8\uc9c0\ub97c \uc785\uc9c0 \uc54a\uace0\n\uacf5\uaca9\uc774 \uc62c\ub77c\uac04\ub2e4.",
            "language": {
                "name": "ko",
                "url": "/api/v2/language/3/"
            },
            "version_group": {
                "name": "ultra-sun-ultra-moon",
                "url": "/api/v2/version-group/18/"
            }
        },
        {
            "flavor_text": "\u53d7\u5230\u8349\u5c6c\u6027\u7684\u62db\u5f0f\u653b\u64ca\u6642\uff0c\n\u4e0d\u4f46\u4e0d\u6703\u53d7\u5230\u50b7\u5bb3\uff0c\u53cd\u800c\u653b\u64ca\u6703\u63d0\u9ad8\u3002",
            "language": {
                "name": "zh-Hant",
                "url": "/api/v2/language/4/"
            },
            "version_group": {
                "name": "ultra-sun-ultra-moon",
                "url": "/api/v2/version-group/18/"
            }
        },
        {
            "flavor_text": "Annule les attaques de type Plante subies par\nle Pok\u00e9mon et augmente son Attaque.",
            "language": {
                "name": "fr",
                "url": "/api/v2/language/5/"
            },
            "version_group": {
                "name": "ultra-sun-ultra-moon",
                "url": "/api/v2/version-group/18/"
            }
        },
        {
            "flavor_text": "Wird es von einer Pflanzen-Attacke getroffen,\nerleidet es keinerlei Schaden und sein Angriff\nsteigt.",
            "language": {
                "name": "de",
                "url": "/api/v2/language/6/"
            },
            "version_group": {
                "name": "ultra-sun-ultra-moon",
                "url": "/api/v2/version-group/18/"
            }
        },
        {
            "flavor_text": "Neutraliza los movimientos de tipo Planta y sube el\nAtaque.",
            "language": {
                "name": "es",
                "url": "/api/v2/language/7/"
            },
            "version_group": {
                "name": "ultra-sun-ultra-moon",
                "url": "/api/v2/version-group/18/"
            }
        },
        {
            "flavor_text": "Se il Pok\u00e9mon viene colpito da una mossa\ndi tipo Erba, la neutralizza e aumenta l\u2019Attacco.",
            "language": {
                "name": "it",
                "url": "/api/v2/language/8/"
            },
            "version_group": {
                "name": "ultra-sun-ultra-moon",
                "url": "/api/v2/version-group/18/"
            }
        },
        {
            "flavor_text": "Boosts the Attack stat if hit by a Grass-type move,\ninstead of taking damage.",
            "language": {
                "name": "en",
                "url": "/api/v2/language/9/"
            },
            "version_group": {
                "name": "ultra-sun-ultra-moon",
                "url": "/api/v2/version-group/18/"
            }
        },
        {
            "flavor_text": "\u304f\u3055\u30bf\u30a4\u30d7\u306e\u3000\u6280\u3092\u3000\u53d7\u3051\u308b\u3068\n\u30c0\u30e1\u30fc\u30b8\u3092\u3000\u53d7\u3051\u305a\u306b\u3000\n\u653b\u6483\u304c\u3000\u4e0a\u304c\u308b\u3002",
            "language": {
                "name": "ja",
                "url": "/api/v2/language/11/"
            },
            "version_group": {
                "name": "ultra-sun-ultra-moon",
                "url": "/api/v2/version-group/18/"
            }
        },
        {
            "flavor_text": "\u53d7\u5230\u8349\u5c5e\u6027\u7684\u62db\u5f0f\u653b\u51fb\u65f6\uff0c\n\u4e0d\u4f1a\u53d7\u5230\u4f24\u5bb3\uff0c\u800c\u662f\u653b\u51fb\u4f1a\u63d0\u9ad8\u3002",
            "language": {
                "name": "zh-Hans",
                "url": "/api/v2/language/12/"
            },
            "version_group": {
                "name": "ultra-sun-ultra-moon",
                "url": "/api/v2/version-group/18/"
            }
        },
        {
            "flavor_text": "\u304f\u3055\u30bf\u30a4\u30d7\u306e\u3000\u308f\u3056\u3092\u3000\u3046\u3051\u308b\u3068\n\u30c0\u30e1\u30fc\u30b8\u3092\u3000\u3046\u3051\u305a\u306b\n\u3053\u3046\u3052\u304d\u304c\u3000\u3042\u304c\u308b\u3002",
            "language": {
                "name": "ja-Hrkt",
                "url": "/api/v2/language/1/"
            },
            "version_group": {
                "name": "lets-go-pikachu-lets-go-eevee",
                "url": "/api/v2/version-group/19/"
            }
        },
        {
            "flavor_text": "\ud480\ud0c0\uc785 \uae30\uc220\uc744 \ubc1b\uc73c\uba74\n\ub370\ubbf8\uc9c0\ub97c \uc785\uc9c0 \uc54a\uace0\n\uacf5\uaca9\uc774 \uc62c\ub77c\uac04\ub2e4.",
            "language": {
                "name": "ko",
                "url": "/api/v2/language/3/"
            },
            "version_group": {
                "name": "lets-go-pikachu-lets-go-eevee",
                "url": "/api/v2/version-group/19/"
            }
        },
        {
            "flavor_text": "\u53d7\u5230\u8349\u5c6c\u6027\u7684\u62db\u5f0f\u653b\u64ca\u6642\uff0c\n\u4e0d\u4f46\u4e0d\u6703\u53d7\u5230\u50b7\u5bb3\uff0c\u53cd\u800c\u653b\u64ca\u6703\u63d0\u9ad8\u3002",
            "language": {
                "name": "zh-Hant",
                "url": "/api/v2/language/4/"
            },
            "version_group": {
                "name": "lets-go-pikachu-lets-go-eevee",
                "url": "/api/v2/version-group/19/"
            }
        },
        {
            "flavor_text": "Annule les attaques de type Plante subies par\nle Pok\u00e9mon et augmente son Attaque.",
            "language": {
                "name": "fr",
                "url": "/api/v2/language/5/"
            },
            "version_group": {
                "name": "lets-go-pikachu-lets-go-eevee",
                "url": "/api/v2/version-group/19/"
            }
        },
        {
            "flavor_text": "Wird es von einer Pflanzen-Attacke getroffen,\nerleidet es keinerlei Schaden und sein Angriff\nsteigt.",
            "language": {
                "name": "de",
                "url": "/api/v2/language/6/"
            },
            "version_group": {
                "name": "lets-go-pikachu-lets-go-eevee",
                "url": "/api/v2/version-group/19/"
            }
        },
        {
            "flavor_text": "Neutraliza los movimientos de tipo Planta y sube el\nAtaque.",
            "language": {
                "name": "es",
                "url": "/api/v2/language/7/"
            },
            "version_group": {
                "name": "lets-go-pikachu-lets-go-eevee",
                "url": "/api/v2/version-group/19/"
            }
        },
        {
            "flavor_text": "Se il Pok\u00e9mon viene colpito da una mossa\ndi tipo Erba, la neutralizza e aumenta l\u2019Attacco.",
            "language": {
                "name": "it",
                "url": "/api/v2/language/8/"
            },
            "version_group": {
                "name": "lets-go-pikachu-lets-go-eevee",
                "url": "/api/v2/version-group/19/"
            }
        },
        {
            "flavor_text": "Boosts the Attack stat if hit by a Grass-type move\ninstead of taking damage.",
            "language": {
                "name": "en",
                "url": "/api/v2/language/9/"
            },
            "version_group": {
                "name": "lets-go-pikachu-lets-go-eevee",
                "url": "/api/v2/version-group/19/"
            }
        },
        {
            "flavor_text": "\u304f\u3055\u30bf\u30a4\u30d7\u306e\u3000\u6280\u3092\u3000\u53d7\u3051\u308b\u3068\n\u30c0\u30e1\u30fc\u30b8\u3092\u3000\u53d7\u3051\u305a\u306b\u3000\n\u653b\u6483\u304c\u3000\u4e0a\u304c\u308b\u3002",
            "language": {
                "name": "ja",
                "url": "/api/v2/language/11/"
            },
            "version_group": {
                "name": "lets-go-pikachu-lets-go-eevee",
                "url": "/api/v2/version-group/19/"
            }
        },
        {
            "flavor_text": "\u53d7\u5230\u8349\u5c5e\u6027\u7684\u62db\u5f0f\u653b\u51fb\u65f6\uff0c\n\u4e0d\u4f1a\u53d7\u5230\u4f24\u5bb3\uff0c\u800c\u662f\u653b\u51fb\u4f1a\u63d0\u9ad8\u3002",
            "language": {
                "name": "zh-Hans",
                "url": "/api/v2/language/12/"
            },
            "version_group": {
                "name": "lets-go-pikachu-lets-go-eevee",
                "url": "/api/v2/version-group/19/"
            }
        },
        {
            "flavor_text": "\u304f\u3055\u30bf\u30a4\u30d7\u306e\u3000\u308f\u3056\u3092\u3000\u3046\u3051\u308b\u3068\n\u30c0\u30e1\u30fc\u30b8\u3092\u3000\u3046\u3051\u305a\u306b\n\u3053\u3046\u3052\u304d\u304c\u3000\u3042\u304c\u308b\u3002",
            "language": {
                "name": "ja-Hrkt",
                "url": "/api/v2/language/1/"
            },
            "version_group": {
                "name": "sword-shield",
                "url": "/api/v2/version-group/20/"
            }
        },
        {
            "flavor_text": "\ud480\ud0c0\uc785 \uae30\uc220\uc744 \ubc1b\uc73c\uba74\n\ub370\ubbf8\uc9c0\ub97c \uc785\uc9c0 \uc54a\uace0\n\uacf5\uaca9\uc774 \uc62c\ub77c\uac04\ub2e4.",
            "language": {
                "name": "ko",
                "url": "/api/v2/language/3/"
            },
            "version_group": {
                "name": "sword-shield",
                "url": "/api/v2/version-group/20/"
            }
        },
        {
            "flavor_text": "\u53d7\u5230\u8349\u5c6c\u6027\u7684\u62db\u5f0f\u653b\u64ca\u6642\uff0c\n\u4e0d\u4f46\u4e0d\u6703\u53d7\u5230\u50b7\u5bb3\uff0c\u53cd\u800c\u653b\u64ca\u6703\u63d0\u9ad8\u3002",
            "language": {
                "name": "zh-Hant",
                "url": "/api/v2/language/4/"
            },
            "version_group": {
                "name": "sword-shield",
                "url": "/api/v2/version-group/20/"
            }
        },
        {
            "flavor_text": "Annule les attaques de type Plante subies\npar le Pok\u00e9mon et augmente son Attaque.",
            "language": {
                "name": "fr",
                "url": "/api/v2/language/5/"
            },
            "version_group": {
                "name": "sword-shield",
                "url": "/api/v2/version-group/20/"
            }
        },
        {
            "flavor_text": "Wird es von einer Pflanzen-Attacke getroffen, erleidet\nes keinerlei Schaden und sein Angriff steigt.",
            "language": {
                "name": "de",
                "url": "/api/v2/language/6/"
            },
            "version_group": {
                "name": "sword-shield",
                "url": "/api/v2/version-group/20/"
            }
        },
        {
            "flavor_text": "Neutraliza los movimientos de tipo Planta y sube su\nAtaque.",
            "language": {
                "name": "es",
                "url": "/api/v2/language/7/"
            },
            "version_group": {
                "name": "sword-shield",
                "url": "/api/v2/version-group/20/"
            }
        },
        {
            "flavor_text": "Se il Pok\u00e9mon viene colpito da una mossa di tipo Erba,\nla neutralizza e aumenta il proprio Attacco.",
            "language": {
                "name": "it",
                "url": "/api/v2/language/8/"
            },
            "version_group": {
                "name": "sword-shield",
                "url": "/api/v2/version-group/20/"
            }
        },
        {
            "flavor_text": "Boosts the Attack stat if hit by a Grass-type move\ninstead of taking damage.",
            "language": {
                "name": "en",
                "url": "/api/v2/language/9/"
            },
            "version_group": {
                "name": "sword-shield",
                "url": "/api/v2/version-group/20/"
            }
        },
        {
            "flavor_text": "\u304f\u3055\u30bf\u30a4\u30d7\u306e\u3000\u6280\u3092\u3000\u53d7\u3051\u308b\u3068\n\u30c0\u30e1\u30fc\u30b8\u3092\u3000\u53d7\u3051\u305a\u306b\n\u653b\u6483\u304c\u3000\u4e0a\u304c\u308b\u3002",
            "language": {
                "name": "ja",
                "url": "/api/v2/language/11/"
            },
            "version_group": {
                "name": "sword-shield",
                "url": "/api/v2/version-group/20/"
            }
        },
        {
            "flavor_text": "\u53d7\u5230\u8349\u5c5e\u6027\u7684\u62db\u5f0f\u653b\u51fb\u65f6\uff0c\n\u4e0d\u4f1a\u53d7\u5230\u4f24\u5bb3\uff0c\u800c\u662f\u653b\u51fb\u4f1a\u63d0\u9ad8\u3002",
            "language": {
                "name": "zh-Hans",
                "url": "/api/v2/language/12/"
            },
            "version_group": {
                "name": "sword-shield",
                "url": "/api/v2/version-group/20/"
            }
        },
        {
            "flavor_text": "Annule les attaques de type Plante subies\\npar le Pok\u00e9mon et augmente son Attaque.",
            "language": {
                "name": "fr",
                "url": "/api/v2/language/5/"
            },
            "version_group": {
                "name": "scarlet-violet",
                "url": "/api/v2/version-group/25/"
            }
        },
        {
            "flavor_text": "The Pok\u00e9mon takes no damage when hit by Grass-type moves. Instead, its Attack stat is boosted.",
            "language": {
                "name": "en",
                "url": "/api/v2/language/9/"
            },
            "version_group": {
                "name": "scarlet-violet",
                "url": "/api/v2/version-group/25/"
            }
        }
    ],
    "generation": {
        "name": "generation-v",
        "url": "/api/v2/generation/5/"
    },
    "id": 157,
    "is_main_series": true,
    "name": "sap-sipper",
    "names": [
        {
            "language": {
                "name": "ja-Hrkt",
                "url": "/api/v2/language/1/"
            },
            "name": "\u305d\u3046\u3057\u3087\u304f"
        },
        {
            "language": {
                "name": "ko",
                "url": "/api/v2/language/3/"
            },
            "name": "\ucd08\uc2dd"
        },
        {
            "language": {
                "name": "zh-Hant",
                "url": "/api/v2/language/4/"
            },
            "name": "\u98df\u8349"
        },
        {
            "language": {
                "name": "fr",
                "url": "/api/v2/language/5/"
            },
            "name": "Herbivore"
        },
        {
            "language": {
                "name": "de",
                "url": "/api/v2/language/6/"
            },
            "name": "Vegetarier"
        },
        {
            "language": {
                "name": "es",
                "url": "/api/v2/language/7/"
            },
            "name": "Herb\u00edvoro"
        },
        {
            "language": {
                "name": "it",
                "url": "/api/v2/language/8/"
            },
            "name": "Mangiaerba"
        },
        {
            "language": {
                "name": "en",
                "url": "/api/v2/language/9/"
            },
            "name": "Sap Sipper"
        },
        {
            "language": {
                "name": "ja",
                "url": "/api/v2/language/11/"
            },
            "name": "\u305d\u3046\u3057\u3087\u304f"
        },
        {
            "language": {
                "name": "zh-Hans",
                "url": "/api/v2/language/12/"
            },
            "name": "\u98df\u8349"
        }
    ],
    "pokemon": [
        {
            "is_hidden": true,
            "pokemon": {
                "name": "marill",
                "url": "/api/v2/pokemon/183/"
            },
            "slot": 3
        },
        {
            "is_hidden": true,
            "pokemon": {
                "name": "azumarill",
                "url": "/api/v2/pokemon/184/"
            },
            "slot": 3
        },
        {
            "is_hidden": true,
            "pokemon": {
                "name": "girafarig",
                "url": "/api/v2/pokemon/203/"
            },
            "slot": 3
        },
        {
            "is_hidden": true,
            "pokemon": {
                "name": "stantler",
                "url": "/api/v2/pokemon/234/"
            },
            "slot": 3
        },
        {
            "is_hidden": true,
            "pokemon": {
                "name": "miltank",
                "url": "/api/v2/pokemon/241/"
            },
            "slot": 3
        },
        {
            "is_hidden": true,
            "pokemon": {
                "name": "azurill",
                "url": "/api/v2/pokemon/298/"
            },
            "slot": 3
        },
        {
            "is_hidden": true,
            "pokemon": {
                "name": "blitzle",
                "url": "/api/v2/pokemon/522/"
            },
            "slot": 3
        },
        {
            "is_hidden": true,
            "pokemon": {
                "name": "zebstrika",
                "url": "/api/v2/pokemon/523/"
            },
            "slot": 3
        },
        {
            "is_hidden": false,
            "pokemon": {
                "name": "deerling",
                "url": "/api/v2/pokemon/585/"
            },
            "slot": 2
        },
        {
            "is_hidden": false,
            "pokemon": {
                "name": "sawsbuck",
                "url": "/api/v2/pokemon/586/"
            },
            "slot": 2
        },
        {
            "is_hidden": false,
            "pokemon": {
                "name": "bouffalant",
                "url": "/api/v2/pokemon/626/"
            },
            "slot": 2
        },
        {
            "is_hidden": false,
            "pokemon": {
                "name": "skiddo",
                "url": "/api/v2/pokemon/672/"
            },
            "slot": 1
        },
        {
            "is_hidden": false,
            "pokemon": {
                "name": "gogoat",
                "url": "/api/v2/pokemon/673/"
            },
            "slot": 1
        },
        {
            "is_hidden": false,
            "pokemon": {
                "name": "goomy",
                "url": "/api/v2/pokemon/704/"
            },
            "slot": 1
        },
        {
            "is_hidden": false,
            "pokemon": {
                "name": "sliggoo",
                "url": "/api/v2/pokemon/705/"
            },
            "slot": 1
        },
        {
            "is_hidden": false,
            "pokemon": {
                "name": "goodra",
                "url": "/api/v2/pokemon/706/"
            },
            "slot": 1
        },
        {
            "is_hidden": false,
            "pokemon": {
                "name": "drampa",
                "url": "/api/v2/pokemon/780/"
            },
            "slot": 2
        },
        {
            "is_hidden": true,
            "pokemon": {
                "name": "wyrdeer",
                "url": "/api/v2/pokemon/899/"
            },
            "slot": 3
        },
        {
            "is_hidden": true,
            "pokemon": {
                "name": "farigiraf",
                "url": "/api/v2/pokemon/981/"
            },
            "slot": 3
        },
        {
            "is_hidden": false,
            "pokemon": {
                "name": "sliggoo-hisui",
                "url": "/api/v2/pokemon/10241/"
            },
            "slot": 1
        },
        {
            "is_hidden": false,
            "pokemon": {
                "name": "goodra-hisui",
                "url": "/api/v2/pokemon/10242/"
            },
            "slot": 1
        }
    ]
}