{
    "appeal": 2,
    "effect_entries": [
        {
            "effect": "Attempts to jam all Pok\u00e9mon that have appealed this turn.  If a Pok\u00e9mon is in combo standby status, it is jammed 5 points instead of 1.",
            "language": {
                "name": "en",
                "url": "/api/v2/language/9/"
            }
        }
    ],
    "flavor_text_entries": [
        {
            "flavor_text": "Startles the Pok\u00e9mon that has the judge\u2019s attention.",
            "language": {
                "name": "en",
                "url": "/api/v2/language/9/"
            }
        }
    ],
    "id": 10,
    "jam": 1
}