{
    "effect_changes": [],
    "effect_entries": [
        {
            "effect": "The Pok\u00e9mon\u2019s shell contains the powers of each type. All damage-dealing moves that hit the Pok\u00e9mon when its HP is full will not be very effective.",
            "language": {
                "name": "en",
                "url": "/api/v2/language/9/"
            },
            "short_effect": "All damage-dealing moves that hit the Pok\u00e9mon when its HP is full will not be very effective."
        }
    ],
    "flavor_text_entries": [
        {
            "flavor_text": "Gr\u00e2ce \u00e0 sa carapace qui renferme l\u2019\u00e9nergie de tous\\nles types, les capacit\u00e9s subies par ce Pok\u00e9mon quand\\nses PV sont au maximum ne sont pas tr\u00e8s efficaces.",
            "language": {
                "name": "fr",
                "url": "/api/v2/language/5/"
            },
            "version_group": {
                "name": "the-indigo-disk",
                "url": "/api/v2/version-group/27/"
            }
        },
        {
            "flavor_text": "The Pok\u00e9mon's shell contains the powers of each type. All damage-dealing moves that hit the Pok\u00e9mon when its HP is full will not be very effective.",
            "language": {
                "name": "en",
                "url": "/api/v2/language/9/"
            },
            "version_group": {
                "name": "the-indigo-disk",
                "url": "/api/v2/version-group/27/"
            }
        }
    ],
    "generation": {
        "name": "generation-ix",
        "url": "/api/v2/generation/9/"
    },
    "id": 305,
    "is_main_series": true,
    "name": "tera-shell",
    "names": [
        {
            "language": {
                "name": "ja-Hrkt",
                "url": "/api/v2/language/1/"
            },
            "name": "\u30c6\u30e9\u30b9\u30b7\u30a7\u30eb"
        },
        {
            "language": {
                "name": "ko",
                "url": "/api/v2/language/3/"
            },
            "name": "\ud14c\ub77c\uc178"
        },
        {
            "language": {
                "name": "zh-Hant",
                "url": "/api/v2/language/4/"
            },
            "name": "\u592a\u6676\u7532\u6bbc"
        },
        {
            "language": {
                "name": "fr",
                "url": "/api/v2/language/5/"
            },
            "name": "T\u00e9ra-Carapace"
        },
        {
            "language": {
                "name": "de",
                "url": "/api/v2/language/6/"
            },
            "name": "Tera-Panzer"
        },
        {
            "language": {
                "name": "es",
                "url": "/api/v2/language/7/"
            },
            "name": "Teracaparaz\u00f3n"
        },
        {
            "language": {
                "name": "it",
                "url": "/api/v2/language/8/"
            },
            "name": "Teraguscio"
        },
        {
            "language": {
                "name": "en",
                "url": "/api/v2/language/9/"
            },
            "name": "Tera Shell"
        },
        {
            "language": {
                "name": "ja",
                "url": "/api/v2/language/11/"
            },
            "name": "\u30c6\u30e9\u30b9\u30b7\u30a7\u30eb"
        },
        {
            "language": {
                "name": "zh-Hans",
                "url": "/api/v2/language/12/"
            },
            "name": "\u592a\u6676\u7532\u58f3"
        }
    ],
    "pokemon": [
        {
            "is_hidden": false,
            "pokemon": {
                "name": "terapagos-terastal",
                "url": "/api/v2/pokemon/10276/"
            },
            "slot": 1
        }
    ]
}