{
    "descriptions": [
        {
            "description": "\u306d\u3070\u308a\u3000\u3065\u3088\u3044",
            "language": {
                "name": "ja-Hrkt",
                "url": "/api/v2/language/1/"
            }
        },
        {
            "description": "\ub048\uc9c8\uae40",
            "language": {
                "name": "ko",
                "url": "/api/v2/language/3/"
            }
        },
        {
            "description": "\u9811\u5f37\u4e0d\u5c48",
            "language": {
                "name": "zh-Hant",
                "url": "/api/v2/language/4/"
            }
        },
        {
            "description": "Il est tr\u00e8s obstin\u00e9",
            "language": {
                "name": "fr",
                "url": "/api/v2/language/5/"
            }
        },
        {
            "description": "Ist \u00e4u\u00dferst z\u00e4h",
            "language": {
                "name": "de",
                "url": "/api/v2/language/6/"
            }
        },
        {
            "description": "Es muy persistente",
            "language": {
                "name": "es",
                "url": "/api/v2/language/7/"
            }
        },
        {
            "description": "\u00c8 molto ostinato",
            "language": {
                "name": "it",
                "url": "/api/v2/language/8/"
            }
        },
        {
            "description": "Highly persistent",
            "language": {
                "name": "en",
                "url": "/api/v2/language/9/"
            }
        },
        {
            "description": "\u7c98\u308a\u5f37\u3044",
            "language": {
                "name": "ja",
                "url": "/api/v2/language/11/"
            }
        },
        {
            "description": "\u987d\u5f3a\u4e0d\u5c48",
            "language": {
                "name": "zh-Hans",
                "url": "/api/v2/language/12/"
            }
        }
    ],
    "gene_modulo": 2,
    "highest_stat": {
        "name": "defense",
        "url": "/api/v2/stat/3/"
    },
    "id": 15,
    "possible_values": [
        2,
        7,
        12,
        17,
        22,
        27
    ]
}