{
    "effect_changes": [],
    "effect_entries": [
        {
            "effect": "Turns the ground into Grassy Terrain when the Pok\u00e9mon is hit by an attack.",
            "language": {
                "name": "en",
                "url": "/api/v2/language/9/"
            },
            "short_effect": "Turns the ground into Grassy Terrain when the Pok\u00e9mon is hit by an attack."
        }
    ],
    "flavor_text_entries": [
        {
            "flavor_text": "Le Pok\u00e9mon cr\u00e9e un champ herbu quand\\nil subit une attaque.",
            "language": {
                "name": "fr",
                "url": "/api/v2/language/5/"
            },
            "version_group": {
                "name": "scarlet-violet",
                "url": "/api/v2/version-group/25/"
            }
        },
        {
            "flavor_text": "Turns the ground into Grassy Terrain when the Pok\u00e9mon is hit by an attack.",
            "language": {
                "name": "en",
                "url": "/api/v2/language/9/"
            },
            "version_group": {
                "name": "scarlet-violet",
                "url": "/api/v2/version-group/25/"
            }
        }
    ],
    "generation": {
        "name": "generation-ix",
        "url": "/api/v2/generation/9/"
    },
    "id": 269,
    "is_main_series": true,
    "name": "seed-sower",
    "names": [
        {
            "language": {
                "name": "ja-Hrkt",
                "url": "/api/v2/language/1/"
            },
            "name": "\u3053\u307c\u308c\u30c0\u30cd"
        },
        {
            "language": {
                "name": "fr",
                "url": "/api/v2/language/5/"
            },
            "name": "Semencier"
        },
        {
            "language": {
                "name": "de",
                "url": "/api/v2/language/6/"
            },
            "name": "Streusaat"
        },
        {
            "language": {
                "name": "es",
                "url": "/api/v2/language/7/"
            },
            "name": "Disemillar"
        },
        {
            "language": {
                "name": "it",
                "url": "/api/v2/language/8/"
            },
            "name": "Spargisemi"
        },
        {
            "language": {
                "name": "en",
                "url": "/api/v2/language/9/"
            },
            "name": "Seed Sower"
        },
        {
            "language": {
                "name": "ja",
                "url": "/api/v2/language/11/"
            },
            "name": "\u3053\u307c\u308c\u30c0\u30cd"
        }
    ],
    "pokemon": [
        {
            "is_hidden": false,
            "pokemon": {
                "name": "arboliva",
                "url": "/api/v2/pokemon/930/"
            },
            "slot": 1
        }
    ]
}