{
    "effect_changes": [],
    "effect_entries": [
        {
            "effect": "When a Pok\u00e9mon is poisoned by any of Pecharunt's moves, it will also become confused.",
            "language": {
                "name": "en",
                "url": "/api/v2/language/9/"
            },
            "short_effect": "Pok\u00e9mon poisoned by Pecharunt's moves will also become confused."
        }
    ],
    "flavor_text_entries": [
        {
            "flavor_text": "Lorsque P\u00eachaminus empoisonne un Pok\u00e9mon gr\u00e2ce\\n\u00e0 l\u2019une de ses capacit\u00e9s, ce dernier devient \u00e9galement\\nconfus.",
            "language": {
                "name": "fr",
                "url": "/api/v2/language/5/"
            },
            "version_group": {
                "name": "the-indigo-disk",
                "url": "/api/v2/version-group/27/"
            }
        },
        {
            "flavor_text": "Pok\u00e9mon poisoned by Pecharunt's moves will also become confused.",
            "language": {
                "name": "en",
                "url": "/api/v2/language/9/"
            },
            "version_group": {
                "name": "the-indigo-disk",
                "url": "/api/v2/version-group/27/"
            }
        }
    ],
    "generation": {
        "name": "generation-ix",
        "url": "/api/v2/generation/9/"
    },
    "id": 307,
    "is_main_series": true,
    "name": "poison-puppeteer",
    "names": [
        {
            "language": {
                "name": "ja-Hrkt",
                "url": "/api/v2/language/1/"
            },
            "name": "\u3069\u304f\u304f\u3050\u3064"
        },
        {
            "language": {
                "name": "ko",
                "url": "/api/v2/language/3/"
            },
            "name": "\ub3c5\uc870\uc885"
        },
        {
            "language": {
                "name": "zh-Hant",
                "url": "/api/v2/language/4/"
            },
            "name": "\u6bd2\u5080\u5121"
        },
        {
            "language": {
                "name": "fr",
                "url": "/api/v2/language/5/"
            },
            "name": "Emprise Toxique"
        },
        {
            "language": {
                "name": "de",
                "url": "/api/v2/language/6/"
            },
            "name": "Giftpuppenspiel"
        },
        {
            "language": {
                "name": "es",
                "url": "/api/v2/language/7/"
            },
            "name": "T\u00edtere T\u00f3xico"
        },
        {
            "language": {
                "name": "it",
                "url": "/api/v2/language/8/"
            },
            "name": "Malia Tossica"
        },
        {
            "language": {
                "name": "en",
                "url": "/api/v2/language/9/"
            },
            "name": "Poison Puppeteer"
        },
        {
            "language": {
                "name": "ja",
                "url": "/api/v2/language/11/"
            },
            "name": "\u3069\u304f\u304f\u3050\u3064"
        },
        {
            "language": {
                "name": "zh-Hans",
                "url": "/api/v2/language/12/"
            },
            "name": "\u6bd2\u5080\u5121"
        }
    ],
    "pokemon": [
        {
            "is_hidden": false,
            "pokemon": {
                "name": "pecharunt",
                "url": "/api/v2/pokemon/1025/"
            },
            "slot": 1
        }
    ]
}