{
    "effect_changes": [],
    "effect_entries": [
        {
            "effect": "Wenn ein Pok\u00e9mon mit dieser F\u00e4higkeit von einer water Attacke getroffen wird, wird es um 1/4 seiner maximalen hp geheilt. Jeder andere Effekt der Attacke wird ignoriert.\n\nwater Attacken ignorieren den substitute dieses Pok\u00e9mons.",
            "language": {
                "name": "de",
                "url": "/api/v2/language/6/"
            },
            "short_effect": "Absorbiert water Attacken und heilt 1/4 der maximalen hp."
        },
        {
            "effect": "Whenever a water-type move hits this Pok\u00e9mon, it heals for 1/4 of its maximum HP, negating any other effect on it.\n\nWater moves will ignore this Pok\u00e9mon's substitute.",
            "language": {
                "name": "en",
                "url": "/api/v2/language/9/"
            },
            "short_effect": "Absorbs water moves, healing for 1/4 max HP."
        }
    ],
    "flavor_text_entries": [
        {
            "flavor_text": "Restores HP if hit by a\nWater-type move.",
            "language": {
                "name": "en",
                "url": "/api/v2/language/9/"
            },
            "version_group": {
                "name": "omega-ruby-alpha-sapphire",
                "url": "/api/v2/version-group/16/"
            }
        },
        {
            "flavor_text": "Change l'eau en PV.",
            "language": {
                "name": "fr",
                "url": "/api/v2/language/5/"
            },
            "version_group": {
                "name": "ruby-sapphire",
                "url": "/api/v2/version-group/5/"
            }
        },
        {
            "flavor_text": "Changes water into HP.",
            "language": {
                "name": "en",
                "url": "/api/v2/language/9/"
            },
            "version_group": {
                "name": "ruby-sapphire",
                "url": "/api/v2/version-group/5/"
            }
        },
        {
            "flavor_text": "Change l'eau en PV.",
            "language": {
                "name": "fr",
                "url": "/api/v2/language/5/"
            },
            "version_group": {
                "name": "emerald",
                "url": "/api/v2/version-group/6/"
            }
        },
        {
            "flavor_text": "Changes water into HP.",
            "language": {
                "name": "en",
                "url": "/api/v2/language/9/"
            },
            "version_group": {
                "name": "emerald",
                "url": "/api/v2/version-group/6/"
            }
        },
        {
            "flavor_text": "Change l'eau en PV.",
            "language": {
                "name": "fr",
                "url": "/api/v2/language/5/"
            },
            "version_group": {
                "name": "firered-leafgreen",
                "url": "/api/v2/version-group/7/"
            }
        },
        {
            "flavor_text": "Changes water into HP.",
            "language": {
                "name": "en",
                "url": "/api/v2/language/9/"
            },
            "version_group": {
                "name": "firered-leafgreen",
                "url": "/api/v2/version-group/7/"
            }
        },
        {
            "flavor_text": "R\u00e9cup\u00e8re des PV si touch\u00e9 par une capacit\u00e9 Eau.",
            "language": {
                "name": "fr",
                "url": "/api/v2/language/5/"
            },
            "version_group": {
                "name": "diamond-pearl",
                "url": "/api/v2/version-group/8/"
            }
        },
        {
            "flavor_text": "Restores HP if hit by a\nWater-type move.",
            "language": {
                "name": "en",
                "url": "/api/v2/language/9/"
            },
            "version_group": {
                "name": "diamond-pearl",
                "url": "/api/v2/version-group/8/"
            }
        },
        {
            "flavor_text": "R\u00e9cup\u00e8re des PV si touch\u00e9 par une capacit\u00e9 Eau.",
            "language": {
                "name": "fr",
                "url": "/api/v2/language/5/"
            },
            "version_group": {
                "name": "platinum",
                "url": "/api/v2/version-group/9/"
            }
        },
        {
            "flavor_text": "Restores HP if hit by a\nWater-type move.",
            "language": {
                "name": "en",
                "url": "/api/v2/language/9/"
            },
            "version_group": {
                "name": "platinum",
                "url": "/api/v2/version-group/9/"
            }
        },
        {
            "flavor_text": "R\u00e9cup\u00e8re des PV si touch\u00e9 par une capacit\u00e9 Eau.",
            "language": {
                "name": "fr",
                "url": "/api/v2/language/5/"
            },
            "version_group": {
                "name": "heartgold-soulsilver",
                "url": "/api/v2/version-group/10/"
            }
        },
        {
            "flavor_text": "Restores HP if hit by a\nWater-type move.",
            "language": {
                "name": "en",
                "url": "/api/v2/language/9/"
            },
            "version_group": {
                "name": "heartgold-soulsilver",
                "url": "/api/v2/version-group/10/"
            }
        },
        {
            "flavor_text": "R\u00e9cup\u00e8re des PV si touch\u00e9 par une capacit\u00e9 Eau.",
            "language": {
                "name": "fr",
                "url": "/api/v2/language/5/"
            },
            "version_group": {
                "name": "black-white",
                "url": "/api/v2/version-group/11/"
            }
        },
        {
            "flavor_text": "R\u00e9cup\u00e8re des PV si touch\u00e9\npar une capacit\u00e9 Eau.",
            "language": {
                "name": "fr",
                "url": "/api/v2/language/5/"
            },
            "version_group": {
                "name": "black-white",
                "url": "/api/v2/version-group/11/"
            }
        },
        {
            "flavor_text": "Restores HP if hit by a\nWater-type move.",
            "language": {
                "name": "en",
                "url": "/api/v2/language/9/"
            },
            "version_group": {
                "name": "black-white",
                "url": "/api/v2/version-group/11/"
            }
        },
        {
            "flavor_text": "R\u00e9cup\u00e8re des PV si touch\u00e9 par une capacit\u00e9 Eau.",
            "language": {
                "name": "fr",
                "url": "/api/v2/language/5/"
            },
            "version_group": {
                "name": "xd",
                "url": "/api/v2/version-group/13/"
            }
        },
        {
            "flavor_text": "R\u00e9cup\u00e8re des PV si touch\u00e9 par une capacit\u00e9 Eau.",
            "language": {
                "name": "fr",
                "url": "/api/v2/language/5/"
            },
            "version_group": {
                "name": "black-2-white-2",
                "url": "/api/v2/version-group/14/"
            }
        },
        {
            "flavor_text": "Restores HP if hit by a\nWater-type move.",
            "language": {
                "name": "en",
                "url": "/api/v2/language/9/"
            },
            "version_group": {
                "name": "black-2-white-2",
                "url": "/api/v2/version-group/14/"
            }
        },
        {
            "flavor_text": "\u307f\u305a\u3092\u3000\u3046\u3051\u308b\u3068\n\u304b\u3044\u3075\u304f\u3059\u308b\u3002",
            "language": {
                "name": "ja-Hrkt",
                "url": "/api/v2/language/1/"
            },
            "version_group": {
                "name": "x-y",
                "url": "/api/v2/version-group/15/"
            }
        },
        {
            "flavor_text": "\ubb3c\uc744 \ubc1b\uc73c\uba74\n\ud68c\ubcf5\ud55c\ub2e4.",
            "language": {
                "name": "ko",
                "url": "/api/v2/language/3/"
            },
            "version_group": {
                "name": "x-y",
                "url": "/api/v2/version-group/15/"
            }
        },
        {
            "flavor_text": "Si le Pok\u00e9mon est touch\u00e9 par une capacit\u00e9 Eau, il ne subit aucun d\u00e9g\u00e2t et regagne des PV \u00e0 la place.",
            "language": {
                "name": "fr",
                "url": "/api/v2/language/5/"
            },
            "version_group": {
                "name": "x-y",
                "url": "/api/v2/version-group/15/"
            }
        },
        {
            "flavor_text": "R\u00e9cup\u00e8re des PV si touch\u00e9 par\nune capacit\u00e9 Eau.",
            "language": {
                "name": "fr",
                "url": "/api/v2/language/5/"
            },
            "version_group": {
                "name": "x-y",
                "url": "/api/v2/version-group/15/"
            }
        },
        {
            "flavor_text": "Treffer durch Wasser-Attacken\nregenerieren KP.",
            "language": {
                "name": "de",
                "url": "/api/v2/language/6/"
            },
            "version_group": {
                "name": "x-y",
                "url": "/api/v2/version-group/15/"
            }
        },
        {
            "flavor_text": "Recupera PS al recibir ataques de\ntipo Agua.",
            "language": {
                "name": "es",
                "url": "/api/v2/language/7/"
            },
            "version_group": {
                "name": "x-y",
                "url": "/api/v2/version-group/15/"
            }
        },
        {
            "flavor_text": "Rid\u00e0 PS se il Pok\u00e9mon subisce\nuna mossa di tipo Acqua.",
            "language": {
                "name": "it",
                "url": "/api/v2/language/8/"
            },
            "version_group": {
                "name": "x-y",
                "url": "/api/v2/version-group/15/"
            }
        },
        {
            "flavor_text": "Restores HP if hit by a\nWater-type move.",
            "language": {
                "name": "en",
                "url": "/api/v2/language/9/"
            },
            "version_group": {
                "name": "x-y",
                "url": "/api/v2/version-group/15/"
            }
        },
        {
            "flavor_text": "\u307f\u305a\u3092\u3000\u53d7\u3051\u308b\u3068\n\u56de\u5fa9\u3059\u308b\u3002",
            "language": {
                "name": "ja",
                "url": "/api/v2/language/11/"
            },
            "version_group": {
                "name": "x-y",
                "url": "/api/v2/version-group/15/"
            }
        },
        {
            "flavor_text": "\u202f\u305a\u3092\u3000\u3046\u3051\u308b\u3068\n\u304b\u3044\u3075\u304f\u3059\u308b\u3002",
            "language": {
                "name": "ja-Hrkt",
                "url": "/api/v2/language/1/"
            },
            "version_group": {
                "name": "omega-ruby-alpha-sapphire",
                "url": "/api/v2/version-group/16/"
            }
        },
        {
            "flavor_text": "\ubb3c\uc744 \ubc1b\uc73c\uba74\n\ud68c\ubcf5\ud55c\ub2e4.",
            "language": {
                "name": "ko",
                "url": "/api/v2/language/3/"
            },
            "version_group": {
                "name": "omega-ruby-alpha-sapphire",
                "url": "/api/v2/version-group/16/"
            }
        },
        {
            "flavor_text": "Si le Pok\u00e9mon est touch\u00e9 par une capacit\u00e9 Eau, il ne subit aucun d\u00e9g\u00e2t et regagne des PV \u00e0 la place.",
            "language": {
                "name": "fr",
                "url": "/api/v2/language/5/"
            },
            "version_group": {
                "name": "omega-ruby-alpha-sapphire",
                "url": "/api/v2/version-group/16/"
            }
        },
        {
            "flavor_text": "R\u00e9cup\u00e8re des PV si touch\u00e9 par une capacit\u00e9 Eau.",
            "language": {
                "name": "fr",
                "url": "/api/v2/language/5/"
            },
            "version_group": {
                "name": "omega-ruby-alpha-sapphire",
                "url": "/api/v2/version-group/16/"
            }
        },
        {
            "flavor_text": "R\u00e9cup\u00e8re des PV si touch\u00e9 par\nune capacit\u00e9 Eau.",
            "language": {
                "name": "fr",
                "url": "/api/v2/language/5/"
            },
            "version_group": {
                "name": "omega-ruby-alpha-sapphire",
                "url": "/api/v2/version-group/16/"
            }
        },
        {
            "flavor_text": "Treffer durch Wasser-Attacken\nregenerieren KP.",
            "language": {
                "name": "de",
                "url": "/api/v2/language/6/"
            },
            "version_group": {
                "name": "omega-ruby-alpha-sapphire",
                "url": "/api/v2/version-group/16/"
            }
        },
        {
            "flavor_text": "Recupera PS al recibir ataques de\ntipo Agua.",
            "language": {
                "name": "es",
                "url": "/api/v2/language/7/"
            },
            "version_group": {
                "name": "omega-ruby-alpha-sapphire",
                "url": "/api/v2/version-group/16/"
            }
        },
        {
            "flavor_text": "Rid\u00e0 PS se il Pok\u00e9mon subisce\nuna mossa di tipo Acqua.",
            "language": {
                "name": "it",
                "url": "/api/v2/language/8/"
            },
            "version_group": {
                "name": "omega-ruby-alpha-sapphire",
                "url": "/api/v2/version-group/16/"
            }
        },
        {
            "flavor_text": "\u202f\u305a\u3092\u3000\u53d7\u3051\u308b\u3068\n\u56de\u5fa9\u3059\u308b\u3002",
            "language": {
                "name": "ja",
                "url": "/api/v2/language/11/"
            },
            "version_group": {
                "name": "omega-ruby-alpha-sapphire",
                "url": "/api/v2/version-group/16/"
            }
        },
        {
            "flavor_text": "\u307f\u305a\u30bf\u30a4\u30d7\u306e\u3000\u308f\u3056\u3092\u3000\u3046\u3051\u308b\u3068\n\u30c0\u30e1\u30fc\u30b8\u3092\u3000\u3046\u3051\u305a\u306b\u3000\u304b\u3044\u3075\u304f\u3059\u308b\u3002",
            "language": {
                "name": "ja-Hrkt",
                "url": "/api/v2/language/1/"
            },
            "version_group": {
                "name": "sun-moon",
                "url": "/api/v2/version-group/17/"
            }
        },
        {
            "flavor_text": "\ubb3c\ud0c0\uc785\uc758 \uae30\uc220\uc744 \ubc1b\uc73c\uba74\n\ub370\ubbf8\uc9c0\ub97c \ubc1b\uc9c0 \uc54a\uace0 \ud68c\ubcf5\ud55c\ub2e4.",
            "language": {
                "name": "ko",
                "url": "/api/v2/language/3/"
            },
            "version_group": {
                "name": "sun-moon",
                "url": "/api/v2/version-group/17/"
            }
        },
        {
            "flavor_text": "\u53d7\u5230\u6c34\u5c6c\u6027\u7684\u62db\u5f0f\u653b\u64ca\u6642\uff0c\n\u4e0d\u6703\u53d7\u5230\u50b7\u5bb3\uff0c\u800c\u662f\u6703\u56de\u5fa9\u3002",
            "language": {
                "name": "zh-Hant",
                "url": "/api/v2/language/4/"
            },
            "version_group": {
                "name": "sun-moon",
                "url": "/api/v2/version-group/17/"
            }
        },
        {
            "flavor_text": "Si le Pok\u00e9mon est touch\u00e9 par une capacit\u00e9 Eau, il ne subit aucun d\u00e9g\u00e2t et regagne des PV \u00e0 la place.",
            "language": {
                "name": "fr",
                "url": "/api/v2/language/5/"
            },
            "version_group": {
                "name": "sun-moon",
                "url": "/api/v2/version-group/17/"
            }
        },
        {
            "flavor_text": "Si le Pok\u00e9mon est touch\u00e9 par une capacit\u00e9 Eau,\nil ne subit aucun d\u00e9g\u00e2t et regagne des PV \u00e0 la place.",
            "language": {
                "name": "fr",
                "url": "/api/v2/language/5/"
            },
            "version_group": {
                "name": "sun-moon",
                "url": "/api/v2/version-group/17/"
            }
        },
        {
            "flavor_text": "Treffer durch Wasser-Attacken verursachen keinen\nSchaden, sondern regenerieren stattdessen KP.",
            "language": {
                "name": "de",
                "url": "/api/v2/language/6/"
            },
            "version_group": {
                "name": "sun-moon",
                "url": "/api/v2/version-group/17/"
            }
        },
        {
            "flavor_text": "Si le alcanza un movimiento de tipo Agua,\nrecupera PS en vez de sufrir da\u00f1o.",
            "language": {
                "name": "es",
                "url": "/api/v2/language/7/"
            },
            "version_group": {
                "name": "sun-moon",
                "url": "/api/v2/version-group/17/"
            }
        },
        {
            "flavor_text": "Se il Pok\u00e9mon subisce una mossa di tipo Acqua,\nrecupera PS anzich\u00e9 subire danni.",
            "language": {
                "name": "it",
                "url": "/api/v2/language/8/"
            },
            "version_group": {
                "name": "sun-moon",
                "url": "/api/v2/version-group/17/"
            }
        },
        {
            "flavor_text": "Restores HP if hit by a Water-type move, instead of\ntaking damage.",
            "language": {
                "name": "en",
                "url": "/api/v2/language/9/"
            },
            "version_group": {
                "name": "sun-moon",
                "url": "/api/v2/version-group/17/"
            }
        },
        {
            "flavor_text": "\u307f\u305a\u30bf\u30a4\u30d7\u306e\u3000\u6280\u3092\u3000\u53d7\u3051\u308b\u3068\n\u30c0\u30e1\u30fc\u30b8\u3092\u3000\u53d7\u3051\u305a\u306b\u3000\u56de\u5fa9\u3059\u308b\u3002",
            "language": {
                "name": "ja",
                "url": "/api/v2/language/11/"
            },
            "version_group": {
                "name": "sun-moon",
                "url": "/api/v2/version-group/17/"
            }
        },
        {
            "flavor_text": "\u53d7\u5230\u6c34\u5c5e\u6027\u7684\u62db\u5f0f\u653b\u51fb\u65f6\uff0c\n\u4e0d\u4f1a\u53d7\u5230\u4f24\u5bb3\uff0c\u800c\u662f\u4f1a\u56de\u590d\u3002",
            "language": {
                "name": "zh-Hans",
                "url": "/api/v2/language/12/"
            },
            "version_group": {
                "name": "sun-moon",
                "url": "/api/v2/version-group/17/"
            }
        },
        {
            "flavor_text": "\u307f\u305a\u30bf\u30a4\u30d7\u306e\u3000\u308f\u3056\u3092\u3000\u3046\u3051\u308b\u3068\n\u30c0\u30e1\u30fc\u30b8\u3092\u3000\u3046\u3051\u305a\u306b\u3000\u304b\u3044\u3075\u304f\u3059\u308b\u3002",
            "language": {
                "name": "ja-Hrkt",
                "url": "/api/v2/language/1/"
            },
            "version_group": {
                "name": "ultra-sun-ultra-moon",
                "url": "/api/v2/version-group/18/"
            }
        },
        {
            "flavor_text": "\ubb3c\ud0c0\uc785\uc758 \uae30\uc220\uc744 \ubc1b\uc73c\uba74\n\ub370\ubbf8\uc9c0\ub97c \ubc1b\uc9c0 \uc54a\uace0 \ud68c\ubcf5\ud55c\ub2e4.",
            "language": {
                "name": "ko",
                "url": "/api/v2/language/3/"
            },
            "version_group": {
                "name": "ultra-sun-ultra-moon",
                "url": "/api/v2/version-group/18/"
            }
        },
        {
            "flavor_text": "\u53d7\u5230\u6c34\u5c6c\u6027\u7684\u62db\u5f0f\u653b\u64ca\u6642\uff0c\n\u4e0d\u6703\u53d7\u5230\u50b7\u5bb3\uff0c\u800c\u662f\u6703\u56de\u5fa9\u3002",
            "language": {
                "name": "zh-Hant",
                "url": "/api/v2/language/4/"
            },
            "version_group": {
                "name": "ultra-sun-ultra-moon",
                "url": "/api/v2/version-group/18/"
            }
        },
        {
            "flavor_text": "Si le Pok\u00e9mon est touch\u00e9 par une capacit\u00e9 Eau, il ne subit aucun d\u00e9g\u00e2t et regagne des PV \u00e0 la place.",
            "language": {
                "name": "fr",
                "url": "/api/v2/language/5/"
            },
            "version_group": {
                "name": "ultra-sun-ultra-moon",
                "url": "/api/v2/version-group/18/"
            }
        },
        {
            "flavor_text": "Si le Pok\u00e9mon est touch\u00e9 par une capacit\u00e9 Eau,\nil ne subit aucun d\u00e9g\u00e2t et regagne des PV \u00e0 la place.",
            "language": {
                "name": "fr",
                "url": "/api/v2/language/5/"
            },
            "version_group": {
                "name": "ultra-sun-ultra-moon",
                "url": "/api/v2/version-group/18/"
            }
        },
        {
            "flavor_text": "Treffer durch Wasser-Attacken verursachen keinen\nSchaden, sondern regenerieren stattdessen KP.",
            "language": {
                "name": "de",
                "url": "/api/v2/language/6/"
            },
            "version_group": {
                "name": "ultra-sun-ultra-moon",
                "url": "/api/v2/version-group/18/"
            }
        },
        {
            "flavor_text": "Si le alcanza un movimiento de tipo Agua,\nrecupera PS en vez de sufrir da\u00f1o.",
            "language": {
                "name": "es",
                "url": "/api/v2/language/7/"
            },
            "version_group": {
                "name": "ultra-sun-ultra-moon",
                "url": "/api/v2/version-group/18/"
            }
        },
        {
            "flavor_text": "Se il Pok\u00e9mon subisce una mossa di tipo Acqua,\nrecupera PS anzich\u00e9 subire danni.",
            "language": {
                "name": "it",
                "url": "/api/v2/language/8/"
            },
            "version_group": {
                "name": "ultra-sun-ultra-moon",
                "url": "/api/v2/version-group/18/"
            }
        },
        {
            "flavor_text": "Restores HP if hit by a Water-type move, instead of\ntaking damage.",
            "language": {
                "name": "en",
                "url": "/api/v2/language/9/"
            },
            "version_group": {
                "name": "ultra-sun-ultra-moon",
                "url": "/api/v2/version-group/18/"
            }
        },
        {
            "flavor_text": "\u307f\u305a\u30bf\u30a4\u30d7\u306e\u3000\u6280\u3092\u3000\u53d7\u3051\u308b\u3068\n\u30c0\u30e1\u30fc\u30b8\u3092\u3000\u53d7\u3051\u305a\u306b\u3000\u56de\u5fa9\u3059\u308b\u3002",
            "language": {
                "name": "ja",
                "url": "/api/v2/language/11/"
            },
            "version_group": {
                "name": "ultra-sun-ultra-moon",
                "url": "/api/v2/version-group/18/"
            }
        },
        {
            "flavor_text": "\u53d7\u5230\u6c34\u5c5e\u6027\u7684\u62db\u5f0f\u653b\u51fb\u65f6\uff0c\n\u4e0d\u4f1a\u53d7\u5230\u4f24\u5bb3\uff0c\u800c\u662f\u4f1a\u56de\u590d\u3002",
            "language": {
                "name": "zh-Hans",
                "url": "/api/v2/language/12/"
            },
            "version_group": {
                "name": "ultra-sun-ultra-moon",
                "url": "/api/v2/version-group/18/"
            }
        },
        {
            "flavor_text": "\u307f\u305a\u30bf\u30a4\u30d7\u306e\u3000\u308f\u3056\u3092\u3000\u3046\u3051\u308b\u3068\n\u30c0\u30e1\u30fc\u30b8\u3092\u3000\u3046\u3051\u305a\u306b\u3000\u304b\u3044\u3075\u304f\u3059\u308b\u3002",
            "language": {
                "name": "ja-Hrkt",
                "url": "/api/v2/language/1/"
            },
            "version_group": {
                "name": "lets-go-pikachu-lets-go-eevee",
                "url": "/api/v2/version-group/19/"
            }
        },
        {
            "flavor_text": "\ubb3c\ud0c0\uc785\uc758 \uae30\uc220\uc744 \ubc1b\uc73c\uba74\n\ub370\ubbf8\uc9c0\ub97c \ubc1b\uc9c0 \uc54a\uace0 \ud68c\ubcf5\ud55c\ub2e4.",
            "language": {
                "name": "ko",
                "url": "/api/v2/language/3/"
            },
            "version_group": {
                "name": "lets-go-pikachu-lets-go-eevee",
                "url": "/api/v2/version-group/19/"
            }
        },
        {
            "flavor_text": "\u53d7\u5230\u6c34\u5c6c\u6027\u7684\u62db\u5f0f\u653b\u64ca\u6642\uff0c\n\u4e0d\u6703\u53d7\u5230\u50b7\u5bb3\uff0c\u800c\u662f\u6703\u56de\u5fa9\u3002",
            "language": {
                "name": "zh-Hant",
                "url": "/api/v2/language/4/"
            },
            "version_group": {
                "name": "lets-go-pikachu-lets-go-eevee",
                "url": "/api/v2/version-group/19/"
            }
        },
        {
            "flavor_text": "Si le Pok\u00e9mon est touch\u00e9 par une capacit\u00e9 Eau,\nil ne subit aucun d\u00e9g\u00e2t et regagne des PV \u00e0 la place.",
            "language": {
                "name": "fr",
                "url": "/api/v2/language/5/"
            },
            "version_group": {
                "name": "lets-go-pikachu-lets-go-eevee",
                "url": "/api/v2/version-group/19/"
            }
        },
        {
            "flavor_text": "Treffer durch Wasser-Attacken verursachen keinen\nSchaden, sondern regenerieren stattdessen KP.",
            "language": {
                "name": "de",
                "url": "/api/v2/language/6/"
            },
            "version_group": {
                "name": "lets-go-pikachu-lets-go-eevee",
                "url": "/api/v2/version-group/19/"
            }
        },
        {
            "flavor_text": "Si le alcanza un movimiento de tipo Agua,\nrecupera PS en vez de sufrir da\u00f1o.",
            "language": {
                "name": "es",
                "url": "/api/v2/language/7/"
            },
            "version_group": {
                "name": "lets-go-pikachu-lets-go-eevee",
                "url": "/api/v2/version-group/19/"
            }
        },
        {
            "flavor_text": "Se il Pok\u00e9mon subisce una mossa di tipo Acqua,\nrecupera PS anzich\u00e9 subire danni.",
            "language": {
                "name": "it",
                "url": "/api/v2/language/8/"
            },
            "version_group": {
                "name": "lets-go-pikachu-lets-go-eevee",
                "url": "/api/v2/version-group/19/"
            }
        },
        {
            "flavor_text": "Restores HP if hit by a Water-type move instead of\ntaking damage.",
            "language": {
                "name": "en",
                "url": "/api/v2/language/9/"
            },
            "version_group": {
                "name": "lets-go-pikachu-lets-go-eevee",
                "url": "/api/v2/version-group/19/"
            }
        },
        {
            "flavor_text": "\u307f\u305a\u30bf\u30a4\u30d7\u306e\u3000\u6280\u3092\u3000\u53d7\u3051\u308b\u3068\n\u30c0\u30e1\u30fc\u30b8\u3092\u3000\u53d7\u3051\u305a\u306b\u3000\u56de\u5fa9\u3059\u308b\u3002",
            "language": {
                "name": "ja",
                "url": "/api/v2/language/11/"
            },
            "version_group": {
                "name": "lets-go-pikachu-lets-go-eevee",
                "url": "/api/v2/version-group/19/"
            }
        },
        {
            "flavor_text": "\u53d7\u5230\u6c34\u5c5e\u6027\u7684\u62db\u5f0f\u653b\u51fb\u65f6\uff0c\n\u4e0d\u4f1a\u53d7\u5230\u4f24\u5bb3\uff0c\u800c\u662f\u4f1a\u56de\u590d\u3002",
            "language": {
                "name": "zh-Hans",
                "url": "/api/v2/language/12/"
            },
            "version_group": {
                "name": "lets-go-pikachu-lets-go-eevee",
                "url": "/api/v2/version-group/19/"
            }
        },
        {
            "flavor_text": "\u307f\u305a\u30bf\u30a4\u30d7\u306e\u3000\u308f\u3056\u3092\u3000\u3046\u3051\u308b\u3068\n\u30c0\u30e1\u30fc\u30b8\u3092\u3000\u3046\u3051\u305a\u306b\u3000\u304b\u3044\u3075\u304f\u3059\u308b\u3002",
            "language": {
                "name": "ja-Hrkt",
                "url": "/api/v2/language/1/"
            },
            "version_group": {
                "name": "sword-shield",
                "url": "/api/v2/version-group/20/"
            }
        },
        {
            "flavor_text": "\ubb3c\ud0c0\uc785\uc758 \uae30\uc220\uc744 \ubc1b\uc73c\uba74\n\ub370\ubbf8\uc9c0\ub97c \ubc1b\uc9c0 \uc54a\uace0 \ud68c\ubcf5\ud55c\ub2e4.",
            "language": {
                "name": "ko",
                "url": "/api/v2/language/3/"
            },
            "version_group": {
                "name": "sword-shield",
                "url": "/api/v2/version-group/20/"
            }
        },
        {
            "flavor_text": "\u53d7\u5230\u6c34\u5c6c\u6027\u7684\u62db\u5f0f\u653b\u64ca\u6642\uff0c\n\u4e0d\u6703\u53d7\u5230\u50b7\u5bb3\uff0c\u800c\u662f\u6703\u56de\u5fa9\u3002",
            "language": {
                "name": "zh-Hant",
                "url": "/api/v2/language/4/"
            },
            "version_group": {
                "name": "sword-shield",
                "url": "/api/v2/version-group/20/"
            }
        },
        {
            "flavor_text": "Si le Pok\u00e9mon est touch\u00e9 par une capacit\u00e9 Eau, il ne subit aucun d\u00e9g\u00e2t et regagne des PV \u00e0 la place.",
            "language": {
                "name": "fr",
                "url": "/api/v2/language/5/"
            },
            "version_group": {
                "name": "sword-shield",
                "url": "/api/v2/version-group/20/"
            }
        },
        {
            "flavor_text": "Si le Pok\u00e9mon est touch\u00e9 par une capacit\u00e9 Eau,\nil ne subit aucun d\u00e9g\u00e2t et regagne des PV \u00e0 la place.",
            "language": {
                "name": "fr",
                "url": "/api/v2/language/5/"
            },
            "version_group": {
                "name": "sword-shield",
                "url": "/api/v2/version-group/20/"
            }
        },
        {
            "flavor_text": "Treffer durch Wasser-Attacken verursachen keinen\nSchaden, sondern regenerieren stattdessen KP.",
            "language": {
                "name": "de",
                "url": "/api/v2/language/6/"
            },
            "version_group": {
                "name": "sword-shield",
                "url": "/api/v2/version-group/20/"
            }
        },
        {
            "flavor_text": "Si le alcanza un movimiento de tipo Agua, recupera PS\nen vez de sufrir da\u00f1o.",
            "language": {
                "name": "es",
                "url": "/api/v2/language/7/"
            },
            "version_group": {
                "name": "sword-shield",
                "url": "/api/v2/version-group/20/"
            }
        },
        {
            "flavor_text": "Se il Pok\u00e9mon viene colpito da una mossa di tipo\nAcqua, recupera PS anzich\u00e9 subire danni.",
            "language": {
                "name": "it",
                "url": "/api/v2/language/8/"
            },
            "version_group": {
                "name": "sword-shield",
                "url": "/api/v2/version-group/20/"
            }
        },
        {
            "flavor_text": "Restores HP if hit by a Water-type move instead of\ntaking damage.",
            "language": {
                "name": "en",
                "url": "/api/v2/language/9/"
            },
            "version_group": {
                "name": "sword-shield",
                "url": "/api/v2/version-group/20/"
            }
        },
        {
            "flavor_text": "\u307f\u305a\u30bf\u30a4\u30d7\u306e\u3000\u6280\u3092\u3000\u53d7\u3051\u308b\u3068\n\u30c0\u30e1\u30fc\u30b8\u3092\u3000\u53d7\u3051\u305a\u306b\u3000\u56de\u5fa9\u3059\u308b\u3002",
            "language": {
                "name": "ja",
                "url": "/api/v2/language/11/"
            },
            "version_group": {
                "name": "sword-shield",
                "url": "/api/v2/version-group/20/"
            }
        },
        {
            "flavor_text": "\u53d7\u5230\u6c34\u5c5e\u6027\u7684\u62db\u5f0f\u653b\u51fb\u65f6\uff0c\n\u4e0d\u4f1a\u53d7\u5230\u4f24\u5bb3\uff0c\u800c\u662f\u4f1a\u56de\u590d\u3002",
            "language": {
                "name": "zh-Hans",
                "url": "/api/v2/language/12/"
            },
            "version_group": {
                "name": "sword-shield",
                "url": "/api/v2/version-group/20/"
            }
        },
        {
            "flavor_text": "Si le Pok\u00e9mon est touch\u00e9 par une capacit\u00e9 Eau, il ne subit aucun d\u00e9g\u00e2t et regagne des PV \u00e0 la place.",
            "language": {
                "name": "fr",
                "url": "/api/v2/language/5/"
            },
            "version_group": {
                "name": "scarlet-violet",
                "url": "/api/v2/version-group/25/"
            }
        },
        {
            "flavor_text": "If hit by a Water-type move, the Pok\u00e9mon has its HP restored instead of taking damage.",
            "language": {
                "name": "en",
                "url": "/api/v2/language/9/"
            },
            "version_group": {
                "name": "scarlet-violet",
                "url": "/api/v2/version-group/25/"
            }
        }
    ],
    "generation": {
        "name": "generation-iii",
        "url": "/api/v2/generation/3/"
    },
    "id": 11,
    "is_main_series": true,
    "name": "water-absorb",
    "names": [
        {
            "language": {
                "name": "ja-Hrkt",
                "url": "/api/v2/language/1/"
            },
            "name": "\u3061\u3087\u3059\u3044"
        },
        {
            "language": {
                "name": "ko",
                "url": "/api/v2/language/3/"
            },
            "name": "\uc800\uc218"
        },
        {
            "language": {
                "name": "zh-Hant",
                "url": "/api/v2/language/4/"
            },
            "name": "\u5132\u6c34"
        },
        {
            "language": {
                "name": "fr",
                "url": "/api/v2/language/5/"
            },
            "name": "Absorbe-Eau"
        },
        {
            "language": {
                "name": "de",
                "url": "/api/v2/language/6/"
            },
            "name": "H2O-Absorber"
        },
        {
            "language": {
                "name": "es",
                "url": "/api/v2/language/7/"
            },
            "name": "Absorbe Agua"
        },
        {
            "language": {
                "name": "it",
                "url": "/api/v2/language/8/"
            },
            "name": "Assorbacqua"
        },
        {
            "language": {
                "name": "en",
                "url": "/api/v2/language/9/"
            },
            "name": "Water Absorb"
        },
        {
            "language": {
                "name": "ja",
                "url": "/api/v2/language/11/"
            },
            "name": "\u3061\u3087\u3059\u3044"
        },
        {
            "language": {
                "name": "zh-Hans",
                "url": "/api/v2/language/12/"
            },
            "name": "\u50a8\u6c34"
        }
    ],
    "pokemon": [
        {
            "is_hidden": false,
            "pokemon": {
                "name": "poliwag",
                "url": "/api/v2/pokemon/60/"
            },
            "slot": 1
        },
        {
            "is_hidden": false,
            "pokemon": {
                "name": "poliwhirl",
                "url": "/api/v2/pokemon/61/"
            },
            "slot": 1
        },
        {
            "is_hidden": false,
            "pokemon": {
                "name": "poliwrath",
                "url": "/api/v2/pokemon/62/"
            },
            "slot": 1
        },
        {
            "is_hidden": false,
            "pokemon": {
                "name": "lapras",
                "url": "/api/v2/pokemon/131/"
            },
            "slot": 1
        },
        {
            "is_hidden": false,
            "pokemon": {
                "name": "vaporeon",
                "url": "/api/v2/pokemon/134/"
            },
            "slot": 1
        },
        {
            "is_hidden": true,
            "pokemon": {
                "name": "chinchou",
                "url": "/api/v2/pokemon/170/"
            },
            "slot": 3
        },
        {
            "is_hidden": true,
            "pokemon": {
                "name": "lanturn",
                "url": "/api/v2/pokemon/171/"
            },
            "slot": 3
        },
        {
            "is_hidden": false,
            "pokemon": {
                "name": "politoed",
                "url": "/api/v2/pokemon/186/"
            },
            "slot": 1
        },
        {
            "is_hidden": false,
            "pokemon": {
                "name": "wooper",
                "url": "/api/v2/pokemon/194/"
            },
            "slot": 2
        },
        {
            "is_hidden": false,
            "pokemon": {
                "name": "quagsire",
                "url": "/api/v2/pokemon/195/"
            },
            "slot": 2
        },
        {
            "is_hidden": false,
            "pokemon": {
                "name": "mantine",
                "url": "/api/v2/pokemon/226/"
            },
            "slot": 2
        },
        {
            "is_hidden": true,
            "pokemon": {
                "name": "cacnea",
                "url": "/api/v2/pokemon/331/"
            },
            "slot": 3
        },
        {
            "is_hidden": true,
            "pokemon": {
                "name": "cacturne",
                "url": "/api/v2/pokemon/332/"
            },
            "slot": 3
        },
        {
            "is_hidden": false,
            "pokemon": {
                "name": "mantyke",
                "url": "/api/v2/pokemon/458/"
            },
            "slot": 2
        },
        {
            "is_hidden": true,
            "pokemon": {
                "name": "tympole",
                "url": "/api/v2/pokemon/535/"
            },
            "slot": 3
        },
        {
            "is_hidden": true,
            "pokemon": {
                "name": "palpitoad",
                "url": "/api/v2/pokemon/536/"
            },
            "slot": 3
        },
        {
            "is_hidden": true,
            "pokemon": {
                "name": "seismitoad",
                "url": "/api/v2/pokemon/537/"
            },
            "slot": 3
        },
        {
            "is_hidden": false,
            "pokemon": {
                "name": "maractus",
                "url": "/api/v2/pokemon/556/"
            },
            "slot": 1
        },
        {
            "is_hidden": false,
            "pokemon": {
                "name": "frillish",
                "url": "/api/v2/pokemon/592/"
            },
            "slot": 1
        },
        {
            "is_hidden": false,
            "pokemon": {
                "name": "jellicent",
                "url": "/api/v2/pokemon/593/"
            },
            "slot": 1
        },
        {
            "is_hidden": false,
            "pokemon": {
                "name": "volcanion",
                "url": "/api/v2/pokemon/721/"
            },
            "slot": 1
        },
        {
            "is_hidden": true,
            "pokemon": {
                "name": "dewpider",
                "url": "/api/v2/pokemon/751/"
            },
            "slot": 3
        },
        {
            "is_hidden": true,
            "pokemon": {
                "name": "araquanid",
                "url": "/api/v2/pokemon/752/"
            },
            "slot": 3
        },
        {
            "is_hidden": false,
            "pokemon": {
                "name": "dracovish",
                "url": "/api/v2/pokemon/882/"
            },
            "slot": 1
        },
        {
            "is_hidden": false,
            "pokemon": {
                "name": "arctovish",
                "url": "/api/v2/pokemon/883/"
            },
            "slot": 1
        },
        {
            "is_hidden": false,
            "pokemon": {
                "name": "clodsire",
                "url": "/api/v2/pokemon/980/"
            },
            "slot": 2
        },
        {
            "is_hidden": true,
            "pokemon": {
                "name": "araquanid-totem",
                "url": "/api/v2/pokemon/10153/"
            },
            "slot": 3
        },
        {
            "is_hidden": false,
            "pokemon": {
                "name": "lapras-gmax",
                "url": "/api/v2/pokemon/10204/"
            },
            "slot": 1
        },
        {
            "is_hidden": false,
            "pokemon": {
                "name": "wooper-paldea",
                "url": "/api/v2/pokemon/10253/"
            },
            "slot": 2
        },
        {
            "is_hidden": false,
            "pokemon": {
                "name": "ogerpon-wellspring-mask",
                "url": "/api/v2/pokemon/10273/"
            },
            "slot": 1
        }
    ]
}