{
    "effect_changes": [],
    "effect_entries": [
        {
            "effect": "Die normal Attacken von Pok\u00e9mon mit dieser F\u00e4igkeit werden zu ice Attacken. Attacken die durch diese F\u00e4higkeit beeinflusst werden, haben 1,3\u00d7 so viel Basisst\u00e4rke wie sonst.",
            "language": {
                "name": "de",
                "url": "/api/v2/language/6/"
            },
            "short_effect": "\u00c4ndert die normal Attacken des Anwenders in ice Attacken und verst\u00e4rkt sie um 30%."
        },
        {
            "effect": "Turns the bearer's normal-type moves into ice-type moves.  Moves changed by this ability have 1.3\u00d7 their power.",
            "language": {
                "name": "en",
                "url": "/api/v2/language/9/"
            },
            "short_effect": "Turns the bearer's normal moves into ice moves and strengthens them to 1.3\u00d7 their power."
        }
    ],
    "flavor_text_entries": [
        {
            "flavor_text": "\u30ce\u30fc\u30de\u30eb\u30bf\u30a4\u30d7\u306e\u3000\u308f\u3056\u304c\n\u3053\u304a\u308a\u30bf\u30a4\u30d7\u306b\u306a\u308b\u3002",
            "language": {
                "name": "ja-Hrkt",
                "url": "/api/v2/language/1/"
            },
            "version_group": {
                "name": "x-y",
                "url": "/api/v2/version-group/15/"
            }
        },
        {
            "flavor_text": "\ub178\ub9d0\ud0c0\uc785\uc758 \uae30\uc220\uc774\n\uc5bc\uc74c\ud0c0\uc785\uc774 \ub41c\ub2e4.",
            "language": {
                "name": "ko",
                "url": "/api/v2/language/3/"
            },
            "version_group": {
                "name": "x-y",
                "url": "/api/v2/version-group/15/"
            }
        },
        {
            "flavor_text": "Les capacit\u00e9s de type Normal\ndeviennent de type Glace.",
            "language": {
                "name": "fr",
                "url": "/api/v2/language/5/"
            },
            "version_group": {
                "name": "x-y",
                "url": "/api/v2/version-group/15/"
            }
        },
        {
            "flavor_text": "Attacken vom Typ Normal\nnehmen den Typ Eis an.",
            "language": {
                "name": "de",
                "url": "/api/v2/language/6/"
            },
            "version_group": {
                "name": "x-y",
                "url": "/api/v2/version-group/15/"
            }
        },
        {
            "flavor_text": "Convierte movimientos de tipo\nNormal en tipo Hielo.",
            "language": {
                "name": "es",
                "url": "/api/v2/language/7/"
            },
            "version_group": {
                "name": "x-y",
                "url": "/api/v2/version-group/15/"
            }
        },
        {
            "flavor_text": "Le mosse di tipo Normale\ndiventano di tipo Ghiaccio.",
            "language": {
                "name": "it",
                "url": "/api/v2/language/8/"
            },
            "version_group": {
                "name": "x-y",
                "url": "/api/v2/version-group/15/"
            }
        },
        {
            "flavor_text": "Normal-type moves become\nIce-type moves.",
            "language": {
                "name": "en",
                "url": "/api/v2/language/9/"
            },
            "version_group": {
                "name": "x-y",
                "url": "/api/v2/version-group/15/"
            }
        },
        {
            "flavor_text": "\u30ce\u30fc\u30de\u30eb\u30bf\u30a4\u30d7\u306e\u3000\u6280\u304c\n\u3053\u304a\u308a\u30bf\u30a4\u30d7\u306b\u3000\u306a\u308b\u3002",
            "language": {
                "name": "ja",
                "url": "/api/v2/language/11/"
            },
            "version_group": {
                "name": "x-y",
                "url": "/api/v2/version-group/15/"
            }
        },
        {
            "flavor_text": "\u30ce\u30fc\u30de\u30eb\u30bf\u30a4\u30d7\u306e\u3000\u308f\u3056\u304c\n\u3053\u304a\u308a\u30bf\u30a4\u30d7\u306b\u306a\u308b\u3002",
            "language": {
                "name": "ja-Hrkt",
                "url": "/api/v2/language/1/"
            },
            "version_group": {
                "name": "omega-ruby-alpha-sapphire",
                "url": "/api/v2/version-group/16/"
            }
        },
        {
            "flavor_text": "\ub178\ub9d0\ud0c0\uc785\uc758 \uae30\uc220\uc774\n\uc5bc\uc74c\ud0c0\uc785\uc774 \ub41c\ub2e4.",
            "language": {
                "name": "ko",
                "url": "/api/v2/language/3/"
            },
            "version_group": {
                "name": "omega-ruby-alpha-sapphire",
                "url": "/api/v2/version-group/16/"
            }
        },
        {
            "flavor_text": "Les capacit\u00e9s de type Normal\ndeviennent de type Glace.",
            "language": {
                "name": "fr",
                "url": "/api/v2/language/5/"
            },
            "version_group": {
                "name": "omega-ruby-alpha-sapphire",
                "url": "/api/v2/version-group/16/"
            }
        },
        {
            "flavor_text": "Attacken vom Typ Normal\nnehmen den Typ Eis an.",
            "language": {
                "name": "de",
                "url": "/api/v2/language/6/"
            },
            "version_group": {
                "name": "omega-ruby-alpha-sapphire",
                "url": "/api/v2/version-group/16/"
            }
        },
        {
            "flavor_text": "Convierte movimientos de tipo\nNormal en tipo Hielo.",
            "language": {
                "name": "es",
                "url": "/api/v2/language/7/"
            },
            "version_group": {
                "name": "omega-ruby-alpha-sapphire",
                "url": "/api/v2/version-group/16/"
            }
        },
        {
            "flavor_text": "Le mosse di tipo Normale\ndiventano di tipo Ghiaccio.",
            "language": {
                "name": "it",
                "url": "/api/v2/language/8/"
            },
            "version_group": {
                "name": "omega-ruby-alpha-sapphire",
                "url": "/api/v2/version-group/16/"
            }
        },
        {
            "flavor_text": "Normal-type moves become\nIce-type moves.",
            "language": {
                "name": "en",
                "url": "/api/v2/language/9/"
            },
            "version_group": {
                "name": "omega-ruby-alpha-sapphire",
                "url": "/api/v2/version-group/16/"
            }
        },
        {
            "flavor_text": "\u30ce\u30fc\u30de\u30eb\u30bf\u30a4\u30d7\u306e\u3000\u6280\u304c\n\u3053\u304a\u308a\u30bf\u30a4\u30d7\u306b\u3000\u306a\u308b\u3002",
            "language": {
                "name": "ja",
                "url": "/api/v2/language/11/"
            },
            "version_group": {
                "name": "omega-ruby-alpha-sapphire",
                "url": "/api/v2/version-group/16/"
            }
        },
        {
            "flavor_text": "\u30ce\u30fc\u30de\u30eb\u30bf\u30a4\u30d7\u306e\u3000\u308f\u3056\u304c\n\u3053\u304a\u308a\u30bf\u30a4\u30d7\u306b\u306a\u308b\u3002\n\u3044\u308a\u3087\u304f\u304c\u3000\u3059\u3053\u3057\u3000\u3042\u304c\u308b\u3002",
            "language": {
                "name": "ja-Hrkt",
                "url": "/api/v2/language/1/"
            },
            "version_group": {
                "name": "sun-moon",
                "url": "/api/v2/version-group/17/"
            }
        },
        {
            "flavor_text": "\ub178\ub9d0\ud0c0\uc785\uc758 \uae30\uc220\uc774\n\uc5bc\uc74c\ud0c0\uc785\uc774 \ub41c\ub2e4.\n\uc704\ub825\uc774 \uc870\uae08 \uc62c\ub77c\uac04\ub2e4.",
            "language": {
                "name": "ko",
                "url": "/api/v2/language/3/"
            },
            "version_group": {
                "name": "sun-moon",
                "url": "/api/v2/version-group/17/"
            }
        },
        {
            "flavor_text": "\u4e00\u822c\u5c6c\u6027\u7684\u62db\u5f0f\n\u6703\u8b8a\u70ba\u51b0\u5c6c\u6027\u3002\n\u5a01\u529b\u6703\u5c11\u91cf\u63d0\u9ad8\u3002",
            "language": {
                "name": "zh-Hant",
                "url": "/api/v2/language/4/"
            },
            "version_group": {
                "name": "sun-moon",
                "url": "/api/v2/version-group/17/"
            }
        },
        {
            "flavor_text": "Les capacit\u00e9s de type Normal deviennent de type\nGlace. Leur puissance augmente l\u00e9g\u00e8rement.",
            "language": {
                "name": "fr",
                "url": "/api/v2/language/5/"
            },
            "version_group": {
                "name": "sun-moon",
                "url": "/api/v2/version-group/17/"
            }
        },
        {
            "flavor_text": "Attacken vom Typ Normal nehmen den Typ Eis an\nund ihre St\u00e4rke erh\u00f6ht sich ein wenig.",
            "language": {
                "name": "de",
                "url": "/api/v2/language/6/"
            },
            "version_group": {
                "name": "sun-moon",
                "url": "/api/v2/version-group/17/"
            }
        },
        {
            "flavor_text": "Convierte los movimientos de tipo Normal en tipo\nHielo y aumenta ligeramente su potencia.",
            "language": {
                "name": "es",
                "url": "/api/v2/language/7/"
            },
            "version_group": {
                "name": "sun-moon",
                "url": "/api/v2/version-group/17/"
            }
        },
        {
            "flavor_text": "Le mosse di tipo Normale diventano di tipo\nGhiaccio e la loro potenza aumenta un po\u2019.",
            "language": {
                "name": "it",
                "url": "/api/v2/language/8/"
            },
            "version_group": {
                "name": "sun-moon",
                "url": "/api/v2/version-group/17/"
            }
        },
        {
            "flavor_text": "Normal-type moves become Ice-type moves.\nThe power of those moves is boosted a little.",
            "language": {
                "name": "en",
                "url": "/api/v2/language/9/"
            },
            "version_group": {
                "name": "sun-moon",
                "url": "/api/v2/version-group/17/"
            }
        },
        {
            "flavor_text": "\u30ce\u30fc\u30de\u30eb\u30bf\u30a4\u30d7\u306e\u3000\u6280\u304c\n\u3053\u304a\u308a\u30bf\u30a4\u30d7\u306b\u3000\u306a\u308b\u3002\n\u5a01\u529b\u304c\u3000\u5c11\u3057\u3000\u4e0a\u304c\u308b\u3002",
            "language": {
                "name": "ja",
                "url": "/api/v2/language/11/"
            },
            "version_group": {
                "name": "sun-moon",
                "url": "/api/v2/version-group/17/"
            }
        },
        {
            "flavor_text": "\u4e00\u822c\u5c5e\u6027\u7684\u62db\u5f0f\n\u4f1a\u53d8\u4e3a\u51b0\u5c5e\u6027\u3002\n\u5a01\u529b\u4f1a\u5c11\u91cf\u63d0\u9ad8\u3002",
            "language": {
                "name": "zh-Hans",
                "url": "/api/v2/language/12/"
            },
            "version_group": {
                "name": "sun-moon",
                "url": "/api/v2/version-group/17/"
            }
        },
        {
            "flavor_text": "\u30ce\u30fc\u30de\u30eb\u30bf\u30a4\u30d7\u306e\u3000\u308f\u3056\u304c\n\u3053\u304a\u308a\u30bf\u30a4\u30d7\u306b\u306a\u308b\u3002\n\u3044\u308a\u3087\u304f\u304c\u3000\u3059\u3053\u3057\u3000\u3042\u304c\u308b\u3002",
            "language": {
                "name": "ja-Hrkt",
                "url": "/api/v2/language/1/"
            },
            "version_group": {
                "name": "ultra-sun-ultra-moon",
                "url": "/api/v2/version-group/18/"
            }
        },
        {
            "flavor_text": "\ub178\ub9d0\ud0c0\uc785\uc758 \uae30\uc220\uc774\n\uc5bc\uc74c\ud0c0\uc785\uc774 \ub41c\ub2e4.\n\uc704\ub825\uc774 \uc870\uae08 \uc62c\ub77c\uac04\ub2e4.",
            "language": {
                "name": "ko",
                "url": "/api/v2/language/3/"
            },
            "version_group": {
                "name": "ultra-sun-ultra-moon",
                "url": "/api/v2/version-group/18/"
            }
        },
        {
            "flavor_text": "\u4e00\u822c\u5c6c\u6027\u7684\u62db\u5f0f\n\u6703\u8b8a\u70ba\u51b0\u5c6c\u6027\u3002\n\u5a01\u529b\u6703\u5c11\u91cf\u63d0\u9ad8\u3002",
            "language": {
                "name": "zh-Hant",
                "url": "/api/v2/language/4/"
            },
            "version_group": {
                "name": "ultra-sun-ultra-moon",
                "url": "/api/v2/version-group/18/"
            }
        },
        {
            "flavor_text": "Les capacit\u00e9s de type Normal deviennent de type\nGlace. Leur puissance augmente l\u00e9g\u00e8rement.",
            "language": {
                "name": "fr",
                "url": "/api/v2/language/5/"
            },
            "version_group": {
                "name": "ultra-sun-ultra-moon",
                "url": "/api/v2/version-group/18/"
            }
        },
        {
            "flavor_text": "Attacken vom Typ Normal nehmen den Typ Eis an\nund ihre St\u00e4rke erh\u00f6ht sich ein wenig.",
            "language": {
                "name": "de",
                "url": "/api/v2/language/6/"
            },
            "version_group": {
                "name": "ultra-sun-ultra-moon",
                "url": "/api/v2/version-group/18/"
            }
        },
        {
            "flavor_text": "Convierte los movimientos de tipo Normal en tipo\nHielo y aumenta ligeramente su potencia.",
            "language": {
                "name": "es",
                "url": "/api/v2/language/7/"
            },
            "version_group": {
                "name": "ultra-sun-ultra-moon",
                "url": "/api/v2/version-group/18/"
            }
        },
        {
            "flavor_text": "Le mosse di tipo Normale diventano di tipo\nGhiaccio e la loro potenza aumenta un po\u2019.",
            "language": {
                "name": "it",
                "url": "/api/v2/language/8/"
            },
            "version_group": {
                "name": "ultra-sun-ultra-moon",
                "url": "/api/v2/version-group/18/"
            }
        },
        {
            "flavor_text": "Normal-type moves become Ice-type moves.\nThe power of those moves is boosted a little.",
            "language": {
                "name": "en",
                "url": "/api/v2/language/9/"
            },
            "version_group": {
                "name": "ultra-sun-ultra-moon",
                "url": "/api/v2/version-group/18/"
            }
        },
        {
            "flavor_text": "\u30ce\u30fc\u30de\u30eb\u30bf\u30a4\u30d7\u306e\u3000\u6280\u304c\n\u3053\u304a\u308a\u30bf\u30a4\u30d7\u306b\u3000\u306a\u308b\u3002\n\u5a01\u529b\u304c\u3000\u5c11\u3057\u3000\u4e0a\u304c\u308b\u3002",
            "language": {
                "name": "ja",
                "url": "/api/v2/language/11/"
            },
            "version_group": {
                "name": "ultra-sun-ultra-moon",
                "url": "/api/v2/version-group/18/"
            }
        },
        {
            "flavor_text": "\u4e00\u822c\u5c5e\u6027\u7684\u62db\u5f0f\n\u4f1a\u53d8\u4e3a\u51b0\u5c5e\u6027\u3002\n\u5a01\u529b\u4f1a\u5c11\u91cf\u63d0\u9ad8\u3002",
            "language": {
                "name": "zh-Hans",
                "url": "/api/v2/language/12/"
            },
            "version_group": {
                "name": "ultra-sun-ultra-moon",
                "url": "/api/v2/version-group/18/"
            }
        },
        {
            "flavor_text": "\u30ce\u30fc\u30de\u30eb\u30bf\u30a4\u30d7\u306e\u3000\u308f\u3056\u304c\n\u3053\u304a\u308a\u30bf\u30a4\u30d7\u306b\u306a\u308b\u3002\n\u3044\u308a\u3087\u304f\u304c\u3000\u3059\u3053\u3057\u3000\u3042\u304c\u308b\u3002",
            "language": {
                "name": "ja-Hrkt",
                "url": "/api/v2/language/1/"
            },
            "version_group": {
                "name": "lets-go-pikachu-lets-go-eevee",
                "url": "/api/v2/version-group/19/"
            }
        },
        {
            "flavor_text": "\ub178\ub9d0\ud0c0\uc785\uc758 \uae30\uc220\uc774\n\uc5bc\uc74c\ud0c0\uc785\uc774 \ub41c\ub2e4.\n\uc704\ub825\uc774 \uc870\uae08 \uc62c\ub77c\uac04\ub2e4.",
            "language": {
                "name": "ko",
                "url": "/api/v2/language/3/"
            },
            "version_group": {
                "name": "lets-go-pikachu-lets-go-eevee",
                "url": "/api/v2/version-group/19/"
            }
        },
        {
            "flavor_text": "\u4e00\u822c\u5c6c\u6027\u7684\u62db\u5f0f\n\u6703\u8b8a\u70ba\u51b0\u5c6c\u6027\u3002\n\u5a01\u529b\u6703\u5c11\u91cf\u63d0\u9ad8\u3002",
            "language": {
                "name": "zh-Hant",
                "url": "/api/v2/language/4/"
            },
            "version_group": {
                "name": "lets-go-pikachu-lets-go-eevee",
                "url": "/api/v2/version-group/19/"
            }
        },
        {
            "flavor_text": "Les capacit\u00e9s de type Normal deviennent de type\nGlace. Leur puissance augmente l\u00e9g\u00e8rement.",
            "language": {
                "name": "fr",
                "url": "/api/v2/language/5/"
            },
            "version_group": {
                "name": "lets-go-pikachu-lets-go-eevee",
                "url": "/api/v2/version-group/19/"
            }
        },
        {
            "flavor_text": "Attacken vom Typ Normal nehmen den Typ Eis an\nund ihre St\u00e4rke erh\u00f6ht sich ein wenig.",
            "language": {
                "name": "de",
                "url": "/api/v2/language/6/"
            },
            "version_group": {
                "name": "lets-go-pikachu-lets-go-eevee",
                "url": "/api/v2/version-group/19/"
            }
        },
        {
            "flavor_text": "Convierte los movimientos de tipo Normal en tipo\nHielo y aumenta ligeramente su potencia.",
            "language": {
                "name": "es",
                "url": "/api/v2/language/7/"
            },
            "version_group": {
                "name": "lets-go-pikachu-lets-go-eevee",
                "url": "/api/v2/version-group/19/"
            }
        },
        {
            "flavor_text": "Le mosse di tipo Normale diventano di tipo\nGhiaccio e la loro potenza aumenta un po\u2019.",
            "language": {
                "name": "it",
                "url": "/api/v2/language/8/"
            },
            "version_group": {
                "name": "lets-go-pikachu-lets-go-eevee",
                "url": "/api/v2/version-group/19/"
            }
        },
        {
            "flavor_text": "Normal-type moves become Ice-type moves.\nThe power of those moves is boosted a little.",
            "language": {
                "name": "en",
                "url": "/api/v2/language/9/"
            },
            "version_group": {
                "name": "lets-go-pikachu-lets-go-eevee",
                "url": "/api/v2/version-group/19/"
            }
        },
        {
            "flavor_text": "\u30ce\u30fc\u30de\u30eb\u30bf\u30a4\u30d7\u306e\u3000\u6280\u304c\n\u3053\u304a\u308a\u30bf\u30a4\u30d7\u306b\u3000\u306a\u308b\u3002\n\u5a01\u529b\u304c\u3000\u5c11\u3057\u3000\u4e0a\u304c\u308b\u3002",
            "language": {
                "name": "ja",
                "url": "/api/v2/language/11/"
            },
            "version_group": {
                "name": "lets-go-pikachu-lets-go-eevee",
                "url": "/api/v2/version-group/19/"
            }
        },
        {
            "flavor_text": "\u4e00\u822c\u5c5e\u6027\u7684\u62db\u5f0f\n\u4f1a\u53d8\u4e3a\u51b0\u5c5e\u6027\u3002\n\u5a01\u529b\u4f1a\u5c11\u91cf\u63d0\u9ad8\u3002",
            "language": {
                "name": "zh-Hans",
                "url": "/api/v2/language/12/"
            },
            "version_group": {
                "name": "lets-go-pikachu-lets-go-eevee",
                "url": "/api/v2/version-group/19/"
            }
        },
        {
            "flavor_text": "\u30ce\u30fc\u30de\u30eb\u30bf\u30a4\u30d7\u306e\u3000\u308f\u3056\u304c\n\u3053\u304a\u308a\u30bf\u30a4\u30d7\u306b\u306a\u308b\u3002\n\u3044\u308a\u3087\u304f\u304c\u3000\u3059\u3053\u3057\u3000\u3042\u304c\u308b\u3002",
            "language": {
                "name": "ja-Hrkt",
                "url": "/api/v2/language/1/"
            },
            "version_group": {
                "name": "sword-shield",
                "url": "/api/v2/version-group/20/"
            }
        },
        {
            "flavor_text": "\ub178\ub9d0\ud0c0\uc785\uc758 \uae30\uc220\uc774\n\uc5bc\uc74c\ud0c0\uc785\uc774 \ub41c\ub2e4.\n\uc704\ub825\uc774 \uc870\uae08 \uc62c\ub77c\uac04\ub2e4.",
            "language": {
                "name": "ko",
                "url": "/api/v2/language/3/"
            },
            "version_group": {
                "name": "sword-shield",
                "url": "/api/v2/version-group/20/"
            }
        },
        {
            "flavor_text": "\u4e00\u822c\u5c6c\u6027\u7684\u62db\u5f0f\n\u6703\u8b8a\u70ba\u51b0\u5c6c\u6027\u3002\n\u5a01\u529b\u6703\u5c11\u91cf\u63d0\u9ad8\u3002",
            "language": {
                "name": "zh-Hant",
                "url": "/api/v2/language/4/"
            },
            "version_group": {
                "name": "sword-shield",
                "url": "/api/v2/version-group/20/"
            }
        },
        {
            "flavor_text": "Les capacit\u00e9s de type Normal deviennent de type Glace.\nLeur puissance augmente l\u00e9g\u00e8rement.",
            "language": {
                "name": "fr",
                "url": "/api/v2/language/5/"
            },
            "version_group": {
                "name": "sword-shield",
                "url": "/api/v2/version-group/20/"
            }
        },
        {
            "flavor_text": "Attacken vom Typ Normal nehmen den Typ Eis an und\nihre St\u00e4rke erh\u00f6ht sich ein wenig.",
            "language": {
                "name": "de",
                "url": "/api/v2/language/6/"
            },
            "version_group": {
                "name": "sword-shield",
                "url": "/api/v2/version-group/20/"
            }
        },
        {
            "flavor_text": "Convierte los movimientos de tipo Normal en tipo\nHielo y aumenta ligeramente su potencia.",
            "language": {
                "name": "es",
                "url": "/api/v2/language/7/"
            },
            "version_group": {
                "name": "sword-shield",
                "url": "/api/v2/version-group/20/"
            }
        },
        {
            "flavor_text": "Le mosse di tipo Normale diventano di tipo\nGhiaccio e la loro potenza aumenta un po\u2019.",
            "language": {
                "name": "it",
                "url": "/api/v2/language/8/"
            },
            "version_group": {
                "name": "sword-shield",
                "url": "/api/v2/version-group/20/"
            }
        },
        {
            "flavor_text": "Normal-type moves become Ice-type moves.\nThe power of those moves is boosted a little.",
            "language": {
                "name": "en",
                "url": "/api/v2/language/9/"
            },
            "version_group": {
                "name": "sword-shield",
                "url": "/api/v2/version-group/20/"
            }
        },
        {
            "flavor_text": "\u30ce\u30fc\u30de\u30eb\u30bf\u30a4\u30d7\u306e\u3000\u6280\u304c\n\u3053\u304a\u308a\u30bf\u30a4\u30d7\u306b\u3000\u306a\u308b\u3002\n\u5a01\u529b\u304c\u3000\u5c11\u3057\u3000\u4e0a\u304c\u308b\u3002",
            "language": {
                "name": "ja",
                "url": "/api/v2/language/11/"
            },
            "version_group": {
                "name": "sword-shield",
                "url": "/api/v2/version-group/20/"
            }
        },
        {
            "flavor_text": "\u4e00\u822c\u5c5e\u6027\u7684\u62db\u5f0f\n\u4f1a\u53d8\u4e3a\u51b0\u5c5e\u6027\u3002\n\u5a01\u529b\u4f1a\u5c11\u91cf\u63d0\u9ad8\u3002",
            "language": {
                "name": "zh-Hans",
                "url": "/api/v2/language/12/"
            },
            "version_group": {
                "name": "sword-shield",
                "url": "/api/v2/version-group/20/"
            }
        },
        {
            "flavor_text": "Les capacit\u00e9s de type Normal deviennent de type Glace.\\nLeur puissance augmente l\u00e9g\u00e8rement.",
            "language": {
                "name": "fr",
                "url": "/api/v2/language/5/"
            },
            "version_group": {
                "name": "scarlet-violet",
                "url": "/api/v2/version-group/25/"
            }
        }
    ],
    "generation": {
        "name": "generation-vi",
        "url": "/api/v2/generation/6/"
    },
    "id": 174,
    "is_main_series": true,
    "name": "refrigerate",
    "names": [
        {
            "language": {
                "name": "ja-Hrkt",
                "url": "/api/v2/language/1/"
            },
            "name": "\u30d5\u30ea\u30fc\u30ba\u30b9\u30ad\u30f3"
        },
        {
            "language": {
                "name": "ko",
                "url": "/api/v2/language/3/"
            },
            "name": "\ud504\ub9ac\uc988\uc2a4\ud0a8"
        },
        {
            "language": {
                "name": "zh-Hant",
                "url": "/api/v2/language/4/"
            },
            "name": "\u51b0\u51cd\u76ae\u819a"
        },
        {
            "language": {
                "name": "fr",
                "url": "/api/v2/language/5/"
            },
            "name": "Peau Gel\u00e9e"
        },
        {
            "language": {
                "name": "de",
                "url": "/api/v2/language/6/"
            },
            "name": "Frostschicht"
        },
        {
            "language": {
                "name": "es",
                "url": "/api/v2/language/7/"
            },
            "name": "Piel Helada"
        },
        {
            "language": {
                "name": "it",
                "url": "/api/v2/language/8/"
            },
            "name": "Pellegelo"
        },
        {
            "language": {
                "name": "en",
                "url": "/api/v2/language/9/"
            },
            "name": "Refrigerate"
        },
        {
            "language": {
                "name": "ja",
                "url": "/api/v2/language/11/"
            },
            "name": "\u30d5\u30ea\u30fc\u30ba\u30b9\u30ad\u30f3"
        },
        {
            "language": {
                "name": "zh-Hans",
                "url": "/api/v2/language/12/"
            },
            "name": "\u51b0\u51bb\u76ae\u80a4"
        }
    ],
    "pokemon": [
        {
            "is_hidden": false,
            "pokemon": {
                "name": "amaura",
                "url": "/api/v2/pokemon/698/"
            },
            "slot": 1
        },
        {
            "is_hidden": false,
            "pokemon": {
                "name": "aurorus",
                "url": "/api/v2/pokemon/699/"
            },
            "slot": 1
        },
        {
            "is_hidden": false,
            "pokemon": {
                "name": "glalie-mega",
                "url": "/api/v2/pokemon/10074/"
            },
            "slot": 1
        }
    ]
}