{
    "appeal": 3,
    "effect_entries": [
        {
            "effect": "Shuffles the next turn\u2019s turn order.",
            "language": {
                "name": "en",
                "url": "/api/v2/language/9/"
            }
        }
    ],
    "flavor_text_entries": [
        {
            "flavor_text": "Scrambles up the order of appeals on the next turn.",
            "language": {
                "name": "en",
                "url": "/api/v2/language/9/"
            }
        }
    ],
    "id": 21,
    "jam": 0
}