{
    "effect_changes": [
        {
            "effect_entries": [
                {
                    "effect": "electric-Attacken die keinen Schaden anrichten, wie thunder wave, werden nicht absorbiert.",
                    "language": {
                        "name": "de",
                        "url": "/api/v2/language/6/"
                    }
                },
                {
                    "effect": "Does not absorb non-damaging electric moves, i.e. thunder wave.",
                    "language": {
                        "name": "en",
                        "url": "/api/v2/language/9/"
                    }
                }
            ],
            "version_group": {
                "name": "diamond-pearl",
                "url": "/api/v2/version-group/8/"
            }
        }
    ],
    "effect_entries": [
        {
            "effect": "Wenn ein Pok\u00e9mon mit dieser F\u00e4higkeit von einer electric Attacke getroffen wird, wird es um 1/4 seiner maximalen hp geheilt. Jeder andere Effekt der Attacke wird ignoriert.\n\nDie F\u00e4higkeit wirkt nicht, wenn das Pok\u00e9mon vom Typ ground ist. electric Attacken ignorieren den substitute dieses Pok\u00e9mons.\n\nDer Effekt gilt auch f\u00fcr Attacken die keinen Schaden verursachen, wie z.B. thunder wave.",
            "language": {
                "name": "de",
                "url": "/api/v2/language/6/"
            },
            "short_effect": "Absorbiert electric Attacken und heilt 1/4 der max hp."
        },
        {
            "effect": "Whenever an electric-type move hits this Pok\u00e9mon, it heals for 1/4 of its maximum HP, negating any other effect on it.\n\nThis ability will not take effect if this Pok\u00e9mon is ground-type and thus immune to Electric moves.  Electric moves will ignore this Pok\u00e9mon's substitute.\n\nThis effect includes non-damaging moves, i.e. thunder wave.",
            "language": {
                "name": "en",
                "url": "/api/v2/language/9/"
            },
            "short_effect": "Absorbs electric moves, healing for 1/4 max HP."
        }
    ],
    "flavor_text_entries": [
        {
            "flavor_text": "Change l'\u00e9lectricit\u00e9 en PV.",
            "language": {
                "name": "fr",
                "url": "/api/v2/language/5/"
            },
            "version_group": {
                "name": "ruby-sapphire",
                "url": "/api/v2/version-group/5/"
            }
        },
        {
            "flavor_text": "Turns electricity into HP.",
            "language": {
                "name": "en",
                "url": "/api/v2/language/9/"
            },
            "version_group": {
                "name": "ruby-sapphire",
                "url": "/api/v2/version-group/5/"
            }
        },
        {
            "flavor_text": "Change l'\u00e9lectricit\u00e9 en PV.",
            "language": {
                "name": "fr",
                "url": "/api/v2/language/5/"
            },
            "version_group": {
                "name": "emerald",
                "url": "/api/v2/version-group/6/"
            }
        },
        {
            "flavor_text": "Turns electricity into HP.",
            "language": {
                "name": "en",
                "url": "/api/v2/language/9/"
            },
            "version_group": {
                "name": "emerald",
                "url": "/api/v2/version-group/6/"
            }
        },
        {
            "flavor_text": "Change l'\u00e9lectricit\u00e9 en PV.",
            "language": {
                "name": "fr",
                "url": "/api/v2/language/5/"
            },
            "version_group": {
                "name": "firered-leafgreen",
                "url": "/api/v2/version-group/7/"
            }
        },
        {
            "flavor_text": "Turns electricity into HP.",
            "language": {
                "name": "en",
                "url": "/api/v2/language/9/"
            },
            "version_group": {
                "name": "firered-leafgreen",
                "url": "/api/v2/version-group/7/"
            }
        },
        {
            "flavor_text": "R\u00e9cup\u00e8re des PV si touch\u00e9 par une capacit\u00e9 Electrik.",
            "language": {
                "name": "fr",
                "url": "/api/v2/language/5/"
            },
            "version_group": {
                "name": "diamond-pearl",
                "url": "/api/v2/version-group/8/"
            }
        },
        {
            "flavor_text": "Restores HP if hit by an\nElectric-type move.",
            "language": {
                "name": "en",
                "url": "/api/v2/language/9/"
            },
            "version_group": {
                "name": "diamond-pearl",
                "url": "/api/v2/version-group/8/"
            }
        },
        {
            "flavor_text": "R\u00e9cup\u00e8re des PV si touch\u00e9 par une capacit\u00e9 Electrik.",
            "language": {
                "name": "fr",
                "url": "/api/v2/language/5/"
            },
            "version_group": {
                "name": "platinum",
                "url": "/api/v2/version-group/9/"
            }
        },
        {
            "flavor_text": "Restores HP if hit by an\nElectric-type move.",
            "language": {
                "name": "en",
                "url": "/api/v2/language/9/"
            },
            "version_group": {
                "name": "platinum",
                "url": "/api/v2/version-group/9/"
            }
        },
        {
            "flavor_text": "R\u00e9cup\u00e8re des PV si touch\u00e9 par une capacit\u00e9 Electrik.",
            "language": {
                "name": "fr",
                "url": "/api/v2/language/5/"
            },
            "version_group": {
                "name": "heartgold-soulsilver",
                "url": "/api/v2/version-group/10/"
            }
        },
        {
            "flavor_text": "Restores HP if hit by an\nElectric-type move.",
            "language": {
                "name": "en",
                "url": "/api/v2/language/9/"
            },
            "version_group": {
                "name": "heartgold-soulsilver",
                "url": "/api/v2/version-group/10/"
            }
        },
        {
            "flavor_text": "R\u00e9cup\u00e8re des PV si touch\u00e9 par une capacit\u00e9 Electrik.",
            "language": {
                "name": "fr",
                "url": "/api/v2/language/5/"
            },
            "version_group": {
                "name": "black-white",
                "url": "/api/v2/version-group/11/"
            }
        },
        {
            "flavor_text": "R\u00e9cup\u00e8re des PV si touch\u00e9\npar une capacit\u00e9 \u00c9lectrik.",
            "language": {
                "name": "fr",
                "url": "/api/v2/language/5/"
            },
            "version_group": {
                "name": "black-white",
                "url": "/api/v2/version-group/11/"
            }
        },
        {
            "flavor_text": "Restores HP if hit by an\nElectric-type move.",
            "language": {
                "name": "en",
                "url": "/api/v2/language/9/"
            },
            "version_group": {
                "name": "black-white",
                "url": "/api/v2/version-group/11/"
            }
        },
        {
            "flavor_text": "R\u00e9cup\u00e8re des PV si touch\u00e9 par une capacit\u00e9 Electrik.",
            "language": {
                "name": "fr",
                "url": "/api/v2/language/5/"
            },
            "version_group": {
                "name": "black-2-white-2",
                "url": "/api/v2/version-group/14/"
            }
        },
        {
            "flavor_text": "Restores HP if hit by an\nElectric-type move.",
            "language": {
                "name": "en",
                "url": "/api/v2/language/9/"
            },
            "version_group": {
                "name": "black-2-white-2",
                "url": "/api/v2/version-group/14/"
            }
        },
        {
            "flavor_text": "\u3067\u3093\u304d\u3092\u3000\u3046\u3051\u308b\u3068\n\u304b\u3044\u3075\u304f\u3059\u308b\u3002",
            "language": {
                "name": "ja-Hrkt",
                "url": "/api/v2/language/1/"
            },
            "version_group": {
                "name": "x-y",
                "url": "/api/v2/version-group/15/"
            }
        },
        {
            "flavor_text": "\uc804\uae30\ub97c \ubc1b\uc73c\uba74\n\ud68c\ubcf5\ud55c\ub2e4.",
            "language": {
                "name": "ko",
                "url": "/api/v2/language/3/"
            },
            "version_group": {
                "name": "x-y",
                "url": "/api/v2/version-group/15/"
            }
        },
        {
            "flavor_text": "R\u00e9cup\u00e8re des PV si touch\u00e9 par une capacit\u00e9 \u00c9lectrik.",
            "language": {
                "name": "fr",
                "url": "/api/v2/language/5/"
            },
            "version_group": {
                "name": "x-y",
                "url": "/api/v2/version-group/15/"
            }
        },
        {
            "flavor_text": "Si le Pok\u00e9mon est touch\u00e9 par une capacit\u00e9 \u00c9lectrik, il ne subit aucun d\u00e9g\u00e2t et regagne des PV \u00e0 la place.",
            "language": {
                "name": "fr",
                "url": "/api/v2/language/5/"
            },
            "version_group": {
                "name": "x-y",
                "url": "/api/v2/version-group/15/"
            }
        },
        {
            "flavor_text": "R\u00e9cup\u00e8re des PV si touch\u00e9 par\nune capacit\u00e9 \u00c9lectrik.",
            "language": {
                "name": "fr",
                "url": "/api/v2/language/5/"
            },
            "version_group": {
                "name": "x-y",
                "url": "/api/v2/version-group/15/"
            }
        },
        {
            "flavor_text": "Treffer durch Elektro-Attacken\nregenerieren KP.",
            "language": {
                "name": "de",
                "url": "/api/v2/language/6/"
            },
            "version_group": {
                "name": "x-y",
                "url": "/api/v2/version-group/15/"
            }
        },
        {
            "flavor_text": "Recupera PS al recibir ataques de\ntipo El\u00e9ctrico.",
            "language": {
                "name": "es",
                "url": "/api/v2/language/7/"
            },
            "version_group": {
                "name": "x-y",
                "url": "/api/v2/version-group/15/"
            }
        },
        {
            "flavor_text": "Rid\u00e0 PS se il Pok\u00e9mon subisce\nuna mossa di tipo Elettro.",
            "language": {
                "name": "it",
                "url": "/api/v2/language/8/"
            },
            "version_group": {
                "name": "x-y",
                "url": "/api/v2/version-group/15/"
            }
        },
        {
            "flavor_text": "Restores HP if hit by an\nElectric-type move.",
            "language": {
                "name": "en",
                "url": "/api/v2/language/9/"
            },
            "version_group": {
                "name": "x-y",
                "url": "/api/v2/version-group/15/"
            }
        },
        {
            "flavor_text": "\u3067\u3093\u304d\u3092\u3000\u53d7\u3051\u308b\u3068\n\u56de\u5fa9\u3059\u308b\u3002",
            "language": {
                "name": "ja",
                "url": "/api/v2/language/11/"
            },
            "version_group": {
                "name": "x-y",
                "url": "/api/v2/version-group/15/"
            }
        },
        {
            "flavor_text": "\u3067\u3093\u304d\u3092\u3000\u3046\u3051\u308b\u3068\n\u304b\u3044\u3075\u304f\u3059\u308b\u3002",
            "language": {
                "name": "ja-Hrkt",
                "url": "/api/v2/language/1/"
            },
            "version_group": {
                "name": "omega-ruby-alpha-sapphire",
                "url": "/api/v2/version-group/16/"
            }
        },
        {
            "flavor_text": "\uc804\uae30\ub97c \ubc1b\uc73c\uba74\n\ud68c\ubcf5\ud55c\ub2e4.",
            "language": {
                "name": "ko",
                "url": "/api/v2/language/3/"
            },
            "version_group": {
                "name": "omega-ruby-alpha-sapphire",
                "url": "/api/v2/version-group/16/"
            }
        },
        {
            "flavor_text": "R\u00e9cup\u00e8re des PV si touch\u00e9 par une capacit\u00e9 \u00c9lectrik.",
            "language": {
                "name": "fr",
                "url": "/api/v2/language/5/"
            },
            "version_group": {
                "name": "omega-ruby-alpha-sapphire",
                "url": "/api/v2/version-group/16/"
            }
        },
        {
            "flavor_text": "Si le Pok\u00e9mon est touch\u00e9 par une capacit\u00e9 \u00c9lectrik, il ne subit aucun d\u00e9g\u00e2t et regagne des PV \u00e0 la place.",
            "language": {
                "name": "fr",
                "url": "/api/v2/language/5/"
            },
            "version_group": {
                "name": "omega-ruby-alpha-sapphire",
                "url": "/api/v2/version-group/16/"
            }
        },
        {
            "flavor_text": "R\u00e9cup\u00e8re des PV si touch\u00e9 par\nune capacit\u00e9 \u00c9lectrik.",
            "language": {
                "name": "fr",
                "url": "/api/v2/language/5/"
            },
            "version_group": {
                "name": "omega-ruby-alpha-sapphire",
                "url": "/api/v2/version-group/16/"
            }
        },
        {
            "flavor_text": "Treffer durch Elektro-Attacken\nregenerieren KP.",
            "language": {
                "name": "de",
                "url": "/api/v2/language/6/"
            },
            "version_group": {
                "name": "omega-ruby-alpha-sapphire",
                "url": "/api/v2/version-group/16/"
            }
        },
        {
            "flavor_text": "Recupera PS al recibir ataques de\ntipo El\u00e9ctrico.",
            "language": {
                "name": "es",
                "url": "/api/v2/language/7/"
            },
            "version_group": {
                "name": "omega-ruby-alpha-sapphire",
                "url": "/api/v2/version-group/16/"
            }
        },
        {
            "flavor_text": "Rid\u00e0 PS se il Pok\u00e9mon subisce\nuna mossa di tipo Elettro.",
            "language": {
                "name": "it",
                "url": "/api/v2/language/8/"
            },
            "version_group": {
                "name": "omega-ruby-alpha-sapphire",
                "url": "/api/v2/version-group/16/"
            }
        },
        {
            "flavor_text": "Restores HP if hit by an\nElectric-type move.",
            "language": {
                "name": "en",
                "url": "/api/v2/language/9/"
            },
            "version_group": {
                "name": "omega-ruby-alpha-sapphire",
                "url": "/api/v2/version-group/16/"
            }
        },
        {
            "flavor_text": "\u3067\u3093\u304d\u3092\u3000\u53d7\u3051\u308b\u3068\n\u56de\u5fa9\u3059\u308b\u3002",
            "language": {
                "name": "ja",
                "url": "/api/v2/language/11/"
            },
            "version_group": {
                "name": "omega-ruby-alpha-sapphire",
                "url": "/api/v2/version-group/16/"
            }
        },
        {
            "flavor_text": "\u3067\u3093\u304d\u30bf\u30a4\u30d7\u306e\u3000\u308f\u3056\u3092\u3000\u3046\u3051\u308b\u3068\n\u30c0\u30e1\u30fc\u30b8\u3092\u3000\u3046\u3051\u305a\u306b\u3000\u304b\u3044\u3075\u304f\u3059\u308b\u3002",
            "language": {
                "name": "ja-Hrkt",
                "url": "/api/v2/language/1/"
            },
            "version_group": {
                "name": "sun-moon",
                "url": "/api/v2/version-group/17/"
            }
        },
        {
            "flavor_text": "\uc804\uae30\ud0c0\uc785\uc758 \uae30\uc220\uc744 \ubc1b\uc73c\uba74\n\ub370\ubbf8\uc9c0\ub97c \ubc1b\uc9c0 \uc54a\uace0 \ud68c\ubcf5\ud55c\ub2e4.",
            "language": {
                "name": "ko",
                "url": "/api/v2/language/3/"
            },
            "version_group": {
                "name": "sun-moon",
                "url": "/api/v2/version-group/17/"
            }
        },
        {
            "flavor_text": "\u53d7\u5230\u96fb\u5c6c\u6027\u7684\u62db\u5f0f\u653b\u64ca\u6642\uff0c\n\u4e0d\u6703\u53d7\u5230\u50b7\u5bb3\uff0c\u800c\u662f\u6703\u56de\u5fa9\u3002",
            "language": {
                "name": "zh-Hant",
                "url": "/api/v2/language/4/"
            },
            "version_group": {
                "name": "sun-moon",
                "url": "/api/v2/version-group/17/"
            }
        },
        {
            "flavor_text": "Si le Pok\u00e9mon est touch\u00e9 par une capacit\u00e9 \u00c9lectrik, il ne subit aucun d\u00e9g\u00e2t et regagne des PV \u00e0 la place.",
            "language": {
                "name": "fr",
                "url": "/api/v2/language/5/"
            },
            "version_group": {
                "name": "sun-moon",
                "url": "/api/v2/version-group/17/"
            }
        },
        {
            "flavor_text": "Si le Pok\u00e9mon est touch\u00e9 par une capacit\u00e9 \u00c9lectrik,\nil ne subit aucun d\u00e9g\u00e2t et regagne des PV \u00e0 la place.",
            "language": {
                "name": "fr",
                "url": "/api/v2/language/5/"
            },
            "version_group": {
                "name": "sun-moon",
                "url": "/api/v2/version-group/17/"
            }
        },
        {
            "flavor_text": "Treffer durch Elektro-Attacken verursachen keinen\nSchaden, sondern regenerieren stattdessen KP.",
            "language": {
                "name": "de",
                "url": "/api/v2/language/6/"
            },
            "version_group": {
                "name": "sun-moon",
                "url": "/api/v2/version-group/17/"
            }
        },
        {
            "flavor_text": "Si le alcanza un movimiento de tipo El\u00e9ctrico,\nrecupera PS en vez de sufrir da\u00f1o.",
            "language": {
                "name": "es",
                "url": "/api/v2/language/7/"
            },
            "version_group": {
                "name": "sun-moon",
                "url": "/api/v2/version-group/17/"
            }
        },
        {
            "flavor_text": "Se il Pok\u00e9mon subisce una mossa di tipo Elettro,\nrecupera PS anzich\u00e9 subire danni.",
            "language": {
                "name": "it",
                "url": "/api/v2/language/8/"
            },
            "version_group": {
                "name": "sun-moon",
                "url": "/api/v2/version-group/17/"
            }
        },
        {
            "flavor_text": "Restores HP if hit by an Electric-type move, instead\nof taking damage.",
            "language": {
                "name": "en",
                "url": "/api/v2/language/9/"
            },
            "version_group": {
                "name": "sun-moon",
                "url": "/api/v2/version-group/17/"
            }
        },
        {
            "flavor_text": "\u3067\u3093\u304d\u30bf\u30a4\u30d7\u306e\u3000\u6280\u3092\u3000\u53d7\u3051\u308b\u3068\n\u30c0\u30e1\u30fc\u30b8\u3092\u3000\u53d7\u3051\u305a\u306b\u3000\u56de\u5fa9\u3059\u308b\u3002",
            "language": {
                "name": "ja",
                "url": "/api/v2/language/11/"
            },
            "version_group": {
                "name": "sun-moon",
                "url": "/api/v2/version-group/17/"
            }
        },
        {
            "flavor_text": "\u53d7\u5230\u7535\u5c5e\u6027\u7684\u62db\u5f0f\u653b\u51fb\u65f6\uff0c\n\u4e0d\u4f1a\u53d7\u5230\u4f24\u5bb3\uff0c\u800c\u662f\u4f1a\u56de\u590d\u3002",
            "language": {
                "name": "zh-Hans",
                "url": "/api/v2/language/12/"
            },
            "version_group": {
                "name": "sun-moon",
                "url": "/api/v2/version-group/17/"
            }
        },
        {
            "flavor_text": "\u3067\u3093\u304d\u30bf\u30a4\u30d7\u306e\u3000\u308f\u3056\u3092\u3000\u3046\u3051\u308b\u3068\n\u30c0\u30e1\u30fc\u30b8\u3092\u3000\u3046\u3051\u305a\u306b\u3000\u304b\u3044\u3075\u304f\u3059\u308b\u3002",
            "language": {
                "name": "ja-Hrkt",
                "url": "/api/v2/language/1/"
            },
            "version_group": {
                "name": "ultra-sun-ultra-moon",
                "url": "/api/v2/version-group/18/"
            }
        },
        {
            "flavor_text": "\uc804\uae30\ud0c0\uc785\uc758 \uae30\uc220\uc744 \ubc1b\uc73c\uba74\n\ub370\ubbf8\uc9c0\ub97c \ubc1b\uc9c0 \uc54a\uace0 \ud68c\ubcf5\ud55c\ub2e4.",
            "language": {
                "name": "ko",
                "url": "/api/v2/language/3/"
            },
            "version_group": {
                "name": "ultra-sun-ultra-moon",
                "url": "/api/v2/version-group/18/"
            }
        },
        {
            "flavor_text": "\u53d7\u5230\u96fb\u5c6c\u6027\u7684\u62db\u5f0f\u653b\u64ca\u6642\uff0c\n\u4e0d\u6703\u53d7\u5230\u50b7\u5bb3\uff0c\u800c\u662f\u6703\u56de\u5fa9\u3002",
            "language": {
                "name": "zh-Hant",
                "url": "/api/v2/language/4/"
            },
            "version_group": {
                "name": "ultra-sun-ultra-moon",
                "url": "/api/v2/version-group/18/"
            }
        },
        {
            "flavor_text": "Si le Pok\u00e9mon est touch\u00e9 par une capacit\u00e9 \u00c9lectrik, il ne subit aucun d\u00e9g\u00e2t et regagne des PV \u00e0 la place.",
            "language": {
                "name": "fr",
                "url": "/api/v2/language/5/"
            },
            "version_group": {
                "name": "ultra-sun-ultra-moon",
                "url": "/api/v2/version-group/18/"
            }
        },
        {
            "flavor_text": "Si le Pok\u00e9mon est touch\u00e9 par une capacit\u00e9 \u00c9lectrik,\nil ne subit aucun d\u00e9g\u00e2t et regagne des PV \u00e0 la place.",
            "language": {
                "name": "fr",
                "url": "/api/v2/language/5/"
            },
            "version_group": {
                "name": "ultra-sun-ultra-moon",
                "url": "/api/v2/version-group/18/"
            }
        },
        {
            "flavor_text": "Treffer durch Elektro-Attacken verursachen keinen\nSchaden, sondern regenerieren stattdessen KP.",
            "language": {
                "name": "de",
                "url": "/api/v2/language/6/"
            },
            "version_group": {
                "name": "ultra-sun-ultra-moon",
                "url": "/api/v2/version-group/18/"
            }
        },
        {
            "flavor_text": "Si le alcanza un movimiento de tipo El\u00e9ctrico,\nrecupera PS en vez de sufrir da\u00f1o.",
            "language": {
                "name": "es",
                "url": "/api/v2/language/7/"
            },
            "version_group": {
                "name": "ultra-sun-ultra-moon",
                "url": "/api/v2/version-group/18/"
            }
        },
        {
            "flavor_text": "Se il Pok\u00e9mon subisce una mossa di tipo Elettro,\nrecupera PS anzich\u00e9 subire danni.",
            "language": {
                "name": "it",
                "url": "/api/v2/language/8/"
            },
            "version_group": {
                "name": "ultra-sun-ultra-moon",
                "url": "/api/v2/version-group/18/"
            }
        },
        {
            "flavor_text": "Restores HP if hit by an Electric-type move, instead\nof taking damage.",
            "language": {
                "name": "en",
                "url": "/api/v2/language/9/"
            },
            "version_group": {
                "name": "ultra-sun-ultra-moon",
                "url": "/api/v2/version-group/18/"
            }
        },
        {
            "flavor_text": "\u3067\u3093\u304d\u30bf\u30a4\u30d7\u306e\u3000\u6280\u3092\u3000\u53d7\u3051\u308b\u3068\n\u30c0\u30e1\u30fc\u30b8\u3092\u3000\u53d7\u3051\u305a\u306b\u3000\u56de\u5fa9\u3059\u308b\u3002",
            "language": {
                "name": "ja",
                "url": "/api/v2/language/11/"
            },
            "version_group": {
                "name": "ultra-sun-ultra-moon",
                "url": "/api/v2/version-group/18/"
            }
        },
        {
            "flavor_text": "\u53d7\u5230\u7535\u5c5e\u6027\u7684\u62db\u5f0f\u653b\u51fb\u65f6\uff0c\n\u4e0d\u4f1a\u53d7\u5230\u4f24\u5bb3\uff0c\u800c\u662f\u4f1a\u56de\u590d\u3002",
            "language": {
                "name": "zh-Hans",
                "url": "/api/v2/language/12/"
            },
            "version_group": {
                "name": "ultra-sun-ultra-moon",
                "url": "/api/v2/version-group/18/"
            }
        },
        {
            "flavor_text": "\u3067\u3093\u304d\u30bf\u30a4\u30d7\u306e\u3000\u308f\u3056\u3092\u3000\u3046\u3051\u308b\u3068\n\u30c0\u30e1\u30fc\u30b8\u3092\u3000\u3046\u3051\u305a\u306b\u3000\u304b\u3044\u3075\u304f\u3059\u308b\u3002",
            "language": {
                "name": "ja-Hrkt",
                "url": "/api/v2/language/1/"
            },
            "version_group": {
                "name": "lets-go-pikachu-lets-go-eevee",
                "url": "/api/v2/version-group/19/"
            }
        },
        {
            "flavor_text": "\uc804\uae30\ud0c0\uc785\uc758 \uae30\uc220\uc744 \ubc1b\uc73c\uba74\n\ub370\ubbf8\uc9c0\ub97c \ubc1b\uc9c0 \uc54a\uace0 \ud68c\ubcf5\ud55c\ub2e4.",
            "language": {
                "name": "ko",
                "url": "/api/v2/language/3/"
            },
            "version_group": {
                "name": "lets-go-pikachu-lets-go-eevee",
                "url": "/api/v2/version-group/19/"
            }
        },
        {
            "flavor_text": "\u53d7\u5230\u96fb\u5c6c\u6027\u7684\u62db\u5f0f\u653b\u64ca\u6642\uff0c\n\u4e0d\u6703\u53d7\u5230\u50b7\u5bb3\uff0c\u800c\u662f\u6703\u56de\u5fa9\u3002",
            "language": {
                "name": "zh-Hant",
                "url": "/api/v2/language/4/"
            },
            "version_group": {
                "name": "lets-go-pikachu-lets-go-eevee",
                "url": "/api/v2/version-group/19/"
            }
        },
        {
            "flavor_text": "Si le Pok\u00e9mon est touch\u00e9 par une capacit\u00e9 \u00c9lectrik,\nil ne subit aucun d\u00e9g\u00e2t et regagne des PV \u00e0 la place.",
            "language": {
                "name": "fr",
                "url": "/api/v2/language/5/"
            },
            "version_group": {
                "name": "lets-go-pikachu-lets-go-eevee",
                "url": "/api/v2/version-group/19/"
            }
        },
        {
            "flavor_text": "Treffer durch Elektro-Attacken verursachen keinen\nSchaden, sondern regenerieren stattdessen KP.",
            "language": {
                "name": "de",
                "url": "/api/v2/language/6/"
            },
            "version_group": {
                "name": "lets-go-pikachu-lets-go-eevee",
                "url": "/api/v2/version-group/19/"
            }
        },
        {
            "flavor_text": "Si le alcanza un movimiento de tipo El\u00e9ctrico,\nrecupera PS en vez de sufrir da\u00f1o.",
            "language": {
                "name": "es",
                "url": "/api/v2/language/7/"
            },
            "version_group": {
                "name": "lets-go-pikachu-lets-go-eevee",
                "url": "/api/v2/version-group/19/"
            }
        },
        {
            "flavor_text": "Se il Pok\u00e9mon subisce una mossa di tipo Elettro,\nrecupera PS anzich\u00e9 subire danni.",
            "language": {
                "name": "it",
                "url": "/api/v2/language/8/"
            },
            "version_group": {
                "name": "lets-go-pikachu-lets-go-eevee",
                "url": "/api/v2/version-group/19/"
            }
        },
        {
            "flavor_text": "Restores HP if hit by an Electric-type move instead\nof taking damage.",
            "language": {
                "name": "en",
                "url": "/api/v2/language/9/"
            },
            "version_group": {
                "name": "lets-go-pikachu-lets-go-eevee",
                "url": "/api/v2/version-group/19/"
            }
        },
        {
            "flavor_text": "\u3067\u3093\u304d\u30bf\u30a4\u30d7\u306e\u3000\u6280\u3092\u3000\u53d7\u3051\u308b\u3068\n\u30c0\u30e1\u30fc\u30b8\u3092\u3000\u53d7\u3051\u305a\u306b\u3000\u56de\u5fa9\u3059\u308b\u3002",
            "language": {
                "name": "ja",
                "url": "/api/v2/language/11/"
            },
            "version_group": {
                "name": "lets-go-pikachu-lets-go-eevee",
                "url": "/api/v2/version-group/19/"
            }
        },
        {
            "flavor_text": "\u53d7\u5230\u7535\u5c5e\u6027\u7684\u62db\u5f0f\u653b\u51fb\u65f6\uff0c\n\u4e0d\u4f1a\u53d7\u5230\u4f24\u5bb3\uff0c\u800c\u662f\u4f1a\u56de\u590d\u3002",
            "language": {
                "name": "zh-Hans",
                "url": "/api/v2/language/12/"
            },
            "version_group": {
                "name": "lets-go-pikachu-lets-go-eevee",
                "url": "/api/v2/version-group/19/"
            }
        },
        {
            "flavor_text": "\u3067\u3093\u304d\u30bf\u30a4\u30d7\u306e\u3000\u308f\u3056\u3092\u3000\u3046\u3051\u308b\u3068\n\u30c0\u30e1\u30fc\u30b8\u3092\u3000\u3046\u3051\u305a\u306b\u3000\u304b\u3044\u3075\u304f\u3059\u308b\u3002",
            "language": {
                "name": "ja-Hrkt",
                "url": "/api/v2/language/1/"
            },
            "version_group": {
                "name": "sword-shield",
                "url": "/api/v2/version-group/20/"
            }
        },
        {
            "flavor_text": "\uc804\uae30\ud0c0\uc785\uc758 \uae30\uc220\uc744 \ubc1b\uc73c\uba74\n\ub370\ubbf8\uc9c0\ub97c \ubc1b\uc9c0 \uc54a\uace0 \ud68c\ubcf5\ud55c\ub2e4.",
            "language": {
                "name": "ko",
                "url": "/api/v2/language/3/"
            },
            "version_group": {
                "name": "sword-shield",
                "url": "/api/v2/version-group/20/"
            }
        },
        {
            "flavor_text": "\u53d7\u5230\u96fb\u5c6c\u6027\u7684\u62db\u5f0f\u653b\u64ca\u6642\uff0c\n\u4e0d\u6703\u53d7\u5230\u50b7\u5bb3\uff0c\u800c\u662f\u6703\u56de\u5fa9\u3002",
            "language": {
                "name": "zh-Hant",
                "url": "/api/v2/language/4/"
            },
            "version_group": {
                "name": "sword-shield",
                "url": "/api/v2/version-group/20/"
            }
        },
        {
            "flavor_text": "Si le Pok\u00e9mon est touch\u00e9 par une capacit\u00e9 \u00c9lectrik, il ne subit aucun d\u00e9g\u00e2t et regagne des PV \u00e0 la place.",
            "language": {
                "name": "fr",
                "url": "/api/v2/language/5/"
            },
            "version_group": {
                "name": "sword-shield",
                "url": "/api/v2/version-group/20/"
            }
        },
        {
            "flavor_text": "Si le Pok\u00e9mon est touch\u00e9 par une capacit\u00e9 \u00c9lectrik,\nil ne subit aucun d\u00e9g\u00e2t et regagne des PV \u00e0 la place.",
            "language": {
                "name": "fr",
                "url": "/api/v2/language/5/"
            },
            "version_group": {
                "name": "sword-shield",
                "url": "/api/v2/version-group/20/"
            }
        },
        {
            "flavor_text": "Treffer durch Elektro-Attacken verursachen keinen\nSchaden, sondern regenerieren stattdessen KP.",
            "language": {
                "name": "de",
                "url": "/api/v2/language/6/"
            },
            "version_group": {
                "name": "sword-shield",
                "url": "/api/v2/version-group/20/"
            }
        },
        {
            "flavor_text": "Si le alcanza un movimiento de tipo El\u00e9ctrico, recupera\nPS en vez de sufrir da\u00f1o.",
            "language": {
                "name": "es",
                "url": "/api/v2/language/7/"
            },
            "version_group": {
                "name": "sword-shield",
                "url": "/api/v2/version-group/20/"
            }
        },
        {
            "flavor_text": "Se il Pok\u00e9mon viene colpito da una mossa di tipo\nElettro, recupera PS anzich\u00e9 subire danni.",
            "language": {
                "name": "it",
                "url": "/api/v2/language/8/"
            },
            "version_group": {
                "name": "sword-shield",
                "url": "/api/v2/version-group/20/"
            }
        },
        {
            "flavor_text": "Restores HP if hit by an Electric-type move instead\nof taking damage.",
            "language": {
                "name": "en",
                "url": "/api/v2/language/9/"
            },
            "version_group": {
                "name": "sword-shield",
                "url": "/api/v2/version-group/20/"
            }
        },
        {
            "flavor_text": "\u3067\u3093\u304d\u30bf\u30a4\u30d7\u306e\u3000\u6280\u3092\u3000\u53d7\u3051\u308b\u3068\n\u30c0\u30e1\u30fc\u30b8\u3092\u3000\u53d7\u3051\u305a\u306b\u3000\u56de\u5fa9\u3059\u308b\u3002",
            "language": {
                "name": "ja",
                "url": "/api/v2/language/11/"
            },
            "version_group": {
                "name": "sword-shield",
                "url": "/api/v2/version-group/20/"
            }
        },
        {
            "flavor_text": "\u53d7\u5230\u7535\u5c5e\u6027\u7684\u62db\u5f0f\u653b\u51fb\u65f6\uff0c\n\u4e0d\u4f1a\u53d7\u5230\u4f24\u5bb3\uff0c\u800c\u662f\u4f1a\u56de\u590d\u3002",
            "language": {
                "name": "zh-Hans",
                "url": "/api/v2/language/12/"
            },
            "version_group": {
                "name": "sword-shield",
                "url": "/api/v2/version-group/20/"
            }
        },
        {
            "flavor_text": "Si le Pok\u00e9mon est touch\u00e9 par une capacit\u00e9 \u00c9lectrik, il ne subit aucun d\u00e9g\u00e2t et regagne des PV \u00e0 la place.",
            "language": {
                "name": "fr",
                "url": "/api/v2/language/5/"
            },
            "version_group": {
                "name": "scarlet-violet",
                "url": "/api/v2/version-group/25/"
            }
        },
        {
            "flavor_text": "If hit by an Electric-type move, the Pok\u00e9mon has its HP restored instead of taking damage.",
            "language": {
                "name": "en",
                "url": "/api/v2/language/9/"
            },
            "version_group": {
                "name": "scarlet-violet",
                "url": "/api/v2/version-group/25/"
            }
        }
    ],
    "generation": {
        "name": "generation-iii",
        "url": "/api/v2/generation/3/"
    },
    "id": 10,
    "is_main_series": true,
    "name": "volt-absorb",
    "names": [
        {
            "language": {
                "name": "ja-Hrkt",
                "url": "/api/v2/language/1/"
            },
            "name": "\u3061\u304f\u3067\u3093"
        },
        {
            "language": {
                "name": "ko",
                "url": "/api/v2/language/3/"
            },
            "name": "\ucd95\uc804"
        },
        {
            "language": {
                "name": "zh-Hant",
                "url": "/api/v2/language/4/"
            },
            "name": "\u84c4\u96fb"
        },
        {
            "language": {
                "name": "fr",
                "url": "/api/v2/language/5/"
            },
            "name": "Absorbe-Volt"
        },
        {
            "language": {
                "name": "de",
                "url": "/api/v2/language/6/"
            },
            "name": "Voltabsorber"
        },
        {
            "language": {
                "name": "es",
                "url": "/api/v2/language/7/"
            },
            "name": "Absorbe Elec"
        },
        {
            "language": {
                "name": "it",
                "url": "/api/v2/language/8/"
            },
            "name": "Assorbivolt"
        },
        {
            "language": {
                "name": "en",
                "url": "/api/v2/language/9/"
            },
            "name": "Volt Absorb"
        },
        {
            "language": {
                "name": "ja",
                "url": "/api/v2/language/11/"
            },
            "name": "\u3061\u304f\u3067\u3093"
        },
        {
            "language": {
                "name": "zh-Hans",
                "url": "/api/v2/language/12/"
            },
            "name": "\u84c4\u7535"
        }
    ],
    "pokemon": [
        {
            "is_hidden": false,
            "pokemon": {
                "name": "jolteon",
                "url": "/api/v2/pokemon/135/"
            },
            "slot": 1
        },
        {
            "is_hidden": false,
            "pokemon": {
                "name": "chinchou",
                "url": "/api/v2/pokemon/170/"
            },
            "slot": 1
        },
        {
            "is_hidden": false,
            "pokemon": {
                "name": "lanturn",
                "url": "/api/v2/pokemon/171/"
            },
            "slot": 1
        },
        {
            "is_hidden": true,
            "pokemon": {
                "name": "minun",
                "url": "/api/v2/pokemon/312/"
            },
            "slot": 3
        },
        {
            "is_hidden": true,
            "pokemon": {
                "name": "pachirisu",
                "url": "/api/v2/pokemon/417/"
            },
            "slot": 3
        },
        {
            "is_hidden": false,
            "pokemon": {
                "name": "zeraora",
                "url": "/api/v2/pokemon/807/"
            },
            "slot": 1
        },
        {
            "is_hidden": false,
            "pokemon": {
                "name": "dracozolt",
                "url": "/api/v2/pokemon/880/"
            },
            "slot": 1
        },
        {
            "is_hidden": false,
            "pokemon": {
                "name": "arctozolt",
                "url": "/api/v2/pokemon/881/"
            },
            "slot": 1
        },
        {
            "is_hidden": false,
            "pokemon": {
                "name": "pawmo",
                "url": "/api/v2/pokemon/922/"
            },
            "slot": 1
        },
        {
            "is_hidden": false,
            "pokemon": {
                "name": "pawmot",
                "url": "/api/v2/pokemon/923/"
            },
            "slot": 1
        },
        {
            "is_hidden": false,
            "pokemon": {
                "name": "wattrel",
                "url": "/api/v2/pokemon/940/"
            },
            "slot": 2
        },
        {
            "is_hidden": false,
            "pokemon": {
                "name": "kilowattrel",
                "url": "/api/v2/pokemon/941/"
            },
            "slot": 2
        },
        {
            "is_hidden": false,
            "pokemon": {
                "name": "thundurus-therian",
                "url": "/api/v2/pokemon/10020/"
            },
            "slot": 1
        }
    ]
}