{
    "descriptions": [
        {
            "description": "\u3053\u3046\u304d\u3057\u3093\u304c\u3000\u3064\u3088\u3044",
            "language": {
                "name": "ja-Hrkt",
                "url": "/api/v2/language/1/"
            }
        },
        {
            "description": "\ud638\uae30\uc2ec\uc774 \uac15\ud568",
            "language": {
                "name": "ko",
                "url": "/api/v2/language/3/"
            }
        },
        {
            "description": "\u597d\u5947\u5fc3\u5f37",
            "language": {
                "name": "zh-Hant",
                "url": "/api/v2/language/4/"
            }
        },
        {
            "description": "Il est extr\u00eamement curieux",
            "language": {
                "name": "fr",
                "url": "/api/v2/language/5/"
            }
        },
        {
            "description": "Ist sehr neugierig",
            "language": {
                "name": "de",
                "url": "/api/v2/language/6/"
            }
        },
        {
            "description": "Siente mucha curiosidad por todo",
            "language": {
                "name": "es",
                "url": "/api/v2/language/7/"
            }
        },
        {
            "description": "\u00c8 un grande ficcanaso",
            "language": {
                "name": "it",
                "url": "/api/v2/language/8/"
            }
        },
        {
            "description": "Highly curious",
            "language": {
                "name": "en",
                "url": "/api/v2/language/9/"
            }
        },
        {
            "description": "\u597d\u5947\u5fc3\u304c\u3000\u5f37\u3044",
            "language": {
                "name": "ja",
                "url": "/api/v2/language/11/"
            }
        },
        {
            "description": "\u597d\u5947\u5fc3\u5f3a",
            "language": {
                "name": "zh-Hans",
                "url": "/api/v2/language/12/"
            }
        }
    ],
    "gene_modulo": 0,
    "highest_stat": {
        "name": "special-attack",
        "url": "/api/v2/stat/4/"
    },
    "id": 4,
    "possible_values": [
        0,
        5,
        10,
        15,
        20,
        25,
        30
    ]
}