{
    "effect_changes": [],
    "effect_entries": [
        {
            "effect": "Boosts the Pok\u00e9mon\u2019s Attack stat if intimidated. Moves and items that would force the Pok\u00e9mon to switch out also fail to work.",
            "language": {
                "name": "en",
                "url": "/api/v2/language/9/"
            },
            "short_effect": "Boosts Attack if intimidated, and prevents being forced to switch out."
        }
    ],
    "flavor_text_entries": [
        {
            "flavor_text": "L\u2019Attaque du Pok\u00e9mon augmente s\u2019il subit l\u2019effet du\\ntalent Intimidation. Les capacit\u00e9s ou objets qui font\\nchanger de Pok\u00e9mon n\u2019ont aucun effet sur lui.",
            "language": {
                "name": "fr",
                "url": "/api/v2/language/5/"
            },
            "version_group": {
                "name": "scarlet-violet",
                "url": "/api/v2/version-group/25/"
            }
        },
        {
            "flavor_text": "Boosts the Pok\u00e9mon\u2019s Attack stat if intimidated. Moves and items that would force the Pok\u00e9mon to switch out also fail to work.",
            "language": {
                "name": "en",
                "url": "/api/v2/language/9/"
            },
            "version_group": {
                "name": "scarlet-violet",
                "url": "/api/v2/version-group/25/"
            }
        }
    ],
    "generation": {
        "name": "generation-ix",
        "url": "/api/v2/generation/9/"
    },
    "id": 275,
    "is_main_series": true,
    "name": "guard-dog",
    "names": [
        {
            "language": {
                "name": "ja-Hrkt",
                "url": "/api/v2/language/1/"
            },
            "name": "\u3070\u3093\u3051\u3093"
        },
        {
            "language": {
                "name": "fr",
                "url": "/api/v2/language/5/"
            },
            "name": "Chien de Garde"
        },
        {
            "language": {
                "name": "de",
                "url": "/api/v2/language/6/"
            },
            "name": "Wachhund"
        },
        {
            "language": {
                "name": "es",
                "url": "/api/v2/language/7/"
            },
            "name": "Perro Guardi\u00e1n"
        },
        {
            "language": {
                "name": "it",
                "url": "/api/v2/language/8/"
            },
            "name": "Cane da Guardia"
        },
        {
            "language": {
                "name": "en",
                "url": "/api/v2/language/9/"
            },
            "name": "Guard Dog"
        },
        {
            "language": {
                "name": "ja",
                "url": "/api/v2/language/11/"
            },
            "name": "\u3070\u3093\u3051\u3093"
        }
    ],
    "pokemon": [
        {
            "is_hidden": false,
            "pokemon": {
                "name": "mabosstiff",
                "url": "/api/v2/pokemon/943/"
            },
            "slot": 2
        },
        {
            "is_hidden": true,
            "pokemon": {
                "name": "okidogi",
                "url": "/api/v2/pokemon/1014/"
            },
            "slot": 3
        }
    ]
}