{
    "effect_changes": [],
    "effect_entries": [
        {
            "effect": "Bounces back only the stat-lowering effects that the Pok\u00e9mon receives.",
            "language": {
                "name": "en",
                "url": "/api/v2/language/9/"
            },
            "short_effect": "Reflects any stat-lowering effects."
        }
    ],
    "flavor_text_entries": [
        {
            "flavor_text": "\u3058\u3076\u3093\u304c\u3000\u3046\u3051\u305f\n\u306e\u3046\u308a\u3087\u304f\u3000\u30c0\u30a6\u30f3\u306e\n\u3053\u3046\u304b\u3000\u3060\u3051\u3092\u3000\u306f\u306d\u304b\u3048\u3059\u3002",
            "language": {
                "name": "ja-Hrkt",
                "url": "/api/v2/language/1/"
            },
            "version_group": {
                "name": "sword-shield",
                "url": "/api/v2/version-group/20/"
            }
        },
        {
            "flavor_text": "\uc790\uc2e0\uc774 \ubc1b\ub294\n\ub2a5\ub825 \ub2e4\uc6b4 \ud6a8\uacfc\uc5d0 \ud55c\ud574\n\ub418\ubc1b\uc544\uce5c\ub2e4.",
            "language": {
                "name": "ko",
                "url": "/api/v2/language/3/"
            },
            "version_group": {
                "name": "sword-shield",
                "url": "/api/v2/version-group/20/"
            }
        },
        {
            "flavor_text": "\u53ea\u53cd\u5f48\u81ea\u5df1\u53d7\u5230\u7684\n\u80fd\u529b\u964d\u4f4e\u6548\u679c\u3002",
            "language": {
                "name": "zh-Hant",
                "url": "/api/v2/language/4/"
            },
            "version_group": {
                "name": "sword-shield",
                "url": "/api/v2/version-group/20/"
            }
        },
        {
            "flavor_text": "Le Pok\u00e9mon renvoie les effets r\u00e9ducteurs de stats\nqu\u2019il re\u00e7oit.",
            "language": {
                "name": "fr",
                "url": "/api/v2/language/5/"
            },
            "version_group": {
                "name": "sword-shield",
                "url": "/api/v2/version-group/20/"
            }
        },
        {
            "flavor_text": "Lenkt ausschlie\u00dflich Effekte, welche die Statuswerte\ndes Pok\u00e9mon senken w\u00fcrden, auf den Angreifer um.",
            "language": {
                "name": "de",
                "url": "/api/v2/language/6/"
            },
            "version_group": {
                "name": "sword-shield",
                "url": "/api/v2/version-group/20/"
            }
        },
        {
            "flavor_text": "Refleja los efectos que reducen las caracter\u00edsticas.",
            "language": {
                "name": "es",
                "url": "/api/v2/language/7/"
            },
            "version_group": {
                "name": "sword-shield",
                "url": "/api/v2/version-group/20/"
            }
        },
        {
            "flavor_text": "Rimanda al mittente le diminuzioni alle statistiche\nsubite.",
            "language": {
                "name": "it",
                "url": "/api/v2/language/8/"
            },
            "version_group": {
                "name": "sword-shield",
                "url": "/api/v2/version-group/20/"
            }
        },
        {
            "flavor_text": "Bounces back only the stat-lowering effects that\nthe Pok\u00e9mon receives.",
            "language": {
                "name": "en",
                "url": "/api/v2/language/9/"
            },
            "version_group": {
                "name": "sword-shield",
                "url": "/api/v2/version-group/20/"
            }
        },
        {
            "flavor_text": "\u81ea\u5206\u304c\u3000\u53d7\u3051\u305f\n\u80fd\u529b\u3000\u30c0\u30a6\u30f3\u306e\n\u52b9\u679c\u3000\u3060\u3051\u3092\u3000\u8df3\u306d\u8fd4\u3059\u3002",
            "language": {
                "name": "ja",
                "url": "/api/v2/language/11/"
            },
            "version_group": {
                "name": "sword-shield",
                "url": "/api/v2/version-group/20/"
            }
        },
        {
            "flavor_text": "\u53ea\u53cd\u5f39\u81ea\u5df1\u53d7\u5230\u7684\n\u80fd\u529b\u964d\u4f4e\u6548\u679c\u3002",
            "language": {
                "name": "zh-Hans",
                "url": "/api/v2/language/12/"
            },
            "version_group": {
                "name": "sword-shield",
                "url": "/api/v2/version-group/20/"
            }
        },
        {
            "flavor_text": "Le Pok\u00e9mon renvoie les effets r\u00e9ducteurs de stats\\nqu\u2019il re\u00e7oit.",
            "language": {
                "name": "fr",
                "url": "/api/v2/language/5/"
            },
            "version_group": {
                "name": "scarlet-violet",
                "url": "/api/v2/version-group/25/"
            }
        },
        {
            "flavor_text": "Bounces back only the stat-lowering effects that the Pok\u00e9mon receives.",
            "language": {
                "name": "en",
                "url": "/api/v2/language/9/"
            },
            "version_group": {
                "name": "scarlet-violet",
                "url": "/api/v2/version-group/25/"
            }
        }
    ],
    "generation": {
        "name": "generation-viii",
        "url": "/api/v2/generation/8/"
    },
    "id": 240,
    "is_main_series": true,
    "name": "mirror-armor",
    "names": [
        {
            "language": {
                "name": "ja-Hrkt",
                "url": "/api/v2/language/1/"
            },
            "name": "\u30df\u30e9\u30fc\u30a2\u30fc\u30de\u30fc"
        },
        {
            "language": {
                "name": "ko",
                "url": "/api/v2/language/3/"
            },
            "name": "\ubbf8\ub7ec\uc544\uba38"
        },
        {
            "language": {
                "name": "zh-Hant",
                "url": "/api/v2/language/4/"
            },
            "name": "\u93e1\u7532"
        },
        {
            "language": {
                "name": "fr",
                "url": "/api/v2/language/5/"
            },
            "name": "Armure Miroir"
        },
        {
            "language": {
                "name": "de",
                "url": "/api/v2/language/6/"
            },
            "name": "Spiegelr\u00fcstung"
        },
        {
            "language": {
                "name": "es",
                "url": "/api/v2/language/7/"
            },
            "name": "Coraza Reflejo"
        },
        {
            "language": {
                "name": "it",
                "url": "/api/v2/language/8/"
            },
            "name": "Blindospecchio"
        },
        {
            "language": {
                "name": "en",
                "url": "/api/v2/language/9/"
            },
            "name": "Mirror Armor"
        },
        {
            "language": {
                "name": "ja",
                "url": "/api/v2/language/11/"
            },
            "name": "\u30df\u30e9\u30fc\u30a2\u30fc\u30de\u30fc"
        },
        {
            "language": {
                "name": "zh-Hans",
                "url": "/api/v2/language/12/"
            },
            "name": "\u955c\u7532"
        }
    ],
    "pokemon": [
        {
            "is_hidden": true,
            "pokemon": {
                "name": "corviknight",
                "url": "/api/v2/pokemon/823/"
            },
            "slot": 3
        },
        {
            "is_hidden": true,
            "pokemon": {
                "name": "corviknight-gmax",
                "url": "/api/v2/pokemon/10212/"
            },
            "slot": 3
        }
    ]
}