{
    "effect_changes": [],
    "effect_entries": [
        {
            "effect": "Pok\u00e9mon mit dieser F\u00e4higkeit kopieren einen zuf\u00e4lligen Gegner. Der Effekt ist identisch mit transform.",
            "language": {
                "name": "de",
                "url": "/api/v2/language/6/"
            },
            "short_effect": "Verwandelt sich beim Betreten des Kampfes in den Gegner."
        },
        {
            "effect": "This Pok\u00e9mon transforms into a random opponent upon entering battle.  This effect is identical to the move transform.",
            "language": {
                "name": "en",
                "url": "/api/v2/language/9/"
            },
            "short_effect": "Transforms upon entering battle."
        }
    ],
    "flavor_text_entries": [
        {
            "flavor_text": "\u76ee\u306e\u524d\u306e\u3000\u30dd\u30b1\u30e2\u30f3\u306b\n\u5909\u8eab\u3000\u3057\u3066\u3057\u307e\u3046\u3002",
            "language": {
                "name": "ja",
                "url": "/api/v2/language/11/"
            },
            "version_group": {
                "name": "sun-moon",
                "url": "/api/v2/version-group/17/"
            }
        },
        {
            "flavor_text": "Adopte l\u2019apparence du\nPok\u00e9mon adverse.",
            "language": {
                "name": "fr",
                "url": "/api/v2/language/5/"
            },
            "version_group": {
                "name": "black-white",
                "url": "/api/v2/version-group/11/"
            }
        },
        {
            "flavor_text": "It transforms itself into\nthe Pok\u00e9mon it is facing.",
            "language": {
                "name": "en",
                "url": "/api/v2/language/9/"
            },
            "version_group": {
                "name": "black-white",
                "url": "/api/v2/version-group/11/"
            }
        },
        {
            "flavor_text": "It transforms itself into\nthe Pok\u00e9mon it is facing.",
            "language": {
                "name": "en",
                "url": "/api/v2/language/9/"
            },
            "version_group": {
                "name": "black-2-white-2",
                "url": "/api/v2/version-group/14/"
            }
        },
        {
            "flavor_text": "\u3081\u306e\u307e\u3048\u306e\u3000\u30dd\u30b1\u30e2\u30f3\u306b\n\u3078\u3093\u3057\u3093\u3000\u3057\u3066\u3057\u307e\u3046\u3002",
            "language": {
                "name": "ja-Hrkt",
                "url": "/api/v2/language/1/"
            },
            "version_group": {
                "name": "x-y",
                "url": "/api/v2/version-group/15/"
            }
        },
        {
            "flavor_text": "\ub208\uc55e\uc758 \ud3ec\ucf13\ubaac\uc73c\ub85c\n\ubcc0\uc2e0\ud574\ubc84\ub9b0\ub2e4.",
            "language": {
                "name": "ko",
                "url": "/api/v2/language/3/"
            },
            "version_group": {
                "name": "x-y",
                "url": "/api/v2/version-group/15/"
            }
        },
        {
            "flavor_text": "Adopte l\u2019apparence du Pok\u00e9mon\nadverse.",
            "language": {
                "name": "fr",
                "url": "/api/v2/language/5/"
            },
            "version_group": {
                "name": "x-y",
                "url": "/api/v2/version-group/15/"
            }
        },
        {
            "flavor_text": "K\u00e4mpft als Kopie seines\nGegen\u00fcbers.",
            "language": {
                "name": "de",
                "url": "/api/v2/language/6/"
            },
            "version_group": {
                "name": "x-y",
                "url": "/api/v2/version-group/15/"
            }
        },
        {
            "flavor_text": "Se transforma en el Pok\u00e9mon que\ntiene enfrente.",
            "language": {
                "name": "es",
                "url": "/api/v2/language/7/"
            },
            "version_group": {
                "name": "x-y",
                "url": "/api/v2/version-group/15/"
            }
        },
        {
            "flavor_text": "Si trasforma nel Pok\u00e9mon che ha\ndavanti.",
            "language": {
                "name": "it",
                "url": "/api/v2/language/8/"
            },
            "version_group": {
                "name": "x-y",
                "url": "/api/v2/version-group/15/"
            }
        },
        {
            "flavor_text": "The Pok\u00e9mon transforms itself\ninto the Pok\u00e9mon it\u2019s facing.",
            "language": {
                "name": "en",
                "url": "/api/v2/language/9/"
            },
            "version_group": {
                "name": "x-y",
                "url": "/api/v2/version-group/15/"
            }
        },
        {
            "flavor_text": "\u76ee\u306e\u524d\u306e\u3000\u30dd\u30b1\u30e2\u30f3\u306b\n\u5909\u8eab\u3057\u3066\u3057\u307e\u3046\u3002",
            "language": {
                "name": "ja",
                "url": "/api/v2/language/11/"
            },
            "version_group": {
                "name": "x-y",
                "url": "/api/v2/version-group/15/"
            }
        },
        {
            "flavor_text": "\u3081\u306e\u307e\u3048\u306e\u3000\u30dd\u30b1\u30e2\u30f3\u306b\n\u3078\u3093\u3057\u3093\u3000\u3057\u3066\u3057\u307e\u3046\u3002",
            "language": {
                "name": "ja-Hrkt",
                "url": "/api/v2/language/1/"
            },
            "version_group": {
                "name": "omega-ruby-alpha-sapphire",
                "url": "/api/v2/version-group/16/"
            }
        },
        {
            "flavor_text": "\ub208\uc55e\uc758 \ud3ec\ucf13\ubaac\uc73c\ub85c\n\ubcc0\uc2e0\ud574\ubc84\ub9b0\ub2e4.",
            "language": {
                "name": "ko",
                "url": "/api/v2/language/3/"
            },
            "version_group": {
                "name": "omega-ruby-alpha-sapphire",
                "url": "/api/v2/version-group/16/"
            }
        },
        {
            "flavor_text": "Adopte l\u2019apparence du Pok\u00e9mon\nadverse.",
            "language": {
                "name": "fr",
                "url": "/api/v2/language/5/"
            },
            "version_group": {
                "name": "omega-ruby-alpha-sapphire",
                "url": "/api/v2/version-group/16/"
            }
        },
        {
            "flavor_text": "K\u00e4mpft als Kopie seines\nGegen\u00fcbers.",
            "language": {
                "name": "de",
                "url": "/api/v2/language/6/"
            },
            "version_group": {
                "name": "omega-ruby-alpha-sapphire",
                "url": "/api/v2/version-group/16/"
            }
        },
        {
            "flavor_text": "Se transforma en el Pok\u00e9mon que\ntiene enfrente.",
            "language": {
                "name": "es",
                "url": "/api/v2/language/7/"
            },
            "version_group": {
                "name": "omega-ruby-alpha-sapphire",
                "url": "/api/v2/version-group/16/"
            }
        },
        {
            "flavor_text": "Si trasforma nel Pok\u00e9mon che ha\ndavanti.",
            "language": {
                "name": "it",
                "url": "/api/v2/language/8/"
            },
            "version_group": {
                "name": "omega-ruby-alpha-sapphire",
                "url": "/api/v2/version-group/16/"
            }
        },
        {
            "flavor_text": "The Pok\u00e9mon transforms itself\ninto the Pok\u00e9mon it\u2019s facing.",
            "language": {
                "name": "en",
                "url": "/api/v2/language/9/"
            },
            "version_group": {
                "name": "omega-ruby-alpha-sapphire",
                "url": "/api/v2/version-group/16/"
            }
        },
        {
            "flavor_text": "\u76ee\u306e\u524d\u306e\u3000\u30dd\u30b1\u30e2\u30f3\u306b\n\u5909\u8eab\u3057\u3066\u3057\u307e\u3046\u3002",
            "language": {
                "name": "ja",
                "url": "/api/v2/language/11/"
            },
            "version_group": {
                "name": "omega-ruby-alpha-sapphire",
                "url": "/api/v2/version-group/16/"
            }
        },
        {
            "flavor_text": "\u3081\u306e\u307e\u3048\u306e\u3000\u30dd\u30b1\u30e2\u30f3\u306b\n\u3078\u3093\u3057\u3093\u3000\u3057\u3066\u3057\u307e\u3046\u3002",
            "language": {
                "name": "ja-Hrkt",
                "url": "/api/v2/language/1/"
            },
            "version_group": {
                "name": "sun-moon",
                "url": "/api/v2/version-group/17/"
            }
        },
        {
            "flavor_text": "\ub208\uc55e\uc758 \ud3ec\ucf13\ubaac\uc73c\ub85c\n\ubcc0\uc2e0\ud574\ubc84\ub9b0\ub2e4.",
            "language": {
                "name": "ko",
                "url": "/api/v2/language/3/"
            },
            "version_group": {
                "name": "sun-moon",
                "url": "/api/v2/version-group/17/"
            }
        },
        {
            "flavor_text": "\u8b8a\u8eab\u70ba\u7576\u524d\u9762\u5c0d\u7684\u5bf6\u53ef\u5922\u3002",
            "language": {
                "name": "zh-Hant",
                "url": "/api/v2/language/4/"
            },
            "version_group": {
                "name": "sun-moon",
                "url": "/api/v2/version-group/17/"
            }
        },
        {
            "flavor_text": "Donne l\u2019apparence du Pok\u00e9mon adverse.",
            "language": {
                "name": "fr",
                "url": "/api/v2/language/5/"
            },
            "version_group": {
                "name": "sun-moon",
                "url": "/api/v2/version-group/17/"
            }
        },
        {
            "flavor_text": "K\u00e4mpft als Kopie seines Gegen\u00fcbers.",
            "language": {
                "name": "de",
                "url": "/api/v2/language/6/"
            },
            "version_group": {
                "name": "sun-moon",
                "url": "/api/v2/version-group/17/"
            }
        },
        {
            "flavor_text": "El Pok\u00e9mon se transforma en el que tiene enfrente.",
            "language": {
                "name": "es",
                "url": "/api/v2/language/7/"
            },
            "version_group": {
                "name": "sun-moon",
                "url": "/api/v2/version-group/17/"
            }
        },
        {
            "flavor_text": "Il Pok\u00e9mon si trasforma nel nemico che ha davanti.",
            "language": {
                "name": "it",
                "url": "/api/v2/language/8/"
            },
            "version_group": {
                "name": "sun-moon",
                "url": "/api/v2/version-group/17/"
            }
        },
        {
            "flavor_text": "The Pok\u00e9mon transforms itself into the Pok\u00e9mon\nit\u2019s facing.",
            "language": {
                "name": "en",
                "url": "/api/v2/language/9/"
            },
            "version_group": {
                "name": "sun-moon",
                "url": "/api/v2/version-group/17/"
            }
        },
        {
            "flavor_text": "\u53d8\u8eab\u4e3a\u5f53\u524d\u9762\u5bf9\u7684\u5b9d\u53ef\u68a6\u3002",
            "language": {
                "name": "zh-Hans",
                "url": "/api/v2/language/12/"
            },
            "version_group": {
                "name": "sun-moon",
                "url": "/api/v2/version-group/17/"
            }
        },
        {
            "flavor_text": "\u3081\u306e\u307e\u3048\u306e\u3000\u30dd\u30b1\u30e2\u30f3\u306b\n\u3078\u3093\u3057\u3093\u3000\u3057\u3066\u3057\u307e\u3046\u3002",
            "language": {
                "name": "ja-Hrkt",
                "url": "/api/v2/language/1/"
            },
            "version_group": {
                "name": "ultra-sun-ultra-moon",
                "url": "/api/v2/version-group/18/"
            }
        },
        {
            "flavor_text": "\ub208\uc55e\uc758 \ud3ec\ucf13\ubaac\uc73c\ub85c\n\ubcc0\uc2e0\ud574\ubc84\ub9b0\ub2e4.",
            "language": {
                "name": "ko",
                "url": "/api/v2/language/3/"
            },
            "version_group": {
                "name": "ultra-sun-ultra-moon",
                "url": "/api/v2/version-group/18/"
            }
        },
        {
            "flavor_text": "\u8b8a\u8eab\u70ba\u7576\u524d\u9762\u5c0d\u7684\u5bf6\u53ef\u5922\u3002",
            "language": {
                "name": "zh-Hant",
                "url": "/api/v2/language/4/"
            },
            "version_group": {
                "name": "ultra-sun-ultra-moon",
                "url": "/api/v2/version-group/18/"
            }
        },
        {
            "flavor_text": "Donne l\u2019apparence du Pok\u00e9mon adverse.",
            "language": {
                "name": "fr",
                "url": "/api/v2/language/5/"
            },
            "version_group": {
                "name": "ultra-sun-ultra-moon",
                "url": "/api/v2/version-group/18/"
            }
        },
        {
            "flavor_text": "K\u00e4mpft als Kopie seines Gegen\u00fcbers.",
            "language": {
                "name": "de",
                "url": "/api/v2/language/6/"
            },
            "version_group": {
                "name": "ultra-sun-ultra-moon",
                "url": "/api/v2/version-group/18/"
            }
        },
        {
            "flavor_text": "El Pok\u00e9mon se transforma en el que tiene enfrente.",
            "language": {
                "name": "es",
                "url": "/api/v2/language/7/"
            },
            "version_group": {
                "name": "ultra-sun-ultra-moon",
                "url": "/api/v2/version-group/18/"
            }
        },
        {
            "flavor_text": "Il Pok\u00e9mon si trasforma nel nemico che ha davanti.",
            "language": {
                "name": "it",
                "url": "/api/v2/language/8/"
            },
            "version_group": {
                "name": "ultra-sun-ultra-moon",
                "url": "/api/v2/version-group/18/"
            }
        },
        {
            "flavor_text": "The Pok\u00e9mon transforms itself into the Pok\u00e9mon\nit\u2019s facing.",
            "language": {
                "name": "en",
                "url": "/api/v2/language/9/"
            },
            "version_group": {
                "name": "ultra-sun-ultra-moon",
                "url": "/api/v2/version-group/18/"
            }
        },
        {
            "flavor_text": "\u76ee\u306e\u524d\u306e\u3000\u30dd\u30b1\u30e2\u30f3\u306b\n\u5909\u8eab\u3000\u3057\u3066\u3057\u307e\u3046\u3002",
            "language": {
                "name": "ja",
                "url": "/api/v2/language/11/"
            },
            "version_group": {
                "name": "ultra-sun-ultra-moon",
                "url": "/api/v2/version-group/18/"
            }
        },
        {
            "flavor_text": "\u53d8\u8eab\u4e3a\u5f53\u524d\u9762\u5bf9\u7684\u5b9d\u53ef\u68a6\u3002",
            "language": {
                "name": "zh-Hans",
                "url": "/api/v2/language/12/"
            },
            "version_group": {
                "name": "ultra-sun-ultra-moon",
                "url": "/api/v2/version-group/18/"
            }
        },
        {
            "flavor_text": "\u3081\u306e\u307e\u3048\u306e\u3000\u30dd\u30b1\u30e2\u30f3\u306b\n\u3078\u3093\u3057\u3093\u3000\u3057\u3066\u3057\u307e\u3046\u3002",
            "language": {
                "name": "ja-Hrkt",
                "url": "/api/v2/language/1/"
            },
            "version_group": {
                "name": "lets-go-pikachu-lets-go-eevee",
                "url": "/api/v2/version-group/19/"
            }
        },
        {
            "flavor_text": "\ub208\uc55e\uc758 \ud3ec\ucf13\ubaac\uc73c\ub85c\n\ubcc0\uc2e0\ud574\ubc84\ub9b0\ub2e4.",
            "language": {
                "name": "ko",
                "url": "/api/v2/language/3/"
            },
            "version_group": {
                "name": "lets-go-pikachu-lets-go-eevee",
                "url": "/api/v2/version-group/19/"
            }
        },
        {
            "flavor_text": "\u8b8a\u8eab\u70ba\u7576\u524d\u9762\u5c0d\u7684\u5bf6\u53ef\u5922\u3002",
            "language": {
                "name": "zh-Hant",
                "url": "/api/v2/language/4/"
            },
            "version_group": {
                "name": "lets-go-pikachu-lets-go-eevee",
                "url": "/api/v2/version-group/19/"
            }
        },
        {
            "flavor_text": "Donne l\u2019apparence du Pok\u00e9mon adverse.",
            "language": {
                "name": "fr",
                "url": "/api/v2/language/5/"
            },
            "version_group": {
                "name": "lets-go-pikachu-lets-go-eevee",
                "url": "/api/v2/version-group/19/"
            }
        },
        {
            "flavor_text": "K\u00e4mpft als Kopie seines Gegen\u00fcbers.",
            "language": {
                "name": "de",
                "url": "/api/v2/language/6/"
            },
            "version_group": {
                "name": "lets-go-pikachu-lets-go-eevee",
                "url": "/api/v2/version-group/19/"
            }
        },
        {
            "flavor_text": "El Pok\u00e9mon se transforma en el que tiene enfrente.",
            "language": {
                "name": "es",
                "url": "/api/v2/language/7/"
            },
            "version_group": {
                "name": "lets-go-pikachu-lets-go-eevee",
                "url": "/api/v2/version-group/19/"
            }
        },
        {
            "flavor_text": "Il Pok\u00e9mon si trasforma nel nemico che ha davanti.",
            "language": {
                "name": "it",
                "url": "/api/v2/language/8/"
            },
            "version_group": {
                "name": "lets-go-pikachu-lets-go-eevee",
                "url": "/api/v2/version-group/19/"
            }
        },
        {
            "flavor_text": "The Pok\u00e9mon transforms itself into the Pok\u00e9mon\nit\u2019s facing.",
            "language": {
                "name": "en",
                "url": "/api/v2/language/9/"
            },
            "version_group": {
                "name": "lets-go-pikachu-lets-go-eevee",
                "url": "/api/v2/version-group/19/"
            }
        },
        {
            "flavor_text": "\u76ee\u306e\u524d\u306e\u3000\u30dd\u30b1\u30e2\u30f3\u306b\n\u5909\u8eab\u3000\u3057\u3066\u3057\u307e\u3046\u3002",
            "language": {
                "name": "ja",
                "url": "/api/v2/language/11/"
            },
            "version_group": {
                "name": "lets-go-pikachu-lets-go-eevee",
                "url": "/api/v2/version-group/19/"
            }
        },
        {
            "flavor_text": "\u53d8\u8eab\u4e3a\u5f53\u524d\u9762\u5bf9\u7684\u5b9d\u53ef\u68a6\u3002",
            "language": {
                "name": "zh-Hans",
                "url": "/api/v2/language/12/"
            },
            "version_group": {
                "name": "lets-go-pikachu-lets-go-eevee",
                "url": "/api/v2/version-group/19/"
            }
        },
        {
            "flavor_text": "\u3081\u306e\u307e\u3048\u306e\u3000\u30dd\u30b1\u30e2\u30f3\u306b\n\u3078\u3093\u3057\u3093\u3000\u3057\u3066\u3057\u307e\u3046\u3002",
            "language": {
                "name": "ja-Hrkt",
                "url": "/api/v2/language/1/"
            },
            "version_group": {
                "name": "sword-shield",
                "url": "/api/v2/version-group/20/"
            }
        },
        {
            "flavor_text": "\ub208\uc55e\uc758 \ud3ec\ucf13\ubaac\uc73c\ub85c\n\ubcc0\uc2e0\ud574\ubc84\ub9b0\ub2e4.",
            "language": {
                "name": "ko",
                "url": "/api/v2/language/3/"
            },
            "version_group": {
                "name": "sword-shield",
                "url": "/api/v2/version-group/20/"
            }
        },
        {
            "flavor_text": "\u8b8a\u8eab\u70ba\u7576\u524d\u9762\u5c0d\u7684\u5bf6\u53ef\u5922\u3002",
            "language": {
                "name": "zh-Hant",
                "url": "/api/v2/language/4/"
            },
            "version_group": {
                "name": "sword-shield",
                "url": "/api/v2/version-group/20/"
            }
        },
        {
            "flavor_text": "Le Pok\u00e9mon prend l\u2019apparence du Pok\u00e9mon adverse.",
            "language": {
                "name": "fr",
                "url": "/api/v2/language/5/"
            },
            "version_group": {
                "name": "sword-shield",
                "url": "/api/v2/version-group/20/"
            }
        },
        {
            "flavor_text": "K\u00e4mpft als Kopie seines Gegen\u00fcbers.",
            "language": {
                "name": "de",
                "url": "/api/v2/language/6/"
            },
            "version_group": {
                "name": "sword-shield",
                "url": "/api/v2/version-group/20/"
            }
        },
        {
            "flavor_text": "Se transforma en el Pok\u00e9mon que tiene enfrente.",
            "language": {
                "name": "es",
                "url": "/api/v2/language/7/"
            },
            "version_group": {
                "name": "sword-shield",
                "url": "/api/v2/version-group/20/"
            }
        },
        {
            "flavor_text": "Il Pok\u00e9mon si trasforma nel nemico che ha davanti.",
            "language": {
                "name": "it",
                "url": "/api/v2/language/8/"
            },
            "version_group": {
                "name": "sword-shield",
                "url": "/api/v2/version-group/20/"
            }
        },
        {
            "flavor_text": "The Pok\u00e9mon transforms itself into the Pok\u00e9mon\nit\u2019s facing.",
            "language": {
                "name": "en",
                "url": "/api/v2/language/9/"
            },
            "version_group": {
                "name": "sword-shield",
                "url": "/api/v2/version-group/20/"
            }
        },
        {
            "flavor_text": "\u76ee\u306e\u524d\u306e\u3000\u30dd\u30b1\u30e2\u30f3\u306b\n\u5909\u8eab\u3000\u3057\u3066\u3057\u307e\u3046\u3002",
            "language": {
                "name": "ja",
                "url": "/api/v2/language/11/"
            },
            "version_group": {
                "name": "sword-shield",
                "url": "/api/v2/version-group/20/"
            }
        },
        {
            "flavor_text": "\u53d8\u8eab\u4e3a\u5f53\u524d\u9762\u5bf9\u7684\u5b9d\u53ef\u68a6\u3002",
            "language": {
                "name": "zh-Hans",
                "url": "/api/v2/language/12/"
            },
            "version_group": {
                "name": "sword-shield",
                "url": "/api/v2/version-group/20/"
            }
        },
        {
            "flavor_text": "Le Pok\u00e9mon prend l\u2019apparence du Pok\u00e9mon adverse.",
            "language": {
                "name": "fr",
                "url": "/api/v2/language/5/"
            },
            "version_group": {
                "name": "scarlet-violet",
                "url": "/api/v2/version-group/25/"
            }
        },
        {
            "flavor_text": "The Pok\u00e9mon transforms itself into the Pok\u00e9mon it's facing.",
            "language": {
                "name": "en",
                "url": "/api/v2/language/9/"
            },
            "version_group": {
                "name": "scarlet-violet",
                "url": "/api/v2/version-group/25/"
            }
        }
    ],
    "generation": {
        "name": "generation-v",
        "url": "/api/v2/generation/5/"
    },
    "id": 150,
    "is_main_series": true,
    "name": "imposter",
    "names": [
        {
            "language": {
                "name": "ja-Hrkt",
                "url": "/api/v2/language/1/"
            },
            "name": "\u304b\u308f\u308a\u3082\u306e"
        },
        {
            "language": {
                "name": "ko",
                "url": "/api/v2/language/3/"
            },
            "name": "\uad34\uc9dc"
        },
        {
            "language": {
                "name": "zh-Hant",
                "url": "/api/v2/language/4/"
            },
            "name": "\u8b8a\u8eab\u8005"
        },
        {
            "language": {
                "name": "fr",
                "url": "/api/v2/language/5/"
            },
            "name": "Imposteur"
        },
        {
            "language": {
                "name": "de",
                "url": "/api/v2/language/6/"
            },
            "name": "Doppelg\u00e4nger"
        },
        {
            "language": {
                "name": "es",
                "url": "/api/v2/language/7/"
            },
            "name": "Impostor"
        },
        {
            "language": {
                "name": "it",
                "url": "/api/v2/language/8/"
            },
            "name": "Sosia"
        },
        {
            "language": {
                "name": "en",
                "url": "/api/v2/language/9/"
            },
            "name": "Imposter"
        },
        {
            "language": {
                "name": "ja",
                "url": "/api/v2/language/11/"
            },
            "name": "\u304b\u308f\u308a\u3082\u306e"
        },
        {
            "language": {
                "name": "zh-Hans",
                "url": "/api/v2/language/12/"
            },
            "name": "\u53d8\u8eab\u8005"
        }
    ],
    "pokemon": [
        {
            "is_hidden": true,
            "pokemon": {
                "name": "ditto",
                "url": "/api/v2/pokemon/132/"
            },
            "slot": 3
        }
    ]
}