{
    "effect_changes": [],
    "effect_entries": [
        {
            "effect": "L\u00e4sst aegislash zur Klingenform wechseln, wenn es einen Attacke einsetzt die Schaden verursacht, oder zur Schildform, wenn kings shield eingesetzt wird.\n\nDie F\u00e4higkeit l\u00f6st auch aus, wenn die Ausf\u00fchrung der Attacke verhindert wird, z.B. durch sleep oder confusion. Die F\u00e4higkeit l\u00f6st nicht aus bei Attacken die andere Attacken aufrufen, so wie sleep talk, selbst wenn dabei kings shield oder eine Attacke die Schaden verursacht aufgerufen wird.\n\nDie F\u00e4higkeit hat keinen Effekt f\u00fcr Pok\u00e9mon au\u00dfer aegislash.",
            "language": {
                "name": "de",
                "url": "/api/v2/language/6/"
            },
            "short_effect": "Wechselt die Form von aegislash zur Klingenform, wenn eine Attacke mit Schaden eingesetzt wird, oder zur Schildform, wenn kings shield eingesetzt wird."
        },
        {
            "effect": "Changes aegislash to Blade Forme before using a damaging move, or Shield Forme before using kings shield.",
            "language": {
                "name": "en",
                "url": "/api/v2/language/9/"
            },
            "short_effect": "Changes aegislash to Blade Forme before using a damaging move, or Shield Forme before using kings shield."
        }
    ],
    "flavor_text_entries": [
        {
            "flavor_text": "\u305b\u3093\u3068\u3046\u30e2\u30fc\u30c9\u3067\n\u3059\u304c\u305f\u304c\u3000\u304b\u308f\u308b\u3002",
            "language": {
                "name": "ja-Hrkt",
                "url": "/api/v2/language/1/"
            },
            "version_group": {
                "name": "x-y",
                "url": "/api/v2/version-group/15/"
            }
        },
        {
            "flavor_text": "\ubc30\ud2c0\ubaa8\ub4dc\uc5d0\uc11c\n\ubaa8\uc2b5\uc774 \ubc14\ub010\ub2e4.",
            "language": {
                "name": "ko",
                "url": "/api/v2/language/3/"
            },
            "version_group": {
                "name": "x-y",
                "url": "/api/v2/version-group/15/"
            }
        },
        {
            "flavor_text": "Change de forme selon la fa\u00e7on\ndont le Pok\u00e9mon se bat.",
            "language": {
                "name": "fr",
                "url": "/api/v2/language/5/"
            },
            "version_group": {
                "name": "x-y",
                "url": "/api/v2/version-group/15/"
            }
        },
        {
            "flavor_text": "Das Pok\u00e9mon nimmt je nach\nKampftaktik eine andere Form an.",
            "language": {
                "name": "de",
                "url": "/api/v2/language/6/"
            },
            "version_group": {
                "name": "x-y",
                "url": "/api/v2/version-group/15/"
            }
        },
        {
            "flavor_text": "Cambia de forma seg\u00fan su estilo\nde combate.",
            "language": {
                "name": "es",
                "url": "/api/v2/language/7/"
            },
            "version_group": {
                "name": "x-y",
                "url": "/api/v2/version-group/15/"
            }
        },
        {
            "flavor_text": "L\u2019aspetto del Pok\u00e9mon cambia\nin base alla modalit\u00e0 di lotta.",
            "language": {
                "name": "it",
                "url": "/api/v2/language/8/"
            },
            "version_group": {
                "name": "x-y",
                "url": "/api/v2/version-group/15/"
            }
        },
        {
            "flavor_text": "The Pok\u00e9mon changes form\ndepending on how it battles.",
            "language": {
                "name": "en",
                "url": "/api/v2/language/9/"
            },
            "version_group": {
                "name": "x-y",
                "url": "/api/v2/version-group/15/"
            }
        },
        {
            "flavor_text": "\u6226\u95d8\u30e2\u30fc\u30c9\u3067\n\u59ff\u304c\u3000\u5909\u308f\u308b\u3002",
            "language": {
                "name": "ja",
                "url": "/api/v2/language/11/"
            },
            "version_group": {
                "name": "x-y",
                "url": "/api/v2/version-group/15/"
            }
        },
        {
            "flavor_text": "\u305b\u3093\u3068\u3046\u30e2\u30fc\u30c9\u3067\n\u3059\u304c\u305f\u304c\u3000\u304b\u308f\u308b\u3002",
            "language": {
                "name": "ja-Hrkt",
                "url": "/api/v2/language/1/"
            },
            "version_group": {
                "name": "omega-ruby-alpha-sapphire",
                "url": "/api/v2/version-group/16/"
            }
        },
        {
            "flavor_text": "\ubc30\ud2c0\ubaa8\ub4dc\uc5d0\uc11c\n\ubaa8\uc2b5\uc774 \ubc14\ub010\ub2e4.",
            "language": {
                "name": "ko",
                "url": "/api/v2/language/3/"
            },
            "version_group": {
                "name": "omega-ruby-alpha-sapphire",
                "url": "/api/v2/version-group/16/"
            }
        },
        {
            "flavor_text": "Change de forme selon la fa\u00e7on\ndont le Pok\u00e9mon se bat.",
            "language": {
                "name": "fr",
                "url": "/api/v2/language/5/"
            },
            "version_group": {
                "name": "omega-ruby-alpha-sapphire",
                "url": "/api/v2/version-group/16/"
            }
        },
        {
            "flavor_text": "Das Pok\u00e9mon nimmt je nach\nKampftaktik eine andere Form an.",
            "language": {
                "name": "de",
                "url": "/api/v2/language/6/"
            },
            "version_group": {
                "name": "omega-ruby-alpha-sapphire",
                "url": "/api/v2/version-group/16/"
            }
        },
        {
            "flavor_text": "Cambia de forma seg\u00fan su estilo\nde combate.",
            "language": {
                "name": "es",
                "url": "/api/v2/language/7/"
            },
            "version_group": {
                "name": "omega-ruby-alpha-sapphire",
                "url": "/api/v2/version-group/16/"
            }
        },
        {
            "flavor_text": "L\u2019aspetto del Pok\u00e9mon cambia\nin base alla modalit\u00e0 di lotta.",
            "language": {
                "name": "it",
                "url": "/api/v2/language/8/"
            },
            "version_group": {
                "name": "omega-ruby-alpha-sapphire",
                "url": "/api/v2/version-group/16/"
            }
        },
        {
            "flavor_text": "The Pok\u00e9mon changes form\ndepending on how it battles.",
            "language": {
                "name": "en",
                "url": "/api/v2/language/9/"
            },
            "version_group": {
                "name": "omega-ruby-alpha-sapphire",
                "url": "/api/v2/version-group/16/"
            }
        },
        {
            "flavor_text": "\u6226\u95d8\u30e2\u30fc\u30c9\u3067\n\u59ff\u304c\u3000\u5909\u308f\u308b\u3002",
            "language": {
                "name": "ja",
                "url": "/api/v2/language/11/"
            },
            "version_group": {
                "name": "omega-ruby-alpha-sapphire",
                "url": "/api/v2/version-group/16/"
            }
        },
        {
            "flavor_text": "\u3053\u3046\u3052\u304d\u308f\u3056\u3092\u3000\u3060\u3059\u3068\u3000\u30d6\u30ec\u30fc\u30c9\u30d5\u30a9\u30eb\u30e0\u306b\n\u308f\u3056\u3000\u30ad\u30f3\u30b0\u30b7\u30fc\u30eb\u30c9\u3092\u3000\u3060\u3059\u3068\n\u30b7\u30fc\u30eb\u30c9\u30d5\u30a9\u30eb\u30e0\u306b\u3000\u3078\u3093\u304b\u3059\u308b\u3002",
            "language": {
                "name": "ja-Hrkt",
                "url": "/api/v2/language/1/"
            },
            "version_group": {
                "name": "sun-moon",
                "url": "/api/v2/version-group/17/"
            }
        },
        {
            "flavor_text": "\uacf5\uaca9 \uae30\uc220\uc744 \uc4f0\uba74 \ube14\ub808\uc774\ub4dc\ud3fc\uc73c\ub85c\n\uae30\uc220 \ud0b9\uc2e4\ub4dc\ub97c \uc4f0\uba74\n\uc2e4\ub4dc\ud3fc\uc73c\ub85c \ubcc0\ud55c\ub2e4.",
            "language": {
                "name": "ko",
                "url": "/api/v2/language/3/"
            },
            "version_group": {
                "name": "sun-moon",
                "url": "/api/v2/version-group/17/"
            }
        },
        {
            "flavor_text": "\u82e5\u4f7f\u51fa\u653b\u64ca\u62db\u5f0f\uff0c\u6703\u8b8a\u70ba\u5200\u528d\u5f62\u614b\uff0c\n\u82e5\u4f7f\u51fa\u62db\u5f0f\u300c\u738b\u8005\u76fe\u724c\u300d\uff0c\n\u6703\u8b8a\u70ba\u76fe\u724c\u5f62\u614b\u3002",
            "language": {
                "name": "zh-Hant",
                "url": "/api/v2/language/4/"
            },
            "version_group": {
                "name": "sun-moon",
                "url": "/api/v2/version-group/17/"
            }
        },
        {
            "flavor_text": "Le Pok\u00e9mon prend la Forme Assaut lorsqu\u2019il utilise\nune attaque, et la Forme Parade lorsqu\u2019il utilise\nBouclier Royal.",
            "language": {
                "name": "fr",
                "url": "/api/v2/language/5/"
            },
            "version_group": {
                "name": "sun-moon",
                "url": "/api/v2/version-group/17/"
            }
        },
        {
            "flavor_text": "Setzt das Pok\u00e9mon eine Offensiv-Attacke ein, nimmt\nes die Klingenform an. Setzt es danach die Attacke\nK\u00f6nigsschild ein, nimmt es die Schildform an.",
            "language": {
                "name": "de",
                "url": "/api/v2/language/6/"
            },
            "version_group": {
                "name": "sun-moon",
                "url": "/api/v2/version-group/17/"
            }
        },
        {
            "flavor_text": "Adopta la Forma Filo al lanzar un ataque, o bien la\nForma Escudo si usa el movimiento Escudo Real.",
            "language": {
                "name": "es",
                "url": "/api/v2/language/7/"
            },
            "version_group": {
                "name": "sun-moon",
                "url": "/api/v2/version-group/17/"
            }
        },
        {
            "flavor_text": "Assume la Forma Spada se usa una mossa\nd\u2019attacco e la Forma Scudo se usa Scudo Reale.",
            "language": {
                "name": "it",
                "url": "/api/v2/language/8/"
            },
            "version_group": {
                "name": "sun-moon",
                "url": "/api/v2/version-group/17/"
            }
        },
        {
            "flavor_text": "The Pok\u00e9mon changes its form to Blade Forme when\nit uses an attack move, and changes to Shield Forme\nwhen it uses King\u2019s Shield.",
            "language": {
                "name": "en",
                "url": "/api/v2/language/9/"
            },
            "version_group": {
                "name": "sun-moon",
                "url": "/api/v2/version-group/17/"
            }
        },
        {
            "flavor_text": "\u653b\u6483\u6280\u3092\u3000\u51fa\u3059\u3068\u3000\u30d6\u30ec\u30fc\u30c9\u30d5\u30a9\u30eb\u30e0\u306b\n\u6280\u3000\u30ad\u30f3\u30b0\u30b7\u30fc\u30eb\u30c9\u3092\u3000\u51fa\u3059\u3068\n\u30b7\u30fc\u30eb\u30c9\u30d5\u30a9\u30eb\u30e0\u306b\u3000\u5909\u5316\u3059\u308b\u3002",
            "language": {
                "name": "ja",
                "url": "/api/v2/language/11/"
            },
            "version_group": {
                "name": "sun-moon",
                "url": "/api/v2/version-group/17/"
            }
        },
        {
            "flavor_text": "\u5982\u679c\u4f7f\u51fa\u653b\u51fb\u62db\u5f0f\uff0c\u4f1a\u53d8\u4e3a\u5200\u5251\u5f62\u6001\uff0c\n\u5982\u679c\u4f7f\u51fa\u62db\u5f0f\u201c\u738b\u8005\u76fe\u724c\u201d\uff0c\n\u4f1a\u53d8\u4e3a\u76fe\u724c\u5f62\u6001\u3002",
            "language": {
                "name": "zh-Hans",
                "url": "/api/v2/language/12/"
            },
            "version_group": {
                "name": "sun-moon",
                "url": "/api/v2/version-group/17/"
            }
        },
        {
            "flavor_text": "\u3053\u3046\u3052\u304d\u308f\u3056\u3092\u3000\u3060\u3059\u3068\u3000\u30d6\u30ec\u30fc\u30c9\u30d5\u30a9\u30eb\u30e0\u306b\n\u308f\u3056\u3000\u30ad\u30f3\u30b0\u30b7\u30fc\u30eb\u30c9\u3092\u3000\u3060\u3059\u3068\n\u30b7\u30fc\u30eb\u30c9\u30d5\u30a9\u30eb\u30e0\u306b\u3000\u3078\u3093\u304b\u3059\u308b\u3002",
            "language": {
                "name": "ja-Hrkt",
                "url": "/api/v2/language/1/"
            },
            "version_group": {
                "name": "ultra-sun-ultra-moon",
                "url": "/api/v2/version-group/18/"
            }
        },
        {
            "flavor_text": "\uacf5\uaca9 \uae30\uc220\uc744 \uc4f0\uba74 \ube14\ub808\uc774\ub4dc\ud3fc\uc73c\ub85c\n\uae30\uc220 \ud0b9\uc2e4\ub4dc\ub97c \uc4f0\uba74\n\uc2e4\ub4dc\ud3fc\uc73c\ub85c \ubcc0\ud55c\ub2e4.",
            "language": {
                "name": "ko",
                "url": "/api/v2/language/3/"
            },
            "version_group": {
                "name": "ultra-sun-ultra-moon",
                "url": "/api/v2/version-group/18/"
            }
        },
        {
            "flavor_text": "\u82e5\u4f7f\u51fa\u653b\u64ca\u62db\u5f0f\uff0c\u6703\u8b8a\u70ba\u5200\u528d\u5f62\u614b\uff0c\n\u82e5\u4f7f\u51fa\u62db\u5f0f\u300c\u738b\u8005\u76fe\u724c\u300d\uff0c\n\u6703\u8b8a\u70ba\u76fe\u724c\u5f62\u614b\u3002",
            "language": {
                "name": "zh-Hant",
                "url": "/api/v2/language/4/"
            },
            "version_group": {
                "name": "ultra-sun-ultra-moon",
                "url": "/api/v2/version-group/18/"
            }
        },
        {
            "flavor_text": "Le Pok\u00e9mon prend la Forme Assaut lorsqu\u2019il utilise\nune attaque, et la Forme Parade lorsqu\u2019il utilise\nBouclier Royal.",
            "language": {
                "name": "fr",
                "url": "/api/v2/language/5/"
            },
            "version_group": {
                "name": "ultra-sun-ultra-moon",
                "url": "/api/v2/version-group/18/"
            }
        },
        {
            "flavor_text": "Setzt das Pok\u00e9mon eine Offensiv-Attacke ein, nimmt\nes die Klingenform an. Setzt es danach die Attacke\nK\u00f6nigsschild ein, nimmt es die Schildform an.",
            "language": {
                "name": "de",
                "url": "/api/v2/language/6/"
            },
            "version_group": {
                "name": "ultra-sun-ultra-moon",
                "url": "/api/v2/version-group/18/"
            }
        },
        {
            "flavor_text": "Adopta la Forma Filo al lanzar un ataque, o bien la\nForma Escudo si usa el movimiento Escudo Real.",
            "language": {
                "name": "es",
                "url": "/api/v2/language/7/"
            },
            "version_group": {
                "name": "ultra-sun-ultra-moon",
                "url": "/api/v2/version-group/18/"
            }
        },
        {
            "flavor_text": "Assume la Forma Spada se usa una mossa\nd\u2019attacco e la Forma Scudo se usa Scudo Reale.",
            "language": {
                "name": "it",
                "url": "/api/v2/language/8/"
            },
            "version_group": {
                "name": "ultra-sun-ultra-moon",
                "url": "/api/v2/version-group/18/"
            }
        },
        {
            "flavor_text": "The Pok\u00e9mon changes its form to Blade Forme when\nit uses an attack move, and changes to Shield Forme\nwhen it uses King\u2019s Shield.",
            "language": {
                "name": "en",
                "url": "/api/v2/language/9/"
            },
            "version_group": {
                "name": "ultra-sun-ultra-moon",
                "url": "/api/v2/version-group/18/"
            }
        },
        {
            "flavor_text": "\u653b\u6483\u6280\u3092\u3000\u51fa\u3059\u3068\u3000\u30d6\u30ec\u30fc\u30c9\u30d5\u30a9\u30eb\u30e0\u306b\n\u6280\u3000\u30ad\u30f3\u30b0\u30b7\u30fc\u30eb\u30c9\u3092\u3000\u51fa\u3059\u3068\n\u30b7\u30fc\u30eb\u30c9\u30d5\u30a9\u30eb\u30e0\u306b\u3000\u5909\u5316\u3059\u308b\u3002",
            "language": {
                "name": "ja",
                "url": "/api/v2/language/11/"
            },
            "version_group": {
                "name": "ultra-sun-ultra-moon",
                "url": "/api/v2/version-group/18/"
            }
        },
        {
            "flavor_text": "\u5982\u679c\u4f7f\u51fa\u653b\u51fb\u62db\u5f0f\uff0c\u4f1a\u53d8\u4e3a\u5200\u5251\u5f62\u6001\uff0c\n\u5982\u679c\u4f7f\u51fa\u62db\u5f0f\u201c\u738b\u8005\u76fe\u724c\u201d\uff0c\n\u4f1a\u53d8\u4e3a\u76fe\u724c\u5f62\u6001\u3002",
            "language": {
                "name": "zh-Hans",
                "url": "/api/v2/language/12/"
            },
            "version_group": {
                "name": "ultra-sun-ultra-moon",
                "url": "/api/v2/version-group/18/"
            }
        },
        {
            "flavor_text": "\u3053\u3046\u3052\u304d\u308f\u3056\u3092\u3000\u3060\u3059\u3068\u3000\u30d6\u30ec\u30fc\u30c9\u30d5\u30a9\u30eb\u30e0\u306b\n\u308f\u3056\u3000\u30ad\u30f3\u30b0\u30b7\u30fc\u30eb\u30c9\u3092\u3000\u3060\u3059\u3068\n\u30b7\u30fc\u30eb\u30c9\u30d5\u30a9\u30eb\u30e0\u306b\u3000\u3078\u3093\u304b\u3059\u308b\u3002",
            "language": {
                "name": "ja-Hrkt",
                "url": "/api/v2/language/1/"
            },
            "version_group": {
                "name": "lets-go-pikachu-lets-go-eevee",
                "url": "/api/v2/version-group/19/"
            }
        },
        {
            "flavor_text": "\uacf5\uaca9 \uae30\uc220\uc744 \uc4f0\uba74 \ube14\ub808\uc774\ub4dc\ud3fc\uc73c\ub85c\n\uae30\uc220 \ud0b9\uc2e4\ub4dc\ub97c \uc4f0\uba74\n\uc2e4\ub4dc\ud3fc\uc73c\ub85c \ubcc0\ud55c\ub2e4.",
            "language": {
                "name": "ko",
                "url": "/api/v2/language/3/"
            },
            "version_group": {
                "name": "lets-go-pikachu-lets-go-eevee",
                "url": "/api/v2/version-group/19/"
            }
        },
        {
            "flavor_text": "\u82e5\u4f7f\u51fa\u653b\u64ca\u62db\u5f0f\uff0c\u6703\u8b8a\u70ba\u5200\u528d\u5f62\u614b\uff0c\n\u82e5\u4f7f\u51fa\u62db\u5f0f\u300c\u738b\u8005\u76fe\u724c\u300d\uff0c\n\u6703\u8b8a\u70ba\u76fe\u724c\u5f62\u614b\u3002",
            "language": {
                "name": "zh-Hant",
                "url": "/api/v2/language/4/"
            },
            "version_group": {
                "name": "lets-go-pikachu-lets-go-eevee",
                "url": "/api/v2/version-group/19/"
            }
        },
        {
            "flavor_text": "Le Pok\u00e9mon prend la Forme Assaut lorsqu\u2019il utilise\nune attaque, et la Forme Parade lorsqu\u2019il utilise\nBouclier Royal.",
            "language": {
                "name": "fr",
                "url": "/api/v2/language/5/"
            },
            "version_group": {
                "name": "lets-go-pikachu-lets-go-eevee",
                "url": "/api/v2/version-group/19/"
            }
        },
        {
            "flavor_text": "Setzt das Pok\u00e9mon eine Offensiv-Attacke ein, nimmt\nes die Klingenform an. Setzt es danach die Attacke\nK\u00f6nigsschild ein, nimmt es die Schildform an.",
            "language": {
                "name": "de",
                "url": "/api/v2/language/6/"
            },
            "version_group": {
                "name": "lets-go-pikachu-lets-go-eevee",
                "url": "/api/v2/version-group/19/"
            }
        },
        {
            "flavor_text": "Adopta la Forma Filo al lanzar un ataque, o bien la\nForma Escudo si usa el movimiento Escudo Real.",
            "language": {
                "name": "es",
                "url": "/api/v2/language/7/"
            },
            "version_group": {
                "name": "lets-go-pikachu-lets-go-eevee",
                "url": "/api/v2/version-group/19/"
            }
        },
        {
            "flavor_text": "Assume la Forma Spada se usa una mossa\nd\u2019attacco e la Forma Scudo se usa Scudo Reale.",
            "language": {
                "name": "it",
                "url": "/api/v2/language/8/"
            },
            "version_group": {
                "name": "lets-go-pikachu-lets-go-eevee",
                "url": "/api/v2/version-group/19/"
            }
        },
        {
            "flavor_text": "The Pok\u00e9mon changes its form to Blade Forme when\nit uses an attack move and changes to Shield Forme\nwhen it uses King\u2019s Shield.",
            "language": {
                "name": "en",
                "url": "/api/v2/language/9/"
            },
            "version_group": {
                "name": "lets-go-pikachu-lets-go-eevee",
                "url": "/api/v2/version-group/19/"
            }
        },
        {
            "flavor_text": "\u653b\u6483\u6280\u3092\u3000\u51fa\u3059\u3068\u3000\u30d6\u30ec\u30fc\u30c9\u30d5\u30a9\u30eb\u30e0\u306b\n\u6280\u3000\u30ad\u30f3\u30b0\u30b7\u30fc\u30eb\u30c9\u3092\u3000\u51fa\u3059\u3068\n\u30b7\u30fc\u30eb\u30c9\u30d5\u30a9\u30eb\u30e0\u306b\u3000\u5909\u5316\u3059\u308b\u3002",
            "language": {
                "name": "ja",
                "url": "/api/v2/language/11/"
            },
            "version_group": {
                "name": "lets-go-pikachu-lets-go-eevee",
                "url": "/api/v2/version-group/19/"
            }
        },
        {
            "flavor_text": "\u5982\u679c\u4f7f\u51fa\u653b\u51fb\u62db\u5f0f\uff0c\u4f1a\u53d8\u4e3a\u5200\u5251\u5f62\u6001\uff0c\n\u5982\u679c\u4f7f\u51fa\u62db\u5f0f\u201c\u738b\u8005\u76fe\u724c\u201d\uff0c\n\u4f1a\u53d8\u4e3a\u76fe\u724c\u5f62\u6001\u3002",
            "language": {
                "name": "zh-Hans",
                "url": "/api/v2/language/12/"
            },
            "version_group": {
                "name": "lets-go-pikachu-lets-go-eevee",
                "url": "/api/v2/version-group/19/"
            }
        },
        {
            "flavor_text": "\u3053\u3046\u3052\u304d\u308f\u3056\u3092\u3000\u3060\u3059\u3068\u3000\u30d6\u30ec\u30fc\u30c9\u30d5\u30a9\u30eb\u30e0\u306b\n\u308f\u3056\u3000\u30ad\u30f3\u30b0\u30b7\u30fc\u30eb\u30c9\u3092\u3000\u3060\u3059\u3068\n\u30b7\u30fc\u30eb\u30c9\u30d5\u30a9\u30eb\u30e0\u306b\u3000\u3078\u3093\u304b\u3059\u308b\u3002",
            "language": {
                "name": "ja-Hrkt",
                "url": "/api/v2/language/1/"
            },
            "version_group": {
                "name": "sword-shield",
                "url": "/api/v2/version-group/20/"
            }
        },
        {
            "flavor_text": "\uacf5\uaca9 \uae30\uc220\uc744 \uc4f0\uba74 \ube14\ub808\uc774\ub4dc\ud3fc\uc73c\ub85c\n\uae30\uc220 \ud0b9\uc2e4\ub4dc\ub97c \uc4f0\uba74\n\uc2e4\ub4dc\ud3fc\uc73c\ub85c \ubcc0\ud55c\ub2e4.",
            "language": {
                "name": "ko",
                "url": "/api/v2/language/3/"
            },
            "version_group": {
                "name": "sword-shield",
                "url": "/api/v2/version-group/20/"
            }
        },
        {
            "flavor_text": "\u82e5\u4f7f\u51fa\u653b\u64ca\u62db\u5f0f\uff0c\u6703\u8b8a\u70ba\u5200\u528d\u5f62\u614b\uff0c\n\u82e5\u4f7f\u51fa\u62db\u5f0f\u300c\u738b\u8005\u76fe\u724c\u300d\uff0c\n\u6703\u8b8a\u70ba\u76fe\u724c\u5f62\u614b\u3002",
            "language": {
                "name": "zh-Hant",
                "url": "/api/v2/language/4/"
            },
            "version_group": {
                "name": "sword-shield",
                "url": "/api/v2/version-group/20/"
            }
        },
        {
            "flavor_text": "Le Pok\u00e9mon prend la Forme Assaut lorsqu\u2019il utilise\nune attaque, et la Forme Parade lorsqu\u2019il utilise\nBouclier Royal.",
            "language": {
                "name": "fr",
                "url": "/api/v2/language/5/"
            },
            "version_group": {
                "name": "sword-shield",
                "url": "/api/v2/version-group/20/"
            }
        },
        {
            "flavor_text": "Setzt das Pok\u00e9mon eine Offensiv-Attacke ein, nimmt\nes die Klingenform an. Setzt es danach die Attacke\nK\u00f6nigsschild ein, nimmt es die Schildform an.",
            "language": {
                "name": "de",
                "url": "/api/v2/language/6/"
            },
            "version_group": {
                "name": "sword-shield",
                "url": "/api/v2/version-group/20/"
            }
        },
        {
            "flavor_text": "Adopta la Forma Filo al lanzar un ataque, o bien la\nForma Escudo si usa el movimiento Escudo Real.",
            "language": {
                "name": "es",
                "url": "/api/v2/language/7/"
            },
            "version_group": {
                "name": "sword-shield",
                "url": "/api/v2/version-group/20/"
            }
        },
        {
            "flavor_text": "Assume la Forma Spada se usa una mossa\nd\u2019attacco e la Forma Scudo se usa Scudo Reale.",
            "language": {
                "name": "it",
                "url": "/api/v2/language/8/"
            },
            "version_group": {
                "name": "sword-shield",
                "url": "/api/v2/version-group/20/"
            }
        },
        {
            "flavor_text": "The Pok\u00e9mon changes its form to Blade Forme when\nit uses an attack move and changes to Shield Forme\nwhen it uses King\u2019s Shield.",
            "language": {
                "name": "en",
                "url": "/api/v2/language/9/"
            },
            "version_group": {
                "name": "sword-shield",
                "url": "/api/v2/version-group/20/"
            }
        },
        {
            "flavor_text": "\u653b\u6483\u6280\u3092\u3000\u51fa\u3059\u3068\u3000\u30d6\u30ec\u30fc\u30c9\u30d5\u30a9\u30eb\u30e0\u306b\n\u6280\u3000\u30ad\u30f3\u30b0\u30b7\u30fc\u30eb\u30c9\u3092\u3000\u51fa\u3059\u3068\n\u30b7\u30fc\u30eb\u30c9\u30d5\u30a9\u30eb\u30e0\u306b\u3000\u5909\u5316\u3059\u308b\u3002",
            "language": {
                "name": "ja",
                "url": "/api/v2/language/11/"
            },
            "version_group": {
                "name": "sword-shield",
                "url": "/api/v2/version-group/20/"
            }
        },
        {
            "flavor_text": "\u5982\u679c\u4f7f\u51fa\u653b\u51fb\u62db\u5f0f\uff0c\u4f1a\u53d8\u4e3a\u5200\u5251\u5f62\u6001\uff0c\n\u5982\u679c\u4f7f\u51fa\u62db\u5f0f\u201c\u738b\u8005\u76fe\u724c\u201d\uff0c\n\u4f1a\u53d8\u4e3a\u76fe\u724c\u5f62\u6001\u3002",
            "language": {
                "name": "zh-Hans",
                "url": "/api/v2/language/12/"
            },
            "version_group": {
                "name": "sword-shield",
                "url": "/api/v2/version-group/20/"
            }
        },
        {
            "flavor_text": "Le Pok\u00e9mon prend la Forme Assaut lorsqu\u2019il utilise\\nune capacit\u00e9 offensive, et la Forme Parade lorsqu\u2019il\\nutilise Bouclier Royal.",
            "language": {
                "name": "fr",
                "url": "/api/v2/language/5/"
            },
            "version_group": {
                "name": "scarlet-violet",
                "url": "/api/v2/version-group/25/"
            }
        }
    ],
    "generation": {
        "name": "generation-vi",
        "url": "/api/v2/generation/6/"
    },
    "id": 176,
    "is_main_series": true,
    "name": "stance-change",
    "names": [
        {
            "language": {
                "name": "ja-Hrkt",
                "url": "/api/v2/language/1/"
            },
            "name": "\u30d0\u30c8\u30eb\u30b9\u30a4\u30c3\u30c1"
        },
        {
            "language": {
                "name": "ko",
                "url": "/api/v2/language/3/"
            },
            "name": "\ubc30\ud2c0\uc2a4\uc704\uce58"
        },
        {
            "language": {
                "name": "zh-Hant",
                "url": "/api/v2/language/4/"
            },
            "name": "\u6230\u9b25\u5207\u63db"
        },
        {
            "language": {
                "name": "fr",
                "url": "/api/v2/language/5/"
            },
            "name": "D\u00e9clic Tactique"
        },
        {
            "language": {
                "name": "de",
                "url": "/api/v2/language/6/"
            },
            "name": "Taktikwechsel"
        },
        {
            "language": {
                "name": "es",
                "url": "/api/v2/language/7/"
            },
            "name": "Cambio T\u00e1ctico"
        },
        {
            "language": {
                "name": "it",
                "url": "/api/v2/language/8/"
            },
            "name": "Accendilotta"
        },
        {
            "language": {
                "name": "en",
                "url": "/api/v2/language/9/"
            },
            "name": "Stance Change"
        },
        {
            "language": {
                "name": "ja",
                "url": "/api/v2/language/11/"
            },
            "name": "\u30d0\u30c8\u30eb\u30b9\u30a4\u30c3\u30c1"
        },
        {
            "language": {
                "name": "zh-Hans",
                "url": "/api/v2/language/12/"
            },
            "name": "\u6218\u6597\u5207\u6362"
        }
    ],
    "pokemon": [
        {
            "is_hidden": false,
            "pokemon": {
                "name": "aegislash-shield",
                "url": "/api/v2/pokemon/681/"
            },
            "slot": 1
        },
        {
            "is_hidden": false,
            "pokemon": {
                "name": "aegislash-blade",
                "url": "/api/v2/pokemon/10026/"
            },
            "slot": 1
        }
    ]
}