{
    "effect_changes": [],
    "effect_entries": [
        {
            "effect": "Wenn ein Pok\u00e9mon mit dieser F\u00e4higkeit im Kampf ist, k\u00f6nnen Gegner keine getragenen Beeren essen.\n\nBetroffene Pok\u00e9mon k\u00f6nnen trotzdem bug bite bzw. pluck einsetzen um die Beere des Ziels zu essen.",
            "language": {
                "name": "de",
                "url": "/api/v2/language/6/"
            },
            "short_effect": "Hindert Gegner daran Beeren zu essen."
        },
        {
            "effect": "Opposing Pok\u00e9mon cannot eat held Berries while this Pok\u00e9mon is in battle.\n\nAffected Pok\u00e9mon can still use bug bite or pluck to eat a target's Berry.",
            "language": {
                "name": "en",
                "url": "/api/v2/language/9/"
            },
            "short_effect": "Prevents opposing Pok\u00e9mon from eating held Berries."
        }
    ],
    "flavor_text_entries": [
        {
            "flavor_text": "L\u2019ennemi stresse et ne\npeut plus manger de Baies.",
            "language": {
                "name": "fr",
                "url": "/api/v2/language/5/"
            },
            "version_group": {
                "name": "black-white",
                "url": "/api/v2/version-group/11/"
            }
        },
        {
            "flavor_text": "Makes the foe nervous and\nunable to eat Berries.",
            "language": {
                "name": "en",
                "url": "/api/v2/language/9/"
            },
            "version_group": {
                "name": "black-white",
                "url": "/api/v2/version-group/11/"
            }
        },
        {
            "flavor_text": "Makes the foe nervous and\nunable to eat Berries.",
            "language": {
                "name": "en",
                "url": "/api/v2/language/9/"
            },
            "version_group": {
                "name": "black-2-white-2",
                "url": "/api/v2/version-group/14/"
            }
        },
        {
            "flavor_text": "\u3042\u3044\u3066\u3092\u3000\u304d\u3093\u3061\u3087\u3046\u3055\u305b\n\u304d\u306e\u307f\u3092\u3000\u305f\u3079\u3055\u305b\u306a\u3044\u3002",
            "language": {
                "name": "ja-Hrkt",
                "url": "/api/v2/language/1/"
            },
            "version_group": {
                "name": "x-y",
                "url": "/api/v2/version-group/15/"
            }
        },
        {
            "flavor_text": "\uc0c1\ub300\ub97c \uae34\uc7a5\uc2dc\ucf1c \ub098\ubb34\uc5f4\ub9e4\ub97c\n\uba39\uc9c0 \ubabb\ud558\uac8c \ud55c\ub2e4.",
            "language": {
                "name": "ko",
                "url": "/api/v2/language/3/"
            },
            "version_group": {
                "name": "x-y",
                "url": "/api/v2/version-group/15/"
            }
        },
        {
            "flavor_text": "L\u2019ennemi stresse et ne peut plus\nmanger de Baies.",
            "language": {
                "name": "fr",
                "url": "/api/v2/language/5/"
            },
            "version_group": {
                "name": "x-y",
                "url": "/api/v2/version-group/15/"
            }
        },
        {
            "flavor_text": "Hindert den Gegner durch Stress\nam Beerenkonsum.",
            "language": {
                "name": "de",
                "url": "/api/v2/language/6/"
            },
            "version_group": {
                "name": "x-y",
                "url": "/api/v2/version-group/15/"
            }
        },
        {
            "flavor_text": "Pone nervioso al rival y le impide\nusar bayas.",
            "language": {
                "name": "es",
                "url": "/api/v2/language/7/"
            },
            "version_group": {
                "name": "x-y",
                "url": "/api/v2/version-group/15/"
            }
        },
        {
            "flavor_text": "Il nemico viene intimidito e non\npu\u00f2 mangiare bacche.",
            "language": {
                "name": "it",
                "url": "/api/v2/language/8/"
            },
            "version_group": {
                "name": "x-y",
                "url": "/api/v2/version-group/15/"
            }
        },
        {
            "flavor_text": "Unnerves opposing Pok\u00e9mon and\nmakes them unable to eat Berries.",
            "language": {
                "name": "en",
                "url": "/api/v2/language/9/"
            },
            "version_group": {
                "name": "x-y",
                "url": "/api/v2/version-group/15/"
            }
        },
        {
            "flavor_text": "\u76f8\u624b\u3092\u3000\u7dca\u5f35\u3055\u305b\n\u304d\u306e\u307f\u3092\u3000\u98df\u3079\u3055\u305b\u306a\u3044\u3002",
            "language": {
                "name": "ja",
                "url": "/api/v2/language/11/"
            },
            "version_group": {
                "name": "x-y",
                "url": "/api/v2/version-group/15/"
            }
        },
        {
            "flavor_text": "\u3042\u3044\u3066\u3092\u3000\u304d\u3093\u3061\u3087\u3046\u3055\u305b\n\u304d\u306e\u202f\u3092\u3000\u305f\u3079\u3055\u305b\u306a\u3044\u3002",
            "language": {
                "name": "ja-Hrkt",
                "url": "/api/v2/language/1/"
            },
            "version_group": {
                "name": "omega-ruby-alpha-sapphire",
                "url": "/api/v2/version-group/16/"
            }
        },
        {
            "flavor_text": "\uc0c1\ub300\ub97c \uae34\uc7a5\uc2dc\ucf1c \ub098\ubb34\uc5f4\ub9e4\ub97c\n\uba39\uc9c0 \ubabb\ud558\uac8c \ud55c\ub2e4.",
            "language": {
                "name": "ko",
                "url": "/api/v2/language/3/"
            },
            "version_group": {
                "name": "omega-ruby-alpha-sapphire",
                "url": "/api/v2/version-group/16/"
            }
        },
        {
            "flavor_text": "L\u2019ennemi stresse et ne peut plus\nmanger de Baies.",
            "language": {
                "name": "fr",
                "url": "/api/v2/language/5/"
            },
            "version_group": {
                "name": "omega-ruby-alpha-sapphire",
                "url": "/api/v2/version-group/16/"
            }
        },
        {
            "flavor_text": "Hindert den Gegner durch Stress\nam Beerenkonsum.",
            "language": {
                "name": "de",
                "url": "/api/v2/language/6/"
            },
            "version_group": {
                "name": "omega-ruby-alpha-sapphire",
                "url": "/api/v2/version-group/16/"
            }
        },
        {
            "flavor_text": "Pone nervioso al rival y le impide\nusar bayas.",
            "language": {
                "name": "es",
                "url": "/api/v2/language/7/"
            },
            "version_group": {
                "name": "omega-ruby-alpha-sapphire",
                "url": "/api/v2/version-group/16/"
            }
        },
        {
            "flavor_text": "Il nemico viene intimidito e non\npu\u00f2 mangiare bacche.",
            "language": {
                "name": "it",
                "url": "/api/v2/language/8/"
            },
            "version_group": {
                "name": "omega-ruby-alpha-sapphire",
                "url": "/api/v2/version-group/16/"
            }
        },
        {
            "flavor_text": "Unnerves opposing Pok\u00e9mon and\nmakes them unable to eat Berries.",
            "language": {
                "name": "en",
                "url": "/api/v2/language/9/"
            },
            "version_group": {
                "name": "omega-ruby-alpha-sapphire",
                "url": "/api/v2/version-group/16/"
            }
        },
        {
            "flavor_text": "\u76f8\u624b\u3092\u3000\u7dca\u5f35\u3055\u305b\n\u304d\u306e\u202f\u3092\u3000\u98df\u3079\u3055\u305b\u306a\u3044\u3002",
            "language": {
                "name": "ja",
                "url": "/api/v2/language/11/"
            },
            "version_group": {
                "name": "omega-ruby-alpha-sapphire",
                "url": "/api/v2/version-group/16/"
            }
        },
        {
            "flavor_text": "\u3042\u3044\u3066\u3092\u3000\u304d\u3093\u3061\u3087\u3046\u3055\u305b\u3066\n\u304d\u306e\u307f\u3092\u3000\u305f\u3079\u3089\u308c\u306a\u304f\u3000\u3055\u305b\u308b\u3002",
            "language": {
                "name": "ja-Hrkt",
                "url": "/api/v2/language/1/"
            },
            "version_group": {
                "name": "sun-moon",
                "url": "/api/v2/version-group/17/"
            }
        },
        {
            "flavor_text": "\uc0c1\ub300\ub97c \uae34\uc7a5\uc2dc\ucf1c \ub098\ubb34\uc5f4\ub9e4\ub97c\n\uba39\uc9c0 \ubabb\ud558\uac8c \ud55c\ub2e4.",
            "language": {
                "name": "ko",
                "url": "/api/v2/language/3/"
            },
            "version_group": {
                "name": "sun-moon",
                "url": "/api/v2/version-group/17/"
            }
        },
        {
            "flavor_text": "\u8b93\u5c0d\u624b\u611f\u5230\u7dca\u5f35\uff0c\n\u7121\u6cd5\u5403\u6a39\u679c\u3002",
            "language": {
                "name": "zh-Hant",
                "url": "/api/v2/language/4/"
            },
            "version_group": {
                "name": "sun-moon",
                "url": "/api/v2/version-group/17/"
            }
        },
        {
            "flavor_text": "Fait stresser l\u2019ennemi, ce qui l\u2019emp\u00eache de manger\ndes Baies.",
            "language": {
                "name": "fr",
                "url": "/api/v2/language/5/"
            },
            "version_group": {
                "name": "sun-moon",
                "url": "/api/v2/version-group/17/"
            }
        },
        {
            "flavor_text": "Erzeugt beim Gegner Stress und hindert ihn so\ndaran, Beeren zu konsumieren.",
            "language": {
                "name": "de",
                "url": "/api/v2/language/6/"
            },
            "version_group": {
                "name": "sun-moon",
                "url": "/api/v2/version-group/17/"
            }
        },
        {
            "flavor_text": "Pone nervioso al rival y le impide usar bayas.",
            "language": {
                "name": "es",
                "url": "/api/v2/language/7/"
            },
            "version_group": {
                "name": "sun-moon",
                "url": "/api/v2/version-group/17/"
            }
        },
        {
            "flavor_text": "Il nemico viene intimidito e non pu\u00f2 mangiare\nbacche.",
            "language": {
                "name": "it",
                "url": "/api/v2/language/8/"
            },
            "version_group": {
                "name": "sun-moon",
                "url": "/api/v2/version-group/17/"
            }
        },
        {
            "flavor_text": "Unnerves opposing Pok\u00e9mon and makes them unable\nto eat Berries.",
            "language": {
                "name": "en",
                "url": "/api/v2/language/9/"
            },
            "version_group": {
                "name": "sun-moon",
                "url": "/api/v2/version-group/17/"
            }
        },
        {
            "flavor_text": "\u76f8\u624b\u3092\u3000\u7dca\u5f35\u3055\u305b\u3066\n\u304d\u306e\u307f\u3092\u3000\u98df\u3079\u3089\u308c\u306a\u304f\u3000\u3055\u305b\u308b\u3002",
            "language": {
                "name": "ja",
                "url": "/api/v2/language/11/"
            },
            "version_group": {
                "name": "sun-moon",
                "url": "/api/v2/version-group/17/"
            }
        },
        {
            "flavor_text": "\u8ba9\u5bf9\u624b\u7d27\u5f20\uff0c\n\u4f7f\u5176\u65e0\u6cd5\u98df\u7528\u6811\u679c\u3002",
            "language": {
                "name": "zh-Hans",
                "url": "/api/v2/language/12/"
            },
            "version_group": {
                "name": "sun-moon",
                "url": "/api/v2/version-group/17/"
            }
        },
        {
            "flavor_text": "\u3042\u3044\u3066\u3092\u3000\u304d\u3093\u3061\u3087\u3046\u3055\u305b\u3066\n\u304d\u306e\u307f\u3092\u3000\u305f\u3079\u3089\u308c\u306a\u304f\u3000\u3055\u305b\u308b\u3002",
            "language": {
                "name": "ja-Hrkt",
                "url": "/api/v2/language/1/"
            },
            "version_group": {
                "name": "ultra-sun-ultra-moon",
                "url": "/api/v2/version-group/18/"
            }
        },
        {
            "flavor_text": "\uc0c1\ub300\ub97c \uae34\uc7a5\uc2dc\ucf1c \ub098\ubb34\uc5f4\ub9e4\ub97c\n\uba39\uc9c0 \ubabb\ud558\uac8c \ud55c\ub2e4.",
            "language": {
                "name": "ko",
                "url": "/api/v2/language/3/"
            },
            "version_group": {
                "name": "ultra-sun-ultra-moon",
                "url": "/api/v2/version-group/18/"
            }
        },
        {
            "flavor_text": "\u8b93\u5c0d\u624b\u611f\u5230\u7dca\u5f35\uff0c\n\u7121\u6cd5\u5403\u6a39\u679c\u3002",
            "language": {
                "name": "zh-Hant",
                "url": "/api/v2/language/4/"
            },
            "version_group": {
                "name": "ultra-sun-ultra-moon",
                "url": "/api/v2/version-group/18/"
            }
        },
        {
            "flavor_text": "Fait stresser l\u2019ennemi, ce qui l\u2019emp\u00eache de manger\ndes Baies.",
            "language": {
                "name": "fr",
                "url": "/api/v2/language/5/"
            },
            "version_group": {
                "name": "ultra-sun-ultra-moon",
                "url": "/api/v2/version-group/18/"
            }
        },
        {
            "flavor_text": "Erzeugt beim Gegner Stress und hindert ihn so\ndaran, Beeren zu konsumieren.",
            "language": {
                "name": "de",
                "url": "/api/v2/language/6/"
            },
            "version_group": {
                "name": "ultra-sun-ultra-moon",
                "url": "/api/v2/version-group/18/"
            }
        },
        {
            "flavor_text": "Pone nervioso al rival y le impide usar bayas.",
            "language": {
                "name": "es",
                "url": "/api/v2/language/7/"
            },
            "version_group": {
                "name": "ultra-sun-ultra-moon",
                "url": "/api/v2/version-group/18/"
            }
        },
        {
            "flavor_text": "Il nemico viene intimidito e non pu\u00f2 mangiare\nbacche.",
            "language": {
                "name": "it",
                "url": "/api/v2/language/8/"
            },
            "version_group": {
                "name": "ultra-sun-ultra-moon",
                "url": "/api/v2/version-group/18/"
            }
        },
        {
            "flavor_text": "Unnerves opposing Pok\u00e9mon and makes them unable\nto eat Berries.",
            "language": {
                "name": "en",
                "url": "/api/v2/language/9/"
            },
            "version_group": {
                "name": "ultra-sun-ultra-moon",
                "url": "/api/v2/version-group/18/"
            }
        },
        {
            "flavor_text": "\u76f8\u624b\u3092\u3000\u7dca\u5f35\u3055\u305b\u3066\n\u304d\u306e\u307f\u3092\u3000\u98df\u3079\u3089\u308c\u306a\u304f\u3000\u3055\u305b\u308b\u3002",
            "language": {
                "name": "ja",
                "url": "/api/v2/language/11/"
            },
            "version_group": {
                "name": "ultra-sun-ultra-moon",
                "url": "/api/v2/version-group/18/"
            }
        },
        {
            "flavor_text": "\u8ba9\u5bf9\u624b\u7d27\u5f20\uff0c\n\u4f7f\u5176\u65e0\u6cd5\u98df\u7528\u6811\u679c\u3002",
            "language": {
                "name": "zh-Hans",
                "url": "/api/v2/language/12/"
            },
            "version_group": {
                "name": "ultra-sun-ultra-moon",
                "url": "/api/v2/version-group/18/"
            }
        },
        {
            "flavor_text": "\u3042\u3044\u3066\u3092\u3000\u304d\u3093\u3061\u3087\u3046\u3055\u305b\u3066\n\u304d\u306e\u307f\u3092\u3000\u305f\u3079\u3089\u308c\u306a\u304f\u3000\u3055\u305b\u308b\u3002",
            "language": {
                "name": "ja-Hrkt",
                "url": "/api/v2/language/1/"
            },
            "version_group": {
                "name": "lets-go-pikachu-lets-go-eevee",
                "url": "/api/v2/version-group/19/"
            }
        },
        {
            "flavor_text": "\uc0c1\ub300\ub97c \uae34\uc7a5\uc2dc\ucf1c \ub098\ubb34\uc5f4\ub9e4\ub97c\n\uba39\uc9c0 \ubabb\ud558\uac8c \ud55c\ub2e4.",
            "language": {
                "name": "ko",
                "url": "/api/v2/language/3/"
            },
            "version_group": {
                "name": "lets-go-pikachu-lets-go-eevee",
                "url": "/api/v2/version-group/19/"
            }
        },
        {
            "flavor_text": "\u8b93\u5c0d\u624b\u611f\u5230\u7dca\u5f35\uff0c\n\u7121\u6cd5\u5403\u6a39\u679c\u3002",
            "language": {
                "name": "zh-Hant",
                "url": "/api/v2/language/4/"
            },
            "version_group": {
                "name": "lets-go-pikachu-lets-go-eevee",
                "url": "/api/v2/version-group/19/"
            }
        },
        {
            "flavor_text": "Fait stresser l\u2019ennemi, ce qui l\u2019emp\u00eache de manger\ndes Baies.",
            "language": {
                "name": "fr",
                "url": "/api/v2/language/5/"
            },
            "version_group": {
                "name": "lets-go-pikachu-lets-go-eevee",
                "url": "/api/v2/version-group/19/"
            }
        },
        {
            "flavor_text": "Erzeugt beim Gegner Stress und hindert ihn so\ndaran, Beeren zu konsumieren.",
            "language": {
                "name": "de",
                "url": "/api/v2/language/6/"
            },
            "version_group": {
                "name": "lets-go-pikachu-lets-go-eevee",
                "url": "/api/v2/version-group/19/"
            }
        },
        {
            "flavor_text": "Pone nervioso al rival y le impide usar bayas.",
            "language": {
                "name": "es",
                "url": "/api/v2/language/7/"
            },
            "version_group": {
                "name": "lets-go-pikachu-lets-go-eevee",
                "url": "/api/v2/version-group/19/"
            }
        },
        {
            "flavor_text": "Il nemico viene intimidito e non pu\u00f2 mangiare\nbacche.",
            "language": {
                "name": "it",
                "url": "/api/v2/language/8/"
            },
            "version_group": {
                "name": "lets-go-pikachu-lets-go-eevee",
                "url": "/api/v2/version-group/19/"
            }
        },
        {
            "flavor_text": "Unnerves opposing Pok\u00e9mon and makes them unable\nto eat Berries.",
            "language": {
                "name": "en",
                "url": "/api/v2/language/9/"
            },
            "version_group": {
                "name": "lets-go-pikachu-lets-go-eevee",
                "url": "/api/v2/version-group/19/"
            }
        },
        {
            "flavor_text": "\u76f8\u624b\u3092\u3000\u7dca\u5f35\u3055\u305b\u3066\n\u304d\u306e\u307f\u3092\u3000\u98df\u3079\u3089\u308c\u306a\u304f\u3000\u3055\u305b\u308b\u3002",
            "language": {
                "name": "ja",
                "url": "/api/v2/language/11/"
            },
            "version_group": {
                "name": "lets-go-pikachu-lets-go-eevee",
                "url": "/api/v2/version-group/19/"
            }
        },
        {
            "flavor_text": "\u8ba9\u5bf9\u624b\u7d27\u5f20\uff0c\n\u4f7f\u5176\u65e0\u6cd5\u98df\u7528\u6811\u679c\u3002",
            "language": {
                "name": "zh-Hans",
                "url": "/api/v2/language/12/"
            },
            "version_group": {
                "name": "lets-go-pikachu-lets-go-eevee",
                "url": "/api/v2/version-group/19/"
            }
        },
        {
            "flavor_text": "\u3042\u3044\u3066\u3092\u3000\u304d\u3093\u3061\u3087\u3046\u3055\u305b\u3066\n\u304d\u306e\u307f\u3092\u3000\u305f\u3079\u3089\u308c\u306a\u304f\u3000\u3055\u305b\u308b\u3002",
            "language": {
                "name": "ja-Hrkt",
                "url": "/api/v2/language/1/"
            },
            "version_group": {
                "name": "sword-shield",
                "url": "/api/v2/version-group/20/"
            }
        },
        {
            "flavor_text": "\uc0c1\ub300\ub97c \uae34\uc7a5\uc2dc\ucf1c \ub098\ubb34\uc5f4\ub9e4\ub97c\n\uba39\uc9c0 \ubabb\ud558\uac8c \ud55c\ub2e4.",
            "language": {
                "name": "ko",
                "url": "/api/v2/language/3/"
            },
            "version_group": {
                "name": "sword-shield",
                "url": "/api/v2/version-group/20/"
            }
        },
        {
            "flavor_text": "\u8b93\u5c0d\u624b\u611f\u5230\u7dca\u5f35\uff0c\n\u7121\u6cd5\u5403\u6a39\u679c\u3002",
            "language": {
                "name": "zh-Hant",
                "url": "/api/v2/language/4/"
            },
            "version_group": {
                "name": "sword-shield",
                "url": "/api/v2/version-group/20/"
            }
        },
        {
            "flavor_text": "Fait stresser l\u2019ennemi, ce qui l\u2019emp\u00eache de manger\ndes Baies.",
            "language": {
                "name": "fr",
                "url": "/api/v2/language/5/"
            },
            "version_group": {
                "name": "sword-shield",
                "url": "/api/v2/version-group/20/"
            }
        },
        {
            "flavor_text": "Erzeugt bei Gegnern Stress und hindert sie so daran,\nBeeren zu konsumieren.",
            "language": {
                "name": "de",
                "url": "/api/v2/language/6/"
            },
            "version_group": {
                "name": "sword-shield",
                "url": "/api/v2/version-group/20/"
            }
        },
        {
            "flavor_text": "Pone nervioso al rival y le impide usar bayas.",
            "language": {
                "name": "es",
                "url": "/api/v2/language/7/"
            },
            "version_group": {
                "name": "sword-shield",
                "url": "/api/v2/version-group/20/"
            }
        },
        {
            "flavor_text": "Il nemico viene intimidito e non pu\u00f2 mangiare\nbacche.",
            "language": {
                "name": "it",
                "url": "/api/v2/language/8/"
            },
            "version_group": {
                "name": "sword-shield",
                "url": "/api/v2/version-group/20/"
            }
        },
        {
            "flavor_text": "Unnerves opposing Pok\u00e9mon and makes them unable\nto eat Berries.",
            "language": {
                "name": "en",
                "url": "/api/v2/language/9/"
            },
            "version_group": {
                "name": "sword-shield",
                "url": "/api/v2/version-group/20/"
            }
        },
        {
            "flavor_text": "\u76f8\u624b\u3092\u3000\u7dca\u5f35\u3055\u305b\u3066\n\u304d\u306e\u307f\u3092\u3000\u98df\u3079\u3089\u308c\u306a\u304f\u3000\u3055\u305b\u308b\u3002",
            "language": {
                "name": "ja",
                "url": "/api/v2/language/11/"
            },
            "version_group": {
                "name": "sword-shield",
                "url": "/api/v2/version-group/20/"
            }
        },
        {
            "flavor_text": "\u8ba9\u5bf9\u624b\u7d27\u5f20\uff0c\n\u4f7f\u5176\u65e0\u6cd5\u98df\u7528\u6811\u679c\u3002",
            "language": {
                "name": "zh-Hans",
                "url": "/api/v2/language/12/"
            },
            "version_group": {
                "name": "sword-shield",
                "url": "/api/v2/version-group/20/"
            }
        },
        {
            "flavor_text": "Fait stresser l\u2019adversaire, ce qui l\u2019emp\u00eache de manger\\ndes Baies.",
            "language": {
                "name": "fr",
                "url": "/api/v2/language/5/"
            },
            "version_group": {
                "name": "scarlet-violet",
                "url": "/api/v2/version-group/25/"
            }
        },
        {
            "flavor_text": "Unnerves opposing Pok\u00e9mon and makes them unable to eat Berries.",
            "language": {
                "name": "en",
                "url": "/api/v2/language/9/"
            },
            "version_group": {
                "name": "scarlet-violet",
                "url": "/api/v2/version-group/25/"
            }
        }
    ],
    "generation": {
        "name": "generation-v",
        "url": "/api/v2/generation/5/"
    },
    "id": 127,
    "is_main_series": true,
    "name": "unnerve",
    "names": [
        {
            "language": {
                "name": "ja-Hrkt",
                "url": "/api/v2/language/1/"
            },
            "name": "\u304d\u3093\u3061\u3087\u3046\u304b\u3093"
        },
        {
            "language": {
                "name": "ko",
                "url": "/api/v2/language/3/"
            },
            "name": "\uae34\uc7a5\uac10"
        },
        {
            "language": {
                "name": "zh-Hant",
                "url": "/api/v2/language/4/"
            },
            "name": "\u7dca\u5f35\u611f"
        },
        {
            "language": {
                "name": "fr",
                "url": "/api/v2/language/5/"
            },
            "name": "Tension"
        },
        {
            "language": {
                "name": "de",
                "url": "/api/v2/language/6/"
            },
            "name": "Anspannung"
        },
        {
            "language": {
                "name": "es",
                "url": "/api/v2/language/7/"
            },
            "name": "Nerviosismo"
        },
        {
            "language": {
                "name": "it",
                "url": "/api/v2/language/8/"
            },
            "name": "Agitazione"
        },
        {
            "language": {
                "name": "en",
                "url": "/api/v2/language/9/"
            },
            "name": "Unnerve"
        },
        {
            "language": {
                "name": "ja",
                "url": "/api/v2/language/11/"
            },
            "name": "\u304d\u3093\u3061\u3087\u3046\u304b\u3093"
        },
        {
            "language": {
                "name": "zh-Hans",
                "url": "/api/v2/language/12/"
            },
            "name": "\u7d27\u5f20\u611f"
        }
    ],
    "pokemon": [
        {
            "is_hidden": true,
            "pokemon": {
                "name": "ekans",
                "url": "/api/v2/pokemon/23/"
            },
            "slot": 3
        },
        {
            "is_hidden": true,
            "pokemon": {
                "name": "arbok",
                "url": "/api/v2/pokemon/24/"
            },
            "slot": 3
        },
        {
            "is_hidden": true,
            "pokemon": {
                "name": "meowth",
                "url": "/api/v2/pokemon/52/"
            },
            "slot": 3
        },
        {
            "is_hidden": true,
            "pokemon": {
                "name": "persian",
                "url": "/api/v2/pokemon/53/"
            },
            "slot": 3
        },
        {
            "is_hidden": true,
            "pokemon": {
                "name": "aerodactyl",
                "url": "/api/v2/pokemon/142/"
            },
            "slot": 3
        },
        {
            "is_hidden": true,
            "pokemon": {
                "name": "mewtwo",
                "url": "/api/v2/pokemon/150/"
            },
            "slot": 3
        },
        {
            "is_hidden": true,
            "pokemon": {
                "name": "ursaring",
                "url": "/api/v2/pokemon/217/"
            },
            "slot": 3
        },
        {
            "is_hidden": true,
            "pokemon": {
                "name": "houndour",
                "url": "/api/v2/pokemon/228/"
            },
            "slot": 3
        },
        {
            "is_hidden": true,
            "pokemon": {
                "name": "houndoom",
                "url": "/api/v2/pokemon/229/"
            },
            "slot": 3
        },
        {
            "is_hidden": true,
            "pokemon": {
                "name": "tyranitar",
                "url": "/api/v2/pokemon/248/"
            },
            "slot": 3
        },
        {
            "is_hidden": true,
            "pokemon": {
                "name": "masquerain",
                "url": "/api/v2/pokemon/284/"
            },
            "slot": 3
        },
        {
            "is_hidden": true,
            "pokemon": {
                "name": "vespiquen",
                "url": "/api/v2/pokemon/416/"
            },
            "slot": 3
        },
        {
            "is_hidden": false,
            "pokemon": {
                "name": "joltik",
                "url": "/api/v2/pokemon/595/"
            },
            "slot": 2
        },
        {
            "is_hidden": false,
            "pokemon": {
                "name": "galvantula",
                "url": "/api/v2/pokemon/596/"
            },
            "slot": 2
        },
        {
            "is_hidden": true,
            "pokemon": {
                "name": "axew",
                "url": "/api/v2/pokemon/610/"
            },
            "slot": 3
        },
        {
            "is_hidden": true,
            "pokemon": {
                "name": "fraxure",
                "url": "/api/v2/pokemon/611/"
            },
            "slot": 3
        },
        {
            "is_hidden": true,
            "pokemon": {
                "name": "haxorus",
                "url": "/api/v2/pokemon/612/"
            },
            "slot": 3
        },
        {
            "is_hidden": false,
            "pokemon": {
                "name": "litleo",
                "url": "/api/v2/pokemon/667/"
            },
            "slot": 2
        },
        {
            "is_hidden": false,
            "pokemon": {
                "name": "pyroar",
                "url": "/api/v2/pokemon/668/"
            },
            "slot": 2
        },
        {
            "is_hidden": true,
            "pokemon": {
                "name": "bewear",
                "url": "/api/v2/pokemon/760/"
            },
            "slot": 3
        },
        {
            "is_hidden": false,
            "pokemon": {
                "name": "rookidee",
                "url": "/api/v2/pokemon/821/"
            },
            "slot": 2
        },
        {
            "is_hidden": false,
            "pokemon": {
                "name": "corvisquire",
                "url": "/api/v2/pokemon/822/"
            },
            "slot": 2
        },
        {
            "is_hidden": false,
            "pokemon": {
                "name": "corviknight",
                "url": "/api/v2/pokemon/823/"
            },
            "slot": 2
        },
        {
            "is_hidden": false,
            "pokemon": {
                "name": "calyrex",
                "url": "/api/v2/pokemon/898/"
            },
            "slot": 1
        },
        {
            "is_hidden": true,
            "pokemon": {
                "name": "ursaluna",
                "url": "/api/v2/pokemon/901/"
            },
            "slot": 3
        },
        {
            "is_hidden": true,
            "pokemon": {
                "name": "meowth-galar",
                "url": "/api/v2/pokemon/10161/"
            },
            "slot": 3
        },
        {
            "is_hidden": true,
            "pokemon": {
                "name": "meowth-gmax",
                "url": "/api/v2/pokemon/10200/"
            },
            "slot": 3
        },
        {
            "is_hidden": false,
            "pokemon": {
                "name": "corviknight-gmax",
                "url": "/api/v2/pokemon/10212/"
            },
            "slot": 2
        }
    ]
}