{
    "effect_changes": [],
    "effect_entries": [
        {
            "effect": "Wenn ein Statuswert eines Pok\u00e9mon mit dieser F\u00e4higkeit gesenkt wird, wird sein special attack um 2 Stufen erh\u00f6ht.\n\nWenn mehrere Statuswerte gesenkt l\u00f6st die F\u00e4higkeit f\u00fcr jeden Statuswert aus.",
            "language": {
                "name": "de",
                "url": "/api/v2/language/6/"
            },
            "short_effect": "Erh\u00f6ht den special attack um 2 Stufen wenn ein Statuswert gesenkt wird."
        },
        {
            "effect": "Raises Special Attack by two stages upon having any stat lowered.",
            "language": {
                "name": "en",
                "url": "/api/v2/language/9/"
            },
            "short_effect": "Raises Special Attack by two stages upon having any stat lowered."
        }
    ],
    "flavor_text_entries": [
        {
            "flavor_text": "\u306e\u3046\u308a\u3087\u304f\u304c\u3000\u3055\u304c\u308b\u3068\n\u3068\u304f\u3053\u3046\u304c\u3000\u3042\u304c\u308b\u3002",
            "language": {
                "name": "ja-Hrkt",
                "url": "/api/v2/language/1/"
            },
            "version_group": {
                "name": "x-y",
                "url": "/api/v2/version-group/15/"
            }
        },
        {
            "flavor_text": "\ub2a5\ub825\uc774 \ub5a8\uc5b4\uc9c0\uba74\n\ud2b9\uc218\uacf5\uaca9\uc774 \uc62c\ub77c\uac04\ub2e4.",
            "language": {
                "name": "ko",
                "url": "/api/v2/language/3/"
            },
            "version_group": {
                "name": "x-y",
                "url": "/api/v2/version-group/15/"
            }
        },
        {
            "flavor_text": "Monte l\u2019Attaque quand une stat\nest baiss\u00e9e par l\u2019adversaire.",
            "language": {
                "name": "fr",
                "url": "/api/v2/language/5/"
            },
            "version_group": {
                "name": "x-y",
                "url": "/api/v2/version-group/15/"
            }
        },
        {
            "flavor_text": "Erh\u00f6ht den Spezial-Angriff, wenn\nein Statuswert gesenkt wurde.",
            "language": {
                "name": "de",
                "url": "/api/v2/language/6/"
            },
            "version_group": {
                "name": "x-y",
                "url": "/api/v2/version-group/15/"
            }
        },
        {
            "flavor_text": "Aumenta su At. Esp. cuando\ndisminuyen otras caracter\u00edsticas.",
            "language": {
                "name": "es",
                "url": "/api/v2/language/7/"
            },
            "version_group": {
                "name": "x-y",
                "url": "/api/v2/version-group/15/"
            }
        },
        {
            "flavor_text": "L\u2019Attacco aumenta quando un\nnemico fa calare le statistiche.",
            "language": {
                "name": "it",
                "url": "/api/v2/language/8/"
            },
            "version_group": {
                "name": "x-y",
                "url": "/api/v2/version-group/15/"
            }
        },
        {
            "flavor_text": "Boosts the Sp. Atk stat when\na stat is lowered.",
            "language": {
                "name": "en",
                "url": "/api/v2/language/9/"
            },
            "version_group": {
                "name": "x-y",
                "url": "/api/v2/version-group/15/"
            }
        },
        {
            "flavor_text": "\u80fd\u529b\u304c\u3000\u3055\u304c\u308b\u3068\n\u7279\u653b\u304c\u3000\u3042\u304c\u308b\u3002",
            "language": {
                "name": "ja",
                "url": "/api/v2/language/11/"
            },
            "version_group": {
                "name": "x-y",
                "url": "/api/v2/version-group/15/"
            }
        },
        {
            "flavor_text": "\u306e\u3046\u308a\u3087\u304f\u304c\u3000\u3055\u304c\u308b\u3068\n\u3068\u304f\u3053\u3046\u304c\u3000\u3042\u304c\u308b\u3002",
            "language": {
                "name": "ja-Hrkt",
                "url": "/api/v2/language/1/"
            },
            "version_group": {
                "name": "omega-ruby-alpha-sapphire",
                "url": "/api/v2/version-group/16/"
            }
        },
        {
            "flavor_text": "\ub2a5\ub825\uc774 \ub5a8\uc5b4\uc9c0\uba74\n\ud2b9\uc218\uacf5\uaca9\uc774 \uc62c\ub77c\uac04\ub2e4.",
            "language": {
                "name": "ko",
                "url": "/api/v2/language/3/"
            },
            "version_group": {
                "name": "omega-ruby-alpha-sapphire",
                "url": "/api/v2/version-group/16/"
            }
        },
        {
            "flavor_text": "Monte l\u2019Attaque quand\nles stats baissent.",
            "language": {
                "name": "fr",
                "url": "/api/v2/language/5/"
            },
            "version_group": {
                "name": "omega-ruby-alpha-sapphire",
                "url": "/api/v2/version-group/16/"
            }
        },
        {
            "flavor_text": "Erh\u00f6ht den Spezial-Angriff, wenn\nein Statuswert gesenkt wurde.",
            "language": {
                "name": "de",
                "url": "/api/v2/language/6/"
            },
            "version_group": {
                "name": "omega-ruby-alpha-sapphire",
                "url": "/api/v2/version-group/16/"
            }
        },
        {
            "flavor_text": "Aumenta su At. Esp. cuando\ndisminuyen otras caracter\u00edsticas.",
            "language": {
                "name": "es",
                "url": "/api/v2/language/7/"
            },
            "version_group": {
                "name": "omega-ruby-alpha-sapphire",
                "url": "/api/v2/version-group/16/"
            }
        },
        {
            "flavor_text": "L\u2019Attacco aumenta quando un\nnemico fa calare le statistiche.",
            "language": {
                "name": "it",
                "url": "/api/v2/language/8/"
            },
            "version_group": {
                "name": "omega-ruby-alpha-sapphire",
                "url": "/api/v2/version-group/16/"
            }
        },
        {
            "flavor_text": "Boosts the Sp. Atk stat when\na stat is lowered.",
            "language": {
                "name": "en",
                "url": "/api/v2/language/9/"
            },
            "version_group": {
                "name": "omega-ruby-alpha-sapphire",
                "url": "/api/v2/version-group/16/"
            }
        },
        {
            "flavor_text": "\u80fd\u529b\u304c\u3000\u3055\u304c\u308b\u3068\n\u7279\u653b\u304c\u3000\u3042\u304c\u308b\u3002",
            "language": {
                "name": "ja",
                "url": "/api/v2/language/11/"
            },
            "version_group": {
                "name": "omega-ruby-alpha-sapphire",
                "url": "/api/v2/version-group/16/"
            }
        },
        {
            "flavor_text": "\u306e\u3046\u308a\u3087\u304f\u3092\u3000\u3055\u3052\u3089\u308c\u308b\u3068\n\u3068\u304f\u3053\u3046\u304c\u3000\u3050\u30fc\u3093\u3068\u3000\u3042\u304c\u308b\u3002",
            "language": {
                "name": "ja-Hrkt",
                "url": "/api/v2/language/1/"
            },
            "version_group": {
                "name": "sun-moon",
                "url": "/api/v2/version-group/17/"
            }
        },
        {
            "flavor_text": "\ub2a5\ub825\uc774 \ub5a8\uc5b4\uc9c0\uba74\n\ud2b9\uc218\uacf5\uaca9\uc774 \ud06c\uac8c \uc62c\ub77c\uac04\ub2e4.",
            "language": {
                "name": "ko",
                "url": "/api/v2/language/3/"
            },
            "version_group": {
                "name": "sun-moon",
                "url": "/api/v2/version-group/17/"
            }
        },
        {
            "flavor_text": "\u80fd\u529b\u88ab\u964d\u4f4e\u6642\uff0c\n\u7279\u653b\u6703\u5927\u5e45\u63d0\u9ad8\u3002",
            "language": {
                "name": "zh-Hant",
                "url": "/api/v2/language/4/"
            },
            "version_group": {
                "name": "sun-moon",
                "url": "/api/v2/version-group/17/"
            }
        },
        {
            "flavor_text": "Augmente beaucoup l\u2019Attaque Sp\u00e9ciale\ndu Pok\u00e9mon quand ses stats baissent.",
            "language": {
                "name": "fr",
                "url": "/api/v2/language/5/"
            },
            "version_group": {
                "name": "sun-moon",
                "url": "/api/v2/version-group/17/"
            }
        },
        {
            "flavor_text": "Erh\u00f6ht den Spezial-Angriff stark, wenn ein\nStatuswert gesenkt wurde.",
            "language": {
                "name": "de",
                "url": "/api/v2/language/6/"
            },
            "version_group": {
                "name": "sun-moon",
                "url": "/api/v2/version-group/17/"
            }
        },
        {
            "flavor_text": "Aumenta mucho su Ataque Especial cuando el rival\nle baja cualquiera de sus caracter\u00edsticas.",
            "language": {
                "name": "es",
                "url": "/api/v2/language/7/"
            },
            "version_group": {
                "name": "sun-moon",
                "url": "/api/v2/version-group/17/"
            }
        },
        {
            "flavor_text": "L\u2019Attacco Speciale aumenta di molto quando le\nstatistiche diminuiscono a causa di un nemico.",
            "language": {
                "name": "it",
                "url": "/api/v2/language/8/"
            },
            "version_group": {
                "name": "sun-moon",
                "url": "/api/v2/version-group/17/"
            }
        },
        {
            "flavor_text": "Boosts the Sp. Atk stat sharply when a stat\nis lowered.",
            "language": {
                "name": "en",
                "url": "/api/v2/language/9/"
            },
            "version_group": {
                "name": "sun-moon",
                "url": "/api/v2/version-group/17/"
            }
        },
        {
            "flavor_text": "\u80fd\u529b\u3092\u3000\u4e0b\u3052\u3089\u308c\u308b\u3068\n\u7279\u653b\u304c\u3000\u3050\u30fc\u3093\u3068\u3000\u4e0a\u304c\u308b\u3002",
            "language": {
                "name": "ja",
                "url": "/api/v2/language/11/"
            },
            "version_group": {
                "name": "sun-moon",
                "url": "/api/v2/version-group/17/"
            }
        },
        {
            "flavor_text": "\u5982\u679c\u80fd\u529b\u88ab\u964d\u4f4e\uff0c\n\u7279\u653b\u5c31\u4f1a\u5927\u5e45\u63d0\u9ad8\u3002",
            "language": {
                "name": "zh-Hans",
                "url": "/api/v2/language/12/"
            },
            "version_group": {
                "name": "sun-moon",
                "url": "/api/v2/version-group/17/"
            }
        },
        {
            "flavor_text": "\u306e\u3046\u308a\u3087\u304f\u3092\u3000\u3055\u3052\u3089\u308c\u308b\u3068\n\u3068\u304f\u3053\u3046\u304c\u3000\u3050\u30fc\u3093\u3068\u3000\u3042\u304c\u308b\u3002",
            "language": {
                "name": "ja-Hrkt",
                "url": "/api/v2/language/1/"
            },
            "version_group": {
                "name": "ultra-sun-ultra-moon",
                "url": "/api/v2/version-group/18/"
            }
        },
        {
            "flavor_text": "\ub2a5\ub825\uc774 \ub5a8\uc5b4\uc9c0\uba74\n\ud2b9\uc218\uacf5\uaca9\uc774 \ud06c\uac8c \uc62c\ub77c\uac04\ub2e4.",
            "language": {
                "name": "ko",
                "url": "/api/v2/language/3/"
            },
            "version_group": {
                "name": "ultra-sun-ultra-moon",
                "url": "/api/v2/version-group/18/"
            }
        },
        {
            "flavor_text": "\u80fd\u529b\u88ab\u964d\u4f4e\u6642\uff0c\n\u7279\u653b\u6703\u5927\u5e45\u63d0\u9ad8\u3002",
            "language": {
                "name": "zh-Hant",
                "url": "/api/v2/language/4/"
            },
            "version_group": {
                "name": "ultra-sun-ultra-moon",
                "url": "/api/v2/version-group/18/"
            }
        },
        {
            "flavor_text": "Augmente beaucoup l\u2019Attaque Sp\u00e9ciale\ndu Pok\u00e9mon quand ses stats baissent.",
            "language": {
                "name": "fr",
                "url": "/api/v2/language/5/"
            },
            "version_group": {
                "name": "ultra-sun-ultra-moon",
                "url": "/api/v2/version-group/18/"
            }
        },
        {
            "flavor_text": "Erh\u00f6ht den Spezial-Angriff stark, wenn ein\nStatuswert gesenkt wurde.",
            "language": {
                "name": "de",
                "url": "/api/v2/language/6/"
            },
            "version_group": {
                "name": "ultra-sun-ultra-moon",
                "url": "/api/v2/version-group/18/"
            }
        },
        {
            "flavor_text": "Aumenta mucho su Ataque Especial cuando el rival\nle baja cualquiera de sus caracter\u00edsticas.",
            "language": {
                "name": "es",
                "url": "/api/v2/language/7/"
            },
            "version_group": {
                "name": "ultra-sun-ultra-moon",
                "url": "/api/v2/version-group/18/"
            }
        },
        {
            "flavor_text": "L\u2019Attacco Speciale aumenta di molto quando le\nstatistiche diminuiscono a causa di un nemico.",
            "language": {
                "name": "it",
                "url": "/api/v2/language/8/"
            },
            "version_group": {
                "name": "ultra-sun-ultra-moon",
                "url": "/api/v2/version-group/18/"
            }
        },
        {
            "flavor_text": "Boosts the Sp. Atk stat sharply when a stat\nis lowered.",
            "language": {
                "name": "en",
                "url": "/api/v2/language/9/"
            },
            "version_group": {
                "name": "ultra-sun-ultra-moon",
                "url": "/api/v2/version-group/18/"
            }
        },
        {
            "flavor_text": "\u80fd\u529b\u3092\u3000\u4e0b\u3052\u3089\u308c\u308b\u3068\n\u7279\u653b\u304c\u3000\u3050\u30fc\u3093\u3068\u3000\u4e0a\u304c\u308b\u3002",
            "language": {
                "name": "ja",
                "url": "/api/v2/language/11/"
            },
            "version_group": {
                "name": "ultra-sun-ultra-moon",
                "url": "/api/v2/version-group/18/"
            }
        },
        {
            "flavor_text": "\u5982\u679c\u80fd\u529b\u88ab\u964d\u4f4e\uff0c\n\u7279\u653b\u5c31\u4f1a\u5927\u5e45\u63d0\u9ad8\u3002",
            "language": {
                "name": "zh-Hans",
                "url": "/api/v2/language/12/"
            },
            "version_group": {
                "name": "ultra-sun-ultra-moon",
                "url": "/api/v2/version-group/18/"
            }
        },
        {
            "flavor_text": "\u306e\u3046\u308a\u3087\u304f\u3092\u3000\u3055\u3052\u3089\u308c\u308b\u3068\n\u3068\u304f\u3053\u3046\u304c\u3000\u3050\u30fc\u3093\u3068\u3000\u3042\u304c\u308b\u3002",
            "language": {
                "name": "ja-Hrkt",
                "url": "/api/v2/language/1/"
            },
            "version_group": {
                "name": "lets-go-pikachu-lets-go-eevee",
                "url": "/api/v2/version-group/19/"
            }
        },
        {
            "flavor_text": "\ub2a5\ub825\uc774 \ub5a8\uc5b4\uc9c0\uba74\n\ud2b9\uc218\uacf5\uaca9\uc774 \ud06c\uac8c \uc62c\ub77c\uac04\ub2e4.",
            "language": {
                "name": "ko",
                "url": "/api/v2/language/3/"
            },
            "version_group": {
                "name": "lets-go-pikachu-lets-go-eevee",
                "url": "/api/v2/version-group/19/"
            }
        },
        {
            "flavor_text": "\u80fd\u529b\u88ab\u964d\u4f4e\u6642\uff0c\n\u7279\u653b\u6703\u5927\u5e45\u63d0\u9ad8\u3002",
            "language": {
                "name": "zh-Hant",
                "url": "/api/v2/language/4/"
            },
            "version_group": {
                "name": "lets-go-pikachu-lets-go-eevee",
                "url": "/api/v2/version-group/19/"
            }
        },
        {
            "flavor_text": "Augmente beaucoup l\u2019Attaque Sp\u00e9ciale\ndu Pok\u00e9mon quand ses stats baissent.",
            "language": {
                "name": "fr",
                "url": "/api/v2/language/5/"
            },
            "version_group": {
                "name": "lets-go-pikachu-lets-go-eevee",
                "url": "/api/v2/version-group/19/"
            }
        },
        {
            "flavor_text": "Erh\u00f6ht den Spezial-Angriff stark, wenn ein\nStatuswert gesenkt wurde.",
            "language": {
                "name": "de",
                "url": "/api/v2/language/6/"
            },
            "version_group": {
                "name": "lets-go-pikachu-lets-go-eevee",
                "url": "/api/v2/version-group/19/"
            }
        },
        {
            "flavor_text": "Aumenta mucho su Ataque Especial cuando el rival\nle baja cualquiera de sus caracter\u00edsticas.",
            "language": {
                "name": "es",
                "url": "/api/v2/language/7/"
            },
            "version_group": {
                "name": "lets-go-pikachu-lets-go-eevee",
                "url": "/api/v2/version-group/19/"
            }
        },
        {
            "flavor_text": "L\u2019Attacco Speciale aumenta di molto quando le\nstatistiche diminuiscono a causa di un nemico.",
            "language": {
                "name": "it",
                "url": "/api/v2/language/8/"
            },
            "version_group": {
                "name": "lets-go-pikachu-lets-go-eevee",
                "url": "/api/v2/version-group/19/"
            }
        },
        {
            "flavor_text": "Boosts the Sp. Atk stat sharply when a stat\nis lowered.",
            "language": {
                "name": "en",
                "url": "/api/v2/language/9/"
            },
            "version_group": {
                "name": "lets-go-pikachu-lets-go-eevee",
                "url": "/api/v2/version-group/19/"
            }
        },
        {
            "flavor_text": "\u80fd\u529b\u3092\u3000\u4e0b\u3052\u3089\u308c\u308b\u3068\n\u7279\u653b\u304c\u3000\u3050\u30fc\u3093\u3068\u3000\u4e0a\u304c\u308b\u3002",
            "language": {
                "name": "ja",
                "url": "/api/v2/language/11/"
            },
            "version_group": {
                "name": "lets-go-pikachu-lets-go-eevee",
                "url": "/api/v2/version-group/19/"
            }
        },
        {
            "flavor_text": "\u5982\u679c\u80fd\u529b\u88ab\u964d\u4f4e\uff0c\n\u7279\u653b\u5c31\u4f1a\u5927\u5e45\u63d0\u9ad8\u3002",
            "language": {
                "name": "zh-Hans",
                "url": "/api/v2/language/12/"
            },
            "version_group": {
                "name": "lets-go-pikachu-lets-go-eevee",
                "url": "/api/v2/version-group/19/"
            }
        },
        {
            "flavor_text": "\u306e\u3046\u308a\u3087\u304f\u3092\u3000\u3055\u3052\u3089\u308c\u308b\u3068\n\u3068\u304f\u3053\u3046\u304c\u3000\u3050\u30fc\u3093\u3068\u3000\u3042\u304c\u308b\u3002",
            "language": {
                "name": "ja-Hrkt",
                "url": "/api/v2/language/1/"
            },
            "version_group": {
                "name": "sword-shield",
                "url": "/api/v2/version-group/20/"
            }
        },
        {
            "flavor_text": "\ub2a5\ub825\uc774 \ub5a8\uc5b4\uc9c0\uba74\n\ud2b9\uc218\uacf5\uaca9\uc774 \ud06c\uac8c \uc62c\ub77c\uac04\ub2e4.",
            "language": {
                "name": "ko",
                "url": "/api/v2/language/3/"
            },
            "version_group": {
                "name": "sword-shield",
                "url": "/api/v2/version-group/20/"
            }
        },
        {
            "flavor_text": "\u80fd\u529b\u88ab\u964d\u4f4e\u6642\uff0c\n\u7279\u653b\u6703\u5927\u5e45\u63d0\u9ad8\u3002",
            "language": {
                "name": "zh-Hant",
                "url": "/api/v2/language/4/"
            },
            "version_group": {
                "name": "sword-shield",
                "url": "/api/v2/version-group/20/"
            }
        },
        {
            "flavor_text": "Augmente beaucoup l\u2019Attaque Sp\u00e9ciale du Pok\u00e9mon\nquand ses stats baissent.",
            "language": {
                "name": "fr",
                "url": "/api/v2/language/5/"
            },
            "version_group": {
                "name": "sword-shield",
                "url": "/api/v2/version-group/20/"
            }
        },
        {
            "flavor_text": "Erh\u00f6ht den Spezial-Angriff stark, wenn ein Statuswert\ngesenkt wurde.",
            "language": {
                "name": "de",
                "url": "/api/v2/language/6/"
            },
            "version_group": {
                "name": "sword-shield",
                "url": "/api/v2/version-group/20/"
            }
        },
        {
            "flavor_text": "Aumenta mucho su Ataque Especial cuando el rival\nle baja cualquiera de sus caracter\u00edsticas.",
            "language": {
                "name": "es",
                "url": "/api/v2/language/7/"
            },
            "version_group": {
                "name": "sword-shield",
                "url": "/api/v2/version-group/20/"
            }
        },
        {
            "flavor_text": "L\u2019Attacco Speciale aumenta di molto quando le\nstatistiche diminuiscono a causa di un nemico.",
            "language": {
                "name": "it",
                "url": "/api/v2/language/8/"
            },
            "version_group": {
                "name": "sword-shield",
                "url": "/api/v2/version-group/20/"
            }
        },
        {
            "flavor_text": "Boosts the Sp. Atk stat sharply when a stat\nis lowered.",
            "language": {
                "name": "en",
                "url": "/api/v2/language/9/"
            },
            "version_group": {
                "name": "sword-shield",
                "url": "/api/v2/version-group/20/"
            }
        },
        {
            "flavor_text": "\u80fd\u529b\u3092\u3000\u4e0b\u3052\u3089\u308c\u308b\u3068\n\u7279\u653b\u304c\u3000\u3050\u30fc\u3093\u3068\u3000\u4e0a\u304c\u308b\u3002",
            "language": {
                "name": "ja",
                "url": "/api/v2/language/11/"
            },
            "version_group": {
                "name": "sword-shield",
                "url": "/api/v2/version-group/20/"
            }
        },
        {
            "flavor_text": "\u5982\u679c\u80fd\u529b\u88ab\u964d\u4f4e\uff0c\n\u7279\u653b\u5c31\u4f1a\u5927\u5e45\u63d0\u9ad8\u3002",
            "language": {
                "name": "zh-Hans",
                "url": "/api/v2/language/12/"
            },
            "version_group": {
                "name": "sword-shield",
                "url": "/api/v2/version-group/20/"
            }
        },
        {
            "flavor_text": "Augmente beaucoup l\u2019Attaque Sp\u00e9ciale du Pok\u00e9mon\\nquand ses stats ont \u00e9t\u00e9 baiss\u00e9es par l\u2019adversaire.",
            "language": {
                "name": "fr",
                "url": "/api/v2/language/5/"
            },
            "version_group": {
                "name": "scarlet-violet",
                "url": "/api/v2/version-group/25/"
            }
        },
        {
            "flavor_text": "Boosts the Pok\u00e9mon's Sp. Atk stat sharply when its stats are lowered by an opposing Pok\u00e9mon.",
            "language": {
                "name": "en",
                "url": "/api/v2/language/9/"
            },
            "version_group": {
                "name": "scarlet-violet",
                "url": "/api/v2/version-group/25/"
            }
        }
    ],
    "generation": {
        "name": "generation-vi",
        "url": "/api/v2/generation/6/"
    },
    "id": 172,
    "is_main_series": true,
    "name": "competitive",
    "names": [
        {
            "language": {
                "name": "ja-Hrkt",
                "url": "/api/v2/language/1/"
            },
            "name": "\u304b\u3061\u304d"
        },
        {
            "language": {
                "name": "ko",
                "url": "/api/v2/language/3/"
            },
            "name": "\uc2b9\uae30"
        },
        {
            "language": {
                "name": "zh-Hant",
                "url": "/api/v2/language/4/"
            },
            "name": "\u597d\u52dd"
        },
        {
            "language": {
                "name": "fr",
                "url": "/api/v2/language/5/"
            },
            "name": "Battant"
        },
        {
            "language": {
                "name": "de",
                "url": "/api/v2/language/6/"
            },
            "name": "Unbeugsamkeit"
        },
        {
            "language": {
                "name": "es",
                "url": "/api/v2/language/7/"
            },
            "name": "Tenacidad"
        },
        {
            "language": {
                "name": "it",
                "url": "/api/v2/language/8/"
            },
            "name": "Tenacia"
        },
        {
            "language": {
                "name": "en",
                "url": "/api/v2/language/9/"
            },
            "name": "Competitive"
        },
        {
            "language": {
                "name": "ja",
                "url": "/api/v2/language/11/"
            },
            "name": "\u304b\u3061\u304d"
        },
        {
            "language": {
                "name": "zh-Hans",
                "url": "/api/v2/language/12/"
            },
            "name": "\u597d\u80dc"
        }
    ],
    "pokemon": [
        {
            "is_hidden": false,
            "pokemon": {
                "name": "jigglypuff",
                "url": "/api/v2/pokemon/39/"
            },
            "slot": 2
        },
        {
            "is_hidden": false,
            "pokemon": {
                "name": "wigglytuff",
                "url": "/api/v2/pokemon/40/"
            },
            "slot": 2
        },
        {
            "is_hidden": false,
            "pokemon": {
                "name": "igglybuff",
                "url": "/api/v2/pokemon/174/"
            },
            "slot": 2
        },
        {
            "is_hidden": false,
            "pokemon": {
                "name": "milotic",
                "url": "/api/v2/pokemon/350/"
            },
            "slot": 2
        },
        {
            "is_hidden": true,
            "pokemon": {
                "name": "piplup",
                "url": "/api/v2/pokemon/393/"
            },
            "slot": 3
        },
        {
            "is_hidden": true,
            "pokemon": {
                "name": "prinplup",
                "url": "/api/v2/pokemon/394/"
            },
            "slot": 3
        },
        {
            "is_hidden": true,
            "pokemon": {
                "name": "empoleon",
                "url": "/api/v2/pokemon/395/"
            },
            "slot": 3
        },
        {
            "is_hidden": false,
            "pokemon": {
                "name": "gothita",
                "url": "/api/v2/pokemon/574/"
            },
            "slot": 2
        },
        {
            "is_hidden": false,
            "pokemon": {
                "name": "gothorita",
                "url": "/api/v2/pokemon/575/"
            },
            "slot": 2
        },
        {
            "is_hidden": false,
            "pokemon": {
                "name": "gothitelle",
                "url": "/api/v2/pokemon/576/"
            },
            "slot": 2
        },
        {
            "is_hidden": true,
            "pokemon": {
                "name": "boltund",
                "url": "/api/v2/pokemon/836/"
            },
            "slot": 3
        },
        {
            "is_hidden": true,
            "pokemon": {
                "name": "wattrel",
                "url": "/api/v2/pokemon/940/"
            },
            "slot": 3
        },
        {
            "is_hidden": true,
            "pokemon": {
                "name": "kilowattrel",
                "url": "/api/v2/pokemon/941/"
            },
            "slot": 3
        },
        {
            "is_hidden": true,
            "pokemon": {
                "name": "meowstic-female",
                "url": "/api/v2/pokemon/10025/"
            },
            "slot": 3
        },
        {
            "is_hidden": false,
            "pokemon": {
                "name": "articuno-galar",
                "url": "/api/v2/pokemon/10169/"
            },
            "slot": 1
        }
    ]
}